# Blender 3.4.0
# www.blender.org
mtllib gantry project.mtl
o Cylinder.001
v 0.000000 4.117610 -0.012668
v 0.000000 4.895891 -0.012668
v 0.008958 4.117610 -0.008958
v 0.008958 4.895891 -0.008958
v 0.012668 4.117610 0.000000
v 0.012668 4.895891 0.000000
v 0.008958 4.117610 0.008958
v 0.008958 4.895891 0.008958
v 0.000000 4.117610 0.012668
v 0.000000 4.895891 0.012668
v -0.008958 4.117610 0.008958
v -0.008958 4.895891 0.008958
v -0.012668 4.117610 0.000000
v -0.012668 4.895891 0.000000
v -0.008958 4.117610 -0.008958
v -0.008958 4.895891 -0.008958
v -0.035981 4.044805 0.048896
v 0.035980 4.044805 0.048896
v -0.044734 4.110344 0.048896
v 0.044733 4.110344 0.048896
v -0.004886 3.991952 0.048896
v 0.004885 3.991952 0.048896
v -0.000001 4.044805 0.048896
v -0.000001 4.118880 0.048896
v -0.000001 3.991952 0.048896
v -0.035981 4.044805 -0.048894
v 0.035980 4.044805 -0.048894
v -0.044734 4.110344 -0.048894
v 0.044733 4.110344 -0.048894
v -0.004886 3.991952 -0.048894
v 0.004885 3.991952 -0.048894
v -0.000001 4.044805 -0.048894
v -0.000001 4.118880 -0.048894
v -0.000001 3.991952 -0.048894
v -0.000000 3.807666 0.033728
v -0.006815 3.807666 0.032649
v -0.012962 3.807666 0.029517
v -0.017841 3.807666 0.024638
v -0.020973 3.807666 0.018491
v -0.022053 3.807666 0.011676
v -0.022053 3.807666 -0.011674
v -0.020973 3.807666 -0.018488
v -0.017841 3.807666 -0.024636
v -0.012962 3.807666 -0.029514
v -0.006815 3.807666 -0.032647
v -0.000000 3.807666 -0.033726
v 0.006814 3.807666 -0.032647
v 0.012962 3.807666 -0.029514
v 0.017841 3.807666 -0.024636
v 0.020973 3.807666 -0.018488
v 0.022052 3.807666 -0.011674
v 0.022052 3.807666 0.011676
v 0.020973 3.807666 0.018491
v 0.017841 3.807666 0.024638
v 0.012962 3.807666 0.029517
v 0.006814 3.807666 0.032649
v 0.005178 3.789795 0.033728
v -0.000861 3.786636 0.032649
v -0.006308 3.783787 0.029517
v -0.010631 3.781526 0.024638
v -0.013406 3.780074 0.018491
v -0.014363 3.779574 0.011676
v -0.014363 3.779574 -0.011674
v -0.013406 3.780074 -0.018488
v -0.010631 3.781526 -0.024636
v -0.006308 3.783787 -0.029514
v -0.000861 3.786637 -0.032647
v 0.005178 3.789795 -0.033726
v 0.011216 3.792953 -0.032647
v 0.016663 3.795803 -0.029514
v 0.020986 3.798064 -0.024636
v 0.023762 3.799516 -0.018488
v 0.024718 3.800016 -0.011674
v 0.024718 3.800016 0.011676
v 0.023762 3.799516 0.018491
v 0.020986 3.798064 0.024638
v 0.016663 3.795803 0.029517
v 0.011216 3.792953 0.032649
v 0.017796 3.774250 0.033728
v 0.012782 3.769634 0.032649
v 0.008260 3.765471 0.029517
v 0.004670 3.762167 0.024638
v 0.002366 3.760045 0.018491
v 0.001572 3.759314 0.011676
v 0.001572 3.759314 -0.011674
v 0.002366 3.760045 -0.018488
v 0.004670 3.762167 -0.024636
v 0.008260 3.765471 -0.029514
v 0.012782 3.769634 -0.032647
v 0.017796 3.774250 -0.033726
v 0.022810 3.778865 -0.032647
v 0.027333 3.783029 -0.029514
v 0.030922 3.786333 -0.024636
v 0.033226 3.788455 -0.018488
v 0.034020 3.789186 -0.011674
v 0.034020 3.789186 0.011676
v 0.033226 3.788455 0.018491
v 0.030922 3.786333 0.024638
v 0.027333 3.783029 0.029517
v 0.022810 3.778865 0.032649
v 0.033481 3.759207 0.033728
v 0.028559 3.754494 0.032649
v 0.024118 3.750243 0.029517
v 0.020594 3.746870 0.024638
v 0.018331 3.744703 0.018491
v 0.017551 3.743957 0.011676
v 0.017551 3.743957 -0.011674
v 0.018331 3.744703 -0.018488
v 0.020594 3.746870 -0.024636
v 0.024118 3.750243 -0.029514
v 0.028559 3.754494 -0.032647
v 0.033481 3.759207 -0.033726
v 0.038404 3.763919 -0.032647
v 0.042844 3.768170 -0.029514
v 0.046369 3.771544 -0.024636
v 0.048631 3.773710 -0.018488
v 0.049411 3.774456 -0.011674
v 0.049411 3.774456 0.011676
v 0.048631 3.773710 0.018491
v 0.046369 3.771544 0.024638
v 0.042844 3.768170 0.029517
v 0.038404 3.763919 0.032649
v 0.047860 3.742842 0.033728
v 0.042160 3.739108 0.032649
v 0.037017 3.735739 0.029517
v 0.032936 3.733066 0.024638
v 0.030316 3.731349 0.018491
v 0.029413 3.730758 0.011676
v 0.029413 3.730758 -0.011674
v 0.030316 3.731349 -0.018488
v 0.032936 3.733066 -0.024636
v 0.037017 3.735739 -0.029514
v 0.042160 3.739108 -0.032647
v 0.047860 3.742842 -0.033726
v 0.053560 3.746576 -0.032647
v 0.058703 3.749945 -0.029514
v 0.062784 3.752618 -0.024636
v 0.065404 3.754334 -0.018488
v 0.066307 3.754926 -0.011674
v 0.066307 3.754926 0.011676
v 0.065404 3.754334 0.018491
v 0.062784 3.752618 0.024638
v 0.058703 3.749945 0.029517
v 0.053560 3.746576 0.032649
v 0.056902 3.723584 0.033728
v 0.050355 3.721693 0.032649
v 0.044449 3.719987 0.029517
v 0.039762 3.718634 0.024638
v 0.036753 3.717765 0.018491
v 0.035716 3.717465 0.011676
v 0.035716 3.717465 -0.011674
v 0.036753 3.717765 -0.018488
v 0.039762 3.718634 -0.024636
v 0.044449 3.719987 -0.029514
v 0.050355 3.721693 -0.032647
v 0.056902 3.723584 -0.033726
v 0.063449 3.725474 -0.032647
v 0.069356 3.727180 -0.029514
v 0.074043 3.728534 -0.024636
v 0.077052 3.729403 -0.018488
v 0.078089 3.729702 -0.011674
v 0.078089 3.729702 0.011676
v 0.077052 3.729403 0.018491
v 0.074043 3.728534 0.024638
v 0.069356 3.727180 0.029517
v 0.063449 3.725474 0.032649
v 0.059571 3.702048 0.033728
v 0.052757 3.702119 0.032649
v 0.046610 3.702183 0.029517
v 0.041732 3.702234 0.024638
v 0.038599 3.702266 0.018491
v 0.037520 3.702277 0.011676
v 0.037520 3.702277 -0.011674
v 0.038599 3.702266 -0.018488
v 0.041732 3.702234 -0.024636
v 0.046610 3.702183 -0.029514
v 0.052757 3.702119 -0.032647
v 0.059571 3.702048 -0.033726
v 0.066386 3.701977 -0.032647
v 0.072533 3.701913 -0.029514
v 0.077411 3.701863 -0.024636
v 0.080543 3.701830 -0.018488
v 0.081622 3.701819 -0.011674
v 0.081622 3.701819 0.011676
v 0.080543 3.701830 0.018491
v 0.077411 3.701863 0.024638
v 0.072533 3.701913 0.029517
v 0.066386 3.701977 0.032649
v 0.056369 3.679978 0.033728
v 0.049796 3.681775 0.032649
v 0.043866 3.683395 0.029517
v 0.039159 3.684681 0.024638
v 0.036138 3.685507 0.018491
v 0.035097 3.685791 0.011676
v 0.035097 3.685791 -0.011674
v 0.036138 3.685507 -0.018488
v 0.039160 3.684681 -0.024636
v 0.043866 3.683395 -0.029514
v 0.049796 3.681775 -0.032647
v 0.056369 3.679978 -0.033726
v 0.062943 3.678182 -0.032647
v 0.068873 3.676561 -0.029514
v 0.073579 3.675275 -0.024636
v 0.076600 3.674450 -0.018488
v 0.077642 3.674165 -0.011674
v 0.077642 3.674165 0.011676
v 0.076600 3.674450 0.018491
v 0.073579 3.675275 0.024638
v 0.068873 3.676561 0.029517
v 0.062943 3.678182 0.032649
v 0.047812 3.659127 0.033728
v 0.041885 3.662489 0.032649
v 0.036538 3.665523 0.029517
v 0.032294 3.667931 0.024638
v 0.029570 3.669476 0.018491
v 0.028631 3.670009 0.011676
v 0.028631 3.670009 -0.011674
v 0.029570 3.669476 -0.018488
v 0.032294 3.667931 -0.024636
v 0.036538 3.665523 -0.029514
v 0.041885 3.662489 -0.032647
v 0.047812 3.659127 -0.033726
v 0.053739 3.655764 -0.032647
v 0.059086 3.652730 -0.029514
v 0.063329 3.650323 -0.024636
v 0.066053 3.648777 -0.018488
v 0.066992 3.648244 -0.011674
v 0.066992 3.648244 0.011676
v 0.066053 3.648777 0.018491
v 0.063329 3.650323 0.024638
v 0.059086 3.652730 0.029517
v 0.053739 3.655764 0.032649
v 0.034412 3.641231 0.033728
v 0.029574 3.646030 0.032649
v 0.025209 3.650359 0.029517
v 0.021746 3.653795 0.024638
v 0.019522 3.656001 0.018491
v 0.018756 3.656761 0.011676
v 0.018756 3.656761 -0.011674
v 0.019522 3.656001 -0.018488
v 0.021746 3.653795 -0.024636
v 0.025209 3.650359 -0.029514
v 0.029574 3.646030 -0.032647
v 0.034412 3.641231 -0.033726
v 0.039250 3.636431 -0.032647
v 0.043614 3.632102 -0.029514
v 0.047078 3.628666 -0.024636
v 0.049301 3.626460 -0.018488
v 0.050068 3.625700 -0.011674
v 0.050068 3.625700 0.011676
v 0.049301 3.626460 0.018491
v 0.047078 3.628666 0.024638
v 0.043614 3.632102 0.029517
v 0.039250 3.636431 0.032649
v 0.016628 3.627690 0.033728
v 0.013337 3.633657 0.032649
v 0.010368 3.639040 0.029517
v 0.008012 3.643313 0.024638
v 0.006500 3.646056 0.018491
v 0.005978 3.647001 0.011676
v 0.005978 3.647001 -0.011674
v 0.006500 3.646056 -0.018488
v 0.008012 3.643313 -0.024636
v 0.010368 3.639040 -0.029514
v 0.013337 3.633657 -0.032647
v 0.016628 3.627690 -0.033726
v 0.019918 3.621723 -0.032647
v 0.022887 3.616340 -0.029514
v 0.025243 3.612067 -0.024636
v 0.026756 3.609324 -0.018488
v 0.027277 3.608379 -0.011674
v 0.027277 3.608379 0.011676
v 0.026756 3.609324 0.018491
v 0.025243 3.612067 0.024638
v 0.022887 3.616340 0.029517
v 0.019918 3.621723 0.032649
v -0.005138 3.619567 0.033728
v -0.006567 3.626230 0.032649
v -0.007856 3.632241 0.029517
v -0.008879 3.637011 0.024638
v -0.009536 3.640074 0.018491
v -0.009762 3.641129 0.011676
v -0.009762 3.641129 -0.011674
v -0.009536 3.640074 -0.018488
v -0.008879 3.637011 -0.024636
v -0.007856 3.632241 -0.029514
v -0.006567 3.626230 -0.032647
v -0.005138 3.619567 -0.033726
v -0.003709 3.612904 -0.032647
v -0.002420 3.606893 -0.029514
v -0.001397 3.602123 -0.024636
v -0.000740 3.599060 -0.018488
v -0.000514 3.598005 -0.011674
v -0.000514 3.598005 0.011676
v -0.000740 3.599060 0.018491
v -0.001397 3.602123 0.024638
v -0.002420 3.606893 0.029517
v -0.003709 3.612904 0.032649
v -0.030485 3.617909 0.033728
v -0.030017 3.624708 0.032649
v -0.029594 3.630841 0.029517
v -0.029259 3.635708 0.024638
v -0.029044 3.638833 0.018491
v -0.028970 3.639910 0.011676
v -0.028970 3.639910 -0.011674
v -0.029044 3.638833 -0.018488
v -0.029259 3.635708 -0.024636
v -0.029594 3.630841 -0.029514
v -0.030017 3.624708 -0.032647
v -0.030485 3.617909 -0.033726
v -0.030953 3.611111 -0.032647
v -0.031375 3.604978 -0.029514
v -0.031710 3.600111 -0.024636
v -0.031925 3.596986 -0.018488
v -0.031999 3.595909 -0.011674
v -0.031999 3.595909 0.011676
v -0.031925 3.596986 0.018491
v -0.031710 3.600111 0.024638
v -0.031375 3.604978 0.029517
v -0.030953 3.611111 0.032649
v -0.058991 3.623771 0.033721
v -0.056683 3.630181 0.032642
v -0.054601 3.635964 0.029511
v -0.052948 3.640553 0.024633
v -0.051887 3.643499 0.018487
v -0.051522 3.644515 0.011674
v -0.051522 3.644515 -0.011671
v -0.051887 3.643499 -0.018484
v -0.052948 3.640553 -0.024631
v -0.054601 3.635964 -0.029508
v -0.056683 3.630181 -0.032640
v -0.058991 3.623771 -0.033719
v -0.061299 3.617360 -0.032640
v -0.063381 3.611578 -0.029508
v -0.065034 3.606988 -0.024631
v -0.066095 3.604042 -0.018484
v -0.066460 3.603026 -0.011671
v -0.066460 3.603026 0.011674
v -0.066095 3.604042 0.018487
v -0.065034 3.606988 0.024633
v -0.063381 3.611578 0.029511
v -0.061299 3.617360 0.032642
v -0.087735 3.639044 0.032870
v -0.083420 3.644092 0.031818
v -0.079527 3.648646 0.028766
v -0.076437 3.652260 0.024011
v -0.074453 3.654580 0.018020
v -0.073770 3.655380 0.011379
v -0.073770 3.655380 -0.011377
v -0.074453 3.654580 -0.018018
v -0.076437 3.652260 -0.024009
v -0.079527 3.648646 -0.028763
v -0.083420 3.644092 -0.031816
v -0.087735 3.639044 -0.032868
v -0.092051 3.633996 -0.031816
v -0.095944 3.629443 -0.028763
v -0.099033 3.625829 -0.024009
v -0.101017 3.623508 -0.018018
v -0.101700 3.622709 -0.011377
v -0.101700 3.622709 0.011379
v -0.101017 3.623508 0.018020
v -0.099033 3.625829 0.024011
v -0.095944 3.629443 0.028766
v -0.092051 3.633996 0.031818
v -0.108938 3.667253 0.028724
v -0.103551 3.669412 0.027805
v -0.098692 3.671361 0.025137
v -0.094836 3.672907 0.020982
v -0.092360 3.673900 0.015747
v -0.091507 3.674242 0.009944
v -0.091507 3.674242 -0.009941
v -0.092360 3.673900 -0.015745
v -0.094836 3.672907 -0.020980
v -0.098692 3.671361 -0.025135
v -0.103551 3.669412 -0.027802
v -0.108938 3.667253 -0.028721
v -0.114324 3.665092 -0.027802
v -0.119183 3.663144 -0.025135
v -0.123040 3.661598 -0.020980
v -0.125516 3.660605 -0.015745
v -0.126369 3.660263 -0.009941
v -0.126369 3.660263 0.009944
v -0.125516 3.660605 0.015747
v -0.123040 3.661598 0.020982
v -0.119183 3.663144 0.025137
v -0.114324 3.665092 0.027805
v -0.114261 3.712104 0.018646
v -0.110507 3.711796 0.018050
v -0.107120 3.711518 0.016318
v -0.104432 3.711297 0.013621
v -0.102706 3.711155 0.010222
v -0.102111 3.711106 0.006455
v -0.102111 3.711106 -0.006453
v -0.102706 3.711155 -0.010220
v -0.104432 3.711297 -0.013619
v -0.107120 3.711518 -0.016316
v -0.110507 3.711796 -0.018047
v -0.114261 3.712104 -0.018644
v -0.118016 3.712413 -0.018047
v -0.121403 3.712691 -0.016316
v -0.124091 3.712912 -0.013619
v -0.125817 3.713053 -0.010220
v -0.126411 3.713102 -0.006453
v -0.126411 3.713102 0.006455
v -0.125817 3.713053 0.010222
v -0.124091 3.712912 0.013621
v -0.121403 3.712691 0.016318
v -0.118016 3.712413 0.018050
v -0.095369 3.777309 0.000001
v -0.095369 3.777309 0.000001
v -0.095369 3.777309 0.000001
v -0.095369 3.777309 0.000001
v -0.095369 3.777309 0.000001
v -0.095369 3.777309 0.000001
v -0.095369 3.777309 0.000001
v -0.095369 3.777309 0.000001
v -0.095369 3.777309 0.000001
v -0.095369 3.777309 0.000001
v -0.095369 3.777309 0.000001
v -0.095369 3.777309 0.000001
v -0.095369 3.777309 0.000001
v -0.095369 3.777309 0.000001
v -0.095369 3.777309 0.000001
v -0.095369 3.777309 0.000001
v -0.095369 3.777309 0.000001
v -0.095369 3.777309 0.000001
v -0.095369 3.777309 0.000001
v -0.095369 3.777309 0.000001
v -0.095369 3.777309 0.000001
v -0.095369 3.777309 0.000001
v -0.035300 3.805069 0.036672
v 0.035299 3.805069 0.036672
v -0.046282 4.096856 0.036672
v 0.046281 4.096856 0.036672
v -0.121951 4.055695 0.036672
v 0.121950 4.055695 0.036672
v -0.074780 3.929034 0.036672
v 0.074779 3.929034 0.036672
v 0.121487 4.017703 0.036672
v -0.121488 4.017703 0.036672
v -0.057469 3.853971 0.036672
v 0.057468 3.853971 0.036672
v -0.052148 3.825166 0.036672
v -0.000001 3.798285 0.036672
v 0.090361 4.077113 0.036672
v -0.000001 4.103938 0.036672
v -0.090362 4.077113 0.036672
v 0.131619 4.040060 0.036672
v -0.000001 4.055695 0.036672
v -0.098179 3.976882 0.036672
v 0.062363 3.887989 0.036672
v -0.000001 3.929034 0.036672
v 0.098178 3.976882 0.036672
v -0.131620 4.040060 0.036672
v -0.000001 4.017703 0.036672
v -0.062364 3.887989 0.036672
v 0.052147 3.825166 0.036672
v -0.000001 3.853971 0.036672
v -0.000001 4.077917 0.036672
v -0.000001 4.040060 0.036672
v -0.000001 3.887989 0.036672
v -0.000001 3.976882 0.036672
v -0.000001 3.824396 0.036672
v -0.035300 3.805069 -0.036670
v 0.035299 3.805069 -0.036670
v -0.046282 4.096856 -0.036670
v 0.046281 4.096856 -0.036670
v -0.121951 4.055695 -0.036670
v 0.121950 4.055695 -0.036670
v -0.074780 3.929034 -0.036670
v 0.074779 3.929034 -0.036670
v 0.121487 4.017703 -0.036670
v -0.121488 4.017703 -0.036670
v -0.057469 3.853971 -0.036670
v 0.057468 3.853971 -0.036670
v -0.052148 3.825166 -0.036670
v -0.000001 3.798285 -0.036670
v 0.090361 4.077113 -0.036670
v -0.000001 4.103938 -0.036670
v -0.090362 4.077113 -0.036670
v 0.131619 4.040060 -0.036670
v -0.000001 4.055695 -0.036670
v -0.098179 3.976882 -0.036670
v 0.062363 3.887989 -0.036670
v -0.000001 3.929034 -0.036670
v 0.098178 3.976882 -0.036670
v -0.131620 4.040060 -0.036670
v -0.000001 4.017703 -0.036670
v -0.062364 3.887989 -0.036670
v 0.052147 3.825166 -0.036670
v -0.000001 3.853971 -0.036670
v -0.000001 4.077917 -0.036670
v -0.000001 4.040060 -0.036670
v -0.000001 3.887989 -0.036670
v -0.000001 3.976882 -0.036670
v -0.000001 3.824396 -0.036670
v 0.055256 3.936703 -0.023248
v 0.055256 3.936703 0.023250
v 0.102806 4.027243 0.023250
v 0.102806 4.027243 -0.023248
v 0.079639 3.986695 -0.023248
v 0.079639 3.986695 0.023250
v -0.106811 4.041177 -0.023248
v -0.106811 4.041177 0.023250
v -0.102807 4.027243 0.023250
v -0.102807 4.027243 -0.023248
v -0.110687 4.038715 -0.023248
v -0.110687 4.038715 0.023250
v -0.055257 3.936703 -0.023248
v -0.055257 3.936703 0.023250
v -0.036770 3.857370 0.023250
v -0.036770 3.857370 -0.023248
v -0.041886 3.892532 -0.023248
v -0.041886 3.892532 0.023250
v 0.024668 3.823152 -0.023248
v 0.024668 3.823152 0.023250
v 0.036769 3.857370 0.023250
v 0.036769 3.857370 -0.023248
v 0.033171 3.834103 -0.023248
v 0.033171 3.834103 0.023250
v -0.035300 3.805069 0.023250
v -0.035300 3.805069 -0.023248
v 0.035299 3.805069 0.023250
v 0.035299 3.805069 -0.023248
v -0.046282 4.096856 0.023250
v -0.046282 4.096856 -0.023248
v 0.046281 4.096856 0.023250
v 0.046281 4.096856 -0.023248
v -0.121951 4.055695 0.023250
v -0.121951 4.055695 -0.023248
v 0.121950 4.055695 -0.023248
v 0.121950 4.055695 0.023250
v -0.074780 3.929034 0.023250
v -0.074780 3.929034 -0.023248
v 0.074779 3.929034 0.023250
v 0.074779 3.929034 -0.023248
v 0.121487 4.017703 -0.023248
v 0.121487 4.017703 0.023250
v -0.121488 4.017703 -0.023248
v -0.121488 4.017703 0.023250
v -0.057469 3.853971 -0.023248
v -0.057469 3.853971 0.023250
v 0.057468 3.853971 -0.023248
v 0.057468 3.853971 0.023250
v -0.052148 3.825166 0.023250
v -0.052148 3.825166 -0.023248
v -0.000001 3.798285 0.023250
v -0.000001 3.798285 -0.023248
v 0.090361 4.077113 0.023250
v 0.090361 4.077113 -0.023248
v -0.000001 4.103938 0.023250
v -0.000001 4.103938 -0.023248
v -0.090362 4.077113 0.023250
v -0.090362 4.077113 -0.023248
v 0.131619 4.040060 0.023250
v 0.131619 4.040060 -0.023248
v -0.098179 3.976882 0.023250
v -0.098179 3.976882 -0.023248
v 0.062363 3.887989 0.023250
v 0.062363 3.887989 -0.023248
v 0.098178 3.976882 0.023250
v 0.098178 3.976882 -0.023248
v -0.131620 4.040060 0.023250
v -0.131620 4.040060 -0.023248
v -0.062364 3.887989 0.023250
v -0.062364 3.887989 -0.023248
v 0.052147 3.825166 0.023250
v 0.052147 3.825166 -0.023248
v 0.041885 3.892532 0.023250
v 0.041885 3.892532 -0.023248
v -0.079640 3.986695 0.023250
v -0.079640 3.986695 -0.023248
v 0.110686 4.038715 0.023250
v 0.110686 4.038715 -0.023248
v 0.106810 4.041177 -0.023248
v 0.106810 4.041177 0.023250
v -0.080150 4.058791 0.023250
v -0.080150 4.058791 -0.023248
v -0.040355 4.076735 0.023250
v -0.040355 4.076735 -0.023248
v -0.000001 4.082963 0.023250
v -0.000001 4.082963 -0.023248
v 0.040354 4.076735 0.023250
v 0.040354 4.076735 -0.023248
v 0.080149 4.058791 0.023250
v 0.080149 4.058791 -0.023248
v -0.000001 3.819261 0.023250
v -0.000001 3.819261 -0.023248
v -0.024669 3.823152 0.023250
v -0.024669 3.823152 -0.023248
v -0.033172 3.834103 0.023250
v -0.033172 3.834103 -0.023248
v 0.060523 3.961020 0.045058
v 0.052263 3.957598 0.045058
v 0.048841 3.949337 0.045058
v 0.052263 3.941077 0.045058
v 0.060523 3.937655 0.045058
v 0.068784 3.941077 0.045058
v 0.072206 3.949337 0.045058
v 0.068784 3.957598 0.045058
v 0.054807 3.955055 0.048011
v 0.060524 3.957422 0.048011
v 0.052439 3.949337 0.048011
v 0.054807 3.943621 0.048011
v 0.060524 3.941253 0.048011
v 0.066240 3.943621 0.048011
v 0.068608 3.949337 0.048011
v 0.066240 3.955055 0.048011
v 0.056058 3.960118 0.045058
v 0.060523 3.961020 0.033644
v 0.052263 3.957598 0.033644
v 0.049743 3.953803 0.045058
v 0.048841 3.949337 0.033644
v 0.049743 3.944872 0.045058
v 0.052263 3.941077 0.033644
v 0.056058 3.938557 0.045058
v 0.060523 3.937655 0.033644
v 0.064989 3.938557 0.045058
v 0.068784 3.941077 0.033644
v 0.071304 3.944872 0.045058
v 0.072206 3.949337 0.033644
v 0.071304 3.953803 0.045058
v 0.068784 3.957598 0.033644
v 0.064989 3.960118 0.045058
v 0.057433 3.956799 0.048011
v 0.053063 3.952428 0.048011
v 0.053063 3.946247 0.048011
v 0.057433 3.941877 0.048011
v 0.063614 3.941877 0.048011
v 0.067984 3.946247 0.048011
v 0.067984 3.952428 0.048011
v 0.063614 3.956799 0.048011
v 0.067512 3.956326 0.046534
v 0.060523 3.959221 0.046534
v 0.053535 3.956326 0.046534
v 0.050640 3.949337 0.046534
v 0.053535 3.942349 0.046534
v 0.067512 3.942349 0.046534
v 0.070407 3.949337 0.046534
v 0.060523 3.939454 0.046534
v 0.056058 3.960118 0.033644
v 0.049743 3.953803 0.033644
v 0.049743 3.944872 0.033644
v 0.056058 3.938557 0.033644
v 0.064989 3.938557 0.033644
v 0.071304 3.944872 0.033644
v 0.064301 3.958458 0.046534
v 0.071304 3.953803 0.033644
v 0.064989 3.960118 0.033644
v 0.060524 3.949337 0.048011
v 0.056745 3.958458 0.046534
v 0.051403 3.945560 0.046534
v 0.069644 3.945560 0.046534
v 0.056745 3.940217 0.046534
v 0.069644 3.953115 0.046534
v 0.051403 3.953115 0.046534
v 0.064301 3.940217 0.046534
v 0.105086 4.046821 0.045058
v 0.096826 4.043399 0.045058
v 0.093404 4.035138 0.045058
v 0.096826 4.026877 0.045058
v 0.105086 4.023456 0.045058
v 0.113347 4.026877 0.045058
v 0.116769 4.035138 0.045058
v 0.113347 4.043399 0.045058
v 0.099370 4.040855 0.048011
v 0.105087 4.043223 0.048011
v 0.097002 4.035138 0.048011
v 0.099370 4.029421 0.048011
v 0.105087 4.027053 0.048011
v 0.110803 4.029421 0.048011
v 0.113171 4.035138 0.048011
v 0.110803 4.040855 0.048011
v 0.100621 4.045919 0.045058
v 0.105086 4.046821 0.033644
v 0.096826 4.043399 0.033644
v 0.094306 4.039604 0.045058
v 0.093404 4.035138 0.033644
v 0.094306 4.030673 0.045058
v 0.096826 4.026877 0.033644
v 0.100621 4.024357 0.045058
v 0.105086 4.023456 0.033644
v 0.109552 4.024357 0.045058
v 0.113347 4.026877 0.033644
v 0.115867 4.030673 0.045058
v 0.116769 4.035138 0.033644
v 0.115867 4.039604 0.045058
v 0.113347 4.043399 0.033644
v 0.109552 4.045919 0.045058
v 0.101996 4.042599 0.048011
v 0.097626 4.038229 0.048011
v 0.097626 4.032048 0.048011
v 0.101996 4.027677 0.048011
v 0.108177 4.027677 0.048011
v 0.112547 4.032048 0.048011
v 0.112547 4.038229 0.048011
v 0.108177 4.042599 0.048011
v 0.112075 4.042127 0.046534
v 0.105086 4.045022 0.046534
v 0.098098 4.042127 0.046534
v 0.095203 4.035138 0.046534
v 0.098098 4.028149 0.046534
v 0.112075 4.028149 0.046534
v 0.114970 4.035138 0.046534
v 0.105086 4.025254 0.046534
v 0.100621 4.045919 0.033644
v 0.094306 4.039604 0.033644
v 0.094306 4.030673 0.033644
v 0.100621 4.024357 0.033644
v 0.109552 4.024357 0.033644
v 0.115867 4.030673 0.033644
v 0.108864 4.044259 0.046534
v 0.115867 4.039604 0.033644
v 0.109552 4.045919 0.033644
v 0.105087 4.035138 0.048011
v 0.101308 4.044259 0.046534
v 0.095966 4.031360 0.046534
v 0.114207 4.031360 0.046534
v 0.101308 4.026017 0.046534
v 0.114207 4.038916 0.046534
v 0.095966 4.038916 0.046534
v 0.108864 4.026017 0.046534
v -0.060991 3.961195 0.045058
v -0.069252 3.957774 0.045058
v -0.072674 3.949513 0.045058
v -0.069252 3.941252 0.045058
v -0.060991 3.937831 0.045058
v -0.052731 3.941252 0.045058
v -0.049309 3.949513 0.045058
v -0.052731 3.957774 0.045058
v -0.066708 3.955230 0.048011
v -0.060991 3.957598 0.048011
v -0.069076 3.949513 0.048011
v -0.066708 3.943796 0.048011
v -0.060991 3.941428 0.048011
v -0.055274 3.943796 0.048011
v -0.052906 3.949513 0.048011
v -0.055274 3.955230 0.048011
v -0.065457 3.960294 0.045058
v -0.060991 3.961195 0.033644
v -0.069252 3.957774 0.033644
v -0.071772 3.953979 0.045058
v -0.072674 3.949513 0.033644
v -0.071772 3.945048 0.045058
v -0.069252 3.941252 0.033644
v -0.065457 3.938732 0.045058
v -0.060991 3.937831 0.033644
v -0.056526 3.938732 0.045058
v -0.052731 3.941252 0.033644
v -0.050211 3.945048 0.045058
v -0.049309 3.949513 0.033644
v -0.050211 3.953979 0.045058
v -0.052731 3.957774 0.033644
v -0.056526 3.960294 0.045058
v -0.064082 3.956974 0.048011
v -0.068452 3.952604 0.048011
v -0.068452 3.946423 0.048011
v -0.064082 3.942052 0.048011
v -0.057901 3.942052 0.048011
v -0.053530 3.946423 0.048011
v -0.053530 3.952604 0.048011
v -0.057901 3.956974 0.048011
v -0.054003 3.956502 0.046534
v -0.060991 3.959397 0.046534
v -0.067980 3.956502 0.046534
v -0.070875 3.949513 0.046534
v -0.067980 3.942524 0.046534
v -0.054003 3.942524 0.046534
v -0.051108 3.949513 0.046534
v -0.060991 3.939630 0.046534
v -0.065457 3.960294 0.033644
v -0.071772 3.953979 0.033644
v -0.071772 3.945048 0.033644
v -0.065457 3.938732 0.033644
v -0.056526 3.938732 0.033644
v -0.050211 3.945048 0.033644
v -0.057213 3.958634 0.046534
v -0.050211 3.953979 0.033644
v -0.056526 3.960294 0.033644
v -0.060991 3.949513 0.048011
v -0.064769 3.958634 0.046534
v -0.070112 3.945735 0.046534
v -0.051871 3.945735 0.046534
v -0.064769 3.940392 0.046534
v -0.051871 3.953291 0.046534
v -0.070112 3.953291 0.046534
v -0.057213 3.940392 0.046534
v -0.104666 4.046821 0.045058
v -0.112926 4.043399 0.045058
v -0.116348 4.035138 0.045058
v -0.112926 4.026877 0.045058
v -0.104666 4.023456 0.045058
v -0.096405 4.026877 0.045058
v -0.092983 4.035138 0.045058
v -0.096405 4.043399 0.045058
v -0.110383 4.040855 0.048011
v -0.104666 4.043223 0.048011
v -0.112751 4.035138 0.048011
v -0.110383 4.029421 0.048011
v -0.104666 4.027053 0.048011
v -0.098949 4.029421 0.048011
v -0.096581 4.035138 0.048011
v -0.098949 4.040855 0.048011
v -0.109131 4.045919 0.045058
v -0.104666 4.046821 0.033644
v -0.112926 4.043399 0.033644
v -0.115446 4.039604 0.045058
v -0.116348 4.035138 0.033644
v -0.115446 4.030673 0.045058
v -0.112926 4.026877 0.033644
v -0.109131 4.024357 0.045058
v -0.104666 4.023456 0.033644
v -0.100200 4.024357 0.045058
v -0.096405 4.026877 0.033644
v -0.093885 4.030673 0.045058
v -0.092983 4.035138 0.033644
v -0.093885 4.039604 0.045058
v -0.096405 4.043399 0.033644
v -0.100200 4.045919 0.045058
v -0.107756 4.042599 0.048011
v -0.112126 4.038229 0.048011
v -0.112126 4.032048 0.048011
v -0.107756 4.027677 0.048011
v -0.101575 4.027677 0.048011
v -0.097205 4.032048 0.048011
v -0.097205 4.038229 0.048011
v -0.101575 4.042599 0.048011
v -0.097677 4.042127 0.046534
v -0.104666 4.045022 0.046534
v -0.111655 4.042127 0.046534
v -0.114549 4.035138 0.046534
v -0.111655 4.028149 0.046534
v -0.097677 4.028149 0.046534
v -0.094782 4.035138 0.046534
v -0.104666 4.025254 0.046534
v -0.109131 4.045919 0.033644
v -0.115446 4.039604 0.033644
v -0.115446 4.030673 0.033644
v -0.109131 4.024357 0.033644
v -0.100200 4.024357 0.033644
v -0.093885 4.030673 0.033644
v -0.100888 4.044259 0.046534
v -0.093885 4.039604 0.033644
v -0.100200 4.045919 0.033644
v -0.104666 4.035138 0.048011
v -0.108444 4.044259 0.046534
v -0.113786 4.031360 0.046534
v -0.095545 4.031360 0.046534
v -0.108444 4.026017 0.046534
v -0.095545 4.038916 0.046534
v -0.113786 4.038916 0.046534
v -0.100888 4.026017 0.046534
v -0.033982 3.844539 0.045058
v -0.042243 3.841117 0.045058
v -0.045665 3.832856 0.045058
v -0.042243 3.824596 0.045058
v -0.033982 3.821174 0.045058
v -0.025722 3.824596 0.045058
v -0.022300 3.832856 0.045058
v -0.025722 3.841117 0.045058
v -0.039699 3.838573 0.048011
v -0.033982 3.840941 0.048011
v -0.042067 3.832856 0.048011
v -0.039699 3.827140 0.048011
v -0.033982 3.824772 0.048011
v -0.028265 3.827140 0.048011
v -0.025897 3.832856 0.048011
v -0.028265 3.838573 0.048011
v -0.038448 3.843637 0.045058
v -0.033982 3.844539 0.033644
v -0.042243 3.841117 0.033644
v -0.044763 3.837322 0.045058
v -0.045665 3.832856 0.033644
v -0.044763 3.828391 0.045058
v -0.042243 3.824596 0.033644
v -0.038448 3.822076 0.045058
v -0.033982 3.821174 0.033644
v -0.029517 3.822076 0.045058
v -0.025722 3.824596 0.033644
v -0.023201 3.828391 0.045058
v -0.022300 3.832856 0.033644
v -0.023201 3.837322 0.045058
v -0.025722 3.841117 0.033644
v -0.029517 3.843637 0.045058
v -0.037072 3.840317 0.048011
v -0.041443 3.835947 0.048011
v -0.041443 3.829766 0.048011
v -0.037072 3.825396 0.048011
v -0.030892 3.825396 0.048011
v -0.026521 3.829766 0.048011
v -0.026521 3.835947 0.048011
v -0.030892 3.840317 0.048011
v -0.026993 3.839845 0.046534
v -0.033982 3.842740 0.046534
v -0.040971 3.839845 0.046534
v -0.043866 3.832856 0.046534
v -0.040971 3.825868 0.046534
v -0.026993 3.825868 0.046534
v -0.024098 3.832856 0.046534
v -0.033982 3.822973 0.046534
v -0.038448 3.843637 0.033644
v -0.044763 3.837322 0.033644
v -0.044763 3.828391 0.033644
v -0.038448 3.822076 0.033644
v -0.029517 3.822076 0.033644
v -0.023201 3.828391 0.033644
v -0.030204 3.841977 0.046534
v -0.023201 3.837322 0.033644
v -0.029517 3.843637 0.033644
v -0.033982 3.832856 0.048011
v -0.037760 3.841977 0.046534
v -0.043103 3.829079 0.046534
v -0.024861 3.829079 0.046534
v -0.037760 3.823736 0.046534
v -0.024861 3.836634 0.046534
v -0.043103 3.836634 0.046534
v -0.030204 3.823736 0.046534
v 0.032679 3.844539 0.045058
v 0.024418 3.841117 0.045058
v 0.020996 3.832856 0.045058
v 0.024418 3.824596 0.045058
v 0.032679 3.821174 0.045058
v 0.040939 3.824596 0.045058
v 0.044361 3.832856 0.045058
v 0.040939 3.841117 0.045058
v 0.026962 3.838573 0.048011
v 0.032679 3.840941 0.048011
v 0.024594 3.832856 0.048011
v 0.026962 3.827140 0.048011
v 0.032679 3.824772 0.048011
v 0.038396 3.827140 0.048011
v 0.040764 3.832856 0.048011
v 0.038396 3.838573 0.048011
v 0.028213 3.843637 0.045058
v 0.032679 3.844539 0.033644
v 0.024418 3.841117 0.033644
v 0.021898 3.837322 0.045058
v 0.020996 3.832856 0.033644
v 0.021898 3.828391 0.045058
v 0.024418 3.824596 0.033644
v 0.028213 3.822076 0.045058
v 0.032679 3.821174 0.033644
v 0.037144 3.822076 0.045058
v 0.040939 3.824596 0.033644
v 0.043459 3.828391 0.045058
v 0.044361 3.832856 0.033644
v 0.043459 3.837322 0.045058
v 0.040939 3.841117 0.033644
v 0.037144 3.843637 0.045058
v 0.029588 3.840317 0.048011
v 0.025218 3.835947 0.048011
v 0.025218 3.829766 0.048011
v 0.029588 3.825396 0.048011
v 0.035769 3.825396 0.048011
v 0.040140 3.829766 0.048011
v 0.040140 3.835947 0.048011
v 0.035769 3.840317 0.048011
v 0.039668 3.839845 0.046534
v 0.032679 3.842740 0.046534
v 0.025690 3.839845 0.046534
v 0.022795 3.832856 0.046534
v 0.025690 3.825868 0.046534
v 0.039668 3.825868 0.046534
v 0.042562 3.832856 0.046534
v 0.032679 3.822973 0.046534
v 0.028213 3.843637 0.033644
v 0.021898 3.837322 0.033644
v 0.021898 3.828391 0.033644
v 0.028213 3.822076 0.033644
v 0.037144 3.822076 0.033644
v 0.043459 3.828391 0.033644
v 0.036457 3.841977 0.046534
v 0.043459 3.837322 0.033644
v 0.037144 3.843637 0.033644
v 0.032679 3.832856 0.048011
v 0.028901 3.841977 0.046534
v 0.023558 3.829079 0.046534
v 0.041800 3.829079 0.046534
v 0.028901 3.823736 0.046534
v 0.041800 3.836634 0.046534
v 0.023558 3.836634 0.046534
v 0.036457 3.823736 0.046534
v -0.830421 5.267495 0.010126
v -0.719866 5.267495 0.010126
v -0.870691 5.216870 0.010126
v -0.679596 5.216870 0.010126
v -0.819616 5.307547 0.010127
v -0.730672 5.307547 0.010127
v -0.803492 5.333809 0.010127
v -0.746795 5.333809 0.010127
v -0.775144 5.295692 0.010126
v -0.775144 5.216870 0.010126
v -0.775144 5.343707 0.010127
v -0.775144 5.265140 0.010126
v -0.790569 5.311118 0.010126
v -0.786051 5.300210 0.010126
v -0.759719 5.311118 0.010126
v -0.764237 5.300210 0.010126
v -0.775144 5.326542 0.010126
v -0.786051 5.322025 0.010126
v -0.764237 5.322025 0.010126
v -0.702752 5.242960 0.010126
v -0.800248 5.265546 0.010126
v -0.847536 5.242960 0.010126
v -0.822918 5.216870 0.010126
v -0.789378 5.305222 0.010126
v -0.760909 5.305222 0.010126
v -0.781040 5.325352 0.010126
v -0.789378 5.317014 0.010126
v -0.760909 5.317014 0.010126
v -0.750039 5.265545 0.010126
v -0.727370 5.216870 0.010126
v -0.769248 5.325352 0.010126
v -0.775144 5.242666 0.010126
v -0.781040 5.296883 0.010126
v -0.823030 5.289152 0.010126
v -0.727257 5.289152 0.010126
v -0.790206 5.341103 0.010127
v -0.813474 5.322511 0.010127
v -0.736814 5.322511 0.010127
v -0.769248 5.296883 0.010126
v -0.760081 5.341103 0.010127
v -0.775144 5.282077 0.010126
v -0.801624 5.287423 0.010126
v -0.805093 5.309332 0.010126
v -0.745195 5.309332 0.010126
v -0.748664 5.287423 0.010126
v -0.794771 5.327917 0.010127
v -0.775144 5.335124 0.010127
v -0.755516 5.327917 0.010127
v -0.739192 5.242725 0.010126
v -0.811096 5.242725 0.010126
v -0.789829 5.283011 0.010126
v -0.805541 5.297553 0.010126
v -0.744747 5.297553 0.010126
v -0.785623 5.333228 0.010127
v -0.801426 5.319762 0.010127
v -0.748861 5.319762 0.010127
v -0.760458 5.283011 0.010126
v -0.764665 5.333228 0.010127
v -0.830421 5.267495 -0.010127
v -0.719866 5.267495 -0.010127
v -0.870691 5.216870 -0.010127
v -0.679596 5.216870 -0.010127
v -0.819616 5.307547 -0.010126
v -0.730671 5.307547 -0.010126
v -0.803492 5.333809 -0.010126
v -0.746795 5.333809 -0.010126
v -0.775144 5.295692 -0.010127
v -0.775144 5.216870 -0.010127
v -0.775144 5.343708 -0.010126
v -0.775144 5.265140 -0.010127
v -0.790569 5.311118 -0.010127
v -0.786051 5.300210 -0.010127
v -0.759719 5.311118 -0.010127
v -0.764237 5.300210 -0.010127
v -0.775144 5.326543 -0.010127
v -0.786051 5.322025 -0.010127
v -0.764236 5.322025 -0.010127
v -0.702752 5.242960 -0.010127
v -0.800248 5.265546 -0.010127
v -0.847536 5.242960 -0.010127
v -0.822918 5.216870 -0.010127
v -0.789378 5.305222 -0.010127
v -0.760909 5.305222 -0.010127
v -0.781040 5.325353 -0.010127
v -0.789378 5.317014 -0.010127
v -0.760909 5.317014 -0.010127
v -0.750039 5.265546 -0.010127
v -0.727370 5.216870 -0.010127
v -0.769248 5.325353 -0.010127
v -0.775144 5.242666 -0.010127
v -0.781040 5.296883 -0.010127
v -0.823030 5.289152 -0.010127
v -0.727257 5.289152 -0.010127
v -0.790206 5.341104 -0.010126
v -0.813474 5.322511 -0.010126
v -0.736813 5.322511 -0.010126
v -0.769248 5.296883 -0.010127
v -0.760081 5.341104 -0.010126
v -0.775144 5.282077 -0.010127
v -0.801624 5.287423 -0.010127
v -0.805093 5.309332 -0.010127
v -0.745195 5.309332 -0.010127
v -0.748664 5.287423 -0.010127
v -0.794772 5.327917 -0.010126
v -0.775144 5.335125 -0.010126
v -0.755516 5.327917 -0.010126
v -0.739192 5.242725 -0.010127
v -0.811096 5.242725 -0.010127
v -0.789829 5.283011 -0.010127
v -0.805541 5.297553 -0.010127
v -0.744747 5.297553 -0.010127
v -0.785623 5.333228 -0.010126
v -0.801426 5.319762 -0.010126
v -0.748861 5.319762 -0.010126
v -0.760458 5.283011 -0.010127
v -0.764664 5.333228 -0.010126
v -0.775143 5.326116 -0.014652
v -0.775143 5.326116 0.014652
v -0.764539 5.321723 -0.014652
v -0.764539 5.321723 0.014652
v -0.760147 5.311119 -0.014652
v -0.760147 5.311119 0.014652
v -0.764539 5.300515 -0.014652
v -0.764539 5.300515 0.014652
v -0.775143 5.296123 -0.014652
v -0.775143 5.296123 0.014652
v -0.785747 5.300515 -0.014652
v -0.785747 5.300515 0.014652
v -0.790140 5.311119 -0.014652
v -0.790140 5.311119 0.014652
v -0.785747 5.321723 -0.014652
v -0.785747 5.321723 0.014652
v -0.767805 5.318458 0.018442
v -0.775144 5.321497 0.018442
v -0.764765 5.311119 0.018442
v -0.767805 5.303781 0.018442
v -0.775144 5.300741 0.018442
v -0.782482 5.303781 0.018442
v -0.785522 5.311119 0.018442
v -0.782482 5.318458 0.018442
v -0.769411 5.324958 -0.014652
v -0.769411 5.324958 0.014652
v -0.775143 5.326116 -0.000000
v -0.764539 5.321723 -0.000000
v -0.761304 5.316851 -0.014652
v -0.761304 5.316851 0.014652
v -0.760147 5.311119 -0.000000
v -0.761304 5.305387 -0.014652
v -0.761304 5.305387 0.014652
v -0.764539 5.300515 -0.000000
v -0.769411 5.297280 -0.014652
v -0.769411 5.297280 0.014652
v -0.775143 5.296123 -0.000000
v -0.780876 5.297280 -0.014652
v -0.780876 5.297280 0.014652
v -0.785747 5.300515 -0.000000
v -0.788982 5.305387 -0.014652
v -0.788982 5.305387 0.014652
v -0.790140 5.311119 -0.000000
v -0.788982 5.316851 -0.014652
v -0.788982 5.316851 0.014652
v -0.785747 5.321723 -0.000000
v -0.780876 5.324958 -0.014652
v -0.780876 5.324958 0.014652
v -0.771177 5.320696 0.018442
v -0.765566 5.315086 0.018442
v -0.765566 5.307152 0.018442
v -0.771177 5.301542 0.018442
v -0.779111 5.301542 0.018442
v -0.784721 5.307152 0.018442
v -0.784721 5.315086 0.018442
v -0.779111 5.320696 0.018442
v -0.784115 5.320090 0.016547
v -0.775143 5.323806 0.016547
v -0.766172 5.320090 0.016547
v -0.762456 5.311119 0.016547
v -0.766172 5.302148 0.016547
v -0.784115 5.302148 0.016547
v -0.787831 5.311119 0.016547
v -0.775143 5.298431 0.016547
v -0.769411 5.324958 -0.000000
v -0.761304 5.316851 -0.000000
v -0.761304 5.305387 -0.000000
v -0.769411 5.297280 -0.000000
v -0.780876 5.297280 -0.000000
v -0.788982 5.305387 -0.000000
v -0.779993 5.322827 0.016547
v -0.788982 5.316851 -0.000000
v -0.780876 5.324958 -0.000000
v -0.775144 5.311119 0.018442
v -0.770294 5.322827 0.016547
v -0.763435 5.306269 0.016547
v -0.786852 5.306269 0.016547
v -0.770294 5.299411 0.016547
v -0.786852 5.315969 0.016547
v -0.763435 5.315969 0.016547
v -0.779993 5.299411 0.016547
v -0.070996 5.267495 0.010126
v 0.039558 5.267495 0.010126
v -0.111267 5.216870 0.010126
v 0.079828 5.216870 0.010126
v -0.060191 5.307547 0.010127
v 0.028753 5.307547 0.010127
v -0.044068 5.333809 0.010127
v 0.012629 5.333809 0.010127
v -0.015719 5.295692 0.010126
v -0.015719 5.216870 0.010126
v -0.015719 5.343707 0.010127
v -0.015719 5.265140 0.010126
v -0.031144 5.311118 0.010126
v -0.026626 5.300210 0.010126
v -0.000294 5.311118 0.010126
v -0.004812 5.300210 0.010126
v -0.015719 5.326542 0.010126
v -0.026626 5.322025 0.010126
v -0.004812 5.322025 0.010126
v 0.056673 5.242960 0.010126
v -0.040824 5.265546 0.010126
v -0.088111 5.242960 0.010126
v -0.063493 5.216870 0.010126
v -0.029954 5.305222 0.010126
v -0.001485 5.305222 0.010126
v -0.021615 5.325352 0.010126
v -0.029954 5.317014 0.010126
v -0.001485 5.317014 0.010126
v 0.009385 5.265545 0.010126
v 0.032055 5.216870 0.010126
v -0.009823 5.325352 0.010126
v -0.015719 5.242666 0.010126
v -0.021615 5.296883 0.010126
v -0.063605 5.289152 0.010126
v 0.032167 5.289152 0.010126
v -0.030781 5.341103 0.010127
v -0.054049 5.322511 0.010127
v 0.022611 5.322511 0.010127
v -0.009823 5.296883 0.010126
v -0.000657 5.341103 0.010127
v -0.015719 5.282077 0.010126
v -0.042199 5.287423 0.010126
v -0.045668 5.309332 0.010126
v 0.014230 5.309332 0.010126
v 0.010761 5.287423 0.010126
v -0.035347 5.327917 0.010127
v -0.015719 5.335124 0.010127
v 0.003909 5.327917 0.010127
v 0.020233 5.242725 0.010126
v -0.051671 5.242725 0.010126
v -0.030404 5.283011 0.010126
v -0.046116 5.297553 0.010126
v 0.014678 5.297553 0.010126
v -0.026198 5.333228 0.010127
v -0.042001 5.319762 0.010127
v 0.010563 5.319762 0.010127
v -0.001034 5.283011 0.010126
v -0.005240 5.333228 0.010127
v -0.070996 5.267495 -0.010127
v 0.039558 5.267495 -0.010127
v -0.111267 5.216870 -0.010127
v 0.079828 5.216870 -0.010127
v -0.060191 5.307547 -0.010126
v 0.028753 5.307547 -0.010126
v -0.044068 5.333809 -0.010126
v 0.012630 5.333809 -0.010126
v -0.015719 5.295692 -0.010127
v -0.015719 5.216870 -0.010127
v -0.015719 5.343708 -0.010126
v -0.015719 5.265140 -0.010127
v -0.031144 5.311118 -0.010127
v -0.026626 5.300210 -0.010127
v -0.000294 5.311118 -0.010127
v -0.004812 5.300210 -0.010127
v -0.015719 5.326543 -0.010127
v -0.026626 5.322025 -0.010127
v -0.004812 5.322025 -0.010127
v 0.056673 5.242960 -0.010127
v -0.040824 5.265546 -0.010127
v -0.088111 5.242960 -0.010127
v -0.063493 5.216870 -0.010127
v -0.029954 5.305222 -0.010127
v -0.001485 5.305222 -0.010127
v -0.021615 5.325353 -0.010127
v -0.029954 5.317014 -0.010127
v -0.001484 5.317014 -0.010127
v 0.009385 5.265546 -0.010127
v 0.032055 5.216870 -0.010127
v -0.009823 5.325353 -0.010127
v -0.015719 5.242666 -0.010127
v -0.021615 5.296883 -0.010127
v -0.063605 5.289152 -0.010127
v 0.032167 5.289152 -0.010127
v -0.030782 5.341104 -0.010126
v -0.054049 5.322511 -0.010126
v 0.022611 5.322511 -0.010126
v -0.009823 5.296883 -0.010127
v -0.000657 5.341104 -0.010126
v -0.015719 5.282077 -0.010127
v -0.042199 5.287423 -0.010127
v -0.045668 5.309332 -0.010127
v 0.014230 5.309332 -0.010127
v 0.010761 5.287423 -0.010127
v -0.035347 5.327917 -0.010126
v -0.015719 5.335125 -0.010126
v 0.003909 5.327917 -0.010126
v 0.020233 5.242725 -0.010127
v -0.051671 5.242725 -0.010127
v -0.030404 5.283011 -0.010127
v -0.046116 5.297553 -0.010127
v 0.014678 5.297553 -0.010127
v -0.026198 5.333228 -0.010126
v -0.042002 5.319762 -0.010126
v 0.010563 5.319762 -0.010126
v -0.001034 5.283011 -0.010127
v -0.005240 5.333228 -0.010126
v -0.015719 5.326116 -0.014652
v -0.015719 5.326116 0.014652
v -0.005115 5.321723 -0.014652
v -0.005115 5.321723 0.014652
v -0.000722 5.311119 -0.014652
v -0.000722 5.311119 0.014652
v -0.005115 5.300515 -0.014652
v -0.005115 5.300515 0.014652
v -0.015719 5.296123 -0.014652
v -0.015719 5.296123 0.014652
v -0.026323 5.300515 -0.014652
v -0.026323 5.300515 0.014652
v -0.030715 5.311119 -0.014652
v -0.030715 5.311119 0.014652
v -0.026323 5.321723 -0.014652
v -0.026323 5.321723 0.014652
v -0.008380 5.318458 0.018442
v -0.015719 5.321497 0.018442
v -0.005341 5.311119 0.018442
v -0.008380 5.303781 0.018442
v -0.015719 5.300741 0.018442
v -0.023057 5.303781 0.018442
v -0.026097 5.311119 0.018442
v -0.023057 5.318458 0.018442
v -0.009986 5.324958 -0.014652
v -0.009986 5.324958 0.014652
v -0.015719 5.326116 -0.000000
v -0.005115 5.321723 -0.000000
v -0.001880 5.316851 -0.014652
v -0.001880 5.316851 0.014652
v -0.000722 5.311119 -0.000000
v -0.001880 5.305387 -0.014652
v -0.001880 5.305387 0.014652
v -0.005115 5.300515 -0.000000
v -0.009986 5.297280 -0.014652
v -0.009986 5.297280 0.014652
v -0.015719 5.296123 -0.000000
v -0.021451 5.297280 -0.014652
v -0.021451 5.297280 0.014652
v -0.026323 5.300515 -0.000000
v -0.029558 5.305387 -0.014652
v -0.029558 5.305387 0.014652
v -0.030715 5.311119 -0.000000
v -0.029558 5.316851 -0.014652
v -0.029558 5.316851 0.014652
v -0.026323 5.321723 -0.000000
v -0.021451 5.324958 -0.014652
v -0.021451 5.324958 0.014652
v -0.011752 5.320696 0.018442
v -0.006142 5.315086 0.018442
v -0.006142 5.307152 0.018442
v -0.011752 5.301542 0.018442
v -0.019686 5.301542 0.018442
v -0.025296 5.307152 0.018442
v -0.025296 5.315086 0.018442
v -0.019686 5.320696 0.018442
v -0.024690 5.320090 0.016547
v -0.015719 5.323806 0.016547
v -0.006747 5.320090 0.016547
v -0.003031 5.311119 0.016547
v -0.006747 5.302148 0.016547
v -0.024690 5.302148 0.016547
v -0.028406 5.311119 0.016547
v -0.015719 5.298431 0.016547
v -0.009986 5.324958 -0.000000
v -0.001880 5.316851 -0.000000
v -0.001880 5.305387 -0.000000
v -0.009986 5.297280 -0.000000
v -0.021451 5.297280 -0.000000
v -0.029558 5.305387 -0.000000
v -0.020568 5.322827 0.016547
v -0.029558 5.316851 -0.000000
v -0.021451 5.324958 -0.000000
v -0.015719 5.311119 0.018442
v -0.010869 5.322827 0.016547
v -0.004011 5.306269 0.016547
v -0.027427 5.306269 0.016547
v -0.010869 5.299411 0.016547
v -0.027427 5.315969 0.016547
v -0.004011 5.315969 0.016547
v -0.020568 5.299411 0.016547
v 3.740926 0.227021 0.971831
v 3.740926 5.036236 0.110203
v 3.740926 0.227021 0.848229
v 3.740926 5.036236 -0.013399
v 3.953509 0.227021 0.971831
v 3.953509 5.036236 0.110203
v 3.953509 0.227021 0.848229
v 3.953509 5.036236 -0.013399
v 3.680203 0.416732 0.937842
v 3.680203 0.416732 0.814240
v 4.014233 0.416732 0.814240
v 4.014233 0.416732 0.937842
v 3.882648 0.227021 0.848229
v 3.811786 0.227021 0.848229
v 3.811786 5.036236 -0.013399
v 3.882648 5.036236 -0.013399
v 3.811786 0.227021 0.971831
v 3.882648 0.227021 0.971831
v 3.882648 5.036236 0.110203
v 3.811786 5.036236 0.110203
v 3.902889 0.416732 0.937842
v 3.791546 0.416732 0.937842
v 3.791546 0.416732 0.814240
v 3.902889 0.416732 0.814240
v 3.882648 0.209215 0.748842
v 3.811786 0.209215 0.748842
v 3.811786 5.018429 -0.112786
v 3.882648 5.018429 -0.112786
v 3.791546 0.398926 0.714853
v 3.902889 0.398926 0.714853
v 3.740926 0.227021 -1.261985
v 3.740926 5.036236 -0.400359
v 3.740926 0.227021 -1.138383
v 3.740926 5.036236 -0.276756
v 3.953509 0.227021 -1.261985
v 3.953509 5.036236 -0.400359
v 3.953509 0.227021 -1.138383
v 3.953509 5.036236 -0.276756
v 3.680203 0.416732 -1.227996
v 3.680203 0.416732 -1.104394
v 4.014233 0.416732 -1.104394
v 4.014233 0.416732 -1.227996
v 3.882648 0.227021 -1.138383
v 3.811786 0.227021 -1.138383
v 3.811786 5.036236 -0.276756
v 3.882648 5.036236 -0.276756
v 3.811786 0.227021 -1.261985
v 3.882648 0.227021 -1.261985
v 3.882648 5.036236 -0.400359
v 3.811786 5.036236 -0.400359
v 3.902889 0.416732 -1.227996
v 3.791546 0.416732 -1.227996
v 3.791546 0.416732 -1.104394
v 3.902889 0.416732 -1.104394
v 3.882648 0.209215 -1.038996
v 3.811786 0.209215 -1.038996
v 3.811786 5.018429 -0.177369
v 3.882648 5.018429 -0.177369
v 3.791546 0.398926 -1.005007
v 3.902889 0.398926 -1.005007
v -4.244692 0.227021 0.971831
v -4.244692 5.036236 0.110203
v -4.244692 0.227021 0.848229
v -4.244692 5.036236 -0.013399
v -4.457275 0.227021 0.971831
v -4.457275 5.036236 0.110203
v -4.457275 0.227021 0.848229
v -4.457275 5.036236 -0.013399
v -4.183969 0.416732 0.937842
v -4.183969 0.416732 0.814240
v -4.517999 0.416732 0.814240
v -4.517999 0.416732 0.937842
v -4.386414 0.227021 0.848229
v -4.315553 0.227021 0.848229
v -4.315553 5.036236 -0.013399
v -4.386414 5.036236 -0.013399
v -4.315553 0.227021 0.971831
v -4.386414 0.227021 0.971831
v -4.386414 5.036236 0.110203
v -4.315553 5.036236 0.110203
v -4.406656 0.416732 0.937842
v -4.295312 0.416732 0.937842
v -4.295312 0.416732 0.814240
v -4.406656 0.416732 0.814240
v -4.386414 0.209215 0.748842
v -4.315553 0.209215 0.748842
v -4.315553 5.018429 -0.112786
v -4.386414 5.018429 -0.112786
v -4.295312 0.398926 0.714853
v -4.406656 0.398926 0.714853
v -4.244692 0.227021 -1.261985
v -4.244692 5.036236 -0.400359
v -4.244692 0.227021 -1.138383
v -4.244692 5.036236 -0.276756
v -4.457275 0.227021 -1.261985
v -4.457275 5.036236 -0.400359
v -4.457275 0.227021 -1.138383
v -4.457275 5.036236 -0.276756
v -4.183969 0.416732 -1.227996
v -4.183969 0.416732 -1.104394
v -4.517999 0.416732 -1.104394
v -4.517999 0.416732 -1.227996
v -4.386414 0.227021 -1.138383
v -4.315553 0.227021 -1.138383
v -4.315553 5.036236 -0.276756
v -4.386414 5.036236 -0.276756
v -4.315553 0.227021 -1.261985
v -4.386414 0.227021 -1.261985
v -4.386414 5.036236 -0.400359
v -4.315553 5.036236 -0.400359
v -4.406656 0.416732 -1.227996
v -4.295312 0.416732 -1.227996
v -4.295312 0.416732 -1.104394
v -4.406656 0.416732 -1.104394
v -4.386414 0.209215 -1.038996
v -4.315553 0.209215 -1.038996
v -4.315553 5.018429 -0.177369
v -4.386414 5.018429 -0.177369
v -4.295312 0.398926 -1.005007
v -4.406656 0.398926 -1.005007
v 3.722075 4.903956 0.009939
v 3.722075 5.214869 0.188649
v 3.722075 4.903956 -0.300094
v 3.722075 5.214869 -0.478805
v 3.972360 4.903956 0.009939
v 3.972360 5.214869 0.188649
v 3.972360 4.903956 -0.300094
v 3.972360 5.214869 -0.478805
v 3.722075 5.619768 0.188649
v 3.722075 5.619768 -0.478805
v 3.972360 5.619768 -0.478805
v 3.972360 5.619768 0.188649
v 3.742837 5.241525 0.144707
v 3.742837 5.241525 -0.434863
v 3.742837 5.593112 0.144707
v 3.742837 5.593112 -0.434863
v 3.694885 5.241525 0.144707
v 3.694885 5.241525 -0.434863
v 3.694885 5.593112 0.144707
v 3.694885 5.593112 -0.434863
v 3.716997 5.579324 0.115638
v 3.687694 5.579324 0.115638
v 3.716997 5.574932 0.126242
v 3.687694 5.574932 0.126242
v 3.716997 5.564327 0.130634
v 3.687694 5.564327 0.130634
v 3.716997 5.553723 0.126242
v 3.687694 5.553723 0.126242
v 3.716997 5.549331 0.115638
v 3.687694 5.549331 0.115638
v 3.716997 5.553723 0.105034
v 3.687694 5.553723 0.105034
v 3.716997 5.564327 0.100641
v 3.687694 5.564327 0.100641
v 3.716997 5.574932 0.105034
v 3.687694 5.574932 0.105034
v 3.683904 5.571666 0.122976
v 3.683904 5.574706 0.115638
v 3.683904 5.564327 0.126016
v 3.683904 5.556989 0.122976
v 3.683904 5.553949 0.115638
v 3.683904 5.556989 0.108299
v 3.683903 5.564327 0.105259
v 3.683903 5.571666 0.108299
v 3.716997 5.578166 0.121370
v 3.687694 5.578166 0.121370
v 3.702346 5.579324 0.115638
v 3.702346 5.574932 0.126242
v 3.716997 5.570060 0.129477
v 3.687694 5.570060 0.129477
v 3.702346 5.564327 0.130634
v 3.716997 5.558595 0.129477
v 3.687694 5.558595 0.129477
v 3.702346 5.553723 0.126242
v 3.716997 5.550488 0.121370
v 3.687694 5.550488 0.121370
v 3.702346 5.549331 0.115638
v 3.716997 5.550488 0.109905
v 3.687694 5.550488 0.109905
v 3.702346 5.553723 0.105034
v 3.716997 5.558595 0.101799
v 3.687694 5.558595 0.101799
v 3.702346 5.564327 0.100641
v 3.716997 5.570060 0.101799
v 3.687694 5.570060 0.101799
v 3.702346 5.574932 0.105034
v 3.716997 5.578166 0.109905
v 3.687694 5.578166 0.109905
v 3.683904 5.573905 0.119605
v 3.683904 5.568295 0.125215
v 3.683904 5.560360 0.125215
v 3.683904 5.554750 0.119605
v 3.683903 5.554750 0.111670
v 3.683903 5.560360 0.106060
v 3.683903 5.568295 0.106060
v 3.683903 5.573905 0.111670
v 3.685799 5.573299 0.106666
v 3.685799 5.577015 0.115638
v 3.685799 5.573299 0.124609
v 3.685799 5.564327 0.128325
v 3.685799 5.555356 0.124609
v 3.685799 5.555356 0.106666
v 3.685799 5.564327 0.102950
v 3.685799 5.551640 0.115638
v 3.702346 5.578166 0.121370
v 3.702346 5.570060 0.129477
v 3.702346 5.558595 0.129477
v 3.702346 5.550488 0.121370
v 3.702346 5.550488 0.109905
v 3.702346 5.558595 0.101799
v 3.685799 5.576035 0.110788
v 3.702346 5.570060 0.101799
v 3.702346 5.578166 0.109905
v 3.683903 5.564327 0.115638
v 3.685799 5.576035 0.120487
v 3.685799 5.559478 0.127346
v 3.685799 5.559478 0.103929
v 3.685799 5.552619 0.120487
v 3.685799 5.569177 0.103929
v 3.685799 5.569177 0.127346
v 3.685799 5.552619 0.110788
v 3.716997 5.579324 -0.405793
v 3.687694 5.579324 -0.405793
v 3.716997 5.574932 -0.416397
v 3.687694 5.574932 -0.416397
v 3.716997 5.564327 -0.420790
v 3.687694 5.564327 -0.420790
v 3.716997 5.553723 -0.416397
v 3.687694 5.553723 -0.416397
v 3.716997 5.549331 -0.405793
v 3.687694 5.549331 -0.405793
v 3.716997 5.553723 -0.395189
v 3.687694 5.553723 -0.395189
v 3.716997 5.564327 -0.390797
v 3.687694 5.564327 -0.390797
v 3.716997 5.574932 -0.395189
v 3.687694 5.574932 -0.395189
v 3.683904 5.571666 -0.413132
v 3.683904 5.574706 -0.405793
v 3.683904 5.564327 -0.416172
v 3.683904 5.556989 -0.413132
v 3.683904 5.553949 -0.405793
v 3.683904 5.556989 -0.398455
v 3.683903 5.564327 -0.395415
v 3.683903 5.571666 -0.398455
v 3.716997 5.578166 -0.411526
v 3.687694 5.578166 -0.411526
v 3.702346 5.579324 -0.405793
v 3.702346 5.574932 -0.416397
v 3.716997 5.570060 -0.419632
v 3.687694 5.570060 -0.419632
v 3.702346 5.564327 -0.420790
v 3.716997 5.558595 -0.419632
v 3.687694 5.558595 -0.419632
v 3.702346 5.553723 -0.416397
v 3.716997 5.550488 -0.411526
v 3.687694 5.550488 -0.411526
v 3.702346 5.549331 -0.405793
v 3.716997 5.550488 -0.400061
v 3.687694 5.550488 -0.400061
v 3.702346 5.553723 -0.395189
v 3.716997 5.558595 -0.391954
v 3.687694 5.558595 -0.391954
v 3.702346 5.564327 -0.390797
v 3.716997 5.570060 -0.391954
v 3.687694 5.570060 -0.391954
v 3.702346 5.574932 -0.395189
v 3.716997 5.578166 -0.400061
v 3.687694 5.578166 -0.400061
v 3.683904 5.573905 -0.409760
v 3.683904 5.568295 -0.415370
v 3.683904 5.560360 -0.415370
v 3.683904 5.554750 -0.409760
v 3.683903 5.554750 -0.401826
v 3.683903 5.560360 -0.396216
v 3.683903 5.568295 -0.396216
v 3.683903 5.573905 -0.401826
v 3.685799 5.573299 -0.396822
v 3.685799 5.577015 -0.405793
v 3.685799 5.573299 -0.414765
v 3.685799 5.564327 -0.418481
v 3.685799 5.555356 -0.414765
v 3.685799 5.555356 -0.396822
v 3.685799 5.564327 -0.393106
v 3.685799 5.551640 -0.405793
v 3.702346 5.578166 -0.411526
v 3.702346 5.570060 -0.419632
v 3.702346 5.558595 -0.419632
v 3.702346 5.550488 -0.411526
v 3.702346 5.550488 -0.400061
v 3.702346 5.558595 -0.391954
v 3.685799 5.576035 -0.400944
v 3.702346 5.570060 -0.391954
v 3.702346 5.578166 -0.400061
v 3.683903 5.564327 -0.405793
v 3.685799 5.576035 -0.410643
v 3.685799 5.559478 -0.417501
v 3.685799 5.559478 -0.394085
v 3.685799 5.552619 -0.410643
v 3.685799 5.569177 -0.394085
v 3.685799 5.569177 -0.417501
v 3.685799 5.552619 -0.400944
v 3.716997 5.255313 0.115638
v 3.687694 5.255313 0.115638
v 3.716997 5.259706 0.126242
v 3.687694 5.259706 0.126242
v 3.716997 5.270309 0.130634
v 3.687694 5.270309 0.130634
v 3.716997 5.280914 0.126242
v 3.687694 5.280914 0.126242
v 3.716997 5.285306 0.115638
v 3.687694 5.285306 0.115638
v 3.716997 5.280914 0.105034
v 3.687694 5.280914 0.105034
v 3.716997 5.270309 0.100641
v 3.687694 5.270309 0.100641
v 3.716997 5.259706 0.105034
v 3.687694 5.259706 0.105034
v 3.683904 5.262971 0.122976
v 3.683904 5.259931 0.115638
v 3.683904 5.270309 0.126016
v 3.683904 5.277648 0.122976
v 3.683904 5.280688 0.115638
v 3.683904 5.277648 0.108299
v 3.683903 5.270309 0.105259
v 3.683903 5.262971 0.108299
v 3.716997 5.256471 0.121370
v 3.687694 5.256471 0.121370
v 3.702346 5.255313 0.115638
v 3.702346 5.259706 0.126242
v 3.716997 5.264577 0.129477
v 3.687694 5.264577 0.129477
v 3.702346 5.270309 0.130634
v 3.716997 5.276042 0.129477
v 3.687694 5.276042 0.129477
v 3.702346 5.280914 0.126242
v 3.716997 5.284149 0.121370
v 3.687694 5.284149 0.121370
v 3.702346 5.285306 0.115638
v 3.716997 5.284149 0.109905
v 3.687694 5.284149 0.109905
v 3.702346 5.280914 0.105034
v 3.716997 5.276042 0.101799
v 3.687694 5.276042 0.101799
v 3.702346 5.270309 0.100641
v 3.716997 5.264577 0.101799
v 3.687694 5.264577 0.101799
v 3.702346 5.259706 0.105034
v 3.716997 5.256471 0.109905
v 3.687694 5.256471 0.109905
v 3.683904 5.260732 0.119605
v 3.683904 5.266343 0.125215
v 3.683904 5.274277 0.125215
v 3.683904 5.279887 0.119605
v 3.683903 5.279887 0.111671
v 3.683903 5.274277 0.106060
v 3.683903 5.266343 0.106060
v 3.683903 5.260732 0.111671
v 3.685799 5.261338 0.106666
v 3.685799 5.257622 0.115638
v 3.685799 5.261338 0.124609
v 3.685799 5.270309 0.128325
v 3.685799 5.279281 0.124609
v 3.685799 5.279281 0.106666
v 3.685799 5.270309 0.102950
v 3.685799 5.282997 0.115638
v 3.702346 5.256471 0.121370
v 3.702346 5.264577 0.129477
v 3.702346 5.276042 0.129477
v 3.702346 5.284149 0.121370
v 3.702346 5.284149 0.109905
v 3.702346 5.276042 0.101799
v 3.685799 5.258602 0.110788
v 3.702346 5.264577 0.101799
v 3.702346 5.256471 0.109905
v 3.683904 5.270309 0.115638
v 3.685799 5.258602 0.120487
v 3.685799 5.275159 0.127346
v 3.685799 5.275159 0.103930
v 3.685799 5.282018 0.120487
v 3.685799 5.265460 0.103930
v 3.685799 5.265460 0.127346
v 3.685799 5.282018 0.110788
v 3.716997 5.255313 -0.405793
v 3.687694 5.255313 -0.405793
v 3.716997 5.259706 -0.416397
v 3.687694 5.259706 -0.416397
v 3.716997 5.270309 -0.420790
v 3.687694 5.270309 -0.420790
v 3.716997 5.280914 -0.416397
v 3.687694 5.280914 -0.416397
v 3.716997 5.285306 -0.405793
v 3.687694 5.285306 -0.405793
v 3.716997 5.280914 -0.395189
v 3.687694 5.280914 -0.395189
v 3.716997 5.270309 -0.390797
v 3.687694 5.270309 -0.390797
v 3.716997 5.259706 -0.395189
v 3.687694 5.259706 -0.395189
v 3.683904 5.262971 -0.413132
v 3.683904 5.259931 -0.405793
v 3.683904 5.270309 -0.416172
v 3.683904 5.277648 -0.413132
v 3.683904 5.280688 -0.405793
v 3.683904 5.277648 -0.398454
v 3.683903 5.270309 -0.395415
v 3.683903 5.262971 -0.398454
v 3.716997 5.256471 -0.411526
v 3.687694 5.256471 -0.411526
v 3.702346 5.255313 -0.405793
v 3.702346 5.259706 -0.416397
v 3.716997 5.264577 -0.419632
v 3.687694 5.264577 -0.419632
v 3.702346 5.270309 -0.420790
v 3.716997 5.276042 -0.419632
v 3.687694 5.276042 -0.419632
v 3.702346 5.280914 -0.416397
v 3.716997 5.284149 -0.411526
v 3.687694 5.284149 -0.411526
v 3.702346 5.285306 -0.405793
v 3.716997 5.284149 -0.400061
v 3.687694 5.284149 -0.400061
v 3.702346 5.280914 -0.395189
v 3.716997 5.276042 -0.391954
v 3.687694 5.276042 -0.391954
v 3.702346 5.270309 -0.390797
v 3.716997 5.264577 -0.391954
v 3.687694 5.264577 -0.391954
v 3.702346 5.259706 -0.395189
v 3.716997 5.256471 -0.400061
v 3.687694 5.256471 -0.400061
v 3.683904 5.260732 -0.409760
v 3.683904 5.266343 -0.415370
v 3.683904 5.274277 -0.415370
v 3.683904 5.279887 -0.409760
v 3.683903 5.279887 -0.401826
v 3.683903 5.274277 -0.396216
v 3.683903 5.266343 -0.396216
v 3.683903 5.260732 -0.401826
v 3.685799 5.261338 -0.396822
v 3.685799 5.257622 -0.405793
v 3.685799 5.261338 -0.414765
v 3.685799 5.270309 -0.418481
v 3.685799 5.279281 -0.414765
v 3.685799 5.279281 -0.396822
v 3.685798 5.270309 -0.393106
v 3.685799 5.282997 -0.405793
v 3.702346 5.256471 -0.411526
v 3.702346 5.264577 -0.419632
v 3.702346 5.276042 -0.419632
v 3.702346 5.284149 -0.411526
v 3.702346 5.284149 -0.400061
v 3.702346 5.276042 -0.391954
v 3.685799 5.258602 -0.400944
v 3.702346 5.264577 -0.391954
v 3.702346 5.256471 -0.400061
v 3.683903 5.270309 -0.405793
v 3.685799 5.258602 -0.410643
v 3.685799 5.275159 -0.417501
v 3.685798 5.275159 -0.394085
v 3.685799 5.282018 -0.410643
v 3.685798 5.265460 -0.394085
v 3.685799 5.265460 -0.417501
v 3.685799 5.282018 -0.400944
v -4.225842 4.903956 0.009939
v -4.225842 5.214869 0.188649
v -4.225842 4.903956 -0.300094
v -4.225842 5.214869 -0.478805
v -4.476126 4.903956 0.009939
v -4.476126 5.214869 0.188649
v -4.476126 4.903956 -0.300094
v -4.476126 5.214869 -0.478805
v -4.225842 5.619768 0.188649
v -4.225842 5.619768 -0.478805
v -4.476126 5.619768 -0.478805
v -4.476126 5.619768 0.188649
v -4.246603 5.241525 0.144707
v -4.246603 5.241525 -0.434863
v -4.246603 5.593112 0.144707
v -4.246603 5.593112 -0.434863
v -4.198652 5.241525 0.144707
v -4.198652 5.241525 -0.434863
v -4.198652 5.593112 0.144707
v -4.198652 5.593112 -0.434863
v -4.220764 5.579324 0.115638
v -4.191460 5.579324 0.115638
v -4.220764 5.574932 0.126242
v -4.191460 5.574932 0.126242
v -4.220764 5.564327 0.130634
v -4.191460 5.564327 0.130634
v -4.220764 5.553723 0.126242
v -4.191460 5.553723 0.126242
v -4.220764 5.549331 0.115638
v -4.191460 5.549331 0.115638
v -4.220764 5.553723 0.105034
v -4.191460 5.553723 0.105034
v -4.220764 5.564327 0.100641
v -4.191460 5.564327 0.100641
v -4.220764 5.574932 0.105034
v -4.191460 5.574932 0.105034
v -4.187670 5.571666 0.122976
v -4.187670 5.574706 0.115638
v -4.187670 5.564327 0.126016
v -4.187670 5.556989 0.122976
v -4.187670 5.553949 0.115638
v -4.187670 5.556989 0.108299
v -4.187670 5.564327 0.105259
v -4.187670 5.571666 0.108299
v -4.220764 5.578166 0.121370
v -4.191460 5.578166 0.121370
v -4.206112 5.579324 0.115638
v -4.206112 5.574932 0.126242
v -4.220764 5.570060 0.129477
v -4.191460 5.570060 0.129477
v -4.206112 5.564327 0.130634
v -4.220764 5.558595 0.129477
v -4.191460 5.558595 0.129477
v -4.206112 5.553723 0.126242
v -4.220764 5.550488 0.121370
v -4.191460 5.550488 0.121370
v -4.206112 5.549331 0.115638
v -4.220764 5.550488 0.109905
v -4.191460 5.550488 0.109905
v -4.206112 5.553723 0.105034
v -4.220764 5.558595 0.101799
v -4.191460 5.558595 0.101799
v -4.206112 5.564327 0.100641
v -4.220764 5.570060 0.101799
v -4.191460 5.570060 0.101799
v -4.206112 5.574932 0.105034
v -4.220764 5.578166 0.109905
v -4.191460 5.578166 0.109905
v -4.187670 5.573905 0.119605
v -4.187670 5.568295 0.125215
v -4.187670 5.560360 0.125215
v -4.187670 5.554750 0.119605
v -4.187670 5.554750 0.111670
v -4.187670 5.560360 0.106060
v -4.187670 5.568295 0.106060
v -4.187670 5.573905 0.111670
v -4.189565 5.573299 0.106666
v -4.189565 5.577015 0.115638
v -4.189565 5.573299 0.124609
v -4.189565 5.564327 0.128325
v -4.189565 5.555356 0.124609
v -4.189565 5.555356 0.106666
v -4.189565 5.564327 0.102950
v -4.189565 5.551640 0.115638
v -4.206112 5.578166 0.121370
v -4.206112 5.570060 0.129477
v -4.206112 5.558595 0.129477
v -4.206112 5.550488 0.121370
v -4.206112 5.550488 0.109905
v -4.206112 5.558595 0.101799
v -4.189565 5.576035 0.110788
v -4.206112 5.570060 0.101799
v -4.206112 5.578166 0.109905
v -4.187670 5.564327 0.115638
v -4.189565 5.576035 0.120487
v -4.189565 5.559478 0.127346
v -4.189565 5.559478 0.103929
v -4.189565 5.552619 0.120487
v -4.189565 5.569177 0.103929
v -4.189565 5.569177 0.127346
v -4.189565 5.552619 0.110788
v -4.220764 5.579324 -0.405793
v -4.191460 5.579324 -0.405793
v -4.220764 5.574932 -0.416397
v -4.191460 5.574932 -0.416397
v -4.220764 5.564327 -0.420790
v -4.191460 5.564327 -0.420790
v -4.220764 5.553723 -0.416397
v -4.191460 5.553723 -0.416397
v -4.220764 5.549331 -0.405793
v -4.191460 5.549331 -0.405793
v -4.220764 5.553723 -0.395189
v -4.191460 5.553723 -0.395189
v -4.220764 5.564327 -0.390797
v -4.191460 5.564327 -0.390797
v -4.220764 5.574932 -0.395189
v -4.191460 5.574932 -0.395189
v -4.187670 5.571666 -0.413132
v -4.187670 5.574706 -0.405793
v -4.187670 5.564327 -0.416172
v -4.187670 5.556989 -0.413132
v -4.187670 5.553949 -0.405793
v -4.187670 5.556989 -0.398455
v -4.187670 5.564327 -0.395415
v -4.187670 5.571666 -0.398455
v -4.220764 5.578166 -0.411526
v -4.191460 5.578166 -0.411526
v -4.206112 5.579324 -0.405793
v -4.206112 5.574932 -0.416397
v -4.220764 5.570060 -0.419632
v -4.191460 5.570060 -0.419632
v -4.206112 5.564327 -0.420790
v -4.220764 5.558595 -0.419632
v -4.191460 5.558595 -0.419632
v -4.206112 5.553723 -0.416397
v -4.220764 5.550488 -0.411526
v -4.191460 5.550488 -0.411526
v -4.206112 5.549331 -0.405793
v -4.220764 5.550488 -0.400061
v -4.191460 5.550488 -0.400061
v -4.206112 5.553723 -0.395189
v -4.220764 5.558595 -0.391954
v -4.191460 5.558595 -0.391954
v -4.206112 5.564327 -0.390797
v -4.220764 5.570060 -0.391954
v -4.191460 5.570060 -0.391954
v -4.206112 5.574932 -0.395189
v -4.220764 5.578166 -0.400061
v -4.191460 5.578166 -0.400061
v -4.187670 5.573905 -0.409760
v -4.187670 5.568295 -0.415370
v -4.187670 5.560360 -0.415370
v -4.187670 5.554750 -0.409760
v -4.187670 5.554750 -0.401826
v -4.187670 5.560360 -0.396216
v -4.187670 5.568295 -0.396216
v -4.187670 5.573905 -0.401826
v -4.189565 5.573299 -0.396822
v -4.189565 5.577015 -0.405793
v -4.189565 5.573299 -0.414765
v -4.189565 5.564327 -0.418481
v -4.189565 5.555356 -0.414765
v -4.189565 5.555356 -0.396822
v -4.189565 5.564327 -0.393106
v -4.189565 5.551640 -0.405793
v -4.206112 5.578166 -0.411526
v -4.206112 5.570060 -0.419632
v -4.206112 5.558595 -0.419632
v -4.206112 5.550488 -0.411526
v -4.206112 5.550488 -0.400061
v -4.206112 5.558595 -0.391954
v -4.189565 5.576035 -0.400944
v -4.206112 5.570060 -0.391954
v -4.206112 5.578166 -0.400061
v -4.187670 5.564327 -0.405793
v -4.189565 5.576035 -0.410643
v -4.189565 5.559478 -0.417501
v -4.189565 5.559478 -0.394085
v -4.189565 5.552619 -0.410643
v -4.189565 5.569177 -0.394085
v -4.189565 5.569177 -0.417501
v -4.189565 5.552619 -0.400944
v -4.220764 5.255313 0.115638
v -4.191460 5.255313 0.115638
v -4.220764 5.259706 0.126242
v -4.191460 5.259706 0.126242
v -4.220764 5.270309 0.130634
v -4.191460 5.270309 0.130634
v -4.220764 5.280914 0.126242
v -4.191460 5.280914 0.126242
v -4.220764 5.285306 0.115638
v -4.191460 5.285306 0.115638
v -4.220764 5.280914 0.105034
v -4.191460 5.280914 0.105034
v -4.220764 5.270309 0.100641
v -4.191460 5.270309 0.100641
v -4.220764 5.259706 0.105034
v -4.191460 5.259706 0.105034
v -4.187670 5.262971 0.122976
v -4.187670 5.259931 0.115638
v -4.187670 5.270309 0.126016
v -4.187670 5.277648 0.122976
v -4.187670 5.280688 0.115638
v -4.187670 5.277648 0.108299
v -4.187670 5.270309 0.105259
v -4.187670 5.262971 0.108299
v -4.220764 5.256471 0.121370
v -4.191460 5.256471 0.121370
v -4.206112 5.255313 0.115638
v -4.206112 5.259706 0.126242
v -4.220764 5.264577 0.129477
v -4.191460 5.264577 0.129477
v -4.206112 5.270309 0.130634
v -4.220764 5.276042 0.129477
v -4.191460 5.276042 0.129477
v -4.206112 5.280914 0.126242
v -4.220764 5.284149 0.121370
v -4.191460 5.284149 0.121370
v -4.206112 5.285306 0.115638
v -4.220764 5.284149 0.109905
v -4.191460 5.284149 0.109905
v -4.206112 5.280914 0.105034
v -4.220764 5.276042 0.101799
v -4.191460 5.276042 0.101799
v -4.206112 5.270309 0.100641
v -4.220764 5.264577 0.101799
v -4.191460 5.264577 0.101799
v -4.206112 5.259706 0.105034
v -4.220764 5.256471 0.109905
v -4.191460 5.256471 0.109905
v -4.187670 5.260732 0.119605
v -4.187670 5.266343 0.125215
v -4.187670 5.274277 0.125215
v -4.187670 5.279887 0.119605
v -4.187670 5.279887 0.111671
v -4.187670 5.274277 0.106060
v -4.187670 5.266343 0.106060
v -4.187670 5.260732 0.111671
v -4.189565 5.261338 0.106666
v -4.189565 5.257622 0.115638
v -4.189565 5.261338 0.124609
v -4.189565 5.270309 0.128325
v -4.189565 5.279281 0.124609
v -4.189565 5.279281 0.106666
v -4.189565 5.270309 0.102950
v -4.189565 5.282997 0.115638
v -4.206112 5.256471 0.121370
v -4.206112 5.264577 0.129477
v -4.206112 5.276042 0.129477
v -4.206112 5.284149 0.121370
v -4.206112 5.284149 0.109905
v -4.206112 5.276042 0.101799
v -4.189565 5.258602 0.110788
v -4.206112 5.264577 0.101799
v -4.206112 5.256471 0.109905
v -4.187670 5.270309 0.115638
v -4.189565 5.258602 0.120487
v -4.189565 5.275159 0.127346
v -4.189565 5.275159 0.103930
v -4.189565 5.282018 0.120487
v -4.189565 5.265460 0.103930
v -4.189565 5.265460 0.127346
v -4.189565 5.282018 0.110788
v -4.220764 5.255313 -0.405793
v -4.191460 5.255313 -0.405793
v -4.220764 5.259706 -0.416397
v -4.191460 5.259706 -0.416397
v -4.220764 5.270309 -0.420790
v -4.191460 5.270309 -0.420790
v -4.220764 5.280914 -0.416397
v -4.191460 5.280914 -0.416397
v -4.220764 5.285306 -0.405793
v -4.191460 5.285306 -0.405793
v -4.220764 5.280914 -0.395189
v -4.191460 5.280914 -0.395189
v -4.220764 5.270309 -0.390797
v -4.191460 5.270309 -0.390797
v -4.220764 5.259706 -0.395189
v -4.191460 5.259706 -0.395189
v -4.187670 5.262971 -0.413132
v -4.187670 5.259931 -0.405793
v -4.187670 5.270309 -0.416172
v -4.187670 5.277648 -0.413132
v -4.187670 5.280688 -0.405793
v -4.187670 5.277648 -0.398454
v -4.187670 5.270309 -0.395415
v -4.187670 5.262971 -0.398454
v -4.220764 5.256471 -0.411526
v -4.191460 5.256471 -0.411526
v -4.206112 5.255313 -0.405793
v -4.206112 5.259706 -0.416397
v -4.220764 5.264577 -0.419632
v -4.191460 5.264577 -0.419632
v -4.206112 5.270309 -0.420790
v -4.220764 5.276042 -0.419632
v -4.191460 5.276042 -0.419632
v -4.206112 5.280914 -0.416397
v -4.220764 5.284149 -0.411526
v -4.191460 5.284149 -0.411526
v -4.206112 5.285306 -0.405793
v -4.220764 5.284149 -0.400061
v -4.191460 5.284149 -0.400061
v -4.206112 5.280914 -0.395189
v -4.220764 5.276042 -0.391954
v -4.191460 5.276042 -0.391954
v -4.206112 5.270309 -0.390797
v -4.220764 5.264577 -0.391954
v -4.191460 5.264577 -0.391954
v -4.206112 5.259706 -0.395189
v -4.220764 5.256471 -0.400061
v -4.191460 5.256471 -0.400061
v -4.187670 5.260732 -0.409760
v -4.187670 5.266343 -0.415370
v -4.187670 5.274277 -0.415370
v -4.187670 5.279887 -0.409760
v -4.187670 5.279887 -0.401826
v -4.187670 5.274277 -0.396216
v -4.187670 5.266343 -0.396216
v -4.187670 5.260732 -0.401826
v -4.189565 5.261338 -0.396822
v -4.189565 5.257622 -0.405793
v -4.189565 5.261338 -0.414765
v -4.189565 5.270309 -0.418481
v -4.189565 5.279281 -0.414765
v -4.189565 5.279281 -0.396822
v -4.189565 5.270309 -0.393106
v -4.189565 5.282997 -0.405793
v -4.206112 5.256471 -0.411526
v -4.206112 5.264577 -0.419632
v -4.206112 5.276042 -0.419632
v -4.206112 5.284149 -0.411526
v -4.206112 5.284149 -0.400061
v -4.206112 5.276042 -0.391954
v -4.189565 5.258602 -0.400944
v -4.206112 5.264577 -0.391954
v -4.206112 5.256471 -0.400061
v -4.187670 5.270309 -0.405793
v -4.189565 5.258602 -0.410643
v -4.189565 5.275159 -0.417501
v -4.189565 5.275159 -0.394085
v -4.189565 5.282018 -0.410643
v -4.189565 5.265460 -0.394085
v -4.189565 5.265460 -0.417501
v -4.189565 5.282018 -0.400944
v -4.244233 5.281415 -0.108556
v -4.244233 5.553223 -0.108556
v -4.244233 5.281415 -0.181601
v -4.244233 5.553223 -0.181601
v 3.740496 5.281415 -0.108556
v 3.740496 5.553223 -0.108556
v 3.740496 5.281415 -0.181601
v 3.740496 5.553223 -0.181601
v -4.244232 5.308915 -0.084140
v -4.244232 5.525723 -0.084140
v -4.244232 5.525723 -0.206015
v -4.244232 5.308915 -0.206015
v 3.740495 5.525723 -0.206015
v 3.740495 5.308915 -0.206015
v 3.740495 5.525723 -0.084140
v 3.740495 5.308915 -0.084140
v -4.244232 5.525723 -0.005488
v -4.244232 5.553223 -0.005488
v -4.244232 5.308914 -0.284665
v -4.244232 5.281415 -0.284665
v 3.740495 5.281415 -0.284665
v -4.244232 5.553223 -0.284665
v 3.740495 5.553223 -0.284665
v 3.740495 5.308914 -0.284665
v 3.740495 5.308915 -0.005488
v 3.740495 5.281415 -0.005488
v -4.244232 5.281415 -0.005488
v 3.740495 5.553223 -0.005488
v -4.244232 5.308915 -0.005488
v -4.244232 5.525723 -0.284665
v 3.740495 5.525723 -0.284665
v 3.740495 5.525723 -0.005488
v -4.084769 4.814315 -0.490449
v -4.084769 4.814315 -0.382795
v 3.581033 4.814315 -0.490449
v 3.581033 4.814315 -0.382795
v -4.084769 4.917290 -0.490449
v -4.084769 4.917290 -0.382795
v 3.581033 4.917290 -0.382795
v 3.581033 4.917290 -0.490449
v -0.945441 4.460340 -0.443600
v -0.945441 4.814424 -0.443600
v -0.945441 4.460340 -0.404884
v -0.945441 4.814424 -0.404884
v -0.591358 4.460340 -0.443600
v -0.591358 4.814424 -0.443600
v -0.591358 4.460340 -0.404884
v -0.591358 4.814424 -0.404884
v -0.794924 4.806367 0.020423
v -0.741874 4.806367 0.020423
v -0.816916 4.753570 -0.388016
v -0.719883 4.753570 -0.388016
v -0.794924 4.796450 0.021705
v -0.741874 4.796450 0.021705
v -0.816916 4.743653 -0.386734
v -0.719883 4.743653 -0.386734
v 3.719251 0.001230 1.172060
v 3.719251 0.257163 1.172060
v 3.719251 0.001230 -1.462214
v 3.719251 0.257163 -1.462215
v 3.975184 0.001230 1.172060
v 3.975184 0.257163 1.172060
v 3.975184 0.001230 -1.462214
v 3.975184 0.257163 -1.462215
v -4.223018 0.001230 1.172060
v -4.223018 0.257163 1.172060
v -4.223018 0.001230 -1.462214
v -4.223018 0.257163 -1.462215
v -4.478950 0.001230 1.172060
v -4.478950 0.257163 1.172060
v -4.478950 0.001230 -1.462214
v -4.478950 0.257163 -1.462215
v -4.071060 4.885839 -0.484202
v -4.419242 5.049356 -0.203644
v -4.062313 4.888485 -0.474889
v -4.410495 5.052003 -0.194331
v -4.057283 4.881892 -0.464805
v -4.405466 5.045411 -0.184247
v -4.058918 4.869922 -0.459858
v -4.407101 5.033440 -0.179300
v -4.066260 4.859586 -0.462945
v -4.414442 5.023105 -0.182387
v -4.075007 4.856940 -0.472257
v -4.423190 5.020458 -0.191699
v -4.080036 4.863533 -0.482341
v -4.428218 5.027051 -0.201783
v -4.078401 4.875503 -0.487289
v -4.426583 5.039021 -0.206731
v 3.567294 4.885839 -0.484202
v 3.915476 5.049356 -0.203644
v 3.558547 4.888485 -0.474889
v 3.906729 5.052003 -0.194331
v 3.553517 4.881892 -0.464805
v 3.901699 5.045411 -0.184247
v 3.555152 4.869922 -0.459858
v 3.903335 5.033440 -0.179300
v 3.562493 4.859586 -0.462945
v 3.910676 5.023105 -0.182387
v 3.571240 4.856940 -0.472257
v 3.919423 5.020458 -0.191699
v 3.576270 4.863533 -0.482341
v 3.924452 5.027051 -0.201783
v 3.574635 4.875503 -0.487289
v 3.922817 5.039021 -0.206731
v -0.939703 5.224504 -0.000000
v 0.410339 5.167211 -0.000000
v -0.939703 5.200136 -0.090945
v 0.410339 5.150518 -0.062299
v -0.939703 5.133559 -0.157522
v 0.410339 5.104912 -0.107905
v -0.939703 5.042614 -0.181891
v 0.410339 5.042614 -0.124598
v -0.939703 4.951668 -0.157522
v 0.410339 4.980315 -0.107905
v -0.939703 4.885092 -0.090945
v 0.410339 4.934709 -0.062299
v -0.939703 4.860723 -0.000000
v 0.410339 4.918016 -0.000000
v -0.939703 4.885092 0.090945
v 0.410339 4.934709 0.062299
v -0.939703 4.951668 0.157522
v 0.410339 4.980315 0.107905
v -0.939703 5.042614 0.181891
v 0.410339 5.042614 0.124597
v -0.939703 5.133559 0.157522
v 0.410339 5.104912 0.107905
v -0.939703 5.200136 0.090945
v 0.410339 5.150518 0.062299
v -0.626574 5.224504 -0.000000
v -0.626574 5.200136 -0.090945
v -0.626574 5.133559 -0.157522
v -0.626574 5.042614 -0.181891
v -0.626574 4.951668 -0.157522
v -0.626574 4.885092 -0.090945
v -0.626574 4.860723 -0.000000
v -0.626574 4.885092 0.090945
v -0.626574 4.951668 0.157522
v -0.626574 5.042614 0.181891
v -0.626574 5.133559 0.157522
v -0.626574 5.200136 0.090945
v -0.929597 5.255859 -0.000000
v -0.929597 5.227290 -0.106623
v -0.631767 5.227290 -0.106623
v -0.929597 5.149237 -0.184676
v -0.631767 5.149237 -0.184676
v -0.929597 5.042614 -0.213246
v -0.631767 5.042614 -0.213246
v -0.929597 4.935991 -0.184676
v -0.631767 4.935991 -0.184676
v -0.929597 4.857937 -0.106623
v -0.631767 4.857937 -0.106623
v -0.929603 4.830843 0.001550
v -0.631761 4.830844 0.001550
v -0.929623 4.863840 0.112821
v -0.631744 4.863843 0.112824
v -0.929603 4.937467 0.186226
v -0.631761 4.937467 0.186226
v -0.929597 5.042614 0.213246
v -0.631767 5.042614 0.213246
v -0.929597 5.149237 0.184676
v -0.631767 5.149237 0.184676
v -0.929597 5.227290 0.106623
v -0.631767 5.227290 0.106623
v -0.631767 5.255859 -0.000000
v -0.664838 5.232721 -0.109758
v -0.664838 5.152372 -0.190107
v -0.664838 5.042614 -0.219517
v -0.664838 4.932855 -0.190107
v -0.664838 4.852507 -0.109758
v -0.662828 4.823993 0.005607
v -0.662721 4.884005 0.147781
v -0.664813 4.940237 0.197858
v -0.664838 5.042614 0.219517
v -0.664838 5.152372 0.190107
v -0.664838 5.232721 0.109758
v -0.664838 5.262130 -0.000000
v -0.876875 5.232721 -0.109758
v -0.876875 5.152372 -0.190107
v -0.876875 5.042614 -0.219517
v -0.876875 4.932855 -0.190107
v -0.876875 4.852507 -0.109758
v -0.877511 4.823990 0.005604
v -0.877630 4.883989 0.147764
v -0.876903 4.940234 0.197855
v -0.876875 5.042614 0.219517
v -0.876875 5.152372 0.190107
v -0.876875 5.232721 0.109758
v -0.876875 5.262130 -0.000000
v 0.395783 5.195392 -0.088207
v 0.395783 5.219027 -0.000000
v 0.395783 5.130820 -0.152779
v 0.395783 5.042614 -0.176414
v 0.395783 4.954407 -0.152779
v 0.395783 4.889835 -0.088207
v 0.395783 4.866200 -0.000000
v 0.395783 4.889835 0.088207
v 0.395783 4.954407 0.152779
v 0.395783 5.042614 0.176413
v 0.395783 5.130820 0.152778
v 0.395783 5.195392 0.088207
v 0.505747 5.160614 -0.068128
v 0.505747 5.178868 -0.000000
v 0.505747 5.110741 -0.118000
v 0.505747 5.042614 -0.136255
v 0.505747 4.974486 -0.118000
v 0.505747 4.924614 -0.068128
v 0.505747 4.906359 -0.000000
v 0.505747 4.924614 0.068127
v 0.505747 4.974486 0.118000
v 0.505747 5.042614 0.136254
v 0.505747 5.110741 0.118000
v 0.505747 5.160614 0.068127
v 0.649108 5.160675 -0.068163
v 0.649108 5.178939 -0.000000
v 0.649108 5.110776 -0.118061
v 0.649108 5.042614 -0.136325
v 0.649108 4.974451 -0.118061
v 0.649108 4.924553 -0.068163
v 0.649108 4.906289 -0.000000
v 0.649108 4.924553 0.068162
v 0.649108 4.974451 0.118061
v 0.649108 5.042614 0.136325
v 0.649108 5.110776 0.118061
v 0.649108 5.160675 0.068162
v 0.735225 5.146544 -0.060005
v 0.735225 5.162622 -0.000000
v 0.735225 5.102618 -0.103931
v 0.735225 5.042614 -0.120009
v 0.735225 4.982609 -0.103931
v 0.735225 4.938683 -0.060005
v 0.735225 4.922605 -0.000000
v 0.735225 4.938683 0.060004
v 0.735225 4.982609 0.103931
v 0.735225 5.042614 0.120009
v 0.735225 5.102618 0.103931
v 0.735225 5.146544 0.060004
v 0.768682 5.145842 -0.059599
v 0.768682 5.161811 -0.000000
v 0.768682 5.102212 -0.103228
v 0.768682 5.042614 -0.119197
v 0.768682 4.983015 -0.103228
v 0.768682 4.939386 -0.059599
v 0.768682 4.923417 -0.000000
v 0.768682 4.939386 0.059599
v 0.768682 4.983015 0.103228
v 0.768682 5.042614 0.119197
v 0.768682 5.102212 0.103228
v 0.768682 5.145842 0.059598
v 0.776343 5.152945 -0.063700
v 0.776343 5.170013 -0.000000
v 0.776343 5.106313 -0.110331
v 0.776343 5.042614 -0.127399
v 0.776343 4.978914 -0.110331
v 0.776343 4.932283 -0.063700
v 0.776343 4.915215 -0.000000
v 0.776343 4.932283 0.063699
v 0.776343 4.978914 0.110331
v 0.776343 5.042614 0.127399
v 0.776343 5.106313 0.110331
v 0.776343 5.152945 0.063699
v 0.827830 5.042614 -0.000000
v 0.824397 5.148520 -0.061146
v 0.825541 5.154252 -0.000000
v 0.825541 5.098433 -0.096682
v 0.824397 5.042614 -0.122291
v 0.825541 4.986794 -0.096682
v 0.824397 4.936707 -0.061145
v 0.825541 4.930975 -0.000000
v 0.824397 4.936707 0.061145
v 0.825541 4.986794 0.096682
v 0.824397 5.042614 0.122291
v 0.825541 5.098433 0.096682
v 0.824397 5.148520 0.061145
v 0.811135 4.977889 0.112106
v 0.811135 5.042614 0.129449
v 0.811135 4.930507 -0.064725
v 0.811135 4.913164 -0.000000
v 0.811135 5.107338 -0.112107
v 0.811135 5.042614 -0.129450
v 0.811135 5.107338 0.112106
v 0.811135 4.930507 0.064725
v 0.811135 4.977889 -0.112107
v 0.811135 5.154720 0.064725
v 0.811135 5.172063 -0.000000
v 0.811135 5.154720 -0.064725
v 0.377296 5.224504 -0.000000
v 0.377296 5.200136 -0.090945
v 0.377296 5.133559 -0.157522
v 0.377296 5.042614 -0.181891
v 0.377296 4.951668 -0.157522
v 0.377296 4.885092 -0.090945
v 0.377296 4.860723 -0.000000
v 0.377296 4.885092 0.090945
v 0.377296 4.951668 0.157522
v 0.377296 5.042614 0.181891
v 0.377296 5.133559 0.157522
v 0.377296 5.200136 0.090945
v 0.399946 5.191642 -0.000000
v 0.399946 5.171676 -0.074514
v 0.399946 5.117127 -0.129062
v 0.399946 5.042614 -0.149028
v 0.399946 4.968100 -0.129062
v 0.399946 4.913552 -0.074514
v 0.399946 4.893586 -0.000000
v 0.399946 4.913552 0.074514
v 0.399946 4.968100 0.129062
v 0.399946 5.042614 0.149028
v 0.399946 5.117128 0.129062
v 0.399946 5.171676 0.074514
v 0.453567 5.042614 0.131412
v 0.453567 5.108320 0.113806
v 0.453567 4.911201 -0.000000
v 0.453567 4.928807 0.065706
v 0.453567 5.042614 -0.131413
v 0.453567 4.976908 -0.113807
v 0.453567 5.156420 0.065706
v 0.453567 5.174026 -0.000000
v 0.453567 5.156420 -0.065706
v 0.453567 4.976908 0.113806
v 0.453567 4.928807 -0.065706
v 0.453567 5.108320 -0.113807
v 0.696457 5.108543 -0.114193
v 0.696457 5.042614 -0.131859
v 0.696457 5.042614 0.131858
v 0.696457 5.108543 0.114192
v 0.696456 4.910756 -0.000000
v 0.696456 4.928421 0.065929
v 0.696457 4.976685 -0.114193
v 0.696457 5.156806 0.065929
v 0.696456 5.174472 -0.000000
v 0.696456 5.156806 -0.065929
v 0.696457 4.976685 0.114192
v 0.696456 4.928421 -0.065929
v 0.363795 5.200136 -0.090945
v -0.615399 5.200136 -0.090945
v 0.363795 5.133559 -0.157522
v -0.615399 5.133559 -0.157522
v 0.363795 5.042614 -0.181891
v -0.615399 5.042614 -0.181891
v 0.363844 4.952522 -0.157710
v -0.615448 4.952522 -0.157710
v 0.365802 4.888427 -0.089199
v -0.617407 4.888427 -0.089199
v 0.365802 4.864420 -0.000000
v -0.617407 4.864420 -0.000000
v 0.365802 4.888427 0.089199
v -0.617407 4.888427 0.089199
v 0.363844 4.952522 0.157710
v -0.615448 4.952522 0.157710
v 0.363795 5.042614 0.181891
v -0.615399 5.042614 0.181891
v 0.363795 5.133559 0.157522
v -0.615399 5.133559 0.157522
v 0.363795 5.200136 0.090945
v -0.615399 5.200136 0.090945
v -0.615399 5.224504 -0.000000
v 0.363795 5.224504 -0.000000
v 0.360959 4.952454 -0.127822
v -0.612562 4.952454 -0.127822
v 0.361962 4.911628 -0.077054
v -0.613566 4.911628 -0.077054
v 0.361962 4.890137 -0.000000
v -0.613566 4.890137 -0.000000
v 0.361962 4.911628 0.077054
v -0.613566 4.911628 0.077054
v 0.360959 4.952454 0.127821
v -0.612562 4.952454 0.127821
v 0.361962 4.951107 -0.139239
v -0.615574 4.880654 -0.000000
v -0.615574 4.903072 -0.081533
v -0.613566 4.951107 -0.139239
v -0.615574 4.903072 0.081532
v -0.613566 4.951107 0.139239
v 0.363969 4.880654 -0.000000
v 0.363969 4.903072 -0.081533
v 0.361962 4.951107 0.139239
v 0.363969 4.903072 0.081532
v 0.314124 5.200136 -0.090945
v -0.565726 5.200136 -0.090945
v 0.314124 5.133559 -0.157522
v -0.565726 5.133559 -0.157522
v 0.314124 5.042614 -0.181891
v -0.565726 5.042614 -0.181891
v 0.314124 4.966020 -0.166400
v -0.565726 4.966020 -0.166400
v 0.314124 4.966020 0.166400
v -0.565726 4.966020 0.166400
v 0.314124 5.042614 0.181891
v -0.565726 5.042614 0.181891
v 0.314124 5.133559 0.157522
v -0.565726 5.133559 0.157522
v 0.314124 5.200136 0.090945
v -0.565726 5.200136 0.090945
v -0.565725 5.224504 -0.000000
v 0.314124 5.224504 -0.000000
v 0.314124 4.958429 -0.132614
v -0.565726 4.958429 -0.132614
v 0.314124 4.912933 -0.076371
v -0.565726 4.912933 -0.076371
v 0.314124 4.891584 -0.000000
v -0.565726 4.891584 -0.000000
v 0.314124 4.912933 0.076370
v -0.565726 4.912933 0.076370
v 0.314124 4.958429 0.132614
v -0.565726 4.958429 0.132614
v -0.565726 4.962169 0.150133
v 0.314124 4.962169 0.150133
v 0.314124 4.962169 -0.150133
v -0.565726 4.962169 -0.150133
v 0.786594 5.042614 0.129449
v 0.786594 4.913164 -0.000000
v 0.786594 5.042614 -0.129450
v 0.786594 5.107338 0.112106
v 0.786594 4.930507 0.064725
v 0.786594 4.977889 -0.112107
v 0.786594 5.154720 0.064725
v 0.786594 5.154720 -0.064725
v 0.786594 4.977889 0.112106
v 0.786594 4.930507 -0.064725
v 0.786594 5.107338 -0.112107
v 0.786594 5.172063 -0.000000
v -0.676171 4.795596 0.035323
v -0.676142 4.823611 0.099171
v -0.860629 4.795595 0.035322
v -0.860662 4.823606 0.099166
v -0.866907 4.859497 0.127835
v -0.669907 4.859512 0.127851
v -0.866800 4.811158 0.027978
v -0.670003 4.811162 0.027981
v -0.805288 5.262130 -0.000000
v -0.731512 5.262130 -0.000000
v -0.731512 5.232720 -0.109758
v -0.805288 5.232721 -0.109758
v -0.731512 5.152372 -0.190107
v -0.805288 5.152372 -0.190107
v -0.731512 5.042614 -0.219517
v -0.805288 5.042614 -0.219517
v -0.731512 4.932855 -0.190107
v -0.805288 4.932856 -0.190107
v -0.731512 4.852507 -0.109758
v -0.805288 4.852507 -0.109758
v -0.731512 4.816030 -0.018629
v -0.805288 4.816030 -0.018629
v -0.731459 4.898719 0.173030
v -0.805358 4.898712 0.173022
v -0.731501 4.941712 0.199407
v -0.805302 4.941710 0.199406
v -0.731512 5.042614 0.219517
v -0.805288 5.042614 0.219517
v -0.731512 5.152372 0.190107
v -0.805288 5.152372 0.190107
v -0.731512 5.232721 0.109758
v -0.805288 5.232721 0.109758
v -0.731512 4.788464 0.024358
v -0.805288 4.788464 0.024358
v -0.731501 4.824123 0.107353
v -0.805302 4.824122 0.107351
v -0.731512 4.799073 0.003014
v -0.805288 4.799073 0.003014
v -0.805357 4.871587 0.152805
v -0.731459 4.871594 0.152813
v -0.982853 5.042614 -0.000000
v -0.967929 4.885092 0.090945
v -0.967929 4.860723 -0.000000
v -0.967929 4.885092 -0.090945
v -0.967929 4.951668 -0.157522
v -0.967929 5.042614 -0.181891
v -0.967929 5.224504 -0.000000
v -0.967929 5.200136 0.090945
v -0.967929 5.200136 -0.090945
v -0.967929 5.133559 -0.157522
v -0.967929 5.133559 0.157522
v -0.967929 5.042614 0.181891
v -0.967929 4.951668 0.157522
v -0.980920 5.199478 -0.000000
v -0.979954 5.191424 -0.085916
v -0.980920 5.121046 -0.135848
v -0.979954 5.042614 -0.171832
v -0.980920 4.964181 -0.135848
v -0.979954 4.893803 -0.085916
v -0.980920 4.885749 -0.000000
v -0.979954 4.893803 0.085916
v -0.980920 4.964181 0.135848
v -0.979954 5.042614 0.171832
v -0.980920 5.121046 0.135848
v -0.979954 5.191424 0.085916
v 0.113063 5.200136 -0.090945
v -0.125801 5.200136 -0.090945
v -0.364665 5.200136 -0.090945
v 0.113063 5.133559 -0.157522
v -0.125801 5.133559 -0.157522
v -0.364665 5.133559 -0.157522
v 0.113063 5.042614 -0.181891
v -0.125801 5.042614 -0.181891
v -0.364665 5.042614 -0.181891
v 0.113063 4.966019 -0.166400
v -0.125801 4.966019 -0.166400
v -0.364665 4.966019 -0.166400
v 0.113063 4.966020 0.166400
v -0.125801 4.966020 0.166400
v -0.364665 4.966020 0.166400
v 0.113063 5.042614 0.181891
v -0.125801 5.042614 0.181891
v -0.364665 5.042614 0.181891
v 0.113063 5.133559 0.157522
v -0.125801 5.133559 0.157522
v -0.364665 5.133559 0.157522
v 0.113063 5.200136 0.090945
v -0.125801 5.200136 0.090945
v -0.364665 5.200136 0.090945
v -0.364665 5.224504 -0.000000
v -0.125801 5.224504 -0.000000
v 0.113063 5.224504 -0.000000
v 0.113063 4.958429 -0.132615
v -0.125801 4.958429 -0.132615
v -0.364665 4.958429 -0.132615
v 0.113063 4.912933 -0.076371
v -0.125801 4.912933 -0.076371
v -0.364665 4.912933 -0.076371
v 0.113063 4.891584 -0.000000
v -0.125801 4.891584 -0.000000
v -0.364665 4.891584 -0.000000
v 0.113063 4.912933 0.076370
v -0.125801 4.912933 0.076370
v -0.364665 4.912933 0.076370
v 0.113063 4.958429 0.132614
v -0.125801 4.958429 0.132614
v -0.364665 4.958429 0.132614
v -0.364665 4.962169 0.150133
v -0.125801 4.962169 0.150133
v 0.113063 4.962169 0.150133
v 0.113063 4.962169 -0.150133
v -0.125801 4.962169 -0.150133
v -0.364665 4.962169 -0.150133
v -0.939703 5.218270 -0.047067
v 0.395783 5.212980 -0.045650
v 0.387227 5.223820 -0.000000
v -0.627223 5.042614 -0.199920
v -0.939703 5.171203 -0.128589
v 0.395783 5.167331 -0.124717
v -0.938440 5.142573 -0.173136
v -0.939703 5.089681 -0.175656
v 0.395783 5.088263 -0.170367
v -0.938440 5.215749 -0.099960
v -0.939703 4.995547 -0.175656
v 0.395783 4.996964 -0.170367
v -0.627223 5.215749 0.099960
v -0.939703 4.914024 -0.128589
v 0.395783 4.917897 -0.124717
v -0.627223 5.242534 -0.000000
v -0.939703 4.866958 -0.047067
v 0.395783 4.872247 -0.045650
v -0.627223 4.942654 -0.173136
v -0.939703 4.866958 0.047067
v 0.395783 4.872247 0.045650
v -0.938440 5.042614 0.199920
v -0.939703 4.914024 0.128589
v 0.395783 4.917897 0.124717
v -0.938441 4.942838 0.173329
v -0.939703 4.995547 0.175656
v 0.395783 4.996964 0.170367
v -0.938440 4.942654 -0.173136
v -0.939703 5.089681 0.175656
v 0.395783 5.088264 0.170367
v -0.938440 5.042614 -0.199920
v -0.939703 5.171203 0.128589
v 0.395783 5.167331 0.124717
v -0.627223 4.869478 -0.099960
v -0.939703 5.218270 0.047067
v 0.395783 5.212980 0.045649
v -0.627222 4.842878 0.000194
v -0.621052 5.200136 -0.090945
v -0.621052 5.133559 -0.157522
v -0.621052 5.042614 -0.181891
v -0.621099 4.951754 -0.157554
v -0.621303 4.885509 -0.090727
v -0.621303 4.861185 -0.000000
v -0.621303 4.885509 0.090727
v -0.621099 4.951754 0.157554
v -0.621052 5.042614 0.181891
v -0.621052 5.133559 0.157522
v -0.621052 5.200136 0.090945
v -0.626574 5.218270 0.047067
v -0.626574 5.171203 0.128589
v -0.626574 5.089681 0.175656
v -0.626574 4.995547 0.175656
v -0.626574 4.914024 0.128589
v -0.626574 4.866958 0.047067
v -0.626574 4.866958 -0.047067
v -0.626574 4.914024 -0.128589
v -0.626574 4.995547 -0.175656
v -0.626574 5.089681 -0.175656
v -0.626574 5.171203 -0.128589
v -0.626574 5.218270 -0.047067
v -0.929597 5.248550 -0.055181
v -0.907847 5.232042 -0.109366
v -0.929597 5.193369 -0.150756
v -0.907847 5.151980 -0.189428
v -0.929597 5.097794 -0.205936
v -0.907847 5.042614 -0.218733
v -0.929597 4.987433 -0.205936
v -0.907847 4.933247 -0.189428
v -0.929597 4.891858 -0.150756
v -0.907847 4.853186 -0.109366
v -0.929598 4.836862 -0.054987
v -0.908187 4.827602 0.004394
v -0.929615 4.840920 0.059635
v -0.908248 4.871141 0.128755
v -0.929615 4.896100 0.155211
v -0.907866 4.937674 0.194077
v -0.929598 4.987617 0.206130
v -0.907847 5.042614 0.218733
v -0.929597 5.097794 0.205936
v -0.907847 5.151980 0.189428
v -0.929597 5.193369 0.150756
v -0.907847 5.232042 0.109366
v -0.929597 5.248550 0.055180
v -0.643692 5.261346 -0.000000
v -0.631767 5.248550 0.055180
v -0.631767 5.193369 0.150756
v -0.631767 5.097794 0.205936
v -0.631767 4.987618 0.206130
v -0.631751 4.896102 0.155213
v -0.631750 4.840922 0.059638
v -0.631767 4.836862 -0.054987
v -0.631767 4.891858 -0.150756
v -0.631767 4.987433 -0.205936
v -0.631767 5.097794 -0.205936
v -0.631767 5.193369 -0.150756
v -0.631767 5.248550 -0.055181
v -0.938441 4.842878 0.000194
v -0.938443 4.870216 0.100735
v -0.938440 5.215749 0.099960
v -0.938440 5.242534 -0.000000
v -0.627223 5.142573 0.173136
v -0.627223 5.142573 -0.173136
v -0.627223 5.042614 0.199920
v -0.938440 4.869478 -0.099960
v -0.938440 5.142573 0.173136
v -0.627223 5.215749 -0.099960
v -0.627222 4.942838 0.173329
v -0.627220 4.870216 0.100735
v -0.643692 5.232042 -0.109366
v -0.643692 5.151980 -0.189428
v -0.643692 5.042614 -0.218733
v -0.643692 4.933247 -0.189428
v -0.643692 4.853186 -0.109366
v -0.643206 4.827604 0.004396
v -0.643151 4.871150 0.128765
v -0.643675 4.937676 0.194079
v -0.643692 5.042614 0.218733
v -0.643692 5.151980 0.189428
v -0.643692 5.232042 0.109366
v -0.695511 5.262130 -0.000000
v -0.664838 5.254606 -0.056803
v -0.664838 5.197803 -0.155189
v -0.664838 5.099417 -0.211992
v -0.664838 4.985810 -0.211992
v -0.664838 4.887424 -0.155189
v -0.664623 4.830560 -0.056652
v -0.654592 4.849138 0.079193
v -0.664549 4.909173 0.178831
v -0.664835 4.986733 0.212961
v -0.664838 5.099417 0.211992
v -0.664838 5.197803 0.155189
v -0.664838 5.254606 0.056803
v -0.841902 5.232720 -0.109758
v -0.841902 5.152372 -0.190107
v -0.841902 5.042614 -0.219517
v -0.841902 4.932855 -0.190107
v -0.841902 4.852507 -0.109758
v -0.841760 4.816891 -0.016072
v -0.841883 4.897187 0.170419
v -0.841927 4.941525 0.199211
v -0.841902 5.042614 0.219517
v -0.841902 5.152372 0.190107
v -0.841902 5.232721 0.109758
v -0.907847 5.261346 -0.000000
v -0.876875 5.254606 0.056803
v -0.876875 5.197803 0.155189
v -0.876875 5.099417 0.211992
v -0.876878 4.986733 0.212961
v -0.877025 4.909163 0.178821
v -0.886834 4.849128 0.079181
v -0.876942 4.830560 -0.056652
v -0.876875 4.887424 -0.155189
v -0.876875 4.985810 -0.211992
v -0.876875 5.099417 -0.211992
v -0.876875 5.197803 -0.155189
v -0.876875 5.254606 -0.056803
v 0.410339 5.162941 -0.032242
v 0.410339 5.130699 -0.088085
v 0.410339 5.074855 -0.120327
v 0.410339 5.010372 -0.120327
v 0.410339 4.954528 -0.088085
v 0.410339 4.922287 -0.032242
v 0.410339 4.922287 0.032241
v 0.410339 4.954528 0.088085
v 0.410339 5.010372 0.120327
v 0.410339 5.074855 0.120327
v 0.410339 5.130699 0.088085
v 0.410339 5.162941 0.032241
v 0.401245 5.176264 -0.000000
v 0.399426 5.185313 -0.082387
v 0.399426 5.125001 -0.142699
v 0.399426 5.042614 -0.164775
v 0.399426 4.960226 -0.142699
v 0.399426 4.899915 -0.082387
v 0.399426 4.877839 -0.000000
v 0.399426 4.899915 0.082387
v 0.399426 4.960227 0.142699
v 0.399426 5.042614 0.164775
v 0.399426 5.125001 0.142699
v 0.399426 5.185313 0.082387
v 0.470372 5.042614 0.134941
v 0.431331 5.105501 0.108923
v 0.470372 4.907672 -0.000000
v 0.431331 4.933690 0.062887
v 0.470372 5.042614 -0.134942
v 0.431331 4.979727 -0.108924
v 0.431331 5.151537 0.062887
v 0.470372 5.177555 -0.000000
v 0.431331 5.151537 -0.062887
v 0.431331 4.979727 0.108923
v 0.431331 4.933690 -0.062887
v 0.431331 5.105501 -0.108924
v 0.735225 5.158509 -0.031054
v 0.735225 5.127455 -0.084841
v 0.735225 5.073668 -0.115896
v 0.735225 5.011559 -0.115895
v 0.735225 4.957772 -0.084841
v 0.735225 4.926718 -0.031054
v 0.735225 4.926718 0.031054
v 0.735225 4.957773 0.084841
v 0.735225 5.011559 0.115895
v 0.735225 5.073668 0.115895
v 0.735225 5.127455 0.084841
v 0.735225 5.158509 0.031054
v 0.713848 5.105505 -0.108932
v 0.683033 5.042614 -0.135165
v 0.713848 5.042614 0.125783
v 0.683033 5.110196 0.117056
v 0.713848 4.916831 -0.000000
v 0.683033 4.925558 0.067582
v 0.683033 4.975031 -0.117057
v 0.683033 5.159670 0.067582
v 0.713848 5.168397 -0.000000
v 0.683033 5.159670 -0.067583
v 0.683033 4.975031 0.117056
v 0.683033 4.925558 -0.067583
v 0.768682 5.157725 -0.030844
v 0.768682 5.126881 -0.084268
v 0.768682 5.073458 -0.115112
v 0.768682 5.011770 -0.115112
v 0.768682 4.958346 -0.084268
v 0.768682 4.927502 -0.030844
v 0.768682 4.927502 0.030844
v 0.768682 4.958346 0.084267
v 0.768682 5.011770 0.115111
v 0.768682 5.073458 0.115111
v 0.768682 5.126881 0.084267
v 0.768682 5.157725 0.030844
v 0.754884 4.940630 -0.058881
v 0.754884 4.924853 -0.000000
v 0.754884 5.101494 -0.101984
v 0.754884 5.042614 -0.117761
v 0.754884 5.042614 0.117761
v 0.754884 5.101494 0.101984
v 0.754884 4.940630 0.058880
v 0.754884 4.983733 -0.101984
v 0.754884 5.144598 0.058880
v 0.754884 5.160375 -0.000000
v 0.754884 5.144598 -0.058881
v 0.754884 4.983733 0.101984
v 0.776343 5.165646 -0.032967
v 0.776343 5.132679 -0.090066
v 0.776343 5.075580 -0.123032
v 0.776343 5.009647 -0.123032
v 0.776343 4.952548 -0.090066
v 0.776343 4.919581 -0.032966
v 0.776343 4.919581 0.032966
v 0.776343 4.952548 0.090066
v 0.776343 5.009647 0.123032
v 0.776343 5.075580 0.123032
v 0.776343 5.132679 0.090066
v 0.776343 5.165646 0.032966
v 0.774447 4.935834 -0.061649
v 0.774447 4.919316 -0.000000
v 0.774447 5.104263 -0.106779
v 0.774447 5.042614 -0.123298
v 0.774447 5.042614 0.123298
v 0.774447 5.104263 0.106779
v 0.774447 4.935834 0.061649
v 0.774447 4.980965 -0.106779
v 0.774447 5.149393 0.061649
v 0.774447 5.165912 -0.000000
v 0.774447 5.149393 -0.061649
v 0.774447 4.980965 0.106779
v 0.825345 5.152905 -0.036334
v 0.825345 5.129225 -0.077348
v 0.825345 5.066293 -0.113682
v 0.825345 5.018934 -0.113682
v 0.825345 4.956002 -0.077348
v 0.825345 4.932323 -0.036334
v 0.825345 4.932323 0.036334
v 0.825345 4.956002 0.077348
v 0.825345 5.018934 0.113682
v 0.825345 5.066293 0.113682
v 0.825345 5.129225 0.077348
v 0.825345 5.152905 0.036334
v 0.820307 4.979002 0.110178
v 0.779499 5.042614 0.129193
v 0.820159 4.931520 -0.064140
v 0.779499 4.913421 -0.000000
v 0.820307 5.106225 -0.110179
v 0.779499 5.042614 -0.129193
v 0.779499 5.107210 0.111884
v 0.779499 4.930729 0.064596
v 0.779499 4.978017 -0.111885
v 0.779499 5.154498 0.064596
v 0.820307 5.169837 -0.000000
v 0.779499 5.154498 -0.064597
v 0.827544 5.078654 -0.062423
v 0.827544 5.114694 -0.000000
v 0.827544 5.006573 -0.062423
v 0.827544 4.970533 -0.000000
v 0.827544 5.006574 0.062423
v 0.827544 5.078654 0.062423
v 0.798475 4.977889 0.112106
v 0.820159 5.042614 0.128280
v 0.798475 4.930507 -0.064725
v 0.820307 4.915390 -0.000000
v 0.798475 5.107338 -0.112107
v 0.820159 5.042614 -0.128281
v 0.820307 5.106225 0.110178
v 0.820159 4.931520 0.064140
v 0.820307 4.979002 -0.110178
v 0.820159 5.153708 0.064140
v 0.798475 5.172063 -0.000000
v 0.820159 5.153708 -0.064140
v 0.811135 5.134129 -0.091516
v 0.811135 5.167626 0.033497
v 0.811135 4.951098 -0.091515
v 0.811135 4.951098 0.091515
v 0.811135 5.167626 -0.033497
v 0.811135 5.134129 0.091515
v 0.811135 5.009117 -0.125012
v 0.811135 4.917602 0.033497
v 0.811135 5.076111 0.125012
v 0.811135 5.076111 -0.125012
v 0.811135 4.917602 -0.033497
v 0.811135 5.009117 0.125012
v 0.369737 5.224504 -0.000000
v 0.387227 5.199543 -0.090603
v 0.387227 5.133217 -0.156929
v 0.387227 5.042614 -0.181206
v 0.387227 4.952011 -0.156929
v 0.387227 4.885684 -0.090603
v 0.387227 4.861408 -0.000000
v 0.387227 4.885684 0.090603
v 0.387227 4.952011 0.156929
v 0.387227 5.042614 0.181206
v 0.387227 5.133217 0.156929
v 0.387227 5.199543 0.090603
v 0.377296 5.218270 0.047067
v 0.377296 5.171203 0.128589
v 0.377296 5.089681 0.175656
v 0.377296 4.995547 0.175656
v 0.377296 4.914024 0.128589
v 0.377296 4.866958 0.047067
v 0.377296 4.866958 -0.047067
v 0.377296 4.914024 -0.128589
v 0.377296 4.995547 -0.175656
v 0.377296 5.089681 -0.175656
v 0.377296 5.171203 -0.128589
v 0.377296 5.218270 -0.047067
v 0.399426 5.207388 -0.000000
v 0.401245 5.158359 -0.066826
v 0.401245 5.109439 -0.115745
v 0.401245 5.042614 -0.133651
v 0.401245 4.975788 -0.115745
v 0.401245 4.926869 -0.066825
v 0.401245 4.908963 -0.000000
v 0.401245 4.926869 0.066825
v 0.401245 4.975788 0.115745
v 0.401245 5.042614 0.133651
v 0.401245 5.109439 0.115745
v 0.401245 5.158359 0.066825
v 0.399946 5.186533 0.038563
v 0.399946 5.147970 0.105357
v 0.399946 5.081177 0.143920
v 0.399946 5.004050 0.143920
v 0.399946 4.937257 0.105357
v 0.399946 4.898694 0.038563
v 0.399946 4.898694 -0.038563
v 0.399946 4.937257 -0.105357
v 0.399946 5.004050 -0.143920
v 0.399946 5.081177 -0.143920
v 0.399946 5.147970 -0.105357
v 0.399946 5.186533 -0.038563
v 0.431331 5.042614 0.125774
v 0.470372 5.110085 0.116863
v 0.431331 4.916840 -0.000000
v 0.470372 4.925751 0.067471
v 0.431331 5.042614 -0.125774
v 0.470372 4.975143 -0.116863
v 0.470372 5.159477 0.067471
v 0.431331 5.168388 -0.000000
v 0.470372 5.159477 -0.067471
v 0.470372 4.975143 0.116863
v 0.470372 4.925751 -0.067471
v 0.470372 5.110085 -0.116863
v 0.453567 5.076619 -0.126908
v 0.453567 4.915706 -0.034005
v 0.453567 5.008609 0.126908
v 0.453567 5.135517 -0.092903
v 0.453567 5.169522 0.034005
v 0.453567 4.949710 -0.092903
v 0.453567 4.949711 0.092903
v 0.453567 5.169522 -0.034005
v 0.453567 5.135517 0.092903
v 0.453567 5.008609 -0.126908
v 0.453567 4.915706 0.034005
v 0.453567 5.076619 0.126908
v 0.683033 5.110196 -0.117057
v 0.713848 5.042614 -0.125783
v 0.683033 5.042614 0.135165
v 0.713848 5.105505 0.108931
v 0.683033 4.907449 -0.000000
v 0.713848 4.933682 0.062891
v 0.713848 4.979722 -0.108932
v 0.713848 5.151545 0.062891
v 0.683033 5.177779 -0.000000
v 0.713848 5.151545 -0.062892
v 0.713848 4.979722 0.108931
v 0.713848 4.933682 -0.062892
v 0.696456 4.915275 -0.034121
v 0.696457 5.008493 0.127338
v 0.696457 5.135832 -0.093219
v 0.696457 5.169952 0.034120
v 0.696456 4.949395 -0.093219
v 0.696457 4.949395 0.093218
v 0.696456 5.169952 -0.034121
v 0.696457 5.135832 0.093218
v 0.696457 5.008493 -0.127339
v 0.696456 4.915275 0.034120
v 0.696457 5.076734 0.127338
v 0.696457 5.076734 -0.127339
v 0.369737 5.200136 -0.090945
v -0.604804 5.200136 -0.090945
v 0.369737 5.133559 -0.157522
v -0.604804 5.133559 -0.157522
v 0.369737 5.042614 -0.181891
v -0.604804 5.042614 -0.181891
v 0.369784 4.951754 -0.157554
v -0.604771 4.964611 -0.165507
v 0.369988 4.885509 -0.090727
v 0.361791 4.954820 -0.134092
v 0.369988 4.861185 -0.000000
v -0.615803 4.871994 -0.000000
v 0.369988 4.885509 0.090727
v -0.615323 4.908601 -0.078638
v 0.369784 4.951754 0.157553
v -0.604771 4.964611 0.165507
v 0.369737 5.042614 0.181891
v -0.604804 5.042614 0.181891
v 0.369737 5.133559 0.157522
v -0.604804 5.133559 0.157522
v 0.369737 5.200136 0.090945
v -0.604804 5.200136 0.090945
v -0.621052 5.224504 -0.000000
v 0.353201 5.224504 -0.000000
v -0.615399 5.218270 -0.047067
v 0.363795 5.218270 -0.047067
v -0.615399 5.171203 -0.128589
v 0.363795 5.171203 -0.128589
v -0.615399 5.089681 -0.175656
v 0.363795 5.089681 -0.175656
v -0.615405 4.995868 -0.175921
v 0.363800 4.995868 -0.175921
v -0.617203 4.916536 -0.126505
v 0.365598 4.916536 -0.126505
v -0.617407 4.870544 -0.046123
v 0.365802 4.870544 -0.046123
v -0.617407 4.870544 0.046123
v 0.365802 4.870544 0.046123
v -0.617203 4.916537 0.126505
v 0.365598 4.916537 0.126505
v -0.615405 4.995868 0.175921
v 0.363800 4.995868 0.175921
v -0.615399 5.089681 0.175656
v 0.363795 5.089681 0.175656
v -0.615399 5.171203 0.128589
v 0.363795 5.171203 0.128589
v -0.615399 5.218270 0.047067
v 0.363795 5.218270 0.047067
v -0.604445 4.957407 -0.131795
v -0.604575 4.912770 -0.076456
v -0.604575 4.891403 -0.000000
v -0.604575 4.912770 0.076456
v -0.604445 4.957407 0.131794
v -0.613394 4.935554 -0.109204
v 0.361791 4.935554 -0.109204
v -0.613566 4.895496 -0.039558
v 0.361962 4.895496 -0.039558
v -0.613566 4.895496 0.039557
v 0.361962 4.895496 0.039557
v -0.613394 4.935554 0.109204
v 0.361791 4.935554 0.109204
v -0.613762 4.945898 -0.146078
v -0.615323 4.908601 0.078638
v -0.613762 4.945898 0.146078
v 0.363719 4.886782 -0.000000
v 0.364199 4.895260 -0.085622
v 0.362159 4.945898 0.146078
v 0.364199 4.895260 0.085622
v 0.362159 4.945898 -0.146078
v -0.615323 4.886782 -0.000000
v -0.615803 4.895260 -0.085622
v -0.613394 4.954820 -0.134092
v -0.615803 4.895260 0.085622
v -0.613394 4.954820 0.134092
v 0.364199 4.871994 -0.000000
v 0.363719 4.908601 -0.078638
v 0.361791 4.954820 0.134092
v 0.363719 4.908601 0.078638
v 0.363969 4.886295 0.041978
v 0.363719 4.928509 -0.115683
v -0.615574 4.886295 0.041979
v 0.363719 4.928509 0.115683
v -0.615323 4.928509 -0.115683
v 0.352972 4.960786 0.148771
v -0.615574 4.886295 -0.041979
v -0.604575 4.960786 -0.148772
v -0.615323 4.928509 0.115683
v 0.363969 4.886295 -0.041979
v 0.353201 5.200136 -0.090945
v -0.479371 5.200136 -0.090945
v 0.353201 5.133559 -0.157522
v -0.479371 5.133559 -0.157522
v 0.353201 5.042614 -0.181891
v -0.479371 5.042614 -0.181891
v 0.353168 4.964611 -0.165507
v -0.479371 4.966019 -0.166401
v 0.353168 4.964611 0.165507
v -0.479371 4.966020 0.166400
v 0.353201 5.042614 0.181891
v -0.479371 5.042614 0.181891
v 0.353201 5.133559 0.157522
v -0.479371 5.133559 0.157522
v 0.353201 5.200136 0.090945
v -0.479371 5.200136 0.090945
v -0.604804 5.224504 -0.000000
v 0.227770 5.224504 -0.000000
v 0.352842 4.957407 -0.131795
v -0.479371 4.958429 -0.132614
v 0.352972 4.912770 -0.076456
v -0.479371 4.912933 -0.076371
v 0.352972 4.891403 -0.000000
v -0.479371 4.891584 -0.000000
v 0.352972 4.912770 0.076456
v -0.479371 4.912933 0.076370
v 0.352842 4.957407 0.131794
v -0.479371 4.958429 0.132614
v -0.604575 4.960786 0.148771
v 0.227770 4.962169 0.150133
v 0.352972 4.960786 -0.148772
v -0.479371 4.962169 -0.150133
v -0.565726 4.957743 -0.157074
v 0.314124 4.957743 -0.157074
v 0.314124 4.957743 0.157074
v -0.565726 4.957743 0.157074
v 0.314124 4.965360 0.144285
v -0.565726 4.965360 0.144285
v -0.565726 4.937407 0.109031
v 0.314124 4.937407 0.109031
v -0.565726 4.896900 0.039188
v 0.314124 4.896900 0.039188
v -0.565726 4.896900 -0.039188
v 0.314124 4.896900 -0.039188
v -0.565726 4.937407 -0.109031
v 0.314124 4.937407 -0.109031
v -0.565725 5.218270 0.047067
v 0.314124 5.218270 0.047067
v -0.565726 5.171203 0.128589
v 0.314124 5.171203 0.128589
v -0.565726 5.089681 0.175656
v 0.314124 5.089681 0.175656
v -0.565726 4.997341 0.176766
v 0.314124 4.997341 0.176766
v -0.565726 4.965360 -0.144285
v 0.314124 4.965360 -0.144285
v -0.565726 4.997341 -0.176766
v 0.314124 4.997341 -0.176766
v -0.565726 5.089681 -0.175656
v 0.314124 5.089681 -0.175656
v -0.565726 5.171203 -0.128589
v 0.314124 5.171203 -0.128589
v -0.565725 5.218270 -0.047067
v 0.314124 5.218270 -0.047067
v 0.798475 5.042614 0.129449
v 0.798475 4.913164 -0.000000
v 0.798475 5.042614 -0.129450
v 0.798475 5.107338 0.112106
v 0.798475 4.930507 0.064725
v 0.798475 4.977889 -0.112107
v 0.798475 5.154720 0.064725
v 0.798475 5.154720 -0.064725
v 0.779499 4.978017 0.111884
v 0.779499 4.930729 -0.064597
v 0.779499 5.107210 -0.111885
v 0.779499 5.171807 -0.000000
v 0.786594 5.009117 0.125012
v 0.786594 4.917602 -0.033497
v 0.786594 5.076111 -0.125012
v 0.786594 5.076111 0.125012
v 0.786594 4.917602 0.033497
v 0.786594 5.009117 -0.125012
v 0.786594 5.134129 0.091515
v 0.786594 5.167626 -0.033497
v 0.786594 4.951098 0.091515
v 0.786594 4.951098 -0.091516
v 0.786594 5.167626 0.033497
v 0.786594 5.134129 -0.091516
v 0.505747 5.174198 -0.035258
v 0.505747 5.138940 -0.096327
v 0.505747 5.077872 -0.131584
v 0.505747 5.007356 -0.131584
v 0.505747 4.946288 -0.096327
v 0.505747 4.911029 -0.035258
v 0.505747 4.911030 0.035258
v 0.505747 4.946288 0.096326
v 0.505747 5.007356 0.131584
v 0.505747 5.077872 0.131584
v 0.505747 5.138940 0.096326
v 0.505747 5.174198 0.035258
v 0.649108 5.174266 -0.035276
v 0.649108 5.138990 -0.096377
v 0.649108 5.077890 -0.131653
v 0.649108 5.007338 -0.131653
v 0.649108 4.946238 -0.096376
v 0.649108 4.910962 -0.035276
v 0.649108 4.910962 0.035276
v 0.649108 4.946238 0.096376
v 0.649108 5.007338 0.131652
v 0.649108 5.077890 0.131652
v 0.649108 5.138990 0.096376
v 0.649108 5.174266 0.035276
v 0.577639 5.110922 -0.118314
v 0.577639 5.042614 -0.136617
v 0.577639 5.042614 0.136617
v 0.577639 5.110922 0.118314
v 0.577639 4.905997 -0.000000
v 0.577639 4.924300 0.068308
v 0.577639 4.974305 -0.118314
v 0.577639 5.160928 0.068308
v 0.577639 5.179231 -0.000000
v 0.577639 5.160928 -0.068309
v 0.577639 4.974305 0.118314
v 0.577639 4.924300 -0.068309
v -0.672119 4.807428 0.066332
v -0.839843 4.789668 0.026213
v -0.839869 4.824051 0.105971
v -0.864683 4.807425 0.066330
v -0.865800 4.840162 0.115044
v -0.669132 4.873214 0.136741
v -0.865734 4.800389 0.028379
v -0.669245 4.819639 0.026039
v -0.868048 4.873195 0.136722
v -0.671008 4.840171 0.115054
v -0.867922 4.819635 0.026035
v -0.671067 4.800391 0.028381
v -0.840643 4.800584 0.006134
v -0.660725 4.835338 0.077917
v -0.876083 4.835327 0.077906
v -0.696054 4.870087 0.149695
v -0.841902 5.262130 -0.000000
v -0.768400 5.262130 -0.000000
v -0.695512 5.232720 -0.109758
v -0.768400 5.232720 -0.109758
v -0.695512 5.152372 -0.190107
v -0.768400 5.152372 -0.190107
v -0.695512 5.042614 -0.219517
v -0.768400 5.042614 -0.219517
v -0.695512 4.932855 -0.190107
v -0.768400 4.932855 -0.190107
v -0.695512 4.852507 -0.109758
v -0.768400 4.852507 -0.109758
v -0.695404 4.816891 -0.016072
v -0.768400 4.816030 -0.018629
v -0.695298 4.897201 0.170434
v -0.768408 4.898715 0.173026
v -0.695490 4.941528 0.199214
v -0.768402 4.941711 0.199407
v -0.695512 5.042614 0.219517
v -0.768400 5.042614 0.219517
v -0.695512 5.152372 0.190107
v -0.768400 5.152372 0.190107
v -0.695512 5.232721 0.109758
v -0.768400 5.232721 0.109758
v -0.696956 4.789668 0.026214
v -0.768400 4.788464 0.024358
v -0.696934 4.824054 0.105974
v -0.768402 4.824123 0.107352
v -0.696157 4.800584 0.006135
v -0.768400 4.799073 0.003014
v -0.840763 4.870073 0.149681
v -0.768408 4.871591 0.152809
v -0.731451 4.886655 0.163396
v -0.805368 4.886646 0.163387
v -0.805288 4.807158 -0.000785
v -0.731512 4.807158 -0.000785
v -0.805288 4.790175 0.006700
v -0.731512 4.790175 0.006700
v -0.805290 4.801330 0.063768
v -0.731510 4.801330 0.063769
v -0.805288 5.254606 0.056803
v -0.731512 5.254606 0.056803
v -0.805288 5.197803 0.155189
v -0.731512 5.197803 0.155189
v -0.805288 5.099417 0.211992
v -0.731512 5.099417 0.211992
v -0.805290 4.986917 0.213155
v -0.731510 4.986917 0.213155
v -0.805330 4.914231 0.185182
v -0.731480 4.914236 0.185187
v -0.731480 4.849525 0.136371
v -0.805329 4.849521 0.136367
v -0.805288 4.829738 -0.059132
v -0.731512 4.829738 -0.059132
v -0.805288 4.887424 -0.155189
v -0.731512 4.887424 -0.155189
v -0.805288 4.985810 -0.211992
v -0.731512 4.985810 -0.211992
v -0.805288 5.099417 -0.211992
v -0.731512 5.099417 -0.211992
v -0.805288 5.197803 -0.155189
v -0.731512 5.197803 -0.155189
v -0.805288 5.254606 -0.056803
v -0.731512 5.254606 -0.056803
v -0.980755 5.197585 -0.051053
v -0.980754 5.164312 -0.108683
v -0.980754 5.075886 -0.159736
v -0.980754 5.009341 -0.159736
v -0.980754 4.920915 -0.108683
v -0.980754 4.887642 -0.051053
v -0.980754 4.887642 0.051053
v -0.980754 4.920915 0.108683
v -0.980754 5.009341 0.159735
v -0.980754 5.075886 0.159735
v -0.980754 5.164312 0.108683
v -0.980754 5.197585 0.051053
v -0.976271 4.886514 0.090124
v -0.955064 4.860723 -0.000000
v -0.955064 4.885092 -0.090945
v -0.955064 4.951668 -0.157522
v -0.955064 5.042614 -0.181891
v -0.976397 5.221376 -0.000000
v -0.955064 5.200136 0.090945
v -0.976271 5.198713 -0.090124
v -0.955064 5.133559 -0.157522
v -0.955064 5.133559 0.157522
v -0.955064 5.042614 0.181891
v -0.955064 4.951668 0.157522
v -0.955064 4.885092 0.090945
v -0.976397 4.863852 -0.000000
v -0.976271 4.886514 -0.090124
v -0.976397 4.953232 -0.154813
v -0.976271 5.042614 -0.180248
v -0.955064 5.224504 -0.000000
v -0.976271 5.198713 0.090124
v -0.955064 5.200136 -0.090945
v -0.976397 5.131995 -0.154813
v -0.976397 5.131995 0.154813
v -0.976271 5.042614 0.180248
v -0.976397 4.953233 0.154813
v -0.967929 4.914024 0.128589
v -0.967929 4.995547 0.175656
v -0.967929 5.089681 0.175656
v -0.967929 5.171203 -0.128589
v -0.967929 5.171203 0.128589
v -0.967929 5.089681 -0.175656
v -0.967929 5.218270 -0.047067
v -0.967929 5.218270 0.047067
v -0.967929 4.995547 -0.175656
v -0.967929 4.914024 -0.128589
v -0.967929 4.866958 -0.047067
v -0.967929 4.866958 0.047067
v -0.982611 5.143894 -0.000000
v -0.982611 5.093254 -0.087712
v -0.982611 4.991973 -0.087712
v -0.982611 4.941333 -0.000000
v -0.982611 4.991973 0.087712
v -0.982611 5.093254 0.087712
v 0.227770 5.200136 -0.090945
v -0.006369 5.200136 -0.090945
v -0.245233 5.200136 -0.090945
v 0.227770 5.133559 -0.157522
v -0.006369 5.133559 -0.157522
v -0.245233 5.133559 -0.157522
v 0.227770 5.042614 -0.181891
v -0.006369 5.042614 -0.181891
v -0.245233 5.042614 -0.181891
v 0.227770 4.966019 -0.166401
v -0.006369 4.966019 -0.166401
v -0.245233 4.966019 -0.166401
v 0.227770 4.966020 0.166400
v -0.006369 4.966020 0.166400
v -0.245233 4.966020 0.166400
v 0.227770 5.042614 0.181891
v -0.006369 5.042614 0.181891
v -0.245233 5.042614 0.181891
v 0.227770 5.133559 0.157522
v -0.006369 5.133559 0.157522
v -0.245233 5.133559 0.157522
v 0.227770 5.200136 0.090945
v -0.006369 5.200136 0.090945
v -0.245233 5.200136 0.090945
v -0.479371 5.224504 -0.000000
v -0.245233 5.224504 -0.000000
v -0.006369 5.224504 -0.000000
v 0.227770 4.958429 -0.132614
v -0.006369 4.958429 -0.132614
v -0.245233 4.958429 -0.132614
v 0.227770 4.912933 -0.076371
v -0.006369 4.912933 -0.076371
v -0.245233 4.912933 -0.076371
v 0.227770 4.891584 -0.000000
v -0.006369 4.891584 -0.000000
v -0.245233 4.891584 -0.000000
v 0.227770 4.912933 0.076370
v -0.006369 4.912933 0.076370
v -0.245233 4.912933 0.076370
v 0.227770 4.958429 0.132614
v -0.006369 4.958429 0.132614
v -0.245233 4.958429 0.132614
v -0.479371 4.962169 0.150133
v -0.245233 4.962169 0.150133
v -0.006369 4.962169 0.150133
v 0.227770 4.962169 -0.150133
v -0.006369 4.962169 -0.150133
v -0.245233 4.962169 -0.150133
v -0.364665 5.218270 -0.047067
v -0.125801 5.218270 -0.047067
v 0.113063 5.218270 -0.047067
v -0.364665 5.171203 -0.128589
v -0.125801 5.171203 -0.128589
v 0.113063 5.171203 -0.128589
v -0.364665 5.089681 -0.175656
v -0.125801 5.089681 -0.175656
v 0.113063 5.089681 -0.175656
v -0.364665 4.997341 -0.176766
v -0.125801 4.997341 -0.176766
v 0.113063 4.997341 -0.176766
v -0.364665 4.965360 -0.144285
v -0.125801 4.965360 -0.144285
v 0.113063 4.965360 -0.144285
v -0.364665 4.997341 0.176766
v -0.125801 4.997341 0.176766
v 0.113063 4.997341 0.176766
v -0.364665 5.089681 0.175656
v -0.125801 5.089681 0.175656
v 0.113063 5.089681 0.175656
v -0.364665 5.171203 0.128589
v -0.125801 5.171203 0.128589
v 0.113063 5.171203 0.128589
v -0.364665 5.218270 0.047067
v -0.125801 5.218270 0.047067
v 0.113063 5.218270 0.047067
v -0.364665 4.937407 -0.109031
v -0.125801 4.937407 -0.109031
v 0.113063 4.937407 -0.109031
v -0.364665 4.896900 -0.039188
v -0.125801 4.896900 -0.039188
v 0.113063 4.896900 -0.039188
v -0.364665 4.896900 0.039188
v -0.125801 4.896900 0.039188
v 0.113063 4.896900 0.039188
v -0.364665 4.937407 0.109031
v -0.125801 4.937407 0.109031
v 0.113063 4.937407 0.109031
v 0.113063 4.965360 0.144285
v -0.125801 4.965360 0.144285
v -0.364665 4.965360 0.144285
v 0.113063 4.957743 0.157074
v -0.125801 4.957743 0.157074
v -0.364665 4.957743 0.157074
v -0.364665 4.957743 -0.157074
v -0.125801 4.957743 -0.157074
v 0.113063 4.957743 -0.157074
v 0.387227 5.217608 -0.046890
v 0.387227 5.170719 -0.128105
v 0.387227 5.089503 -0.174995
v 0.387227 4.995724 -0.174995
v 0.387227 4.914508 -0.128105
v 0.387227 4.867619 -0.046890
v 0.387227 4.867619 0.046890
v 0.387227 4.914508 0.128105
v 0.387227 4.995724 0.174995
v 0.387227 5.089503 0.174995
v 0.470372 5.077532 0.130316
v 0.387227 5.170719 0.128105
v 0.387227 5.217608 0.046890
v -0.976365 4.869533 0.047428
v -0.627223 5.094346 0.193067
v -0.627223 5.094346 -0.193067
v -0.627223 5.183949 0.141335
v -0.938440 5.235681 0.051732
v -0.938442 4.850077 0.052289
v -0.627223 4.990881 -0.193067
v -0.938440 5.183949 -0.141335
v -0.627223 5.235681 0.051732
v -0.627223 4.901278 -0.141335
v -0.938440 4.990905 0.193091
v -0.938440 4.990881 -0.193067
v -0.627223 4.849570 -0.051708
v -0.643692 5.253849 0.056600
v -0.643692 5.197249 0.154635
v -0.643692 5.099214 0.211235
v -0.643690 4.986567 0.211817
v -0.643588 4.900788 0.168210
v -0.642510 4.843810 0.070039
v -0.643636 4.831769 -0.056078
v -0.643692 4.887979 -0.154635
v -0.643692 4.986013 -0.211235
v -0.643692 5.099214 -0.211235
v -0.643692 5.197248 -0.154635
v -0.643692 5.253849 -0.056600
v -0.938440 4.901278 -0.141335
v -0.938440 5.094346 0.193067
v -0.627223 5.183949 -0.141335
v -0.627223 4.990905 0.193091
v -0.938440 5.094346 -0.193067
v -0.627223 5.235681 -0.051732
v -0.938442 4.901809 0.141892
v -0.938440 5.235681 -0.051732
v -0.627221 4.901809 0.141892
v -0.627221 4.850077 0.052289
v -0.938440 4.849570 -0.051708
v -0.938440 5.183949 0.141335
v -0.695512 5.254606 -0.056803
v -0.695512 5.197803 -0.155189
v -0.695512 5.099417 -0.211992
v -0.695512 4.985810 -0.211992
v -0.695512 4.887424 -0.155189
v -0.695458 4.829884 -0.058633
v -0.840514 4.848416 0.133736
v -0.695393 4.913558 0.184292
v -0.695509 4.986895 0.213131
v -0.695512 5.099417 0.211992
v -0.695512 5.197803 0.155189
v -0.695511 5.254606 0.056803
v -0.907847 5.253849 0.056600
v -0.907847 5.197249 0.154635
v -0.907847 5.099214 0.211235
v -0.907849 4.986567 0.211816
v -0.907918 4.900782 0.168203
v -0.908960 4.843804 0.070032
v -0.907865 4.831769 -0.056078
v -0.907847 4.887979 -0.154635
v -0.907847 4.986013 -0.211235
v -0.907847 5.099214 -0.211235
v -0.907847 5.197248 -0.154635
v -0.907847 5.253849 -0.056600
v 0.399426 5.201740 -0.042638
v 0.399426 5.159102 -0.116489
v 0.399426 5.085251 -0.159127
v 0.399426 4.999976 -0.159127
v 0.399426 4.926125 -0.116489
v 0.399426 4.883487 -0.042638
v 0.399426 4.883487 0.042638
v 0.399426 4.926125 0.116489
v 0.399426 4.999976 0.159127
v 0.399426 5.085252 0.159127
v 0.399426 5.159102 0.116489
v 0.399426 5.201740 0.042638
v 0.470372 4.912298 0.034918
v 0.470372 5.007696 -0.130316
v 0.470372 5.138012 0.095398
v 0.470372 5.172930 -0.034918
v 0.470372 4.947216 0.095398
v 0.470372 4.947216 -0.095398
v 0.470372 5.172930 0.034918
v 0.470372 5.138012 -0.095398
v 0.470372 5.007696 0.130316
v 0.470372 4.912297 -0.034918
v 0.470372 5.077532 -0.130317
v 0.713847 5.075162 -0.121472
v 0.577639 5.077965 -0.131935
v 0.577639 5.077965 0.131934
v 0.577639 4.910679 0.035351
v 0.577639 5.007262 -0.131935
v 0.577639 5.139196 0.096582
v 0.577639 5.174548 -0.035352
v 0.577639 4.946031 0.096582
v 0.577639 4.946031 -0.096583
v 0.577639 5.174548 0.035351
v 0.577639 5.139196 -0.096583
v 0.754884 4.928889 -0.030472
v 0.713847 5.075162 0.121472
v 0.713848 4.921142 0.032548
v 0.713847 5.010066 -0.121472
v 0.713848 5.131537 0.088923
v 0.713848 5.164085 -0.032548
v 0.713848 4.953690 0.088923
v 0.713848 4.953690 -0.088924
v 0.713848 5.164085 0.032548
v 0.713848 5.131537 -0.088924
v 0.713848 5.010066 0.121472
v 0.713848 4.921142 -0.032548
v 0.774447 4.923542 -0.031905
v 0.754884 5.073086 -0.113725
v 0.754884 5.073086 0.113724
v 0.754884 4.928889 0.030472
v 0.754884 5.012141 -0.113725
v 0.754884 5.125866 0.083252
v 0.754884 5.156338 -0.030473
v 0.754884 4.959362 0.083252
v 0.754884 4.959362 -0.083252
v 0.754884 5.156338 0.030472
v 0.754884 5.125866 -0.083252
v 0.754884 5.012141 0.113724
v 0.820270 5.010256 0.123554
v 0.774448 5.074519 -0.119072
v 0.774447 5.074519 0.119072
v 0.774447 4.923542 0.031905
v 0.774448 5.010708 -0.119072
v 0.774447 5.129780 0.087167
v 0.774447 5.161685 -0.031905
v 0.774447 4.955447 0.087167
v 0.774447 4.955447 -0.087167
v 0.774447 5.161685 0.031905
v 0.774448 5.129780 -0.087167
v 0.774447 5.010709 0.119072
v 0.820270 4.919434 -0.033754
v 0.820270 5.074972 -0.123554
v 0.820270 5.074972 0.123554
v 0.820270 4.919434 0.033754
v 0.820270 5.010256 -0.123554
v 0.820270 5.133436 0.089800
v 0.820270 5.165793 -0.033754
v 0.820270 4.951792 0.089800
v 0.820270 4.951792 -0.089800
v 0.820270 5.165793 0.033754
v 0.820270 5.133436 -0.089800
v 0.827268 5.042614 -0.090655
v 0.827268 4.964104 -0.045328
v 0.827268 4.964104 0.045327
v 0.827268 5.042614 0.090655
v 0.827268 5.121123 0.045327
v 0.827268 5.121123 -0.045328
v 0.798475 5.134129 -0.091516
v 0.798475 5.167626 0.033497
v 0.798475 4.951098 -0.091516
v 0.798475 4.951098 0.091515
v 0.798475 5.167626 -0.033497
v 0.798475 5.134129 0.091515
v 0.798475 5.009117 -0.125012
v 0.798475 4.917602 0.033497
v 0.798475 5.076111 0.125012
v 0.798475 5.076111 -0.125012
v 0.798475 4.917602 -0.033497
v 0.798475 5.009117 0.125012
v 0.369737 5.218270 0.047067
v 0.369737 5.171203 0.128589
v 0.369737 5.089681 0.175656
v 0.369738 4.995553 0.175676
v 0.369947 4.914353 0.128377
v 0.369988 4.867406 0.046949
v 0.369988 4.867406 -0.046949
v 0.369947 4.914353 -0.128377
v 0.369738 4.995553 -0.175676
v 0.369737 5.089681 -0.175656
v 0.369737 5.171203 -0.128589
v 0.369737 5.218270 -0.047067
v 0.401246 5.171683 0.034584
v 0.401246 5.137099 0.094485
v 0.401246 5.077198 0.129070
v 0.401246 5.008029 0.129070
v 0.401245 4.948128 0.094485
v 0.401245 4.913544 0.034584
v 0.401245 4.913544 -0.034584
v 0.401245 4.948128 -0.094486
v 0.401246 5.008029 -0.129070
v 0.401246 5.077198 -0.129070
v 0.401246 5.137099 -0.094486
v 0.401246 5.171683 -0.034584
v 0.431331 5.075160 -0.121463
v 0.431331 4.921151 -0.032546
v 0.431331 5.010068 0.121463
v 0.431331 5.131531 -0.088917
v 0.431331 5.164077 0.032546
v 0.431331 4.953697 -0.088917
v 0.431331 4.953697 0.088917
v 0.431331 5.164077 -0.032546
v 0.431331 5.131531 0.088917
v 0.431331 5.010068 -0.121463
v 0.431331 4.921151 0.032546
v 0.431331 5.075160 0.121463
v 0.683033 4.912082 -0.034976
v 0.683033 5.007638 0.130532
v 0.683033 5.138170 -0.095556
v 0.683033 5.173146 0.034976
v 0.683033 4.947058 -0.095556
v 0.683033 4.947058 0.095556
v 0.683033 5.173146 -0.034976
v 0.683033 5.138170 0.095556
v 0.683033 5.007638 -0.130532
v 0.683033 4.912082 0.034976
v 0.683033 5.077590 0.130532
v 0.683033 5.077590 -0.130532
v -0.621052 5.218270 -0.047067
v 0.353201 5.218270 -0.047067
v -0.621052 5.171203 -0.128589
v 0.353201 5.171203 -0.128589
v -0.621052 5.089681 -0.175656
v 0.353201 5.089681 -0.175656
v -0.621053 4.995553 -0.175676
v 0.353202 4.997047 -0.176601
v -0.621262 4.914353 -0.128377
v 0.363719 4.892241 -0.040414
v -0.621303 4.867406 -0.046949
v -0.615081 4.933381 0.111725
v -0.621303 4.867406 0.046949
v 0.352939 4.964030 -0.143016
v -0.621262 4.914353 0.128377
v -0.615323 4.892241 -0.040414
v -0.621053 4.995553 0.175676
v 0.353202 4.997047 0.176601
v -0.621052 5.089681 0.175656
v 0.353201 5.089681 0.175656
v -0.621052 5.171203 0.128589
v 0.353201 5.171203 0.128589
v -0.621052 5.218270 0.047067
v 0.353201 5.218270 0.047067
v 0.352939 4.937087 -0.108968
v 0.352972 4.896725 -0.039234
v 0.352972 4.896725 0.039234
v 0.352939 4.937087 0.108968
v -0.604542 4.964030 0.143016
v -0.615081 4.933380 -0.111725
v 0.363477 4.933381 0.111725
v -0.615323 4.892241 0.040414
v 0.363477 4.933380 -0.111725
v 0.363719 4.892241 0.040414
v 0.364199 4.877893 0.044189
v 0.363949 4.921632 -0.121223
v -0.615803 4.877893 0.044189
v 0.363949 4.921632 0.121223
v -0.615553 4.921632 -0.121223
v -0.604614 4.956277 0.155748
v -0.615803 4.877893 -0.044189
v 0.353011 4.956277 -0.155748
v -0.615553 4.921632 0.121223
v 0.364199 4.877893 -0.044189
v -0.604614 4.956277 -0.155748
v 0.227770 4.957743 -0.157074
v 0.353011 4.956277 0.155748
v -0.479371 4.957743 0.157074
v 0.352939 4.964030 0.143016
v -0.479371 4.965360 0.144285
v -0.604542 4.937087 0.108968
v 0.227770 4.937407 0.109031
v -0.604575 4.896725 0.039234
v 0.227770 4.896900 0.039188
v -0.604575 4.896725 -0.039234
v 0.227770 4.896900 -0.039188
v -0.604542 4.937087 -0.108968
v 0.227770 4.937407 -0.109031
v -0.604804 5.218270 0.047067
v 0.227770 5.218270 0.047067
v -0.604804 5.171203 0.128589
v 0.227770 5.171203 0.128589
v -0.604804 5.089681 0.175656
v 0.227770 5.089681 0.175656
v -0.604805 4.997047 0.176601
v 0.227770 4.997341 0.176766
v -0.604542 4.964030 -0.143016
v 0.227770 4.965360 -0.144285
v -0.604805 4.997047 -0.176601
v 0.227770 4.997341 -0.176766
v -0.604804 5.089681 -0.175656
v 0.227770 5.089681 -0.175656
v -0.604804 5.171203 -0.128589
v 0.227770 5.171203 -0.128589
v -0.604804 5.218270 -0.047067
v 0.227770 5.218270 -0.047067
v 0.779499 5.009183 0.124765
v 0.779499 4.917849 -0.033431
v 0.779499 5.076045 -0.124765
v 0.779499 5.076045 0.124765
v 0.779499 4.917849 0.033431
v 0.779499 5.009183 -0.124765
v 0.779499 5.133948 0.091334
v 0.779499 5.167378 -0.033431
v 0.779499 4.951280 0.091334
v 0.779499 4.951280 -0.091334
v 0.779499 5.167378 0.033430
v 0.779499 5.133948 -0.091334
v 0.577639 5.007262 0.131934
v 0.577639 4.910679 -0.035352
v -0.696554 4.802096 0.064091
v -0.874623 4.820060 0.071621
v -0.662182 4.820067 0.071628
v -0.696358 4.791492 0.009418
v -0.695995 4.808671 0.002487
v -0.659956 4.845970 0.081537
v -0.877394 4.845958 0.081525
v -0.841009 4.884987 0.160125
v -0.695875 4.885003 0.160142
v -0.768410 4.886651 0.163392
v -0.840870 4.808671 0.002487
v -0.768400 4.807158 -0.000785
v -0.840442 4.791492 0.009418
v -0.768400 4.790175 0.006700
v -0.840246 4.802096 0.064090
v -0.768400 4.801330 0.063769
v -0.841902 5.254606 0.056803
v -0.768400 5.254606 0.056803
v -0.841902 5.197803 0.155189
v -0.768400 5.197803 0.155189
v -0.841902 5.099417 0.211992
v -0.768400 5.099417 0.211992
v -0.841905 4.986894 0.213130
v -0.768400 4.986917 0.213155
v -0.841994 4.913549 0.184283
v -0.768405 4.914233 0.185184
v -0.696295 4.848425 0.133745
v -0.768405 4.849524 0.136369
v -0.841919 4.829884 -0.058633
v -0.768400 4.829738 -0.059132
v -0.841902 4.887424 -0.155189
v -0.768400 4.887424 -0.155189
v -0.841902 4.985810 -0.211992
v -0.768400 4.985810 -0.211992
v -0.841902 5.099417 -0.211992
v -0.768400 5.099417 -0.211992
v -0.841902 5.197803 -0.155189
v -0.768400 5.197803 -0.155189
v -0.841902 5.254606 -0.056803
v -0.768400 5.254606 -0.056803
v -0.976366 4.869533 -0.047428
v -0.976365 4.914999 -0.126179
v -0.976366 4.997147 -0.173607
v -0.976366 5.215695 0.047428
v -0.976365 5.215695 -0.047428
v -0.976365 5.088080 -0.173607
v -0.976365 5.170228 0.126179
v -0.976365 5.170228 -0.126179
v -0.976366 5.088080 0.173607
v -0.976365 4.997147 0.173607
v -0.976365 4.914999 0.126179
v -0.955064 4.914024 0.128589
v -0.955064 4.995547 0.175656
v -0.955064 5.089681 0.175656
v -0.955064 5.171203 -0.128589
v -0.955064 5.171203 0.128589
v -0.955064 5.089681 -0.175656
v -0.955064 5.218270 -0.047067
v -0.955064 5.218270 0.047067
v -0.955064 4.995547 -0.175656
v -0.955064 4.914024 -0.128589
v -0.955064 4.866958 -0.047067
v -0.955064 4.866958 0.047067
v -0.982379 5.042614 -0.127380
v -0.982379 4.932299 -0.063690
v -0.982379 4.932299 0.063690
v -0.982379 5.042614 0.127380
v -0.982379 5.152928 0.063690
v -0.982379 5.152928 -0.063690
v -0.479371 5.218270 -0.047067
v -0.245233 5.218270 -0.047067
v -0.006369 5.218270 -0.047067
v -0.479371 5.171203 -0.128589
v -0.245233 5.171203 -0.128589
v -0.006369 5.171203 -0.128589
v -0.479371 5.089681 -0.175656
v -0.245233 5.089681 -0.175656
v -0.006369 5.089681 -0.175656
v -0.479371 4.997341 -0.176766
v -0.245233 4.997341 -0.176766
v -0.006369 4.997341 -0.176766
v -0.479371 4.965360 -0.144285
v -0.245233 4.965360 -0.144285
v -0.006369 4.965360 -0.144285
v -0.479371 4.997341 0.176766
v -0.245233 4.997341 0.176766
v -0.006369 4.997341 0.176766
v -0.479371 5.089681 0.175656
v -0.245233 5.089681 0.175656
v -0.006369 5.089681 0.175656
v -0.479371 5.171203 0.128589
v -0.245233 5.171203 0.128589
v -0.006369 5.171203 0.128589
v -0.479371 5.218270 0.047067
v -0.245233 5.218270 0.047067
v -0.006369 5.218270 0.047067
v -0.479371 4.937407 -0.109031
v -0.245233 4.937407 -0.109031
v -0.006369 4.937407 -0.109031
v -0.479371 4.896900 -0.039188
v -0.245233 4.896900 -0.039188
v -0.006369 4.896900 -0.039188
v -0.479371 4.896900 0.039188
v -0.245233 4.896900 0.039188
v -0.006369 4.896900 0.039188
v -0.479371 4.937407 0.109031
v -0.245233 4.937407 0.109031
v -0.006369 4.937407 0.109031
v 0.227770 4.965360 0.144285
v -0.006369 4.965360 0.144285
v -0.245233 4.965360 0.144285
v 0.227770 4.957743 0.157074
v -0.006369 4.957743 0.157074
v -0.245233 4.957743 0.157074
v -0.479371 4.957743 -0.157074
v -0.245233 4.957743 -0.157074
v -0.006369 4.957743 -0.157074
v -0.573969 4.871765 0.000000
v -0.565608 4.875034 0.000000
v -0.561723 4.882874 0.000000
v -0.563821 4.890931 0.000000
v -0.570135 4.895632 0.000000
v -0.577804 4.895632 0.000000
v -0.584117 4.890931 0.000000
v -0.586215 4.882874 0.000000
v -0.582330 4.875034 0.000000
v -0.573969 4.882069 -0.058434
v -0.565608 4.885140 -0.057316
v -0.561723 4.892507 -0.054634
v -0.563821 4.900078 -0.051879
v -0.570135 4.904496 -0.050271
v -0.577804 4.904496 -0.050271
v -0.584117 4.900078 -0.051879
v -0.586215 4.892507 -0.054634
v -0.582330 4.885140 -0.057316
v -0.573969 4.911736 -0.109819
v -0.565608 4.914240 -0.107718
v -0.561723 4.920246 -0.102679
v -0.563821 4.926418 -0.097500
v -0.570135 4.930019 -0.094478
v -0.577804 4.930019 -0.094478
v -0.584117 4.926418 -0.097500
v -0.586215 4.920246 -0.102679
v -0.582330 4.914240 -0.107718
v -0.573969 4.957190 -0.147959
v -0.565608 4.958824 -0.145128
v -0.561723 4.962744 -0.138339
v -0.563821 4.966772 -0.131361
v -0.570135 4.969123 -0.127290
v -0.577804 4.969123 -0.127290
v -0.584117 4.966772 -0.131361
v -0.586215 4.962744 -0.138339
v -0.582330 4.958824 -0.145128
v -0.573969 5.012946 -0.168253
v -0.565608 5.013514 -0.165034
v -0.561723 5.014875 -0.157314
v -0.563821 5.016274 -0.149379
v -0.570135 5.017091 -0.144749
v -0.577804 5.017091 -0.144749
v -0.584117 5.016274 -0.149379
v -0.586215 5.014875 -0.157314
v -0.582330 5.013514 -0.165034
v -0.573969 5.072281 -0.168253
v -0.565608 5.071713 -0.165034
v -0.561723 5.070353 -0.157314
v -0.563821 5.068953 -0.149379
v -0.570135 5.068137 -0.144749
v -0.577804 5.068137 -0.144749
v -0.584117 5.068953 -0.149379
v -0.586215 5.070353 -0.157314
v -0.582330 5.071713 -0.165034
v -0.573969 5.128038 -0.147959
v -0.565608 5.126404 -0.145129
v -0.561723 5.122484 -0.138339
v -0.563821 5.118455 -0.131362
v -0.570135 5.116105 -0.127290
v -0.577804 5.116105 -0.127290
v -0.584117 5.118455 -0.131362
v -0.586215 5.122484 -0.138339
v -0.582330 5.126404 -0.145129
v -0.573969 5.173491 -0.109819
v -0.565608 5.170988 -0.107718
v -0.561723 5.164982 -0.102679
v -0.563821 5.158810 -0.097500
v -0.570135 5.155209 -0.094478
v -0.577804 5.155209 -0.094478
v -0.584117 5.158810 -0.097500
v -0.586215 5.164982 -0.102679
v -0.582330 5.170988 -0.107718
v -0.573969 5.203159 -0.058434
v -0.565608 5.200088 -0.057316
v -0.561723 5.192721 -0.054635
v -0.563821 5.185149 -0.051879
v -0.570135 5.180732 -0.050271
v -0.577804 5.180732 -0.050271
v -0.584117 5.185149 -0.051879
v -0.586215 5.192721 -0.054635
v -0.582330 5.200088 -0.057316
v -0.573969 5.213462 -0.000000
v -0.565608 5.210194 -0.000000
v -0.561723 5.202354 -0.000000
v -0.563821 5.194297 -0.000000
v -0.570135 5.189596 -0.000000
v -0.577804 5.189596 -0.000000
v -0.584117 5.194297 -0.000000
v -0.586215 5.202354 -0.000000
v -0.582330 5.210194 -0.000000
v -0.573969 5.203159 0.058434
v -0.565608 5.200088 0.057316
v -0.561723 5.192721 0.054634
v -0.563821 5.185149 0.051879
v -0.570135 5.180732 0.050271
v -0.577804 5.180732 0.050271
v -0.584117 5.185149 0.051879
v -0.586215 5.192721 0.054634
v -0.582330 5.200088 0.057316
v -0.573969 5.173491 0.109819
v -0.565608 5.170988 0.107718
v -0.561723 5.164982 0.102679
v -0.563821 5.158810 0.097500
v -0.570135 5.155209 0.094478
v -0.577804 5.155209 0.094478
v -0.584117 5.158810 0.097500
v -0.586215 5.164982 0.102679
v -0.582330 5.170988 0.107718
v -0.573969 5.128038 0.147959
v -0.565608 5.126404 0.145129
v -0.561723 5.122484 0.138339
v -0.563821 5.118455 0.131362
v -0.570135 5.116105 0.127290
v -0.577804 5.116105 0.127290
v -0.584117 5.118455 0.131362
v -0.586215 5.122484 0.138339
v -0.582330 5.126404 0.145129
v -0.573969 5.072281 0.168253
v -0.565608 5.071714 0.165034
v -0.561723 5.070353 0.157314
v -0.563821 5.068954 0.149379
v -0.570135 5.068137 0.144749
v -0.577804 5.068137 0.144749
v -0.584117 5.068954 0.149379
v -0.586215 5.070353 0.157314
v -0.582330 5.071714 0.165034
v -0.573969 5.012946 0.168253
v -0.565608 5.013514 0.165034
v -0.561723 5.014875 0.157314
v -0.563821 5.016274 0.149379
v -0.570135 5.017091 0.144749
v -0.577804 5.017091 0.144749
v -0.584117 5.016274 0.149379
v -0.586215 5.014875 0.157314
v -0.582330 5.013514 0.165034
v -0.573969 4.957190 0.147959
v -0.565608 4.958824 0.145129
v -0.561723 4.962744 0.138339
v -0.563821 4.966772 0.131362
v -0.570135 4.969123 0.127290
v -0.577804 4.969123 0.127290
v -0.584117 4.966772 0.131362
v -0.586215 4.962744 0.138339
v -0.582330 4.958824 0.145129
v -0.573969 4.911736 0.109819
v -0.565608 4.914240 0.107718
v -0.561723 4.920246 0.102679
v -0.563821 4.926418 0.097500
v -0.570135 4.930019 0.094478
v -0.577804 4.930019 0.094478
v -0.584117 4.926418 0.097500
v -0.586215 4.920246 0.102679
v -0.582330 4.914240 0.107718
v -0.573969 4.882069 0.058434
v -0.565608 4.885140 0.057316
v -0.561723 4.892507 0.054635
v -0.563821 4.900078 0.051879
v -0.570135 4.904496 0.050271
v -0.577804 4.904496 0.050271
v -0.584117 4.900078 0.051879
v -0.586215 4.892507 0.054635
v -0.582330 4.885140 0.057316
v -0.546783 4.871765 0.000000
v -0.538422 4.875034 0.000000
v -0.534538 4.882874 0.000000
v -0.536635 4.890931 0.000000
v -0.542949 4.895632 0.000000
v -0.550618 4.895632 0.000000
v -0.556931 4.890931 0.000000
v -0.559029 4.882874 0.000000
v -0.555144 4.875034 0.000000
v -0.546783 4.882069 -0.058434
v -0.538423 4.885140 -0.057316
v -0.534538 4.892507 -0.054634
v -0.536635 4.900078 -0.051879
v -0.542949 4.904496 -0.050271
v -0.550618 4.904496 -0.050271
v -0.556931 4.900078 -0.051879
v -0.559029 4.892507 -0.054634
v -0.555144 4.885140 -0.057316
v -0.546783 4.911736 -0.109819
v -0.538423 4.914240 -0.107718
v -0.534538 4.920246 -0.102679
v -0.536635 4.926418 -0.097500
v -0.542949 4.930019 -0.094478
v -0.550618 4.930019 -0.094478
v -0.556931 4.926418 -0.097500
v -0.559029 4.920246 -0.102679
v -0.555144 4.914240 -0.107718
v -0.546783 4.957190 -0.147959
v -0.538423 4.958824 -0.145128
v -0.534538 4.962744 -0.138339
v -0.536635 4.966772 -0.131361
v -0.542949 4.969123 -0.127290
v -0.550618 4.969123 -0.127290
v -0.556931 4.966772 -0.131361
v -0.559029 4.962744 -0.138339
v -0.555144 4.958824 -0.145128
v -0.546783 5.012946 -0.168253
v -0.538423 5.013514 -0.165034
v -0.534538 5.014875 -0.157314
v -0.536635 5.016274 -0.149379
v -0.542949 5.017091 -0.144749
v -0.550618 5.017091 -0.144749
v -0.556931 5.016274 -0.149379
v -0.559029 5.014875 -0.157314
v -0.555144 5.013514 -0.165034
v -0.546783 5.072281 -0.168253
v -0.538423 5.071713 -0.165034
v -0.534538 5.070353 -0.157314
v -0.536635 5.068953 -0.149379
v -0.542949 5.068137 -0.144749
v -0.550618 5.068137 -0.144749
v -0.556931 5.068953 -0.149379
v -0.559029 5.070353 -0.157314
v -0.555144 5.071713 -0.165034
v -0.546783 5.128038 -0.147959
v -0.538423 5.126404 -0.145129
v -0.534538 5.122484 -0.138339
v -0.536635 5.118455 -0.131362
v -0.542949 5.116105 -0.127290
v -0.550618 5.116105 -0.127290
v -0.556931 5.118455 -0.131362
v -0.559029 5.122484 -0.138339
v -0.555144 5.126404 -0.145129
v -0.546783 5.173491 -0.109819
v -0.538423 5.170988 -0.107718
v -0.534538 5.164982 -0.102679
v -0.536635 5.158810 -0.097500
v -0.542949 5.155209 -0.094478
v -0.550618 5.155209 -0.094478
v -0.556931 5.158810 -0.097500
v -0.559029 5.164982 -0.102679
v -0.555144 5.170988 -0.107718
v -0.546783 5.203159 -0.058434
v -0.538423 5.200088 -0.057316
v -0.534538 5.192721 -0.054635
v -0.536635 5.185149 -0.051879
v -0.542949 5.180732 -0.050271
v -0.550618 5.180732 -0.050271
v -0.556931 5.185149 -0.051879
v -0.559029 5.192721 -0.054635
v -0.555144 5.200088 -0.057316
v -0.546783 5.213462 -0.000000
v -0.538423 5.210194 -0.000000
v -0.534538 5.202354 -0.000000
v -0.536635 5.194297 -0.000000
v -0.542949 5.189596 -0.000000
v -0.550618 5.189596 -0.000000
v -0.556931 5.194297 -0.000000
v -0.559029 5.202354 -0.000000
v -0.555144 5.210194 -0.000000
v -0.546783 5.203159 0.058434
v -0.538423 5.200088 0.057316
v -0.534538 5.192721 0.054634
v -0.536635 5.185149 0.051879
v -0.542949 5.180732 0.050271
v -0.550618 5.180732 0.050271
v -0.556931 5.185149 0.051879
v -0.559029 5.192721 0.054634
v -0.555144 5.200088 0.057316
v -0.546783 5.173491 0.109819
v -0.538423 5.170988 0.107718
v -0.534538 5.164982 0.102679
v -0.536635 5.158810 0.097500
v -0.542949 5.155209 0.094478
v -0.550618 5.155209 0.094478
v -0.556931 5.158810 0.097500
v -0.559029 5.164982 0.102679
v -0.555144 5.170988 0.107718
v -0.546783 5.128038 0.147959
v -0.538423 5.126404 0.145129
v -0.534538 5.122484 0.138339
v -0.536635 5.118455 0.131362
v -0.542949 5.116105 0.127290
v -0.550618 5.116105 0.127290
v -0.556931 5.118455 0.131362
v -0.559029 5.122484 0.138339
v -0.555144 5.126404 0.145129
v -0.546783 5.072281 0.168253
v -0.538423 5.071714 0.165034
v -0.534538 5.070353 0.157314
v -0.536635 5.068954 0.149379
v -0.542949 5.068137 0.144749
v -0.550618 5.068137 0.144749
v -0.556931 5.068954 0.149379
v -0.559029 5.070353 0.157314
v -0.555144 5.071714 0.165034
v -0.546783 5.012946 0.168253
v -0.538423 5.013514 0.165034
v -0.534538 5.014875 0.157314
v -0.536635 5.016274 0.149379
v -0.542949 5.017091 0.144749
v -0.550618 5.017091 0.144749
v -0.556931 5.016274 0.149379
v -0.559029 5.014875 0.157314
v -0.555144 5.013514 0.165034
v -0.546783 4.957190 0.147959
v -0.538422 4.958824 0.145129
v -0.534538 4.962744 0.138339
v -0.536635 4.966772 0.131362
v -0.542949 4.969123 0.127290
v -0.550618 4.969123 0.127290
v -0.556931 4.966772 0.131362
v -0.559029 4.962744 0.138339
v -0.555144 4.958824 0.145129
v -0.546783 4.911736 0.109819
v -0.538422 4.914240 0.107718
v -0.534538 4.920246 0.102679
v -0.536635 4.926418 0.097500
v -0.542949 4.930019 0.094478
v -0.550618 4.930019 0.094478
v -0.556931 4.926418 0.097500
v -0.559029 4.920246 0.102679
v -0.555144 4.914240 0.107718
v -0.546783 4.882069 0.058434
v -0.538422 4.885140 0.057316
v -0.534538 4.892507 0.054635
v -0.536635 4.900078 0.051879
v -0.542949 4.904496 0.050271
v -0.550618 4.904496 0.050271
v -0.556931 4.900078 0.051879
v -0.559029 4.892507 0.054635
v -0.555144 4.885140 0.057316
v -0.519598 4.871765 0.000000
v -0.511237 4.875034 0.000000
v -0.507352 4.882874 0.000000
v -0.509450 4.890931 0.000000
v -0.515763 4.895632 0.000000
v -0.523432 4.895632 0.000000
v -0.529746 4.890931 0.000000
v -0.531843 4.882874 0.000000
v -0.527959 4.875034 0.000000
v -0.519598 4.882069 -0.058434
v -0.511237 4.885140 -0.057316
v -0.507352 4.892507 -0.054634
v -0.509450 4.900078 -0.051879
v -0.515763 4.904496 -0.050271
v -0.523432 4.904496 -0.050271
v -0.529746 4.900078 -0.051879
v -0.531843 4.892507 -0.054634
v -0.527959 4.885140 -0.057316
v -0.519598 4.911736 -0.109819
v -0.511237 4.914240 -0.107718
v -0.507352 4.920246 -0.102679
v -0.509450 4.926418 -0.097500
v -0.515763 4.930019 -0.094478
v -0.523432 4.930019 -0.094478
v -0.529746 4.926418 -0.097500
v -0.531843 4.920246 -0.102679
v -0.527959 4.914240 -0.107718
v -0.519598 4.957190 -0.147959
v -0.511237 4.958824 -0.145128
v -0.507352 4.962744 -0.138339
v -0.509450 4.966772 -0.131361
v -0.515763 4.969123 -0.127290
v -0.523432 4.969123 -0.127290
v -0.529746 4.966772 -0.131361
v -0.531843 4.962744 -0.138339
v -0.527959 4.958824 -0.145128
v -0.519598 5.012946 -0.168253
v -0.511237 5.013514 -0.165034
v -0.507352 5.014875 -0.157314
v -0.509450 5.016274 -0.149379
v -0.515763 5.017091 -0.144749
v -0.523432 5.017091 -0.144749
v -0.529746 5.016274 -0.149379
v -0.531843 5.014875 -0.157314
v -0.527959 5.013514 -0.165034
v -0.519598 5.072281 -0.168253
v -0.511237 5.071713 -0.165034
v -0.507352 5.070353 -0.157314
v -0.509450 5.068953 -0.149379
v -0.515763 5.068137 -0.144749
v -0.523432 5.068137 -0.144749
v -0.529746 5.068953 -0.149379
v -0.531844 5.070353 -0.157314
v -0.527959 5.071713 -0.165034
v -0.519598 5.128038 -0.147959
v -0.511237 5.126404 -0.145129
v -0.507352 5.122484 -0.138339
v -0.509450 5.118455 -0.131362
v -0.515763 5.116105 -0.127290
v -0.523432 5.116105 -0.127290
v -0.529746 5.118455 -0.131362
v -0.531844 5.122484 -0.138339
v -0.527959 5.126404 -0.145129
v -0.519598 5.173491 -0.109819
v -0.511237 5.170988 -0.107718
v -0.507352 5.164982 -0.102679
v -0.509450 5.158810 -0.097500
v -0.515763 5.155209 -0.094478
v -0.523432 5.155209 -0.094478
v -0.529746 5.158810 -0.097500
v -0.531844 5.164982 -0.102679
v -0.527959 5.170988 -0.107718
v -0.519598 5.203159 -0.058434
v -0.511237 5.200088 -0.057316
v -0.507352 5.192721 -0.054635
v -0.509450 5.185149 -0.051879
v -0.515763 5.180732 -0.050271
v -0.523432 5.180732 -0.050271
v -0.529746 5.185149 -0.051879
v -0.531844 5.192721 -0.054635
v -0.527959 5.200088 -0.057316
v -0.519598 5.213462 -0.000000
v -0.511237 5.210194 -0.000000
v -0.507352 5.202354 -0.000000
v -0.509450 5.194297 -0.000000
v -0.515763 5.189596 -0.000000
v -0.523432 5.189596 -0.000000
v -0.529746 5.194297 -0.000000
v -0.531844 5.202354 -0.000000
v -0.527959 5.210194 -0.000000
v -0.519598 5.203159 0.058434
v -0.511237 5.200088 0.057316
v -0.507352 5.192721 0.054634
v -0.509450 5.185149 0.051879
v -0.515763 5.180732 0.050271
v -0.523432 5.180732 0.050271
v -0.529746 5.185149 0.051879
v -0.531844 5.192721 0.054634
v -0.527959 5.200088 0.057316
v -0.519598 5.173491 0.109819
v -0.511237 5.170988 0.107718
v -0.507352 5.164982 0.102679
v -0.509450 5.158810 0.097500
v -0.515763 5.155209 0.094478
v -0.523432 5.155209 0.094478
v -0.529746 5.158810 0.097500
v -0.531843 5.164982 0.102679
v -0.527959 5.170988 0.107718
v -0.519598 5.128038 0.147959
v -0.511237 5.126404 0.145129
v -0.507352 5.122484 0.138339
v -0.509450 5.118455 0.131362
v -0.515763 5.116105 0.127290
v -0.523432 5.116105 0.127290
v -0.529746 5.118455 0.131362
v -0.531843 5.122484 0.138339
v -0.527959 5.126404 0.145129
v -0.519598 5.072281 0.168253
v -0.511237 5.071714 0.165034
v -0.507352 5.070353 0.157314
v -0.509450 5.068954 0.149379
v -0.515763 5.068137 0.144749
v -0.523432 5.068137 0.144749
v -0.529746 5.068954 0.149379
v -0.531843 5.070353 0.157314
v -0.527959 5.071714 0.165034
v -0.519598 5.012946 0.168253
v -0.511237 5.013514 0.165034
v -0.507352 5.014875 0.157314
v -0.509450 5.016274 0.149379
v -0.515763 5.017091 0.144749
v -0.523432 5.017091 0.144749
v -0.529746 5.016274 0.149379
v -0.531843 5.014875 0.157314
v -0.527959 5.013514 0.165034
v -0.519598 4.957190 0.147959
v -0.511237 4.958824 0.145129
v -0.507352 4.962744 0.138339
v -0.509450 4.966772 0.131362
v -0.515763 4.969123 0.127290
v -0.523432 4.969123 0.127290
v -0.529746 4.966772 0.131362
v -0.531843 4.962744 0.138339
v -0.527959 4.958824 0.145129
v -0.519598 4.911736 0.109819
v -0.511237 4.914240 0.107718
v -0.507352 4.920246 0.102679
v -0.509450 4.926418 0.097500
v -0.515763 4.930019 0.094478
v -0.523432 4.930019 0.094478
v -0.529746 4.926418 0.097500
v -0.531843 4.920246 0.102679
v -0.527959 4.914240 0.107718
v -0.519598 4.882069 0.058434
v -0.511237 4.885140 0.057316
v -0.507352 4.892507 0.054635
v -0.509450 4.900078 0.051879
v -0.515763 4.904496 0.050271
v -0.523432 4.904496 0.050271
v -0.529746 4.900078 0.051879
v -0.531843 4.892507 0.054635
v -0.527959 4.885140 0.057316
v -0.492412 4.871765 0.000000
v -0.484051 4.875034 0.000000
v -0.480166 4.882874 0.000000
v -0.482264 4.890931 0.000000
v -0.488577 4.895632 0.000000
v -0.496246 4.895632 0.000000
v -0.502560 4.890931 0.000000
v -0.504658 4.882874 0.000000
v -0.500773 4.875034 0.000000
v -0.492412 4.882069 -0.058434
v -0.484051 4.885140 -0.057316
v -0.480166 4.892507 -0.054634
v -0.482264 4.900078 -0.051879
v -0.488577 4.904496 -0.050271
v -0.496246 4.904496 -0.050271
v -0.502560 4.900078 -0.051879
v -0.504658 4.892507 -0.054634
v -0.500773 4.885140 -0.057316
v -0.492412 4.911736 -0.109819
v -0.484051 4.914240 -0.107718
v -0.480166 4.920246 -0.102679
v -0.482264 4.926418 -0.097500
v -0.488577 4.930019 -0.094478
v -0.496246 4.930019 -0.094478
v -0.502560 4.926418 -0.097500
v -0.504658 4.920246 -0.102679
v -0.500773 4.914240 -0.107718
v -0.492412 4.957190 -0.147959
v -0.484051 4.958824 -0.145128
v -0.480166 4.962744 -0.138339
v -0.482264 4.966772 -0.131361
v -0.488577 4.969123 -0.127290
v -0.496246 4.969123 -0.127290
v -0.502560 4.966772 -0.131361
v -0.504658 4.962744 -0.138339
v -0.500773 4.958824 -0.145128
v -0.492412 5.012946 -0.168253
v -0.484051 5.013514 -0.165034
v -0.480166 5.014875 -0.157314
v -0.482264 5.016274 -0.149379
v -0.488577 5.017091 -0.144749
v -0.496246 5.017091 -0.144749
v -0.502560 5.016274 -0.149379
v -0.504658 5.014875 -0.157314
v -0.500773 5.013514 -0.165034
v -0.492412 5.072281 -0.168253
v -0.484051 5.071713 -0.165034
v -0.480166 5.070353 -0.157314
v -0.482264 5.068953 -0.149379
v -0.488577 5.068137 -0.144749
v -0.496246 5.068137 -0.144749
v -0.502560 5.068953 -0.149379
v -0.504658 5.070353 -0.157314
v -0.500773 5.071713 -0.165034
v -0.492412 5.128038 -0.147959
v -0.484051 5.126404 -0.145129
v -0.480166 5.122484 -0.138339
v -0.482264 5.118455 -0.131362
v -0.488577 5.116105 -0.127290
v -0.496246 5.116105 -0.127290
v -0.502560 5.118455 -0.131362
v -0.504658 5.122484 -0.138339
v -0.500773 5.126404 -0.145129
v -0.492412 5.173491 -0.109819
v -0.484051 5.170988 -0.107718
v -0.480166 5.164982 -0.102679
v -0.482264 5.158810 -0.097500
v -0.488577 5.155209 -0.094478
v -0.496246 5.155209 -0.094478
v -0.502560 5.158810 -0.097500
v -0.504658 5.164982 -0.102679
v -0.500773 5.170988 -0.107718
v -0.492412 5.203159 -0.058434
v -0.484051 5.200088 -0.057316
v -0.480166 5.192721 -0.054635
v -0.482264 5.185149 -0.051879
v -0.488577 5.180732 -0.050271
v -0.496246 5.180732 -0.050271
v -0.502560 5.185149 -0.051879
v -0.504658 5.192721 -0.054635
v -0.500773 5.200088 -0.057316
v -0.492412 5.213462 -0.000000
v -0.484051 5.210194 -0.000000
v -0.480166 5.202354 -0.000000
v -0.482264 5.194297 -0.000000
v -0.488577 5.189596 -0.000000
v -0.496246 5.189596 -0.000000
v -0.502560 5.194297 -0.000000
v -0.504658 5.202354 -0.000000
v -0.500773 5.210194 -0.000000
v -0.492412 5.203159 0.058434
v -0.484051 5.200088 0.057316
v -0.480166 5.192721 0.054634
v -0.482264 5.185149 0.051879
v -0.488577 5.180732 0.050271
v -0.496246 5.180732 0.050271
v -0.502560 5.185149 0.051879
v -0.504658 5.192721 0.054634
v -0.500773 5.200088 0.057316
v -0.492412 5.173491 0.109819
v -0.484051 5.170988 0.107718
v -0.480166 5.164982 0.102679
v -0.482264 5.158810 0.097500
v -0.488577 5.155209 0.094478
v -0.496246 5.155209 0.094478
v -0.502560 5.158810 0.097500
v -0.504658 5.164982 0.102679
v -0.500773 5.170988 0.107718
v -0.492412 5.128038 0.147959
v -0.484051 5.126404 0.145129
v -0.480166 5.122484 0.138339
v -0.482264 5.118455 0.131362
v -0.488577 5.116105 0.127290
v -0.496246 5.116105 0.127290
v -0.502560 5.118455 0.131362
v -0.504658 5.122484 0.138339
v -0.500773 5.126404 0.145129
v -0.492412 5.072281 0.168253
v -0.484051 5.071714 0.165034
v -0.480166 5.070353 0.157314
v -0.482264 5.068954 0.149379
v -0.488577 5.068137 0.144749
v -0.496246 5.068137 0.144749
v -0.502560 5.068954 0.149379
v -0.504658 5.070353 0.157314
v -0.500773 5.071714 0.165034
v -0.492412 5.012946 0.168253
v -0.484051 5.013514 0.165034
v -0.480166 5.014875 0.157314
v -0.482264 5.016274 0.149379
v -0.488577 5.017091 0.144749
v -0.496246 5.017091 0.144749
v -0.502560 5.016274 0.149379
v -0.504658 5.014875 0.157314
v -0.500773 5.013514 0.165034
v -0.492412 4.957190 0.147959
v -0.484051 4.958824 0.145129
v -0.480166 4.962744 0.138339
v -0.482264 4.966772 0.131362
v -0.488577 4.969123 0.127290
v -0.496246 4.969123 0.127290
v -0.502560 4.966772 0.131362
v -0.504658 4.962744 0.138339
v -0.500773 4.958824 0.145129
v -0.492412 4.911736 0.109819
v -0.484051 4.914240 0.107718
v -0.480166 4.920246 0.102679
v -0.482264 4.926418 0.097500
v -0.488577 4.930019 0.094478
v -0.496246 4.930019 0.094478
v -0.502560 4.926418 0.097500
v -0.504658 4.920246 0.102679
v -0.500773 4.914240 0.107718
v -0.492412 4.882069 0.058434
v -0.484051 4.885140 0.057316
v -0.480166 4.892507 0.054635
v -0.482264 4.900078 0.051879
v -0.488577 4.904496 0.050271
v -0.496246 4.904496 0.050271
v -0.502560 4.900078 0.051879
v -0.504658 4.892507 0.054635
v -0.500773 4.885140 0.057316
v -0.465226 4.871765 0.000000
v -0.456865 4.875034 0.000000
v -0.452980 4.882874 0.000000
v -0.455078 4.890931 0.000000
v -0.461392 4.895632 0.000000
v -0.469061 4.895632 0.000000
v -0.475374 4.890931 0.000000
v -0.477472 4.882874 0.000000
v -0.473587 4.875034 0.000000
v -0.465226 4.882069 -0.058434
v -0.456865 4.885140 -0.057316
v -0.452980 4.892507 -0.054634
v -0.455078 4.900078 -0.051879
v -0.461392 4.904496 -0.050271
v -0.469061 4.904496 -0.050271
v -0.475374 4.900078 -0.051879
v -0.477472 4.892507 -0.054634
v -0.473587 4.885140 -0.057316
v -0.465226 4.911736 -0.109819
v -0.456865 4.914240 -0.107718
v -0.452980 4.920246 -0.102679
v -0.455078 4.926418 -0.097500
v -0.461392 4.930019 -0.094478
v -0.469061 4.930019 -0.094478
v -0.475374 4.926418 -0.097500
v -0.477472 4.920246 -0.102679
v -0.473587 4.914240 -0.107718
v -0.465226 4.957190 -0.147959
v -0.456865 4.958824 -0.145128
v -0.452980 4.962744 -0.138339
v -0.455078 4.966772 -0.131361
v -0.461392 4.969123 -0.127290
v -0.469061 4.969123 -0.127290
v -0.475374 4.966772 -0.131361
v -0.477472 4.962744 -0.138339
v -0.473587 4.958824 -0.145128
v -0.465226 5.012946 -0.168253
v -0.456865 5.013514 -0.165034
v -0.452980 5.014875 -0.157314
v -0.455078 5.016274 -0.149379
v -0.461392 5.017091 -0.144749
v -0.469061 5.017091 -0.144749
v -0.475374 5.016274 -0.149379
v -0.477472 5.014875 -0.157314
v -0.473587 5.013514 -0.165034
v -0.465226 5.072281 -0.168253
v -0.456865 5.071713 -0.165034
v -0.452980 5.070353 -0.157314
v -0.455078 5.068953 -0.149379
v -0.461392 5.068137 -0.144749
v -0.469061 5.068137 -0.144749
v -0.475374 5.068953 -0.149379
v -0.477472 5.070353 -0.157314
v -0.473587 5.071713 -0.165034
v -0.465226 5.128038 -0.147959
v -0.456865 5.126404 -0.145129
v -0.452980 5.122484 -0.138339
v -0.455078 5.118455 -0.131362
v -0.461392 5.116105 -0.127290
v -0.469061 5.116105 -0.127290
v -0.475374 5.118455 -0.131362
v -0.477472 5.122484 -0.138339
v -0.473587 5.126404 -0.145129
v -0.465226 5.173491 -0.109819
v -0.456865 5.170988 -0.107718
v -0.452980 5.164982 -0.102679
v -0.455078 5.158810 -0.097500
v -0.461392 5.155209 -0.094478
v -0.469061 5.155209 -0.094478
v -0.475374 5.158810 -0.097500
v -0.477472 5.164982 -0.102679
v -0.473587 5.170988 -0.107718
v -0.465226 5.203159 -0.058434
v -0.456865 5.200088 -0.057316
v -0.452980 5.192721 -0.054635
v -0.455078 5.185149 -0.051879
v -0.461392 5.180732 -0.050271
v -0.469061 5.180732 -0.050271
v -0.475374 5.185149 -0.051879
v -0.477472 5.192721 -0.054635
v -0.473587 5.200088 -0.057316
v -0.465226 5.213462 -0.000000
v -0.456865 5.210194 -0.000000
v -0.452980 5.202354 -0.000000
v -0.455078 5.194297 -0.000000
v -0.461392 5.189596 -0.000000
v -0.469061 5.189596 -0.000000
v -0.475374 5.194297 -0.000000
v -0.477472 5.202354 -0.000000
v -0.473587 5.210194 -0.000000
v -0.465226 5.203159 0.058434
v -0.456865 5.200088 0.057316
v -0.452980 5.192721 0.054634
v -0.455078 5.185149 0.051879
v -0.461392 5.180732 0.050271
v -0.469061 5.180732 0.050271
v -0.475374 5.185149 0.051879
v -0.477472 5.192721 0.054634
v -0.473587 5.200088 0.057316
v -0.465226 5.173491 0.109819
v -0.456865 5.170988 0.107718
v -0.452980 5.164982 0.102679
v -0.455078 5.158810 0.097500
v -0.461392 5.155209 0.094478
v -0.469061 5.155209 0.094478
v -0.475374 5.158810 0.097500
v -0.477472 5.164982 0.102679
v -0.473587 5.170988 0.107718
v -0.465226 5.128038 0.147959
v -0.456865 5.126404 0.145129
v -0.452980 5.122484 0.138339
v -0.455078 5.118455 0.131362
v -0.461392 5.116105 0.127290
v -0.469061 5.116105 0.127290
v -0.475374 5.118455 0.131362
v -0.477472 5.122484 0.138339
v -0.473587 5.126404 0.145129
v -0.465226 5.072281 0.168253
v -0.456865 5.071714 0.165034
v -0.452980 5.070353 0.157314
v -0.455078 5.068954 0.149379
v -0.461392 5.068137 0.144749
v -0.469061 5.068137 0.144749
v -0.475374 5.068954 0.149379
v -0.477472 5.070353 0.157314
v -0.473587 5.071714 0.165034
v -0.465226 5.012946 0.168253
v -0.456865 5.013514 0.165034
v -0.452980 5.014875 0.157314
v -0.455078 5.016274 0.149379
v -0.461392 5.017091 0.144749
v -0.469061 5.017091 0.144749
v -0.475374 5.016274 0.149379
v -0.477472 5.014875 0.157314
v -0.473587 5.013514 0.165034
v -0.465226 4.957190 0.147959
v -0.456865 4.958824 0.145129
v -0.452980 4.962744 0.138339
v -0.455078 4.966772 0.131362
v -0.461392 4.969123 0.127290
v -0.469061 4.969123 0.127290
v -0.475374 4.966772 0.131362
v -0.477472 4.962744 0.138339
v -0.473587 4.958824 0.145129
v -0.465226 4.911736 0.109819
v -0.456865 4.914240 0.107718
v -0.452980 4.920246 0.102679
v -0.455078 4.926418 0.097500
v -0.461392 4.930019 0.094478
v -0.469061 4.930019 0.094478
v -0.475374 4.926418 0.097500
v -0.477472 4.920246 0.102679
v -0.473587 4.914240 0.107718
v -0.465226 4.882069 0.058434
v -0.456865 4.885140 0.057316
v -0.452980 4.892507 0.054635
v -0.455078 4.900078 0.051879
v -0.461392 4.904496 0.050271
v -0.469061 4.904496 0.050271
v -0.475374 4.900078 0.051879
v -0.477472 4.892507 0.054635
v -0.473587 4.885140 0.057316
v -0.438040 4.871765 0.000000
v -0.429679 4.875034 0.000000
v -0.425795 4.882874 0.000000
v -0.427892 4.890931 0.000000
v -0.434206 4.895632 0.000000
v -0.441875 4.895632 0.000000
v -0.448188 4.890931 0.000000
v -0.450286 4.882874 0.000000
v -0.446401 4.875034 0.000000
v -0.438040 4.882069 -0.058434
v -0.429679 4.885140 -0.057316
v -0.425795 4.892507 -0.054634
v -0.427892 4.900078 -0.051879
v -0.434206 4.904496 -0.050271
v -0.441875 4.904496 -0.050271
v -0.448188 4.900078 -0.051879
v -0.450286 4.892507 -0.054634
v -0.446401 4.885140 -0.057316
v -0.438040 4.911736 -0.109819
v -0.429679 4.914240 -0.107718
v -0.425795 4.920246 -0.102679
v -0.427892 4.926418 -0.097500
v -0.434206 4.930019 -0.094478
v -0.441875 4.930019 -0.094478
v -0.448188 4.926418 -0.097500
v -0.450286 4.920246 -0.102679
v -0.446401 4.914240 -0.107718
v -0.438040 4.957190 -0.147959
v -0.429679 4.958824 -0.145128
v -0.425795 4.962744 -0.138339
v -0.427892 4.966772 -0.131361
v -0.434206 4.969123 -0.127290
v -0.441875 4.969123 -0.127290
v -0.448188 4.966772 -0.131361
v -0.450286 4.962744 -0.138339
v -0.446401 4.958824 -0.145128
v -0.438040 5.012946 -0.168253
v -0.429679 5.013514 -0.165034
v -0.425795 5.014875 -0.157314
v -0.427892 5.016274 -0.149379
v -0.434206 5.017091 -0.144749
v -0.441875 5.017091 -0.144749
v -0.448188 5.016274 -0.149379
v -0.450286 5.014875 -0.157314
v -0.446401 5.013514 -0.165034
v -0.438040 5.072281 -0.168253
v -0.429679 5.071713 -0.165034
v -0.425795 5.070353 -0.157314
v -0.427892 5.068953 -0.149379
v -0.434206 5.068137 -0.144749
v -0.441875 5.068137 -0.144749
v -0.448188 5.068953 -0.149379
v -0.450286 5.070353 -0.157314
v -0.446401 5.071713 -0.165034
v -0.438040 5.128038 -0.147959
v -0.429679 5.126404 -0.145129
v -0.425795 5.122484 -0.138339
v -0.427892 5.118455 -0.131362
v -0.434206 5.116105 -0.127290
v -0.441875 5.116105 -0.127290
v -0.448188 5.118455 -0.131362
v -0.450286 5.122484 -0.138339
v -0.446401 5.126404 -0.145129
v -0.438040 5.173491 -0.109819
v -0.429679 5.170988 -0.107718
v -0.425795 5.164982 -0.102679
v -0.427892 5.158810 -0.097500
v -0.434206 5.155209 -0.094478
v -0.441875 5.155209 -0.094478
v -0.448188 5.158810 -0.097500
v -0.450286 5.164982 -0.102679
v -0.446401 5.170988 -0.107718
v -0.438040 5.203159 -0.058434
v -0.429679 5.200088 -0.057316
v -0.425795 5.192721 -0.054635
v -0.427892 5.185149 -0.051879
v -0.434206 5.180732 -0.050271
v -0.441875 5.180732 -0.050271
v -0.448188 5.185149 -0.051879
v -0.450286 5.192721 -0.054635
v -0.446401 5.200088 -0.057316
v -0.438040 5.213462 -0.000000
v -0.429679 5.210194 -0.000000
v -0.425795 5.202354 -0.000000
v -0.427892 5.194297 -0.000000
v -0.434206 5.189596 -0.000000
v -0.441875 5.189596 -0.000000
v -0.448188 5.194297 -0.000000
v -0.450286 5.202354 -0.000000
v -0.446401 5.210194 -0.000000
v -0.438040 5.203159 0.058434
v -0.429679 5.200088 0.057316
v -0.425795 5.192721 0.054634
v -0.427892 5.185149 0.051879
v -0.434206 5.180732 0.050271
v -0.441875 5.180732 0.050271
v -0.448188 5.185149 0.051879
v -0.450286 5.192721 0.054634
v -0.446401 5.200088 0.057316
v -0.438040 5.173491 0.109819
v -0.429679 5.170988 0.107718
v -0.425795 5.164982 0.102679
v -0.427892 5.158810 0.097500
v -0.434206 5.155209 0.094478
v -0.441875 5.155209 0.094478
v -0.448188 5.158810 0.097500
v -0.450286 5.164982 0.102679
v -0.446401 5.170988 0.107718
v -0.438040 5.128038 0.147959
v -0.429679 5.126404 0.145129
v -0.425795 5.122484 0.138339
v -0.427892 5.118455 0.131362
v -0.434206 5.116105 0.127290
v -0.441875 5.116105 0.127290
v -0.448188 5.118455 0.131362
v -0.450286 5.122484 0.138339
v -0.446401 5.126404 0.145129
v -0.438040 5.072281 0.168253
v -0.429679 5.071714 0.165034
v -0.425795 5.070353 0.157314
v -0.427892 5.068954 0.149379
v -0.434206 5.068137 0.144749
v -0.441875 5.068137 0.144749
v -0.448188 5.068954 0.149379
v -0.450286 5.070353 0.157314
v -0.446401 5.071714 0.165034
v -0.438040 5.012946 0.168253
v -0.429679 5.013514 0.165034
v -0.425795 5.014875 0.157314
v -0.427892 5.016274 0.149379
v -0.434206 5.017091 0.144749
v -0.441875 5.017091 0.144749
v -0.448188 5.016274 0.149379
v -0.450286 5.014875 0.157314
v -0.446401 5.013514 0.165034
v -0.438040 4.957190 0.147959
v -0.429679 4.958824 0.145129
v -0.425795 4.962744 0.138339
v -0.427892 4.966772 0.131362
v -0.434206 4.969123 0.127290
v -0.441875 4.969123 0.127290
v -0.448188 4.966772 0.131362
v -0.450286 4.962744 0.138339
v -0.446401 4.958824 0.145129
v -0.438040 4.911736 0.109819
v -0.429679 4.914240 0.107718
v -0.425795 4.920246 0.102679
v -0.427892 4.926418 0.097500
v -0.434206 4.930019 0.094478
v -0.441875 4.930019 0.094478
v -0.448188 4.926418 0.097500
v -0.450286 4.920246 0.102679
v -0.446401 4.914240 0.107718
v -0.438040 4.882069 0.058434
v -0.429679 4.885140 0.057316
v -0.425795 4.892507 0.054635
v -0.427892 4.900078 0.051879
v -0.434206 4.904496 0.050271
v -0.441875 4.904496 0.050271
v -0.448188 4.900078 0.051879
v -0.450286 4.892507 0.054635
v -0.446401 4.885140 0.057316
v -0.410855 4.871765 0.000000
v -0.402494 4.875034 0.000000
v -0.398609 4.882874 0.000000
v -0.400707 4.890931 0.000000
v -0.407020 4.895632 0.000000
v -0.414689 4.895632 0.000000
v -0.421003 4.890931 0.000000
v -0.423100 4.882874 0.000000
v -0.419216 4.875034 0.000000
v -0.410855 4.882069 -0.058434
v -0.402494 4.885140 -0.057316
v -0.398609 4.892507 -0.054634
v -0.400707 4.900078 -0.051879
v -0.407020 4.904496 -0.050271
v -0.414689 4.904496 -0.050271
v -0.421003 4.900078 -0.051879
v -0.423100 4.892507 -0.054634
v -0.419216 4.885140 -0.057316
v -0.410855 4.911736 -0.109819
v -0.402494 4.914240 -0.107718
v -0.398609 4.920246 -0.102679
v -0.400707 4.926418 -0.097500
v -0.407020 4.930019 -0.094478
v -0.414689 4.930019 -0.094478
v -0.421003 4.926418 -0.097500
v -0.423100 4.920246 -0.102679
v -0.419216 4.914240 -0.107718
v -0.410855 4.957190 -0.147959
v -0.402494 4.958824 -0.145128
v -0.398609 4.962744 -0.138339
v -0.400707 4.966772 -0.131361
v -0.407020 4.969123 -0.127290
v -0.414689 4.969123 -0.127290
v -0.421003 4.966772 -0.131361
v -0.423100 4.962744 -0.138339
v -0.419216 4.958824 -0.145128
v -0.410855 5.012946 -0.168253
v -0.402494 5.013514 -0.165034
v -0.398609 5.014875 -0.157314
v -0.400707 5.016274 -0.149379
v -0.407020 5.017091 -0.144749
v -0.414689 5.017091 -0.144749
v -0.421003 5.016274 -0.149379
v -0.423100 5.014875 -0.157314
v -0.419216 5.013514 -0.165034
v -0.410855 5.072281 -0.168253
v -0.402494 5.071713 -0.165034
v -0.398609 5.070353 -0.157314
v -0.400707 5.068953 -0.149379
v -0.407020 5.068137 -0.144749
v -0.414689 5.068137 -0.144749
v -0.421003 5.068953 -0.149379
v -0.423100 5.070353 -0.157314
v -0.419216 5.071713 -0.165034
v -0.410855 5.128038 -0.147959
v -0.402494 5.126404 -0.145129
v -0.398609 5.122484 -0.138339
v -0.400707 5.118455 -0.131362
v -0.407020 5.116105 -0.127290
v -0.414689 5.116105 -0.127290
v -0.421003 5.118455 -0.131362
v -0.423100 5.122484 -0.138339
v -0.419216 5.126404 -0.145129
v -0.410855 5.173491 -0.109819
v -0.402494 5.170988 -0.107718
v -0.398609 5.164982 -0.102679
v -0.400707 5.158810 -0.097500
v -0.407020 5.155209 -0.094478
v -0.414689 5.155209 -0.094478
v -0.421003 5.158810 -0.097500
v -0.423100 5.164982 -0.102679
v -0.419216 5.170988 -0.107718
v -0.410855 5.203159 -0.058434
v -0.402494 5.200088 -0.057316
v -0.398609 5.192721 -0.054635
v -0.400707 5.185149 -0.051879
v -0.407020 5.180732 -0.050271
v -0.414689 5.180732 -0.050271
v -0.421003 5.185149 -0.051879
v -0.423100 5.192721 -0.054635
v -0.419216 5.200088 -0.057316
v -0.410855 5.213462 -0.000000
v -0.402494 5.210194 -0.000000
v -0.398609 5.202354 -0.000000
v -0.400707 5.194297 -0.000000
v -0.407020 5.189596 -0.000000
v -0.414689 5.189596 -0.000000
v -0.421003 5.194297 -0.000000
v -0.423100 5.202354 -0.000000
v -0.419216 5.210194 -0.000000
v -0.410855 5.203159 0.058434
v -0.402494 5.200088 0.057316
v -0.398609 5.192721 0.054634
v -0.400707 5.185149 0.051879
v -0.407020 5.180732 0.050271
v -0.414689 5.180732 0.050271
v -0.421003 5.185149 0.051879
v -0.423100 5.192721 0.054634
v -0.419216 5.200088 0.057316
v -0.410855 5.173491 0.109819
v -0.402494 5.170988 0.107718
v -0.398609 5.164982 0.102679
v -0.400707 5.158810 0.097500
v -0.407020 5.155209 0.094478
v -0.414689 5.155209 0.094478
v -0.421003 5.158810 0.097500
v -0.423100 5.164982 0.102679
v -0.419216 5.170988 0.107718
v -0.410855 5.128038 0.147959
v -0.402494 5.126404 0.145129
v -0.398609 5.122484 0.138339
v -0.400707 5.118455 0.131362
v -0.407020 5.116105 0.127290
v -0.414689 5.116105 0.127290
v -0.421003 5.118455 0.131362
v -0.423100 5.122484 0.138339
v -0.419216 5.126404 0.145129
v -0.410855 5.072281 0.168253
v -0.402494 5.071714 0.165034
v -0.398609 5.070353 0.157314
v -0.400707 5.068954 0.149379
v -0.407020 5.068137 0.144749
v -0.414689 5.068137 0.144749
v -0.421003 5.068954 0.149379
v -0.423100 5.070353 0.157314
v -0.419216 5.071714 0.165034
v -0.410855 5.012946 0.168253
v -0.402494 5.013514 0.165034
v -0.398609 5.014875 0.157314
v -0.400707 5.016274 0.149379
v -0.407020 5.017091 0.144749
v -0.414689 5.017091 0.144749
v -0.421003 5.016274 0.149379
v -0.423100 5.014875 0.157314
v -0.419216 5.013514 0.165034
v -0.410855 4.957190 0.147959
v -0.402494 4.958824 0.145129
v -0.398609 4.962744 0.138339
v -0.400707 4.966772 0.131362
v -0.407020 4.969123 0.127290
v -0.414689 4.969123 0.127290
v -0.421003 4.966772 0.131362
v -0.423100 4.962744 0.138339
v -0.419216 4.958824 0.145129
v -0.410855 4.911736 0.109819
v -0.402494 4.914240 0.107718
v -0.398609 4.920246 0.102679
v -0.400707 4.926418 0.097500
v -0.407020 4.930019 0.094478
v -0.414689 4.930019 0.094478
v -0.421003 4.926418 0.097500
v -0.423100 4.920246 0.102679
v -0.419216 4.914240 0.107718
v -0.410855 4.882069 0.058434
v -0.402494 4.885140 0.057316
v -0.398609 4.892507 0.054635
v -0.400707 4.900078 0.051879
v -0.407020 4.904496 0.050271
v -0.414689 4.904496 0.050271
v -0.421003 4.900078 0.051879
v -0.423100 4.892507 0.054635
v -0.419216 4.885140 0.057316
v -0.383669 4.871765 0.000000
v -0.375308 4.875034 0.000000
v -0.371423 4.882874 0.000000
v -0.373521 4.890931 0.000000
v -0.379834 4.895632 0.000000
v -0.387503 4.895632 0.000000
v -0.393817 4.890931 0.000000
v -0.395915 4.882874 0.000000
v -0.392030 4.875034 0.000000
v -0.383669 4.882069 -0.058434
v -0.375308 4.885140 -0.057316
v -0.371423 4.892507 -0.054634
v -0.373521 4.900078 -0.051879
v -0.379834 4.904496 -0.050271
v -0.387503 4.904496 -0.050271
v -0.393817 4.900078 -0.051879
v -0.395915 4.892507 -0.054634
v -0.392030 4.885140 -0.057316
v -0.383669 4.911736 -0.109819
v -0.375308 4.914240 -0.107718
v -0.371423 4.920246 -0.102679
v -0.373521 4.926418 -0.097500
v -0.379834 4.930019 -0.094478
v -0.387503 4.930019 -0.094478
v -0.393817 4.926418 -0.097500
v -0.395915 4.920246 -0.102679
v -0.392030 4.914240 -0.107718
v -0.383669 4.957190 -0.147959
v -0.375308 4.958824 -0.145128
v -0.371423 4.962744 -0.138339
v -0.373521 4.966772 -0.131361
v -0.379834 4.969123 -0.127290
v -0.387503 4.969123 -0.127290
v -0.393817 4.966772 -0.131361
v -0.395915 4.962744 -0.138339
v -0.392030 4.958824 -0.145128
v -0.383669 5.012946 -0.168253
v -0.375308 5.013514 -0.165034
v -0.371423 5.014875 -0.157314
v -0.373521 5.016274 -0.149379
v -0.379834 5.017091 -0.144749
v -0.387503 5.017091 -0.144749
v -0.393817 5.016274 -0.149379
v -0.395915 5.014875 -0.157314
v -0.392030 5.013514 -0.165034
v -0.383669 5.072281 -0.168253
v -0.375308 5.071713 -0.165034
v -0.371423 5.070353 -0.157314
v -0.373521 5.068953 -0.149379
v -0.379834 5.068137 -0.144749
v -0.387503 5.068137 -0.144749
v -0.393817 5.068953 -0.149379
v -0.395915 5.070353 -0.157314
v -0.392030 5.071713 -0.165034
v -0.383669 5.128038 -0.147959
v -0.375308 5.126404 -0.145129
v -0.371423 5.122484 -0.138339
v -0.373521 5.118455 -0.131362
v -0.379834 5.116105 -0.127290
v -0.387503 5.116105 -0.127290
v -0.393817 5.118455 -0.131362
v -0.395915 5.122484 -0.138339
v -0.392030 5.126404 -0.145129
v -0.383669 5.173491 -0.109819
v -0.375308 5.170988 -0.107718
v -0.371423 5.164982 -0.102679
v -0.373521 5.158810 -0.097500
v -0.379834 5.155209 -0.094478
v -0.387503 5.155209 -0.094478
v -0.393817 5.158810 -0.097500
v -0.395915 5.164982 -0.102679
v -0.392030 5.170988 -0.107718
v -0.383669 5.203159 -0.058434
v -0.375308 5.200088 -0.057316
v -0.371423 5.192721 -0.054635
v -0.373521 5.185149 -0.051879
v -0.379834 5.180732 -0.050271
v -0.387503 5.180732 -0.050271
v -0.393817 5.185149 -0.051879
v -0.395915 5.192721 -0.054635
v -0.392030 5.200088 -0.057316
v -0.383669 5.213462 -0.000000
v -0.375308 5.210194 -0.000000
v -0.371423 5.202354 -0.000000
v -0.373521 5.194297 -0.000000
v -0.379834 5.189596 -0.000000
v -0.387503 5.189596 -0.000000
v -0.393817 5.194297 -0.000000
v -0.395915 5.202354 -0.000000
v -0.392030 5.210194 -0.000000
v -0.383669 5.203159 0.058434
v -0.375308 5.200088 0.057316
v -0.371423 5.192721 0.054634
v -0.373521 5.185149 0.051879
v -0.379834 5.180732 0.050271
v -0.387503 5.180732 0.050271
v -0.393817 5.185149 0.051879
v -0.395915 5.192721 0.054634
v -0.392030 5.200088 0.057316
v -0.383669 5.173491 0.109819
v -0.375308 5.170988 0.107718
v -0.371423 5.164982 0.102679
v -0.373521 5.158810 0.097500
v -0.379834 5.155209 0.094478
v -0.387503 5.155209 0.094478
v -0.393817 5.158810 0.097500
v -0.395915 5.164982 0.102679
v -0.392030 5.170988 0.107718
v -0.383669 5.128038 0.147959
v -0.375308 5.126404 0.145129
v -0.371423 5.122484 0.138339
v -0.373521 5.118455 0.131362
v -0.379834 5.116105 0.127290
v -0.387503 5.116105 0.127290
v -0.393817 5.118455 0.131362
v -0.395915 5.122484 0.138339
v -0.392030 5.126404 0.145129
v -0.383669 5.072281 0.168253
v -0.375308 5.071714 0.165034
v -0.371423 5.070353 0.157314
v -0.373521 5.068954 0.149379
v -0.379834 5.068137 0.144749
v -0.387503 5.068137 0.144749
v -0.393817 5.068954 0.149379
v -0.395915 5.070353 0.157314
v -0.392030 5.071714 0.165034
v -0.383669 5.012946 0.168253
v -0.375308 5.013514 0.165034
v -0.371423 5.014875 0.157314
v -0.373521 5.016274 0.149379
v -0.379834 5.017091 0.144749
v -0.387503 5.017091 0.144749
v -0.393817 5.016274 0.149379
v -0.395915 5.014875 0.157314
v -0.392030 5.013514 0.165034
v -0.383669 4.957190 0.147959
v -0.375308 4.958824 0.145129
v -0.371423 4.962744 0.138339
v -0.373521 4.966772 0.131362
v -0.379834 4.969123 0.127290
v -0.387503 4.969123 0.127290
v -0.393817 4.966772 0.131362
v -0.395915 4.962744 0.138339
v -0.392030 4.958824 0.145129
v -0.383669 4.911736 0.109819
v -0.375308 4.914240 0.107718
v -0.371423 4.920246 0.102679
v -0.373521 4.926418 0.097500
v -0.379834 4.930019 0.094478
v -0.387503 4.930019 0.094478
v -0.393817 4.926418 0.097500
v -0.395915 4.920246 0.102679
v -0.392030 4.914240 0.107718
v -0.383669 4.882069 0.058434
v -0.375308 4.885140 0.057316
v -0.371423 4.892507 0.054635
v -0.373521 4.900078 0.051879
v -0.379834 4.904496 0.050271
v -0.387503 4.904496 0.050271
v -0.393817 4.900078 0.051879
v -0.395915 4.892507 0.054635
v -0.392030 4.885140 0.057316
v -0.356483 4.871765 0.000000
v -0.348122 4.875034 0.000000
v -0.344237 4.882874 0.000000
v -0.346335 4.890931 0.000000
v -0.352649 4.895632 0.000000
v -0.360318 4.895632 0.000000
v -0.366631 4.890931 0.000000
v -0.368729 4.882874 0.000000
v -0.364844 4.875034 0.000000
v -0.356483 4.882069 -0.058434
v -0.348122 4.885140 -0.057316
v -0.344237 4.892507 -0.054634
v -0.346335 4.900078 -0.051879
v -0.352649 4.904496 -0.050271
v -0.360318 4.904496 -0.050271
v -0.366631 4.900078 -0.051879
v -0.368729 4.892507 -0.054634
v -0.364844 4.885140 -0.057316
v -0.356483 4.911736 -0.109819
v -0.348122 4.914240 -0.107718
v -0.344237 4.920246 -0.102679
v -0.346335 4.926418 -0.097500
v -0.352649 4.930019 -0.094478
v -0.360318 4.930019 -0.094478
v -0.366631 4.926418 -0.097500
v -0.368729 4.920246 -0.102679
v -0.364844 4.914240 -0.107718
v -0.356483 4.957190 -0.147959
v -0.348122 4.958824 -0.145128
v -0.344237 4.962744 -0.138339
v -0.346335 4.966772 -0.131361
v -0.352649 4.969123 -0.127290
v -0.360318 4.969123 -0.127290
v -0.366631 4.966772 -0.131361
v -0.368729 4.962744 -0.138339
v -0.364844 4.958824 -0.145128
v -0.356483 5.012946 -0.168253
v -0.348122 5.013514 -0.165034
v -0.344237 5.014875 -0.157314
v -0.346335 5.016274 -0.149379
v -0.352649 5.017091 -0.144749
v -0.360318 5.017091 -0.144749
v -0.366631 5.016274 -0.149379
v -0.368729 5.014875 -0.157314
v -0.364844 5.013514 -0.165034
v -0.356483 5.072281 -0.168253
v -0.348122 5.071713 -0.165034
v -0.344237 5.070353 -0.157314
v -0.346335 5.068953 -0.149379
v -0.352649 5.068137 -0.144749
v -0.360318 5.068137 -0.144749
v -0.366631 5.068953 -0.149379
v -0.368729 5.070353 -0.157314
v -0.364844 5.071713 -0.165034
v -0.356483 5.128038 -0.147959
v -0.348122 5.126404 -0.145129
v -0.344237 5.122484 -0.138339
v -0.346335 5.118455 -0.131362
v -0.352649 5.116105 -0.127290
v -0.360318 5.116105 -0.127290
v -0.366631 5.118455 -0.131362
v -0.368729 5.122484 -0.138339
v -0.364844 5.126404 -0.145129
v -0.356483 5.173491 -0.109819
v -0.348122 5.170988 -0.107718
v -0.344237 5.164982 -0.102679
v -0.346335 5.158810 -0.097500
v -0.352649 5.155209 -0.094478
v -0.360318 5.155209 -0.094478
v -0.366631 5.158810 -0.097500
v -0.368729 5.164982 -0.102679
v -0.364844 5.170988 -0.107718
v -0.356483 5.203159 -0.058434
v -0.348122 5.200088 -0.057316
v -0.344237 5.192721 -0.054635
v -0.346335 5.185149 -0.051879
v -0.352649 5.180732 -0.050271
v -0.360318 5.180732 -0.050271
v -0.366631 5.185149 -0.051879
v -0.368729 5.192721 -0.054635
v -0.364844 5.200088 -0.057316
v -0.356483 5.213462 -0.000000
v -0.348122 5.210194 -0.000000
v -0.344237 5.202354 -0.000000
v -0.346335 5.194297 -0.000000
v -0.352649 5.189596 -0.000000
v -0.360318 5.189596 -0.000000
v -0.366631 5.194297 -0.000000
v -0.368729 5.202354 -0.000000
v -0.364844 5.210194 -0.000000
v -0.356483 5.203159 0.058434
v -0.348122 5.200088 0.057316
v -0.344237 5.192721 0.054634
v -0.346335 5.185149 0.051879
v -0.352649 5.180732 0.050271
v -0.360318 5.180732 0.050271
v -0.366631 5.185149 0.051879
v -0.368729 5.192721 0.054634
v -0.364844 5.200088 0.057316
v -0.356483 5.173491 0.109819
v -0.348122 5.170988 0.107718
v -0.344237 5.164982 0.102679
v -0.346335 5.158810 0.097500
v -0.352649 5.155209 0.094478
v -0.360318 5.155209 0.094478
v -0.366631 5.158810 0.097500
v -0.368729 5.164982 0.102679
v -0.364844 5.170988 0.107718
v -0.356483 5.128038 0.147959
v -0.348122 5.126404 0.145129
v -0.344237 5.122484 0.138339
v -0.346335 5.118455 0.131362
v -0.352649 5.116105 0.127290
v -0.360318 5.116105 0.127290
v -0.366631 5.118455 0.131362
v -0.368729 5.122484 0.138339
v -0.364844 5.126404 0.145129
v -0.356483 5.072281 0.168253
v -0.348122 5.071714 0.165034
v -0.344237 5.070353 0.157314
v -0.346335 5.068954 0.149379
v -0.352649 5.068137 0.144749
v -0.360318 5.068137 0.144749
v -0.366631 5.068954 0.149379
v -0.368729 5.070353 0.157314
v -0.364844 5.071714 0.165034
v -0.356483 5.012946 0.168253
v -0.348122 5.013514 0.165034
v -0.344237 5.014875 0.157314
v -0.346335 5.016274 0.149379
v -0.352649 5.017091 0.144749
v -0.360318 5.017091 0.144749
v -0.366631 5.016274 0.149379
v -0.368729 5.014875 0.157314
v -0.364844 5.013514 0.165034
v -0.356483 4.957190 0.147959
v -0.348122 4.958824 0.145129
v -0.344237 4.962744 0.138339
v -0.346335 4.966772 0.131362
v -0.352649 4.969123 0.127290
v -0.360318 4.969123 0.127290
v -0.366631 4.966772 0.131362
v -0.368729 4.962744 0.138339
v -0.364844 4.958824 0.145129
v -0.356483 4.911736 0.109819
v -0.348122 4.914240 0.107718
v -0.344237 4.920246 0.102679
v -0.346335 4.926418 0.097500
v -0.352649 4.930019 0.094478
v -0.360318 4.930019 0.094478
v -0.366631 4.926418 0.097500
v -0.368729 4.920246 0.102679
v -0.364844 4.914240 0.107718
v -0.356483 4.882069 0.058434
v -0.348122 4.885140 0.057316
v -0.344237 4.892507 0.054635
v -0.346335 4.900078 0.051879
v -0.352649 4.904496 0.050271
v -0.360318 4.904496 0.050271
v -0.366631 4.900078 0.051879
v -0.368729 4.892507 0.054635
v -0.364844 4.885140 0.057316
v -0.329297 4.871765 0.000000
v -0.320936 4.875034 0.000000
v -0.317051 4.882874 0.000000
v -0.319149 4.890931 0.000000
v -0.325463 4.895632 0.000000
v -0.333132 4.895632 0.000000
v -0.339445 4.890931 0.000000
v -0.341543 4.882874 0.000000
v -0.337658 4.875034 0.000000
v -0.329297 4.882069 -0.058434
v -0.320936 4.885140 -0.057316
v -0.317051 4.892507 -0.054634
v -0.319149 4.900078 -0.051879
v -0.325463 4.904496 -0.050271
v -0.333132 4.904496 -0.050271
v -0.339445 4.900078 -0.051879
v -0.341543 4.892507 -0.054634
v -0.337658 4.885140 -0.057316
v -0.329297 4.911736 -0.109819
v -0.320936 4.914240 -0.107718
v -0.317051 4.920246 -0.102679
v -0.319149 4.926418 -0.097500
v -0.325463 4.930019 -0.094478
v -0.333132 4.930019 -0.094478
v -0.339445 4.926418 -0.097500
v -0.341543 4.920246 -0.102679
v -0.337658 4.914240 -0.107718
v -0.329297 4.957190 -0.147959
v -0.320936 4.958824 -0.145128
v -0.317052 4.962744 -0.138339
v -0.319149 4.966772 -0.131361
v -0.325463 4.969123 -0.127290
v -0.333132 4.969123 -0.127290
v -0.339445 4.966772 -0.131361
v -0.341543 4.962744 -0.138339
v -0.337658 4.958824 -0.145128
v -0.329297 5.012946 -0.168253
v -0.320936 5.013514 -0.165034
v -0.317052 5.014875 -0.157314
v -0.319149 5.016274 -0.149379
v -0.325463 5.017091 -0.144749
v -0.333132 5.017091 -0.144749
v -0.339445 5.016274 -0.149379
v -0.341543 5.014875 -0.157314
v -0.337658 5.013514 -0.165034
v -0.329297 5.072281 -0.168253
v -0.320936 5.071713 -0.165034
v -0.317052 5.070353 -0.157314
v -0.319149 5.068953 -0.149379
v -0.325463 5.068137 -0.144749
v -0.333132 5.068137 -0.144749
v -0.339445 5.068953 -0.149379
v -0.341543 5.070353 -0.157314
v -0.337658 5.071713 -0.165034
v -0.329297 5.128038 -0.147959
v -0.320936 5.126404 -0.145129
v -0.317052 5.122484 -0.138339
v -0.319149 5.118455 -0.131362
v -0.325463 5.116105 -0.127290
v -0.333132 5.116105 -0.127290
v -0.339445 5.118455 -0.131362
v -0.341543 5.122484 -0.138339
v -0.337658 5.126404 -0.145129
v -0.329297 5.173491 -0.109819
v -0.320936 5.170988 -0.107718
v -0.317052 5.164982 -0.102679
v -0.319149 5.158810 -0.097500
v -0.325463 5.155209 -0.094478
v -0.333132 5.155209 -0.094478
v -0.339445 5.158810 -0.097500
v -0.341543 5.164982 -0.102679
v -0.337658 5.170988 -0.107718
v -0.329297 5.203159 -0.058434
v -0.320936 5.200088 -0.057316
v -0.317052 5.192721 -0.054635
v -0.319149 5.185149 -0.051879
v -0.325463 5.180732 -0.050271
v -0.333132 5.180732 -0.050271
v -0.339445 5.185149 -0.051879
v -0.341543 5.192721 -0.054635
v -0.337658 5.200088 -0.057316
v -0.329297 5.213462 -0.000000
v -0.320936 5.210194 -0.000000
v -0.317052 5.202354 -0.000000
v -0.319149 5.194297 -0.000000
v -0.325463 5.189596 -0.000000
v -0.333132 5.189596 -0.000000
v -0.339445 5.194297 -0.000000
v -0.341543 5.202354 -0.000000
v -0.337658 5.210194 -0.000000
v -0.329297 5.203159 0.058434
v -0.320936 5.200088 0.057316
v -0.317052 5.192721 0.054634
v -0.319149 5.185149 0.051879
v -0.325463 5.180732 0.050271
v -0.333132 5.180732 0.050271
v -0.339445 5.185149 0.051879
v -0.341543 5.192721 0.054634
v -0.337658 5.200088 0.057316
v -0.329297 5.173491 0.109819
v -0.320936 5.170988 0.107718
v -0.317052 5.164982 0.102679
v -0.319149 5.158810 0.097500
v -0.325463 5.155209 0.094478
v -0.333132 5.155209 0.094478
v -0.339445 5.158810 0.097500
v -0.341543 5.164982 0.102679
v -0.337658 5.170988 0.107718
v -0.329297 5.128038 0.147959
v -0.320936 5.126404 0.145129
v -0.317052 5.122484 0.138339
v -0.319149 5.118455 0.131362
v -0.325463 5.116105 0.127290
v -0.333132 5.116105 0.127290
v -0.339445 5.118455 0.131362
v -0.341543 5.122484 0.138339
v -0.337658 5.126404 0.145129
v -0.329297 5.072281 0.168253
v -0.320936 5.071714 0.165034
v -0.317051 5.070353 0.157314
v -0.319149 5.068954 0.149379
v -0.325463 5.068137 0.144749
v -0.333132 5.068137 0.144749
v -0.339445 5.068954 0.149379
v -0.341543 5.070353 0.157314
v -0.337658 5.071714 0.165034
v -0.329297 5.012946 0.168253
v -0.320936 5.013514 0.165034
v -0.317051 5.014875 0.157314
v -0.319149 5.016274 0.149379
v -0.325463 5.017091 0.144749
v -0.333132 5.017091 0.144749
v -0.339445 5.016274 0.149379
v -0.341543 5.014875 0.157314
v -0.337658 5.013514 0.165034
v -0.329297 4.957190 0.147959
v -0.320936 4.958824 0.145129
v -0.317051 4.962744 0.138339
v -0.319149 4.966772 0.131362
v -0.325463 4.969123 0.127290
v -0.333132 4.969123 0.127290
v -0.339445 4.966772 0.131362
v -0.341543 4.962744 0.138339
v -0.337658 4.958824 0.145129
v -0.329297 4.911736 0.109819
v -0.320936 4.914240 0.107718
v -0.317051 4.920246 0.102679
v -0.319149 4.926418 0.097500
v -0.325463 4.930019 0.094478
v -0.333132 4.930019 0.094478
v -0.339445 4.926418 0.097500
v -0.341543 4.920246 0.102679
v -0.337658 4.914240 0.107718
v -0.329297 4.882069 0.058434
v -0.320936 4.885140 0.057316
v -0.317051 4.892507 0.054635
v -0.319149 4.900078 0.051879
v -0.325463 4.904496 0.050271
v -0.333132 4.904496 0.050271
v -0.339445 4.900078 0.051879
v -0.341543 4.892507 0.054635
v -0.337658 4.885140 0.057316
v -0.302111 4.871765 0.000000
v -0.293751 4.875034 0.000000
v -0.289866 4.882874 0.000000
v -0.291963 4.890931 0.000000
v -0.298277 4.895632 0.000000
v -0.305946 4.895632 0.000000
v -0.312260 4.890931 0.000000
v -0.314357 4.882874 0.000000
v -0.310472 4.875034 0.000000
v -0.302112 4.882069 -0.058434
v -0.293751 4.885140 -0.057316
v -0.289866 4.892507 -0.054634
v -0.291963 4.900078 -0.051879
v -0.298277 4.904496 -0.050271
v -0.305946 4.904496 -0.050271
v -0.312260 4.900078 -0.051879
v -0.314357 4.892507 -0.054634
v -0.310472 4.885140 -0.057316
v -0.302112 4.911736 -0.109819
v -0.293751 4.914240 -0.107718
v -0.289866 4.920246 -0.102679
v -0.291963 4.926418 -0.097500
v -0.298277 4.930019 -0.094478
v -0.305946 4.930019 -0.094478
v -0.312260 4.926418 -0.097500
v -0.314357 4.920246 -0.102679
v -0.310472 4.914240 -0.107718
v -0.302112 4.957190 -0.147959
v -0.293751 4.958824 -0.145128
v -0.289866 4.962744 -0.138339
v -0.291963 4.966772 -0.131361
v -0.298277 4.969123 -0.127290
v -0.305946 4.969123 -0.127290
v -0.312260 4.966772 -0.131361
v -0.314357 4.962744 -0.138339
v -0.310472 4.958824 -0.145128
v -0.302112 5.012946 -0.168253
v -0.293751 5.013514 -0.165034
v -0.289866 5.014875 -0.157314
v -0.291963 5.016274 -0.149379
v -0.298277 5.017091 -0.144749
v -0.305946 5.017091 -0.144749
v -0.312260 5.016274 -0.149379
v -0.314357 5.014875 -0.157314
v -0.310472 5.013514 -0.165034
v -0.302112 5.072281 -0.168253
v -0.293751 5.071713 -0.165034
v -0.289866 5.070353 -0.157314
v -0.291963 5.068953 -0.149379
v -0.298277 5.068137 -0.144749
v -0.305946 5.068137 -0.144749
v -0.312260 5.068953 -0.149379
v -0.314357 5.070353 -0.157314
v -0.310472 5.071713 -0.165034
v -0.302112 5.128038 -0.147959
v -0.293751 5.126404 -0.145129
v -0.289866 5.122484 -0.138339
v -0.291964 5.118455 -0.131362
v -0.298277 5.116105 -0.127290
v -0.305946 5.116105 -0.127290
v -0.312260 5.118455 -0.131362
v -0.314357 5.122484 -0.138339
v -0.310472 5.126404 -0.145129
v -0.302112 5.173491 -0.109819
v -0.293751 5.170988 -0.107718
v -0.289866 5.164982 -0.102679
v -0.291964 5.158810 -0.097500
v -0.298277 5.155209 -0.094478
v -0.305946 5.155209 -0.094478
v -0.312260 5.158810 -0.097500
v -0.314357 5.164982 -0.102679
v -0.310472 5.170988 -0.107718
v -0.302112 5.203159 -0.058434
v -0.293751 5.200088 -0.057316
v -0.289866 5.192721 -0.054635
v -0.291964 5.185149 -0.051879
v -0.298277 5.180732 -0.050271
v -0.305946 5.180732 -0.050271
v -0.312260 5.185149 -0.051879
v -0.314357 5.192721 -0.054635
v -0.310472 5.200088 -0.057316
v -0.302112 5.213462 -0.000000
v -0.293751 5.210194 -0.000000
v -0.289866 5.202354 -0.000000
v -0.291964 5.194297 -0.000000
v -0.298277 5.189596 -0.000000
v -0.305946 5.189596 -0.000000
v -0.312260 5.194297 -0.000000
v -0.314357 5.202354 -0.000000
v -0.310472 5.210194 -0.000000
v -0.302112 5.203159 0.058434
v -0.293751 5.200088 0.057316
v -0.289866 5.192721 0.054634
v -0.291963 5.185149 0.051879
v -0.298277 5.180732 0.050271
v -0.305946 5.180732 0.050271
v -0.312260 5.185149 0.051879
v -0.314357 5.192721 0.054634
v -0.310472 5.200088 0.057316
v -0.302112 5.173491 0.109819
v -0.293751 5.170988 0.107718
v -0.289866 5.164982 0.102679
v -0.291963 5.158810 0.097500
v -0.298277 5.155209 0.094478
v -0.305946 5.155209 0.094478
v -0.312260 5.158810 0.097500
v -0.314357 5.164982 0.102679
v -0.310472 5.170988 0.107718
v -0.302112 5.128038 0.147959
v -0.293751 5.126404 0.145129
v -0.289866 5.122484 0.138339
v -0.291963 5.118455 0.131362
v -0.298277 5.116105 0.127290
v -0.305946 5.116105 0.127290
v -0.312260 5.118455 0.131362
v -0.314357 5.122484 0.138339
v -0.310472 5.126404 0.145129
v -0.302112 5.072281 0.168253
v -0.293751 5.071714 0.165034
v -0.289866 5.070353 0.157314
v -0.291963 5.068954 0.149379
v -0.298277 5.068137 0.144749
v -0.305946 5.068137 0.144749
v -0.312260 5.068954 0.149379
v -0.314357 5.070353 0.157314
v -0.310472 5.071714 0.165034
v -0.302112 5.012946 0.168253
v -0.293751 5.013514 0.165034
v -0.289866 5.014875 0.157314
v -0.291963 5.016274 0.149379
v -0.298277 5.017091 0.144749
v -0.305946 5.017091 0.144749
v -0.312260 5.016274 0.149379
v -0.314357 5.014875 0.157314
v -0.310472 5.013514 0.165034
v -0.302111 4.957190 0.147959
v -0.293751 4.958824 0.145129
v -0.289866 4.962744 0.138339
v -0.291963 4.966772 0.131362
v -0.298277 4.969123 0.127290
v -0.305946 4.969123 0.127290
v -0.312260 4.966772 0.131362
v -0.314357 4.962744 0.138339
v -0.310472 4.958824 0.145129
v -0.302111 4.911736 0.109819
v -0.293751 4.914240 0.107718
v -0.289866 4.920246 0.102679
v -0.291963 4.926418 0.097500
v -0.298277 4.930019 0.094478
v -0.305946 4.930019 0.094478
v -0.312260 4.926418 0.097500
v -0.314357 4.920246 0.102679
v -0.310472 4.914240 0.107718
v -0.302111 4.882069 0.058434
v -0.293751 4.885140 0.057316
v -0.289866 4.892507 0.054635
v -0.291963 4.900078 0.051879
v -0.298277 4.904496 0.050271
v -0.305946 4.904496 0.050271
v -0.312260 4.900078 0.051879
v -0.314357 4.892507 0.054635
v -0.310472 4.885140 0.057316
v -0.274926 4.871765 0.000000
v -0.266565 4.875034 0.000000
v -0.262680 4.882874 0.000000
v -0.264778 4.890931 0.000000
v -0.271091 4.895632 0.000000
v -0.278760 4.895632 0.000000
v -0.285074 4.890931 0.000000
v -0.287172 4.882874 0.000000
v -0.283287 4.875034 0.000000
v -0.274926 4.882069 -0.058434
v -0.266565 4.885140 -0.057316
v -0.262680 4.892507 -0.054634
v -0.264778 4.900078 -0.051879
v -0.271091 4.904496 -0.050271
v -0.278760 4.904496 -0.050271
v -0.285074 4.900078 -0.051879
v -0.287172 4.892507 -0.054634
v -0.283287 4.885140 -0.057316
v -0.274926 4.911736 -0.109819
v -0.266565 4.914240 -0.107718
v -0.262680 4.920246 -0.102679
v -0.264778 4.926418 -0.097500
v -0.271091 4.930019 -0.094478
v -0.278760 4.930019 -0.094478
v -0.285074 4.926418 -0.097500
v -0.287172 4.920246 -0.102679
v -0.283287 4.914240 -0.107718
v -0.274926 4.957190 -0.147959
v -0.266565 4.958824 -0.145128
v -0.262680 4.962744 -0.138339
v -0.264778 4.966772 -0.131361
v -0.271091 4.969123 -0.127290
v -0.278760 4.969123 -0.127290
v -0.285074 4.966772 -0.131361
v -0.287172 4.962744 -0.138339
v -0.283287 4.958824 -0.145128
v -0.274926 5.012946 -0.168253
v -0.266565 5.013514 -0.165034
v -0.262680 5.014875 -0.157314
v -0.264778 5.016274 -0.149379
v -0.271091 5.017091 -0.144749
v -0.278760 5.017091 -0.144749
v -0.285074 5.016274 -0.149379
v -0.287172 5.014875 -0.157314
v -0.283287 5.013514 -0.165034
v -0.274926 5.072281 -0.168253
v -0.266565 5.071713 -0.165034
v -0.262680 5.070353 -0.157314
v -0.264778 5.068953 -0.149379
v -0.271091 5.068137 -0.144749
v -0.278760 5.068137 -0.144749
v -0.285074 5.068953 -0.149379
v -0.287172 5.070353 -0.157314
v -0.283287 5.071713 -0.165034
v -0.274926 5.128038 -0.147959
v -0.266565 5.126404 -0.145129
v -0.262680 5.122484 -0.138339
v -0.264778 5.118455 -0.131362
v -0.271091 5.116105 -0.127290
v -0.278760 5.116105 -0.127290
v -0.285074 5.118455 -0.131362
v -0.287172 5.122484 -0.138339
v -0.283287 5.126404 -0.145129
v -0.274926 5.173491 -0.109819
v -0.266565 5.170988 -0.107718
v -0.262680 5.164982 -0.102679
v -0.264778 5.158810 -0.097500
v -0.271091 5.155209 -0.094478
v -0.278760 5.155209 -0.094478
v -0.285074 5.158810 -0.097500
v -0.287172 5.164982 -0.102679
v -0.283287 5.170988 -0.107718
v -0.274926 5.203159 -0.058434
v -0.266565 5.200088 -0.057316
v -0.262680 5.192721 -0.054635
v -0.264778 5.185149 -0.051879
v -0.271091 5.180732 -0.050271
v -0.278760 5.180732 -0.050271
v -0.285074 5.185149 -0.051879
v -0.287172 5.192721 -0.054635
v -0.283287 5.200088 -0.057316
v -0.274926 5.213462 -0.000000
v -0.266565 5.210194 -0.000000
v -0.262680 5.202354 -0.000000
v -0.264778 5.194297 -0.000000
v -0.271091 5.189596 -0.000000
v -0.278760 5.189596 -0.000000
v -0.285074 5.194297 -0.000000
v -0.287172 5.202354 -0.000000
v -0.283287 5.210194 -0.000000
v -0.274926 5.203159 0.058434
v -0.266565 5.200088 0.057316
v -0.262680 5.192721 0.054634
v -0.264778 5.185149 0.051879
v -0.271091 5.180732 0.050271
v -0.278760 5.180732 0.050271
v -0.285074 5.185149 0.051879
v -0.287172 5.192721 0.054634
v -0.283287 5.200088 0.057316
v -0.274926 5.173491 0.109819
v -0.266565 5.170988 0.107718
v -0.262680 5.164982 0.102679
v -0.264778 5.158810 0.097500
v -0.271091 5.155209 0.094478
v -0.278760 5.155209 0.094478
v -0.285074 5.158810 0.097500
v -0.287172 5.164982 0.102679
v -0.283287 5.170988 0.107718
v -0.274926 5.128038 0.147959
v -0.266565 5.126404 0.145129
v -0.262680 5.122484 0.138339
v -0.264778 5.118455 0.131362
v -0.271091 5.116105 0.127290
v -0.278760 5.116105 0.127290
v -0.285074 5.118455 0.131362
v -0.287172 5.122484 0.138339
v -0.283287 5.126404 0.145129
v -0.274926 5.072281 0.168253
v -0.266565 5.071714 0.165034
v -0.262680 5.070353 0.157314
v -0.264778 5.068954 0.149379
v -0.271091 5.068137 0.144749
v -0.278760 5.068137 0.144749
v -0.285074 5.068954 0.149379
v -0.287172 5.070353 0.157314
v -0.283287 5.071714 0.165034
v -0.274926 5.012946 0.168253
v -0.266565 5.013514 0.165034
v -0.262680 5.014875 0.157314
v -0.264778 5.016274 0.149379
v -0.271091 5.017091 0.144749
v -0.278760 5.017091 0.144749
v -0.285074 5.016274 0.149379
v -0.287172 5.014875 0.157314
v -0.283287 5.013514 0.165034
v -0.274926 4.957190 0.147959
v -0.266565 4.958824 0.145129
v -0.262680 4.962744 0.138339
v -0.264778 4.966772 0.131362
v -0.271091 4.969123 0.127290
v -0.278760 4.969123 0.127290
v -0.285074 4.966772 0.131362
v -0.287172 4.962744 0.138339
v -0.283287 4.958824 0.145129
v -0.274926 4.911736 0.109819
v -0.266565 4.914240 0.107718
v -0.262680 4.920246 0.102679
v -0.264778 4.926418 0.097500
v -0.271091 4.930019 0.094478
v -0.278760 4.930019 0.094478
v -0.285074 4.926418 0.097500
v -0.287172 4.920246 0.102679
v -0.283287 4.914240 0.107718
v -0.274926 4.882069 0.058434
v -0.266565 4.885140 0.057316
v -0.262680 4.892507 0.054635
v -0.264778 4.900078 0.051879
v -0.271091 4.904496 0.050271
v -0.278760 4.904496 0.050271
v -0.285074 4.900078 0.051879
v -0.287172 4.892507 0.054635
v -0.283287 4.885140 0.057316
v -0.247740 4.871765 0.000000
v -0.239379 4.875034 0.000000
v -0.235494 4.882874 0.000000
v -0.237592 4.890931 0.000000
v -0.243905 4.895632 0.000000
v -0.251574 4.895632 0.000000
v -0.257888 4.890931 0.000000
v -0.259986 4.882874 0.000000
v -0.256101 4.875034 0.000000
v -0.247740 4.882069 -0.058434
v -0.239379 4.885140 -0.057316
v -0.235494 4.892507 -0.054634
v -0.237592 4.900078 -0.051879
v -0.243905 4.904496 -0.050271
v -0.251574 4.904496 -0.050271
v -0.257888 4.900078 -0.051879
v -0.259986 4.892507 -0.054634
v -0.256101 4.885140 -0.057316
v -0.247740 4.911736 -0.109819
v -0.239379 4.914240 -0.107718
v -0.235494 4.920246 -0.102679
v -0.237592 4.926418 -0.097500
v -0.243905 4.930019 -0.094478
v -0.251574 4.930019 -0.094478
v -0.257888 4.926418 -0.097500
v -0.259986 4.920246 -0.102679
v -0.256101 4.914240 -0.107718
v -0.247740 4.957190 -0.147959
v -0.239379 4.958824 -0.145128
v -0.235494 4.962744 -0.138339
v -0.237592 4.966772 -0.131361
v -0.243906 4.969123 -0.127290
v -0.251574 4.969123 -0.127290
v -0.257888 4.966772 -0.131361
v -0.259986 4.962744 -0.138339
v -0.256101 4.958824 -0.145128
v -0.247740 5.012946 -0.168253
v -0.239379 5.013514 -0.165034
v -0.235494 5.014875 -0.157314
v -0.237592 5.016274 -0.149379
v -0.243906 5.017091 -0.144749
v -0.251574 5.017091 -0.144749
v -0.257888 5.016274 -0.149379
v -0.259986 5.014875 -0.157314
v -0.256101 5.013514 -0.165034
v -0.247740 5.072281 -0.168253
v -0.239379 5.071713 -0.165034
v -0.235494 5.070353 -0.157314
v -0.237592 5.068953 -0.149379
v -0.243906 5.068137 -0.144749
v -0.251574 5.068137 -0.144749
v -0.257888 5.068953 -0.149379
v -0.259986 5.070353 -0.157314
v -0.256101 5.071713 -0.165034
v -0.247740 5.128038 -0.147959
v -0.239379 5.126404 -0.145129
v -0.235494 5.122484 -0.138339
v -0.237592 5.118455 -0.131362
v -0.243906 5.116105 -0.127290
v -0.251575 5.116105 -0.127290
v -0.257888 5.118455 -0.131362
v -0.259986 5.122484 -0.138339
v -0.256101 5.126404 -0.145129
v -0.247740 5.173491 -0.109819
v -0.239379 5.170988 -0.107718
v -0.235494 5.164982 -0.102679
v -0.237592 5.158810 -0.097500
v -0.243906 5.155209 -0.094478
v -0.251575 5.155209 -0.094478
v -0.257888 5.158810 -0.097500
v -0.259986 5.164982 -0.102679
v -0.256101 5.170988 -0.107718
v -0.247740 5.203159 -0.058434
v -0.239379 5.200088 -0.057316
v -0.235494 5.192721 -0.054635
v -0.237592 5.185149 -0.051879
v -0.243906 5.180732 -0.050271
v -0.251575 5.180732 -0.050271
v -0.257888 5.185149 -0.051879
v -0.259986 5.192721 -0.054635
v -0.256101 5.200088 -0.057316
v -0.247740 5.213462 -0.000000
v -0.239379 5.210194 -0.000000
v -0.235494 5.202354 -0.000000
v -0.237592 5.194297 -0.000000
v -0.243906 5.189596 -0.000000
v -0.251574 5.189596 -0.000000
v -0.257888 5.194297 -0.000000
v -0.259986 5.202354 -0.000000
v -0.256101 5.210194 -0.000000
v -0.247740 5.203159 0.058434
v -0.239379 5.200088 0.057316
v -0.235494 5.192721 0.054634
v -0.237592 5.185149 0.051879
v -0.243906 5.180732 0.050271
v -0.251574 5.180732 0.050271
v -0.257888 5.185149 0.051879
v -0.259986 5.192721 0.054634
v -0.256101 5.200088 0.057316
v -0.247740 5.173491 0.109819
v -0.239379 5.170988 0.107718
v -0.235494 5.164982 0.102679
v -0.237592 5.158810 0.097500
v -0.243906 5.155209 0.094478
v -0.251574 5.155209 0.094478
v -0.257888 5.158810 0.097500
v -0.259986 5.164982 0.102679
v -0.256101 5.170988 0.107718
v -0.247740 5.128038 0.147959
v -0.239379 5.126404 0.145129
v -0.235494 5.122484 0.138339
v -0.237592 5.118455 0.131362
v -0.243905 5.116105 0.127290
v -0.251574 5.116105 0.127290
v -0.257888 5.118455 0.131362
v -0.259986 5.122484 0.138339
v -0.256101 5.126404 0.145129
v -0.247740 5.072281 0.168253
v -0.239379 5.071714 0.165034
v -0.235494 5.070353 0.157314
v -0.237592 5.068954 0.149379
v -0.243905 5.068137 0.144749
v -0.251574 5.068137 0.144749
v -0.257888 5.068954 0.149379
v -0.259986 5.070353 0.157314
v -0.256101 5.071714 0.165034
v -0.247740 5.012946 0.168253
v -0.239379 5.013514 0.165034
v -0.235494 5.014875 0.157314
v -0.237592 5.016274 0.149379
v -0.243905 5.017091 0.144749
v -0.251574 5.017091 0.144749
v -0.257888 5.016274 0.149379
v -0.259986 5.014875 0.157314
v -0.256101 5.013514 0.165034
v -0.247740 4.957190 0.147959
v -0.239379 4.958824 0.145129
v -0.235494 4.962744 0.138339
v -0.237592 4.966772 0.131362
v -0.243905 4.969123 0.127290
v -0.251574 4.969123 0.127290
v -0.257888 4.966772 0.131362
v -0.259986 4.962744 0.138339
v -0.256101 4.958824 0.145129
v -0.247740 4.911736 0.109819
v -0.239379 4.914240 0.107718
v -0.235494 4.920246 0.102679
v -0.237592 4.926418 0.097500
v -0.243905 4.930019 0.094478
v -0.251574 4.930019 0.094478
v -0.257888 4.926418 0.097500
v -0.259986 4.920246 0.102679
v -0.256101 4.914240 0.107718
v -0.247740 4.882069 0.058434
v -0.239379 4.885140 0.057316
v -0.235494 4.892507 0.054635
v -0.237592 4.900078 0.051879
v -0.243905 4.904496 0.050271
v -0.251574 4.904496 0.050271
v -0.257888 4.900078 0.051879
v -0.259986 4.892507 0.054635
v -0.256101 4.885140 0.057316
v -0.220554 4.871765 0.000000
v -0.212193 4.875034 0.000000
v -0.208308 4.882874 0.000000
v -0.210406 4.890931 0.000000
v -0.216720 4.895632 0.000000
v -0.224389 4.895632 0.000000
v -0.230702 4.890931 0.000000
v -0.232800 4.882874 0.000000
v -0.228915 4.875034 0.000000
v -0.220554 4.882069 -0.058434
v -0.212193 4.885140 -0.057316
v -0.208308 4.892507 -0.054634
v -0.210406 4.900078 -0.051879
v -0.216720 4.904496 -0.050271
v -0.224389 4.904496 -0.050271
v -0.230702 4.900078 -0.051879
v -0.232800 4.892507 -0.054634
v -0.228915 4.885140 -0.057316
v -0.220554 4.911736 -0.109819
v -0.212193 4.914240 -0.107718
v -0.208308 4.920246 -0.102679
v -0.210406 4.926418 -0.097500
v -0.216720 4.930019 -0.094478
v -0.224389 4.930019 -0.094478
v -0.230702 4.926418 -0.097500
v -0.232800 4.920246 -0.102679
v -0.228915 4.914240 -0.107718
v -0.220554 4.957190 -0.147959
v -0.212193 4.958824 -0.145128
v -0.208308 4.962744 -0.138339
v -0.210406 4.966772 -0.131361
v -0.216720 4.969123 -0.127290
v -0.224389 4.969123 -0.127290
v -0.230702 4.966772 -0.131361
v -0.232800 4.962744 -0.138339
v -0.228915 4.958824 -0.145128
v -0.220554 5.012946 -0.168253
v -0.212193 5.013514 -0.165034
v -0.208308 5.014875 -0.157314
v -0.210406 5.016274 -0.149379
v -0.216720 5.017091 -0.144749
v -0.224389 5.017091 -0.144749
v -0.230702 5.016274 -0.149379
v -0.232800 5.014875 -0.157314
v -0.228915 5.013514 -0.165034
v -0.220554 5.072281 -0.168253
v -0.212193 5.071713 -0.165034
v -0.208308 5.070353 -0.157314
v -0.210406 5.068953 -0.149379
v -0.216720 5.068137 -0.144749
v -0.224389 5.068137 -0.144749
v -0.230702 5.068953 -0.149379
v -0.232800 5.070353 -0.157314
v -0.228915 5.071713 -0.165034
v -0.220554 5.128038 -0.147959
v -0.212193 5.126404 -0.145129
v -0.208308 5.122484 -0.138339
v -0.210406 5.118455 -0.131362
v -0.216720 5.116105 -0.127290
v -0.224389 5.116105 -0.127290
v -0.230702 5.118455 -0.131362
v -0.232800 5.122484 -0.138339
v -0.228915 5.126404 -0.145129
v -0.220554 5.173491 -0.109819
v -0.212193 5.170988 -0.107718
v -0.208308 5.164982 -0.102679
v -0.210406 5.158810 -0.097500
v -0.216720 5.155209 -0.094478
v -0.224389 5.155209 -0.094478
v -0.230702 5.158810 -0.097500
v -0.232800 5.164982 -0.102679
v -0.228915 5.170988 -0.107718
v -0.220554 5.203159 -0.058434
v -0.212193 5.200088 -0.057316
v -0.208308 5.192721 -0.054635
v -0.210406 5.185149 -0.051879
v -0.216720 5.180732 -0.050271
v -0.224389 5.180732 -0.050271
v -0.230702 5.185149 -0.051879
v -0.232800 5.192721 -0.054635
v -0.228915 5.200088 -0.057316
v -0.220554 5.213462 -0.000000
v -0.212193 5.210194 -0.000000
v -0.208308 5.202354 -0.000000
v -0.210406 5.194297 -0.000000
v -0.216720 5.189596 -0.000000
v -0.224389 5.189596 -0.000000
v -0.230702 5.194297 -0.000000
v -0.232800 5.202354 -0.000000
v -0.228915 5.210194 -0.000000
v -0.220554 5.203159 0.058434
v -0.212193 5.200088 0.057316
v -0.208308 5.192721 0.054634
v -0.210406 5.185149 0.051879
v -0.216720 5.180732 0.050271
v -0.224389 5.180732 0.050271
v -0.230702 5.185149 0.051879
v -0.232800 5.192721 0.054634
v -0.228915 5.200088 0.057316
v -0.220554 5.173491 0.109819
v -0.212193 5.170988 0.107718
v -0.208308 5.164982 0.102679
v -0.210406 5.158810 0.097500
v -0.216720 5.155209 0.094478
v -0.224389 5.155209 0.094478
v -0.230702 5.158810 0.097500
v -0.232800 5.164982 0.102679
v -0.228915 5.170988 0.107718
v -0.220554 5.128038 0.147959
v -0.212193 5.126404 0.145129
v -0.208308 5.122484 0.138339
v -0.210406 5.118455 0.131362
v -0.216720 5.116105 0.127290
v -0.224389 5.116105 0.127290
v -0.230702 5.118455 0.131362
v -0.232800 5.122484 0.138339
v -0.228915 5.126404 0.145129
v -0.220554 5.072281 0.168253
v -0.212193 5.071714 0.165034
v -0.208308 5.070353 0.157314
v -0.210406 5.068954 0.149379
v -0.216720 5.068137 0.144749
v -0.224389 5.068137 0.144749
v -0.230702 5.068954 0.149379
v -0.232800 5.070353 0.157314
v -0.228915 5.071714 0.165034
v -0.220554 5.012946 0.168253
v -0.212193 5.013514 0.165034
v -0.208308 5.014875 0.157314
v -0.210406 5.016274 0.149379
v -0.216720 5.017091 0.144749
v -0.224389 5.017091 0.144749
v -0.230702 5.016274 0.149379
v -0.232800 5.014875 0.157314
v -0.228915 5.013514 0.165034
v -0.220554 4.957190 0.147959
v -0.212193 4.958824 0.145129
v -0.208308 4.962744 0.138339
v -0.210406 4.966772 0.131362
v -0.216720 4.969123 0.127290
v -0.224389 4.969123 0.127290
v -0.230702 4.966772 0.131362
v -0.232800 4.962744 0.138339
v -0.228915 4.958824 0.145129
v -0.220554 4.911736 0.109819
v -0.212193 4.914240 0.107718
v -0.208308 4.920246 0.102679
v -0.210406 4.926418 0.097500
v -0.216720 4.930019 0.094478
v -0.224389 4.930019 0.094478
v -0.230702 4.926418 0.097500
v -0.232800 4.920246 0.102679
v -0.228915 4.914240 0.107718
v -0.220554 4.882069 0.058434
v -0.212193 4.885140 0.057316
v -0.208308 4.892507 0.054635
v -0.210406 4.900078 0.051879
v -0.216720 4.904496 0.050271
v -0.224389 4.904496 0.050271
v -0.230702 4.900078 0.051879
v -0.232800 4.892507 0.054635
v -0.228915 4.885140 0.057316
v -0.193368 4.871765 0.000000
v -0.185007 4.875034 0.000000
v -0.181123 4.882874 0.000000
v -0.183220 4.890931 0.000000
v -0.189534 4.895632 0.000000
v -0.197203 4.895632 0.000000
v -0.203516 4.890931 0.000000
v -0.205614 4.882874 0.000000
v -0.201729 4.875034 0.000000
v -0.193368 4.882069 -0.058434
v -0.185007 4.885140 -0.057316
v -0.181123 4.892507 -0.054634
v -0.183220 4.900078 -0.051879
v -0.189534 4.904496 -0.050271
v -0.197203 4.904496 -0.050271
v -0.203516 4.900078 -0.051879
v -0.205614 4.892507 -0.054634
v -0.201729 4.885140 -0.057316
v -0.193368 4.911736 -0.109819
v -0.185008 4.914240 -0.107718
v -0.181123 4.920246 -0.102679
v -0.183220 4.926418 -0.097500
v -0.189534 4.930019 -0.094478
v -0.197203 4.930019 -0.094478
v -0.203516 4.926418 -0.097500
v -0.205614 4.920246 -0.102679
v -0.201729 4.914240 -0.107718
v -0.193368 4.957190 -0.147959
v -0.185008 4.958824 -0.145128
v -0.181123 4.962744 -0.138339
v -0.183220 4.966772 -0.131361
v -0.189534 4.969123 -0.127290
v -0.197203 4.969123 -0.127290
v -0.203516 4.966772 -0.131361
v -0.205614 4.962744 -0.138339
v -0.201729 4.958824 -0.145128
v -0.193368 5.012946 -0.168253
v -0.185008 5.013514 -0.165034
v -0.181123 5.014875 -0.157314
v -0.183220 5.016274 -0.149379
v -0.189534 5.017091 -0.144749
v -0.197203 5.017091 -0.144749
v -0.203517 5.016274 -0.149379
v -0.205614 5.014875 -0.157314
v -0.201729 5.013514 -0.165034
v -0.193368 5.072281 -0.168253
v -0.185008 5.071713 -0.165034
v -0.181123 5.070353 -0.157314
v -0.183220 5.068953 -0.149379
v -0.189534 5.068137 -0.144749
v -0.197203 5.068137 -0.144749
v -0.203517 5.068953 -0.149379
v -0.205614 5.070353 -0.157314
v -0.201729 5.071713 -0.165034
v -0.193369 5.128038 -0.147959
v -0.185008 5.126404 -0.145129
v -0.181123 5.122484 -0.138339
v -0.183220 5.118455 -0.131362
v -0.189534 5.116105 -0.127290
v -0.197203 5.116105 -0.127290
v -0.203517 5.118455 -0.131362
v -0.205614 5.122484 -0.138339
v -0.201729 5.126404 -0.145129
v -0.193369 5.173491 -0.109819
v -0.185008 5.170988 -0.107718
v -0.181123 5.164982 -0.102679
v -0.183220 5.158810 -0.097500
v -0.189534 5.155209 -0.094478
v -0.197203 5.155209 -0.094478
v -0.203517 5.158810 -0.097500
v -0.205614 5.164982 -0.102679
v -0.201729 5.170988 -0.107718
v -0.193369 5.203159 -0.058434
v -0.185008 5.200088 -0.057316
v -0.181123 5.192721 -0.054635
v -0.183220 5.185149 -0.051879
v -0.189534 5.180732 -0.050271
v -0.197203 5.180732 -0.050271
v -0.203517 5.185149 -0.051879
v -0.205614 5.192721 -0.054635
v -0.201729 5.200088 -0.057316
v -0.193369 5.213462 -0.000000
v -0.185008 5.210194 -0.000000
v -0.181123 5.202354 -0.000000
v -0.183220 5.194297 -0.000000
v -0.189534 5.189596 -0.000000
v -0.197203 5.189596 -0.000000
v -0.203517 5.194297 -0.000000
v -0.205614 5.202354 -0.000000
v -0.201729 5.210194 -0.000000
v -0.193368 5.203159 0.058434
v -0.185008 5.200088 0.057316
v -0.181123 5.192721 0.054634
v -0.183220 5.185149 0.051879
v -0.189534 5.180732 0.050271
v -0.197203 5.180732 0.050271
v -0.203517 5.185149 0.051879
v -0.205614 5.192721 0.054634
v -0.201729 5.200088 0.057316
v -0.193368 5.173491 0.109819
v -0.185008 5.170988 0.107718
v -0.181123 5.164982 0.102679
v -0.183220 5.158810 0.097500
v -0.189534 5.155209 0.094478
v -0.197203 5.155209 0.094478
v -0.203517 5.158810 0.097500
v -0.205614 5.164982 0.102679
v -0.201729 5.170988 0.107718
v -0.193368 5.128038 0.147959
v -0.185008 5.126404 0.145129
v -0.181123 5.122484 0.138339
v -0.183220 5.118455 0.131362
v -0.189534 5.116105 0.127290
v -0.197203 5.116105 0.127290
v -0.203516 5.118455 0.131362
v -0.205614 5.122484 0.138339
v -0.201729 5.126404 0.145129
v -0.193368 5.072281 0.168253
v -0.185008 5.071714 0.165034
v -0.181123 5.070353 0.157314
v -0.183220 5.068954 0.149379
v -0.189534 5.068137 0.144749
v -0.197203 5.068137 0.144749
v -0.203516 5.068954 0.149379
v -0.205614 5.070353 0.157314
v -0.201729 5.071714 0.165034
v -0.193368 5.012946 0.168253
v -0.185007 5.013514 0.165034
v -0.181123 5.014875 0.157314
v -0.183220 5.016274 0.149379
v -0.189534 5.017091 0.144749
v -0.197203 5.017091 0.144749
v -0.203516 5.016274 0.149379
v -0.205614 5.014875 0.157314
v -0.201729 5.013514 0.165034
v -0.193368 4.957190 0.147959
v -0.185007 4.958824 0.145129
v -0.181123 4.962744 0.138339
v -0.183220 4.966772 0.131362
v -0.189534 4.969123 0.127290
v -0.197203 4.969123 0.127290
v -0.203516 4.966772 0.131362
v -0.205614 4.962744 0.138339
v -0.201729 4.958824 0.145129
v -0.193368 4.911736 0.109819
v -0.185007 4.914240 0.107718
v -0.181123 4.920246 0.102679
v -0.183220 4.926418 0.097500
v -0.189534 4.930019 0.094478
v -0.197203 4.930019 0.094478
v -0.203516 4.926418 0.097500
v -0.205614 4.920246 0.102679
v -0.201729 4.914240 0.107718
v -0.193368 4.882069 0.058434
v -0.185007 4.885140 0.057316
v -0.181123 4.892507 0.054635
v -0.183220 4.900078 0.051879
v -0.189534 4.904496 0.050271
v -0.197203 4.904496 0.050271
v -0.203516 4.900078 0.051879
v -0.205614 4.892507 0.054635
v -0.201729 4.885140 0.057316
v -0.166183 4.871765 0.000000
v -0.157822 4.875034 0.000000
v -0.153937 4.882874 0.000000
v -0.156035 4.890931 0.000000
v -0.162348 4.895632 0.000000
v -0.170017 4.895632 0.000000
v -0.176331 4.890931 0.000000
v -0.178428 4.882874 0.000000
v -0.174544 4.875034 0.000000
v -0.166183 4.882069 -0.058434
v -0.157822 4.885140 -0.057316
v -0.153937 4.892507 -0.054634
v -0.156035 4.900078 -0.051879
v -0.162348 4.904496 -0.050271
v -0.170017 4.904496 -0.050271
v -0.176331 4.900078 -0.051879
v -0.178428 4.892507 -0.054634
v -0.174544 4.885140 -0.057316
v -0.166183 4.911736 -0.109819
v -0.157822 4.914240 -0.107718
v -0.153937 4.920246 -0.102679
v -0.156035 4.926418 -0.097500
v -0.162348 4.930019 -0.094478
v -0.170017 4.930019 -0.094478
v -0.176331 4.926418 -0.097500
v -0.178428 4.920246 -0.102679
v -0.174544 4.914240 -0.107718
v -0.166183 4.957190 -0.147959
v -0.157822 4.958824 -0.145128
v -0.153937 4.962744 -0.138339
v -0.156035 4.966772 -0.131361
v -0.162348 4.969123 -0.127290
v -0.170017 4.969123 -0.127290
v -0.176331 4.966772 -0.131361
v -0.178428 4.962744 -0.138339
v -0.174544 4.958824 -0.145128
v -0.166183 5.012946 -0.168253
v -0.157822 5.013514 -0.165034
v -0.153937 5.014875 -0.157314
v -0.156035 5.016274 -0.149379
v -0.162348 5.017091 -0.144749
v -0.170017 5.017091 -0.144749
v -0.176331 5.016274 -0.149379
v -0.178429 5.014875 -0.157314
v -0.174544 5.013514 -0.165034
v -0.166183 5.072281 -0.168253
v -0.157822 5.071713 -0.165034
v -0.153937 5.070353 -0.157314
v -0.156035 5.068953 -0.149379
v -0.162348 5.068137 -0.144749
v -0.170017 5.068137 -0.144749
v -0.176331 5.068953 -0.149379
v -0.178429 5.070353 -0.157314
v -0.174544 5.071713 -0.165034
v -0.166183 5.128038 -0.147959
v -0.157822 5.126404 -0.145129
v -0.153937 5.122484 -0.138339
v -0.156035 5.118455 -0.131362
v -0.162348 5.116105 -0.127290
v -0.170017 5.116105 -0.127290
v -0.176331 5.118455 -0.131362
v -0.178429 5.122484 -0.138339
v -0.174544 5.126404 -0.145129
v -0.166183 5.173491 -0.109819
v -0.157822 5.170988 -0.107718
v -0.153937 5.164982 -0.102679
v -0.156035 5.158810 -0.097500
v -0.162348 5.155209 -0.094478
v -0.170017 5.155209 -0.094478
v -0.176331 5.158810 -0.097500
v -0.178429 5.164982 -0.102679
v -0.174544 5.170988 -0.107718
v -0.166183 5.203159 -0.058434
v -0.157822 5.200088 -0.057316
v -0.153937 5.192721 -0.054635
v -0.156035 5.185149 -0.051879
v -0.162348 5.180732 -0.050271
v -0.170017 5.180732 -0.050271
v -0.176331 5.185149 -0.051879
v -0.178429 5.192721 -0.054635
v -0.174544 5.200088 -0.057316
v -0.166183 5.213462 -0.000000
v -0.157822 5.210194 -0.000000
v -0.153937 5.202354 -0.000000
v -0.156035 5.194297 -0.000000
v -0.162348 5.189596 -0.000000
v -0.170017 5.189596 -0.000000
v -0.176331 5.194297 -0.000000
v -0.178429 5.202354 -0.000000
v -0.174544 5.210194 -0.000000
v -0.166183 5.203159 0.058434
v -0.157822 5.200088 0.057316
v -0.153937 5.192721 0.054634
v -0.156035 5.185149 0.051879
v -0.162348 5.180732 0.050271
v -0.170017 5.180732 0.050271
v -0.176331 5.185149 0.051879
v -0.178429 5.192721 0.054634
v -0.174544 5.200088 0.057316
v -0.166183 5.173491 0.109819
v -0.157822 5.170988 0.107718
v -0.153937 5.164982 0.102679
v -0.156035 5.158810 0.097500
v -0.162348 5.155209 0.094478
v -0.170017 5.155209 0.094478
v -0.176331 5.158810 0.097500
v -0.178429 5.164982 0.102679
v -0.174544 5.170988 0.107718
v -0.166183 5.128038 0.147959
v -0.157822 5.126404 0.145129
v -0.153937 5.122484 0.138339
v -0.156035 5.118455 0.131362
v -0.162348 5.116105 0.127290
v -0.170017 5.116105 0.127290
v -0.176331 5.118455 0.131362
v -0.178428 5.122484 0.138339
v -0.174544 5.126404 0.145129
v -0.166183 5.072281 0.168253
v -0.157822 5.071714 0.165034
v -0.153937 5.070353 0.157314
v -0.156035 5.068954 0.149379
v -0.162348 5.068137 0.144749
v -0.170017 5.068137 0.144749
v -0.176331 5.068954 0.149379
v -0.178428 5.070353 0.157314
v -0.174544 5.071714 0.165034
v -0.166183 5.012946 0.168253
v -0.157822 5.013514 0.165034
v -0.153937 5.014875 0.157314
v -0.156035 5.016274 0.149379
v -0.162348 5.017091 0.144749
v -0.170017 5.017091 0.144749
v -0.176331 5.016274 0.149379
v -0.178428 5.014875 0.157314
v -0.174544 5.013514 0.165034
v -0.166183 4.957190 0.147959
v -0.157822 4.958824 0.145129
v -0.153937 4.962744 0.138339
v -0.156035 4.966772 0.131362
v -0.162348 4.969123 0.127290
v -0.170017 4.969123 0.127290
v -0.176331 4.966772 0.131362
v -0.178428 4.962744 0.138339
v -0.174544 4.958824 0.145129
v -0.166183 4.911736 0.109819
v -0.157822 4.914240 0.107718
v -0.153937 4.920246 0.102679
v -0.156035 4.926418 0.097500
v -0.162348 4.930019 0.094478
v -0.170017 4.930019 0.094478
v -0.176331 4.926418 0.097500
v -0.178428 4.920246 0.102679
v -0.174544 4.914240 0.107718
v -0.166183 4.882069 0.058434
v -0.157822 4.885140 0.057316
v -0.153937 4.892507 0.054635
v -0.156035 4.900078 0.051879
v -0.162348 4.904496 0.050271
v -0.170017 4.904496 0.050271
v -0.176331 4.900078 0.051879
v -0.178428 4.892507 0.054635
v -0.174544 4.885140 0.057316
v -0.138997 4.871765 0.000000
v -0.130636 4.875034 0.000000
v -0.126751 4.882874 0.000000
v -0.128849 4.890931 0.000000
v -0.135162 4.895632 0.000000
v -0.142831 4.895632 0.000000
v -0.149145 4.890931 0.000000
v -0.151243 4.882874 0.000000
v -0.147358 4.875034 0.000000
v -0.138997 4.882069 -0.058434
v -0.130636 4.885140 -0.057316
v -0.126751 4.892507 -0.054634
v -0.128849 4.900078 -0.051879
v -0.135162 4.904496 -0.050271
v -0.142831 4.904496 -0.050271
v -0.149145 4.900078 -0.051879
v -0.151243 4.892507 -0.054634
v -0.147358 4.885140 -0.057316
v -0.138997 4.911736 -0.109819
v -0.130636 4.914240 -0.107718
v -0.126751 4.920246 -0.102679
v -0.128849 4.926418 -0.097500
v -0.135162 4.930019 -0.094478
v -0.142831 4.930019 -0.094478
v -0.149145 4.926418 -0.097500
v -0.151243 4.920246 -0.102679
v -0.147358 4.914240 -0.107718
v -0.138997 4.957190 -0.147959
v -0.130636 4.958824 -0.145128
v -0.126751 4.962744 -0.138339
v -0.128849 4.966772 -0.131361
v -0.135162 4.969123 -0.127290
v -0.142831 4.969123 -0.127290
v -0.149145 4.966772 -0.131361
v -0.151243 4.962744 -0.138339
v -0.147358 4.958824 -0.145128
v -0.138997 5.012946 -0.168253
v -0.130636 5.013514 -0.165034
v -0.126751 5.014875 -0.157314
v -0.128849 5.016274 -0.149379
v -0.135162 5.017091 -0.144749
v -0.142831 5.017091 -0.144749
v -0.149145 5.016274 -0.149379
v -0.151243 5.014875 -0.157314
v -0.147358 5.013514 -0.165034
v -0.138997 5.072281 -0.168253
v -0.130636 5.071713 -0.165034
v -0.126751 5.070353 -0.157314
v -0.128849 5.068953 -0.149379
v -0.135162 5.068137 -0.144749
v -0.142831 5.068137 -0.144749
v -0.149145 5.068953 -0.149379
v -0.151243 5.070353 -0.157314
v -0.147358 5.071713 -0.165034
v -0.138997 5.128038 -0.147959
v -0.130636 5.126404 -0.145129
v -0.126751 5.122484 -0.138339
v -0.128849 5.118455 -0.131362
v -0.135162 5.116105 -0.127290
v -0.142831 5.116105 -0.127290
v -0.149145 5.118455 -0.131362
v -0.151243 5.122484 -0.138339
v -0.147358 5.126404 -0.145129
v -0.138997 5.173491 -0.109819
v -0.130636 5.170988 -0.107718
v -0.126751 5.164982 -0.102679
v -0.128849 5.158810 -0.097500
v -0.135162 5.155209 -0.094478
v -0.142831 5.155209 -0.094478
v -0.149145 5.158810 -0.097500
v -0.151243 5.164982 -0.102679
v -0.147358 5.170988 -0.107718
v -0.138997 5.203159 -0.058434
v -0.130636 5.200088 -0.057316
v -0.126751 5.192721 -0.054635
v -0.128849 5.185149 -0.051879
v -0.135162 5.180732 -0.050271
v -0.142831 5.180732 -0.050271
v -0.149145 5.185149 -0.051879
v -0.151243 5.192721 -0.054635
v -0.147358 5.200088 -0.057316
v -0.138997 5.213462 -0.000000
v -0.130636 5.210194 -0.000000
v -0.126751 5.202354 -0.000000
v -0.128849 5.194297 -0.000000
v -0.135162 5.189596 -0.000000
v -0.142831 5.189596 -0.000000
v -0.149145 5.194297 -0.000000
v -0.151243 5.202354 -0.000000
v -0.147358 5.210194 -0.000000
v -0.138997 5.203159 0.058434
v -0.130636 5.200088 0.057316
v -0.126751 5.192721 0.054634
v -0.128849 5.185149 0.051879
v -0.135162 5.180732 0.050271
v -0.142831 5.180732 0.050271
v -0.149145 5.185149 0.051879
v -0.151243 5.192721 0.054634
v -0.147358 5.200088 0.057316
v -0.138997 5.173491 0.109819
v -0.130636 5.170988 0.107718
v -0.126751 5.164982 0.102679
v -0.128849 5.158810 0.097500
v -0.135162 5.155209 0.094478
v -0.142831 5.155209 0.094478
v -0.149145 5.158810 0.097500
v -0.151243 5.164982 0.102679
v -0.147358 5.170988 0.107718
v -0.138997 5.128038 0.147959
v -0.130636 5.126404 0.145129
v -0.126751 5.122484 0.138339
v -0.128849 5.118455 0.131362
v -0.135162 5.116105 0.127290
v -0.142831 5.116105 0.127290
v -0.149145 5.118455 0.131362
v -0.151243 5.122484 0.138339
v -0.147358 5.126404 0.145129
v -0.138997 5.072281 0.168253
v -0.130636 5.071714 0.165034
v -0.126751 5.070353 0.157314
v -0.128849 5.068954 0.149379
v -0.135162 5.068137 0.144749
v -0.142831 5.068137 0.144749
v -0.149145 5.068954 0.149379
v -0.151243 5.070353 0.157314
v -0.147358 5.071714 0.165034
v -0.138997 5.012946 0.168253
v -0.130636 5.013514 0.165034
v -0.126751 5.014875 0.157314
v -0.128849 5.016274 0.149379
v -0.135162 5.017091 0.144749
v -0.142831 5.017091 0.144749
v -0.149145 5.016274 0.149379
v -0.151243 5.014875 0.157314
v -0.147358 5.013514 0.165034
v -0.138997 4.957190 0.147959
v -0.130636 4.958824 0.145129
v -0.126751 4.962744 0.138339
v -0.128849 4.966772 0.131362
v -0.135162 4.969123 0.127290
v -0.142831 4.969123 0.127290
v -0.149145 4.966772 0.131362
v -0.151243 4.962744 0.138339
v -0.147358 4.958824 0.145129
v -0.138997 4.911736 0.109819
v -0.130636 4.914240 0.107718
v -0.126751 4.920246 0.102679
v -0.128849 4.926418 0.097500
v -0.135162 4.930019 0.094478
v -0.142831 4.930019 0.094478
v -0.149145 4.926418 0.097500
v -0.151243 4.920246 0.102679
v -0.147358 4.914240 0.107718
v -0.138997 4.882069 0.058434
v -0.130636 4.885140 0.057316
v -0.126751 4.892507 0.054635
v -0.128849 4.900078 0.051879
v -0.135162 4.904496 0.050271
v -0.142831 4.904496 0.050271
v -0.149145 4.900078 0.051879
v -0.151243 4.892507 0.054635
v -0.147358 4.885140 0.057316
v -0.111811 4.871765 0.000000
v -0.103450 4.875034 0.000000
v -0.099565 4.882874 0.000000
v -0.101663 4.890931 0.000000
v -0.107977 4.895632 0.000000
v -0.115646 4.895632 0.000000
v -0.121959 4.890931 0.000000
v -0.124057 4.882874 0.000000
v -0.120172 4.875034 0.000000
v -0.111811 4.882069 -0.058434
v -0.103450 4.885140 -0.057316
v -0.099565 4.892507 -0.054634
v -0.101663 4.900078 -0.051879
v -0.107977 4.904496 -0.050271
v -0.115646 4.904496 -0.050271
v -0.121959 4.900078 -0.051879
v -0.124057 4.892507 -0.054634
v -0.120172 4.885140 -0.057316
v -0.111811 4.911736 -0.109819
v -0.103450 4.914240 -0.107718
v -0.099565 4.920246 -0.102679
v -0.101663 4.926418 -0.097500
v -0.107977 4.930019 -0.094478
v -0.115646 4.930019 -0.094478
v -0.121959 4.926418 -0.097500
v -0.124057 4.920246 -0.102679
v -0.120172 4.914240 -0.107718
v -0.111811 4.957190 -0.147959
v -0.103450 4.958824 -0.145128
v -0.099565 4.962744 -0.138339
v -0.101663 4.966772 -0.131361
v -0.107977 4.969123 -0.127290
v -0.115646 4.969123 -0.127290
v -0.121959 4.966772 -0.131361
v -0.124057 4.962744 -0.138339
v -0.120172 4.958824 -0.145128
v -0.111811 5.012946 -0.168253
v -0.103450 5.013514 -0.165034
v -0.099565 5.014875 -0.157314
v -0.101663 5.016274 -0.149379
v -0.107977 5.017091 -0.144749
v -0.115646 5.017091 -0.144749
v -0.121959 5.016274 -0.149379
v -0.124057 5.014875 -0.157314
v -0.120172 5.013514 -0.165034
v -0.111811 5.072281 -0.168253
v -0.103450 5.071713 -0.165034
v -0.099565 5.070353 -0.157314
v -0.101663 5.068953 -0.149379
v -0.107977 5.068137 -0.144749
v -0.115646 5.068137 -0.144749
v -0.121959 5.068953 -0.149379
v -0.124057 5.070353 -0.157314
v -0.120172 5.071713 -0.165034
v -0.111811 5.128038 -0.147959
v -0.103450 5.126404 -0.145129
v -0.099565 5.122484 -0.138339
v -0.101663 5.118455 -0.131362
v -0.107977 5.116105 -0.127290
v -0.115646 5.116105 -0.127290
v -0.121959 5.118455 -0.131362
v -0.124057 5.122484 -0.138339
v -0.120172 5.126404 -0.145129
v -0.111811 5.173491 -0.109819
v -0.103450 5.170988 -0.107718
v -0.099565 5.164982 -0.102679
v -0.101663 5.158810 -0.097500
v -0.107977 5.155209 -0.094478
v -0.115646 5.155209 -0.094478
v -0.121959 5.158810 -0.097500
v -0.124057 5.164982 -0.102679
v -0.120172 5.170988 -0.107718
v -0.111811 5.203159 -0.058434
v -0.103450 5.200088 -0.057316
v -0.099565 5.192721 -0.054635
v -0.101663 5.185149 -0.051879
v -0.107977 5.180732 -0.050271
v -0.115646 5.180732 -0.050271
v -0.121959 5.185149 -0.051879
v -0.124057 5.192721 -0.054635
v -0.120172 5.200088 -0.057316
v -0.111811 5.213462 -0.000000
v -0.103450 5.210194 -0.000000
v -0.099565 5.202354 -0.000000
v -0.101663 5.194297 -0.000000
v -0.107977 5.189596 -0.000000
v -0.115646 5.189596 -0.000000
v -0.121959 5.194297 -0.000000
v -0.124057 5.202354 -0.000000
v -0.120172 5.210194 -0.000000
v -0.111811 5.203159 0.058434
v -0.103450 5.200088 0.057316
v -0.099565 5.192721 0.054634
v -0.101663 5.185149 0.051879
v -0.107977 5.180732 0.050271
v -0.115646 5.180732 0.050271
v -0.121959 5.185149 0.051879
v -0.124057 5.192721 0.054634
v -0.120172 5.200088 0.057316
v -0.111811 5.173491 0.109819
v -0.103450 5.170988 0.107718
v -0.099565 5.164982 0.102679
v -0.101663 5.158810 0.097500
v -0.107977 5.155209 0.094478
v -0.115646 5.155209 0.094478
v -0.121959 5.158810 0.097500
v -0.124057 5.164982 0.102679
v -0.120172 5.170988 0.107718
v -0.111811 5.128038 0.147959
v -0.103450 5.126404 0.145129
v -0.099565 5.122484 0.138339
v -0.101663 5.118455 0.131362
v -0.107977 5.116105 0.127290
v -0.115646 5.116105 0.127290
v -0.121959 5.118455 0.131362
v -0.124057 5.122484 0.138339
v -0.120172 5.126404 0.145129
v -0.111811 5.072281 0.168253
v -0.103450 5.071714 0.165034
v -0.099565 5.070353 0.157314
v -0.101663 5.068954 0.149379
v -0.107977 5.068137 0.144749
v -0.115646 5.068137 0.144749
v -0.121959 5.068954 0.149379
v -0.124057 5.070353 0.157314
v -0.120172 5.071714 0.165034
v -0.111811 5.012946 0.168253
v -0.103450 5.013514 0.165034
v -0.099565 5.014875 0.157314
v -0.101663 5.016274 0.149379
v -0.107977 5.017091 0.144749
v -0.115646 5.017091 0.144749
v -0.121959 5.016274 0.149379
v -0.124057 5.014875 0.157314
v -0.120172 5.013514 0.165034
v -0.111811 4.957190 0.147959
v -0.103450 4.958824 0.145129
v -0.099565 4.962744 0.138339
v -0.101663 4.966772 0.131362
v -0.107977 4.969123 0.127290
v -0.115646 4.969123 0.127290
v -0.121959 4.966772 0.131362
v -0.124057 4.962744 0.138339
v -0.120172 4.958824 0.145129
v -0.111811 4.911736 0.109819
v -0.103450 4.914240 0.107718
v -0.099565 4.920246 0.102679
v -0.101663 4.926418 0.097500
v -0.107977 4.930019 0.094478
v -0.115646 4.930019 0.094478
v -0.121959 4.926418 0.097500
v -0.124057 4.920246 0.102679
v -0.120172 4.914240 0.107718
v -0.111811 4.882069 0.058434
v -0.103450 4.885140 0.057316
v -0.099565 4.892507 0.054635
v -0.101663 4.900078 0.051879
v -0.107977 4.904496 0.050271
v -0.115646 4.904496 0.050271
v -0.121959 4.900078 0.051879
v -0.124057 4.892507 0.054635
v -0.120172 4.885140 0.057316
v -0.084625 4.871765 0.000000
v -0.076264 4.875034 0.000000
v -0.072380 4.882874 0.000000
v -0.074477 4.890931 0.000000
v -0.080791 4.895632 0.000000
v -0.088460 4.895632 0.000000
v -0.094773 4.890931 0.000000
v -0.096871 4.882874 0.000000
v -0.092986 4.875034 0.000000
v -0.084625 4.882069 -0.058434
v -0.076264 4.885140 -0.057316
v -0.072380 4.892507 -0.054634
v -0.074477 4.900078 -0.051879
v -0.080791 4.904496 -0.050271
v -0.088460 4.904496 -0.050271
v -0.094773 4.900078 -0.051879
v -0.096871 4.892507 -0.054634
v -0.092986 4.885140 -0.057316
v -0.084625 4.911736 -0.109819
v -0.076264 4.914240 -0.107718
v -0.072380 4.920246 -0.102679
v -0.074477 4.926418 -0.097500
v -0.080791 4.930019 -0.094478
v -0.088460 4.930019 -0.094478
v -0.094773 4.926418 -0.097500
v -0.096871 4.920246 -0.102679
v -0.092986 4.914240 -0.107718
v -0.084625 4.957190 -0.147959
v -0.076264 4.958824 -0.145128
v -0.072380 4.962744 -0.138339
v -0.074477 4.966772 -0.131361
v -0.080791 4.969123 -0.127290
v -0.088460 4.969123 -0.127290
v -0.094773 4.966772 -0.131361
v -0.096871 4.962744 -0.138339
v -0.092986 4.958824 -0.145128
v -0.084625 5.012946 -0.168253
v -0.076264 5.013514 -0.165034
v -0.072380 5.014875 -0.157314
v -0.074477 5.016274 -0.149379
v -0.080791 5.017091 -0.144749
v -0.088460 5.017091 -0.144749
v -0.094773 5.016274 -0.149379
v -0.096871 5.014875 -0.157314
v -0.092986 5.013514 -0.165034
v -0.084625 5.072281 -0.168253
v -0.076264 5.071713 -0.165034
v -0.072380 5.070353 -0.157314
v -0.074477 5.068953 -0.149379
v -0.080791 5.068137 -0.144749
v -0.088460 5.068137 -0.144749
v -0.094773 5.068953 -0.149379
v -0.096871 5.070353 -0.157314
v -0.092986 5.071713 -0.165034
v -0.084625 5.128038 -0.147959
v -0.076264 5.126404 -0.145129
v -0.072380 5.122484 -0.138339
v -0.074477 5.118455 -0.131362
v -0.080791 5.116105 -0.127290
v -0.088460 5.116105 -0.127290
v -0.094773 5.118455 -0.131362
v -0.096871 5.122484 -0.138339
v -0.092986 5.126404 -0.145129
v -0.084625 5.173491 -0.109819
v -0.076265 5.170988 -0.107718
v -0.072380 5.164982 -0.102679
v -0.074477 5.158810 -0.097500
v -0.080791 5.155209 -0.094478
v -0.088460 5.155209 -0.094478
v -0.094773 5.158810 -0.097500
v -0.096871 5.164982 -0.102679
v -0.092986 5.170988 -0.107718
v -0.084625 5.203159 -0.058434
v -0.076265 5.200088 -0.057316
v -0.072380 5.192721 -0.054635
v -0.074477 5.185149 -0.051879
v -0.080791 5.180732 -0.050271
v -0.088460 5.180732 -0.050271
v -0.094773 5.185149 -0.051879
v -0.096871 5.192721 -0.054635
v -0.092986 5.200088 -0.057316
v -0.084625 5.213462 -0.000000
v -0.076264 5.210194 -0.000000
v -0.072380 5.202354 -0.000000
v -0.074477 5.194297 -0.000000
v -0.080791 5.189596 -0.000000
v -0.088460 5.189596 -0.000000
v -0.094773 5.194297 -0.000000
v -0.096871 5.202354 -0.000000
v -0.092986 5.210194 -0.000000
v -0.084625 5.203159 0.058434
v -0.076264 5.200088 0.057316
v -0.072380 5.192721 0.054634
v -0.074477 5.185149 0.051879
v -0.080791 5.180732 0.050271
v -0.088460 5.180732 0.050271
v -0.094773 5.185149 0.051879
v -0.096871 5.192721 0.054634
v -0.092986 5.200088 0.057316
v -0.084625 5.173491 0.109819
v -0.076264 5.170988 0.107718
v -0.072380 5.164982 0.102679
v -0.074477 5.158810 0.097500
v -0.080791 5.155209 0.094478
v -0.088460 5.155209 0.094478
v -0.094773 5.158810 0.097500
v -0.096871 5.164982 0.102679
v -0.092986 5.170988 0.107718
v -0.084625 5.128038 0.147959
v -0.076264 5.126404 0.145129
v -0.072380 5.122484 0.138339
v -0.074477 5.118455 0.131362
v -0.080791 5.116105 0.127290
v -0.088460 5.116105 0.127290
v -0.094773 5.118455 0.131362
v -0.096871 5.122484 0.138339
v -0.092986 5.126404 0.145129
v -0.084625 5.072281 0.168253
v -0.076264 5.071714 0.165034
v -0.072380 5.070353 0.157314
v -0.074477 5.068954 0.149379
v -0.080791 5.068137 0.144749
v -0.088460 5.068137 0.144749
v -0.094773 5.068954 0.149379
v -0.096871 5.070353 0.157314
v -0.092986 5.071714 0.165034
v -0.084625 5.012946 0.168253
v -0.076264 5.013514 0.165034
v -0.072380 5.014875 0.157314
v -0.074477 5.016274 0.149379
v -0.080791 5.017091 0.144749
v -0.088460 5.017091 0.144749
v -0.094773 5.016274 0.149379
v -0.096871 5.014875 0.157314
v -0.092986 5.013514 0.165034
v -0.084625 4.957190 0.147959
v -0.076264 4.958824 0.145129
v -0.072380 4.962744 0.138339
v -0.074477 4.966772 0.131362
v -0.080791 4.969123 0.127290
v -0.088460 4.969123 0.127290
v -0.094773 4.966772 0.131362
v -0.096871 4.962744 0.138339
v -0.092986 4.958824 0.145129
v -0.084625 4.911736 0.109819
v -0.076264 4.914240 0.107718
v -0.072380 4.920246 0.102679
v -0.074477 4.926418 0.097500
v -0.080791 4.930019 0.094478
v -0.088460 4.930019 0.094478
v -0.094773 4.926418 0.097500
v -0.096871 4.920246 0.102679
v -0.092986 4.914240 0.107718
v -0.084625 4.882069 0.058434
v -0.076264 4.885140 0.057316
v -0.072380 4.892507 0.054635
v -0.074477 4.900078 0.051879
v -0.080791 4.904496 0.050271
v -0.088460 4.904496 0.050271
v -0.094773 4.900078 0.051879
v -0.096871 4.892507 0.054635
v -0.092986 4.885140 0.057316
v -0.057440 4.871765 0.000000
v -0.049079 4.875034 0.000000
v -0.045194 4.882874 0.000000
v -0.047292 4.890931 0.000000
v -0.053605 4.895632 0.000000
v -0.061274 4.895632 0.000000
v -0.067588 4.890931 0.000000
v -0.069685 4.882874 0.000000
v -0.065801 4.875034 0.000000
v -0.057440 4.882069 -0.058434
v -0.049079 4.885140 -0.057316
v -0.045194 4.892507 -0.054634
v -0.047292 4.900078 -0.051879
v -0.053605 4.904496 -0.050271
v -0.061274 4.904496 -0.050271
v -0.067588 4.900078 -0.051879
v -0.069685 4.892507 -0.054634
v -0.065801 4.885140 -0.057316
v -0.057440 4.911736 -0.109819
v -0.049079 4.914240 -0.107718
v -0.045194 4.920246 -0.102679
v -0.047292 4.926418 -0.097500
v -0.053605 4.930019 -0.094478
v -0.061274 4.930019 -0.094478
v -0.067588 4.926418 -0.097500
v -0.069685 4.920246 -0.102679
v -0.065801 4.914240 -0.107718
v -0.057440 4.957190 -0.147959
v -0.049079 4.958824 -0.145128
v -0.045194 4.962744 -0.138339
v -0.047292 4.966772 -0.131361
v -0.053605 4.969123 -0.127290
v -0.061274 4.969123 -0.127290
v -0.067588 4.966772 -0.131361
v -0.069685 4.962744 -0.138339
v -0.065801 4.958824 -0.145128
v -0.057440 5.012946 -0.168253
v -0.049079 5.013514 -0.165034
v -0.045194 5.014875 -0.157314
v -0.047292 5.016274 -0.149379
v -0.053605 5.017091 -0.144749
v -0.061274 5.017091 -0.144749
v -0.067588 5.016274 -0.149379
v -0.069685 5.014875 -0.157314
v -0.065801 5.013514 -0.165034
v -0.057440 5.072281 -0.168253
v -0.049079 5.071713 -0.165034
v -0.045194 5.070353 -0.157314
v -0.047292 5.068953 -0.149379
v -0.053605 5.068137 -0.144749
v -0.061274 5.068137 -0.144749
v -0.067588 5.068953 -0.149379
v -0.069685 5.070353 -0.157314
v -0.065801 5.071713 -0.165034
v -0.057440 5.128038 -0.147959
v -0.049079 5.126404 -0.145129
v -0.045194 5.122484 -0.138339
v -0.047292 5.118455 -0.131362
v -0.053605 5.116105 -0.127290
v -0.061274 5.116105 -0.127290
v -0.067588 5.118455 -0.131362
v -0.069685 5.122484 -0.138339
v -0.065801 5.126404 -0.145129
v -0.057440 5.173491 -0.109819
v -0.049079 5.170988 -0.107718
v -0.045194 5.164982 -0.102679
v -0.047292 5.158810 -0.097500
v -0.053605 5.155209 -0.094478
v -0.061274 5.155209 -0.094478
v -0.067588 5.158810 -0.097500
v -0.069685 5.164982 -0.102679
v -0.065801 5.170988 -0.107718
v -0.057440 5.203159 -0.058434
v -0.049079 5.200088 -0.057316
v -0.045194 5.192721 -0.054635
v -0.047292 5.185149 -0.051879
v -0.053605 5.180732 -0.050271
v -0.061274 5.180732 -0.050271
v -0.067588 5.185149 -0.051879
v -0.069685 5.192721 -0.054635
v -0.065801 5.200088 -0.057316
v -0.057440 5.213462 -0.000000
v -0.049079 5.210194 -0.000000
v -0.045194 5.202354 -0.000000
v -0.047292 5.194297 -0.000000
v -0.053605 5.189596 -0.000000
v -0.061274 5.189596 -0.000000
v -0.067588 5.194297 -0.000000
v -0.069685 5.202354 -0.000000
v -0.065801 5.210194 -0.000000
v -0.057440 5.203159 0.058434
v -0.049079 5.200088 0.057316
v -0.045194 5.192721 0.054634
v -0.047292 5.185149 0.051879
v -0.053605 5.180732 0.050271
v -0.061274 5.180732 0.050271
v -0.067588 5.185149 0.051879
v -0.069685 5.192721 0.054634
v -0.065801 5.200088 0.057316
v -0.057440 5.173491 0.109819
v -0.049079 5.170988 0.107718
v -0.045194 5.164982 0.102679
v -0.047292 5.158810 0.097500
v -0.053605 5.155209 0.094478
v -0.061274 5.155209 0.094478
v -0.067588 5.158810 0.097500
v -0.069685 5.164982 0.102679
v -0.065801 5.170988 0.107718
v -0.057440 5.128038 0.147959
v -0.049079 5.126404 0.145129
v -0.045194 5.122484 0.138339
v -0.047292 5.118455 0.131362
v -0.053605 5.116105 0.127290
v -0.061274 5.116105 0.127290
v -0.067588 5.118455 0.131362
v -0.069685 5.122484 0.138339
v -0.065801 5.126404 0.145129
v -0.057440 5.072281 0.168253
v -0.049079 5.071714 0.165034
v -0.045194 5.070353 0.157314
v -0.047292 5.068954 0.149379
v -0.053605 5.068137 0.144749
v -0.061274 5.068137 0.144749
v -0.067588 5.068954 0.149379
v -0.069685 5.070353 0.157314
v -0.065801 5.071714 0.165034
v -0.057440 5.012946 0.168253
v -0.049079 5.013514 0.165034
v -0.045194 5.014875 0.157314
v -0.047292 5.016274 0.149379
v -0.053605 5.017091 0.144749
v -0.061274 5.017091 0.144749
v -0.067588 5.016274 0.149379
v -0.069685 5.014875 0.157314
v -0.065801 5.013514 0.165034
v -0.057440 4.957190 0.147959
v -0.049079 4.958824 0.145129
v -0.045194 4.962744 0.138339
v -0.047292 4.966772 0.131362
v -0.053605 4.969123 0.127290
v -0.061274 4.969123 0.127290
v -0.067588 4.966772 0.131362
v -0.069685 4.962744 0.138339
v -0.065801 4.958824 0.145129
v -0.057440 4.911736 0.109819
v -0.049079 4.914240 0.107718
v -0.045194 4.920246 0.102679
v -0.047292 4.926418 0.097500
v -0.053605 4.930019 0.094478
v -0.061274 4.930019 0.094478
v -0.067588 4.926418 0.097500
v -0.069685 4.920246 0.102679
v -0.065801 4.914240 0.107718
v -0.057440 4.882069 0.058434
v -0.049079 4.885140 0.057316
v -0.045194 4.892507 0.054635
v -0.047292 4.900078 0.051879
v -0.053605 4.904496 0.050271
v -0.061274 4.904496 0.050271
v -0.067588 4.900078 0.051879
v -0.069685 4.892507 0.054635
v -0.065801 4.885140 0.057316
v -0.030254 4.871765 0.000000
v -0.021893 4.875034 0.000000
v -0.018008 4.882874 0.000000
v -0.020106 4.890931 0.000000
v -0.026419 4.895632 0.000000
v -0.034088 4.895632 0.000000
v -0.040402 4.890931 0.000000
v -0.042500 4.882874 0.000000
v -0.038615 4.875034 0.000000
v -0.030254 4.882069 -0.058434
v -0.021893 4.885140 -0.057316
v -0.018008 4.892507 -0.054634
v -0.020106 4.900078 -0.051879
v -0.026419 4.904496 -0.050271
v -0.034088 4.904496 -0.050271
v -0.040402 4.900078 -0.051879
v -0.042500 4.892507 -0.054634
v -0.038615 4.885140 -0.057316
v -0.030254 4.911736 -0.109819
v -0.021893 4.914240 -0.107718
v -0.018008 4.920246 -0.102679
v -0.020106 4.926418 -0.097500
v -0.026419 4.930019 -0.094478
v -0.034088 4.930019 -0.094478
v -0.040402 4.926418 -0.097500
v -0.042500 4.920246 -0.102679
v -0.038615 4.914240 -0.107718
v -0.030254 4.957190 -0.147959
v -0.021893 4.958824 -0.145128
v -0.018008 4.962744 -0.138339
v -0.020106 4.966772 -0.131361
v -0.026419 4.969123 -0.127290
v -0.034088 4.969123 -0.127290
v -0.040402 4.966772 -0.131361
v -0.042500 4.962744 -0.138339
v -0.038615 4.958824 -0.145128
v -0.030254 5.012946 -0.168253
v -0.021893 5.013514 -0.165034
v -0.018008 5.014875 -0.157314
v -0.020106 5.016274 -0.149379
v -0.026419 5.017091 -0.144749
v -0.034088 5.017091 -0.144749
v -0.040402 5.016274 -0.149379
v -0.042500 5.014875 -0.157314
v -0.038615 5.013514 -0.165034
v -0.030254 5.072281 -0.168253
v -0.021893 5.071713 -0.165034
v -0.018008 5.070353 -0.157314
v -0.020106 5.068953 -0.149379
v -0.026419 5.068137 -0.144749
v -0.034088 5.068137 -0.144749
v -0.040402 5.068953 -0.149379
v -0.042500 5.070353 -0.157314
v -0.038615 5.071713 -0.165034
v -0.030254 5.128038 -0.147959
v -0.021893 5.126404 -0.145129
v -0.018008 5.122484 -0.138339
v -0.020106 5.118455 -0.131362
v -0.026419 5.116105 -0.127290
v -0.034088 5.116105 -0.127290
v -0.040402 5.118455 -0.131362
v -0.042500 5.122484 -0.138339
v -0.038615 5.126404 -0.145129
v -0.030254 5.173491 -0.109819
v -0.021893 5.170988 -0.107718
v -0.018008 5.164982 -0.102679
v -0.020106 5.158810 -0.097500
v -0.026419 5.155209 -0.094478
v -0.034088 5.155209 -0.094478
v -0.040402 5.158810 -0.097500
v -0.042500 5.164982 -0.102679
v -0.038615 5.170988 -0.107718
v -0.030254 5.203159 -0.058434
v -0.021893 5.200088 -0.057316
v -0.018008 5.192721 -0.054635
v -0.020106 5.185149 -0.051879
v -0.026419 5.180732 -0.050271
v -0.034088 5.180732 -0.050271
v -0.040402 5.185149 -0.051879
v -0.042500 5.192721 -0.054635
v -0.038615 5.200088 -0.057316
v -0.030254 5.213462 -0.000000
v -0.021893 5.210194 -0.000000
v -0.018008 5.202354 -0.000000
v -0.020106 5.194297 -0.000000
v -0.026419 5.189596 -0.000000
v -0.034088 5.189596 -0.000000
v -0.040402 5.194297 -0.000000
v -0.042500 5.202354 -0.000000
v -0.038615 5.210194 -0.000000
v -0.030254 5.203159 0.058434
v -0.021893 5.200088 0.057316
v -0.018008 5.192721 0.054634
v -0.020106 5.185149 0.051879
v -0.026419 5.180732 0.050271
v -0.034088 5.180732 0.050271
v -0.040402 5.185149 0.051879
v -0.042500 5.192721 0.054634
v -0.038615 5.200088 0.057316
v -0.030254 5.173491 0.109819
v -0.021893 5.170988 0.107718
v -0.018008 5.164982 0.102679
v -0.020106 5.158810 0.097500
v -0.026419 5.155209 0.094478
v -0.034088 5.155209 0.094478
v -0.040402 5.158810 0.097500
v -0.042500 5.164982 0.102679
v -0.038615 5.170988 0.107718
v -0.030254 5.128038 0.147959
v -0.021893 5.126404 0.145129
v -0.018008 5.122484 0.138339
v -0.020106 5.118455 0.131362
v -0.026419 5.116105 0.127290
v -0.034088 5.116105 0.127290
v -0.040402 5.118455 0.131362
v -0.042500 5.122484 0.138339
v -0.038615 5.126404 0.145129
v -0.030254 5.072281 0.168253
v -0.021893 5.071714 0.165034
v -0.018008 5.070353 0.157314
v -0.020106 5.068954 0.149379
v -0.026419 5.068137 0.144749
v -0.034088 5.068137 0.144749
v -0.040402 5.068954 0.149379
v -0.042500 5.070353 0.157314
v -0.038615 5.071714 0.165034
v -0.030254 5.012946 0.168253
v -0.021893 5.013514 0.165034
v -0.018008 5.014875 0.157314
v -0.020106 5.016274 0.149379
v -0.026419 5.017091 0.144749
v -0.034088 5.017091 0.144749
v -0.040402 5.016274 0.149379
v -0.042500 5.014875 0.157314
v -0.038615 5.013514 0.165034
v -0.030254 4.957190 0.147959
v -0.021893 4.958824 0.145129
v -0.018008 4.962744 0.138339
v -0.020106 4.966772 0.131362
v -0.026419 4.969123 0.127290
v -0.034088 4.969123 0.127290
v -0.040402 4.966772 0.131362
v -0.042500 4.962744 0.138339
v -0.038615 4.958824 0.145129
v -0.030254 4.911736 0.109819
v -0.021893 4.914240 0.107718
v -0.018008 4.920246 0.102679
v -0.020106 4.926418 0.097500
v -0.026419 4.930019 0.094478
v -0.034088 4.930019 0.094478
v -0.040402 4.926418 0.097500
v -0.042500 4.920246 0.102679
v -0.038615 4.914240 0.107718
v -0.030254 4.882069 0.058434
v -0.021893 4.885140 0.057316
v -0.018008 4.892507 0.054635
v -0.020106 4.900078 0.051879
v -0.026419 4.904496 0.050271
v -0.034088 4.904496 0.050271
v -0.040402 4.900078 0.051879
v -0.042500 4.892507 0.054635
v -0.038615 4.885140 0.057316
v -0.816625 4.726753 -0.387808
v -0.816625 4.769929 -0.387808
v -0.816625 4.711026 -0.407579
v -0.816625 4.785656 -0.407579
v -0.816624 4.730973 -0.372166
v -0.816624 4.765710 -0.372166
v -0.816624 4.737270 -0.361910
v -0.816624 4.759413 -0.361910
v -0.816625 4.748342 -0.376796
v -0.816625 4.748342 -0.407579
v -0.816624 4.748342 -0.358044
v -0.816625 4.748342 -0.388728
v -0.816625 4.742317 -0.370772
v -0.816625 4.744082 -0.375031
v -0.816625 4.754365 -0.370772
v -0.816625 4.752601 -0.375031
v -0.816625 4.748342 -0.364748
v -0.816625 4.744082 -0.366512
v -0.816625 4.752601 -0.366512
v -0.816625 4.780988 -0.402447
v -0.816625 4.776614 -0.397390
v -0.816625 4.772829 -0.392485
v -0.816625 4.743497 -0.388698
v -0.816625 4.738537 -0.388569
v -0.816625 4.733300 -0.388276
v -0.816625 4.723854 -0.392485
v -0.816625 4.720069 -0.397390
v -0.816625 4.715695 -0.402447
v -0.816625 4.739013 -0.407579
v -0.816625 4.729684 -0.407579
v -0.816625 4.720355 -0.407579
v -0.816625 4.742436 -0.371945
v -0.816625 4.742782 -0.373074
v -0.816625 4.743337 -0.374118
v -0.816625 4.753346 -0.374118
v -0.816625 4.753901 -0.373074
v -0.816625 4.754246 -0.371945
v -0.816625 4.747169 -0.364867
v -0.816625 4.746039 -0.365213
v -0.816625 4.744996 -0.365767
v -0.816625 4.743337 -0.367426
v -0.816625 4.742783 -0.368469
v -0.816625 4.742436 -0.369599
v -0.816625 4.754246 -0.369599
v -0.816625 4.753901 -0.368469
v -0.816625 4.753346 -0.367426
v -0.816625 4.763383 -0.388276
v -0.816625 4.758146 -0.388569
v -0.816625 4.753186 -0.388698
v -0.816625 4.776328 -0.407579
v -0.816625 4.766999 -0.407579
v -0.816625 4.757670 -0.407579
v -0.816625 4.751688 -0.365767
v -0.816625 4.750644 -0.365213
v -0.816625 4.749515 -0.364867
v -0.816625 4.748342 -0.402461
v -0.816625 4.748342 -0.397505
v -0.816625 4.748342 -0.392873
v -0.816625 4.747169 -0.376677
v -0.816625 4.746039 -0.376331
v -0.816625 4.744996 -0.375776
v -0.816624 4.730303 -0.375595
v -0.816624 4.729640 -0.379350
v -0.816625 4.728589 -0.383424
v -0.816625 4.768095 -0.383424
v -0.816624 4.767043 -0.379350
v -0.816624 4.766380 -0.375595
v -0.816624 4.745357 -0.358305
v -0.816624 4.742459 -0.359061
v -0.816624 4.739735 -0.360275
v -0.816624 4.735141 -0.363931
v -0.816624 4.733372 -0.366322
v -0.816624 4.731978 -0.369071
v -0.816624 4.764705 -0.369072
v -0.816624 4.763311 -0.366322
v -0.816624 4.761542 -0.363931
v -0.816625 4.751688 -0.375776
v -0.816625 4.750644 -0.376331
v -0.816625 4.749515 -0.376677
v -0.816624 4.756948 -0.360275
v -0.816624 4.754224 -0.359061
v -0.816624 4.751326 -0.358305
v -0.816625 4.748342 -0.385177
v -0.816625 4.748342 -0.382113
v -0.816625 4.748342 -0.379373
v -0.816625 4.741239 -0.377408
v -0.816625 4.738000 -0.380025
v -0.816625 4.733853 -0.383177
v -0.816624 4.739481 -0.371120
v -0.816624 4.736645 -0.371469
v -0.816624 4.733809 -0.371818
v -0.816624 4.762874 -0.371818
v -0.816624 4.760038 -0.371469
v -0.816624 4.757202 -0.371120
v -0.816625 4.755445 -0.377408
v -0.816625 4.758683 -0.380026
v -0.816625 4.762830 -0.383177
v -0.816624 4.738973 -0.363060
v -0.816624 4.740676 -0.364211
v -0.816624 4.742379 -0.365362
v -0.816624 4.748342 -0.363072
v -0.816624 4.748342 -0.361396
v -0.816624 4.748342 -0.359720
v -0.816624 4.757710 -0.363060
v -0.816624 4.756007 -0.364211
v -0.816624 4.754304 -0.365362
v -0.816625 4.756495 -0.402461
v -0.816625 4.764653 -0.402458
v -0.816625 4.772818 -0.402453
v -0.816625 4.755344 -0.397501
v -0.816625 4.762382 -0.397482
v -0.816625 4.769480 -0.397442
v -0.816625 4.754239 -0.392860
v -0.816625 4.760235 -0.392799
v -0.816625 4.766426 -0.392668
v -0.816625 4.723865 -0.402453
v -0.816625 4.732030 -0.402458
v -0.816625 4.740188 -0.402460
v -0.816625 4.727203 -0.397442
v -0.816625 4.734301 -0.397482
v -0.816625 4.741339 -0.397501
v -0.816625 4.730257 -0.392668
v -0.816625 4.736448 -0.392798
v -0.816625 4.742444 -0.392860
v -0.816625 4.746316 -0.379274
v -0.816625 4.744385 -0.378947
v -0.816625 4.742649 -0.378344
v -0.816625 4.745433 -0.382036
v -0.816625 4.742606 -0.381748
v -0.816625 4.740003 -0.381145
v -0.816625 4.744494 -0.385125
v -0.816625 4.740624 -0.384911
v -0.816625 4.736815 -0.384406
v -0.816625 4.740259 -0.376109
v -0.816625 4.739675 -0.374545
v -0.816624 4.739426 -0.372845
v -0.816625 4.736901 -0.378257
v -0.816625 4.736470 -0.376069
v -0.816624 4.736402 -0.373752
v -0.816625 4.733012 -0.380699
v -0.816624 4.733104 -0.377683
v -0.816624 4.733359 -0.374670
v -0.816624 4.757257 -0.372845
v -0.816625 4.757008 -0.374545
v -0.816625 4.756424 -0.376109
v -0.816624 4.760281 -0.373752
v -0.816625 4.760213 -0.376069
v -0.816625 4.759782 -0.378257
v -0.816624 4.763324 -0.374670
v -0.816624 4.763579 -0.377683
v -0.816625 4.763671 -0.380699
v -0.816624 4.743680 -0.364394
v -0.816624 4.745144 -0.363675
v -0.816624 4.746716 -0.363226
v -0.816624 4.742365 -0.363021
v -0.816624 4.744249 -0.362137
v -0.816624 4.746263 -0.361586
v -0.816624 4.741050 -0.361648
v -0.816624 4.743354 -0.360599
v -0.816624 4.745810 -0.359945
v -0.816624 4.739822 -0.369467
v -0.816624 4.740430 -0.367932
v -0.816624 4.741288 -0.366552
v -0.816624 4.737207 -0.369335
v -0.816624 4.738077 -0.367396
v -0.816624 4.739239 -0.365678
v -0.816624 4.734593 -0.369203
v -0.816624 4.735724 -0.366859
v -0.816624 4.737190 -0.364805
v -0.816624 4.755395 -0.366552
v -0.816624 4.756253 -0.367932
v -0.816624 4.756861 -0.369467
v -0.816624 4.757444 -0.365678
v -0.816624 4.758606 -0.367396
v -0.816624 4.759476 -0.369335
v -0.816624 4.759493 -0.364805
v -0.816624 4.760958 -0.366859
v -0.816624 4.762090 -0.369203
v -0.816625 4.754035 -0.378344
v -0.816625 4.752298 -0.378947
v -0.816625 4.750367 -0.379274
v -0.816625 4.756680 -0.381145
v -0.816625 4.754077 -0.381748
v -0.816625 4.751250 -0.382036
v -0.816625 4.759868 -0.384406
v -0.816625 4.756059 -0.384911
v -0.816625 4.752189 -0.385125
v -0.816624 4.749968 -0.363226
v -0.816624 4.751539 -0.363675
v -0.816624 4.753003 -0.364394
v -0.816624 4.750420 -0.361586
v -0.816624 4.752434 -0.362137
v -0.816624 4.754318 -0.363021
v -0.816624 4.750873 -0.359945
v -0.816624 4.753329 -0.360599
v -0.816624 4.755633 -0.361648
v -0.824534 4.726753 -0.387808
v -0.824534 4.769929 -0.387808
v -0.824534 4.711026 -0.407579
v -0.824534 4.785656 -0.407579
v -0.824534 4.730973 -0.372166
v -0.824534 4.765710 -0.372166
v -0.824534 4.737270 -0.361910
v -0.824534 4.759413 -0.361910
v -0.824534 4.748342 -0.376796
v -0.824534 4.748342 -0.407579
v -0.824534 4.748342 -0.358044
v -0.824534 4.748342 -0.388728
v -0.824534 4.742317 -0.370772
v -0.824534 4.744082 -0.375031
v -0.824534 4.754365 -0.370772
v -0.824534 4.752601 -0.375031
v -0.824534 4.748342 -0.364747
v -0.824534 4.744081 -0.366512
v -0.824534 4.752601 -0.366512
v -0.824534 4.780988 -0.402447
v -0.824534 4.776614 -0.397390
v -0.824534 4.772829 -0.392485
v -0.824534 4.743497 -0.388698
v -0.824534 4.738537 -0.388569
v -0.824534 4.733300 -0.388276
v -0.824534 4.723854 -0.392485
v -0.824534 4.720069 -0.397390
v -0.824534 4.715695 -0.402447
v -0.824534 4.739013 -0.407579
v -0.824534 4.729684 -0.407579
v -0.824534 4.720355 -0.407579
v -0.824534 4.742436 -0.371945
v -0.824534 4.742782 -0.373074
v -0.824534 4.743337 -0.374118
v -0.824534 4.753346 -0.374118
v -0.824534 4.753901 -0.373074
v -0.824534 4.754246 -0.371945
v -0.824534 4.747169 -0.364867
v -0.824534 4.746039 -0.365212
v -0.824534 4.744996 -0.365767
v -0.824534 4.743337 -0.367426
v -0.824534 4.742782 -0.368469
v -0.824534 4.742436 -0.369599
v -0.824534 4.754246 -0.369599
v -0.824534 4.753901 -0.368469
v -0.824534 4.753346 -0.367426
v -0.824534 4.763383 -0.388276
v -0.824534 4.758146 -0.388569
v -0.824534 4.753186 -0.388698
v -0.824534 4.776328 -0.407579
v -0.824534 4.766999 -0.407579
v -0.824534 4.757670 -0.407579
v -0.824534 4.751688 -0.365767
v -0.824534 4.750644 -0.365212
v -0.824534 4.749515 -0.364867
v -0.824534 4.748342 -0.402461
v -0.824534 4.748342 -0.397505
v -0.824534 4.748342 -0.392873
v -0.824534 4.747169 -0.376677
v -0.824534 4.746039 -0.376331
v -0.824534 4.744996 -0.375776
v -0.824534 4.730303 -0.375595
v -0.824534 4.729640 -0.379350
v -0.824534 4.728589 -0.383424
v -0.824534 4.768095 -0.383424
v -0.824534 4.767043 -0.379350
v -0.824534 4.766380 -0.375595
v -0.824534 4.745357 -0.358305
v -0.824534 4.742459 -0.359061
v -0.824534 4.739735 -0.360275
v -0.824534 4.735141 -0.363931
v -0.824534 4.733372 -0.366322
v -0.824534 4.731978 -0.369071
v -0.824534 4.764705 -0.369071
v -0.824534 4.763311 -0.366322
v -0.824534 4.761542 -0.363931
v -0.824534 4.751688 -0.375776
v -0.824534 4.750644 -0.376331
v -0.824534 4.749515 -0.376677
v -0.824534 4.756948 -0.360275
v -0.824534 4.754224 -0.359061
v -0.824534 4.751326 -0.358305
v -0.824534 4.748342 -0.385177
v -0.824534 4.748342 -0.382113
v -0.824534 4.748342 -0.379373
v -0.824534 4.741239 -0.377408
v -0.824534 4.738000 -0.380025
v -0.824534 4.733853 -0.383177
v -0.824534 4.739481 -0.371120
v -0.824534 4.736645 -0.371469
v -0.824534 4.733809 -0.371818
v -0.824534 4.762874 -0.371818
v -0.824534 4.760038 -0.371469
v -0.824534 4.757202 -0.371120
v -0.824534 4.755445 -0.377408
v -0.824534 4.758683 -0.380025
v -0.824534 4.762830 -0.383177
v -0.824534 4.738973 -0.363060
v -0.824534 4.740676 -0.364211
v -0.824534 4.742379 -0.365361
v -0.824534 4.748342 -0.363072
v -0.824534 4.748342 -0.361396
v -0.824534 4.748342 -0.359720
v -0.824534 4.757710 -0.363060
v -0.824534 4.756007 -0.364211
v -0.824534 4.754304 -0.365361
v -0.824534 4.756495 -0.402460
v -0.824534 4.764653 -0.402458
v -0.824534 4.772818 -0.402453
v -0.824534 4.755344 -0.397501
v -0.824534 4.762382 -0.397482
v -0.824534 4.769480 -0.397442
v -0.824534 4.754239 -0.392860
v -0.824534 4.760235 -0.392798
v -0.824534 4.766426 -0.392668
v -0.824534 4.723865 -0.402453
v -0.824534 4.732030 -0.402458
v -0.824534 4.740188 -0.402460
v -0.824534 4.727203 -0.397442
v -0.824534 4.734301 -0.397482
v -0.824534 4.741339 -0.397501
v -0.824534 4.730257 -0.392668
v -0.824534 4.736448 -0.392798
v -0.824534 4.742444 -0.392860
v -0.824534 4.746316 -0.379274
v -0.824534 4.744385 -0.378947
v -0.824534 4.742649 -0.378344
v -0.824534 4.745433 -0.382036
v -0.824534 4.742606 -0.381748
v -0.824534 4.740003 -0.381145
v -0.824534 4.744494 -0.385125
v -0.824534 4.740624 -0.384911
v -0.824534 4.736815 -0.384406
v -0.824534 4.740259 -0.376109
v -0.824534 4.739675 -0.374545
v -0.824534 4.739426 -0.372845
v -0.824534 4.736901 -0.378257
v -0.824534 4.736470 -0.376069
v -0.824534 4.736402 -0.373752
v -0.824534 4.733012 -0.380699
v -0.824534 4.733104 -0.377683
v -0.824534 4.733359 -0.374670
v -0.824534 4.757257 -0.372845
v -0.824534 4.757008 -0.374545
v -0.824534 4.756424 -0.376109
v -0.824534 4.760281 -0.373752
v -0.824534 4.760213 -0.376069
v -0.824534 4.759782 -0.378257
v -0.824534 4.763324 -0.374670
v -0.824534 4.763579 -0.377683
v -0.824534 4.763671 -0.380699
v -0.824534 4.743680 -0.364394
v -0.824534 4.745144 -0.363675
v -0.824534 4.746716 -0.363226
v -0.824534 4.742365 -0.363021
v -0.824534 4.744249 -0.362137
v -0.824534 4.746263 -0.361586
v -0.824534 4.741050 -0.361648
v -0.824534 4.743354 -0.360599
v -0.824534 4.745810 -0.359945
v -0.824534 4.739822 -0.369467
v -0.824534 4.740430 -0.367932
v -0.824534 4.741288 -0.366552
v -0.824534 4.737207 -0.369335
v -0.824534 4.738077 -0.367396
v -0.824534 4.739239 -0.365678
v -0.824534 4.734593 -0.369203
v -0.824534 4.735724 -0.366859
v -0.824534 4.737190 -0.364805
v -0.824534 4.755395 -0.366552
v -0.824534 4.756253 -0.367932
v -0.824534 4.756861 -0.369467
v -0.824534 4.757444 -0.365678
v -0.824534 4.758606 -0.367396
v -0.824534 4.759476 -0.369335
v -0.824534 4.759493 -0.364805
v -0.824534 4.760959 -0.366859
v -0.824534 4.762090 -0.369203
v -0.824534 4.754035 -0.378344
v -0.824534 4.752298 -0.378947
v -0.824534 4.750367 -0.379274
v -0.824534 4.756680 -0.381145
v -0.824534 4.754077 -0.381748
v -0.824534 4.751250 -0.382036
v -0.824534 4.759868 -0.384406
v -0.824534 4.756059 -0.384911
v -0.824534 4.752189 -0.385125
v -0.824534 4.749968 -0.363226
v -0.824534 4.751539 -0.363675
v -0.824534 4.753003 -0.364394
v -0.824534 4.750420 -0.361586
v -0.824534 4.752434 -0.362137
v -0.824534 4.754318 -0.363021
v -0.824534 4.750873 -0.359945
v -0.824534 4.753329 -0.360599
v -0.824534 4.755633 -0.361648
v -0.720174 4.726753 -0.387808
v -0.720174 4.769929 -0.387808
v -0.720174 4.711026 -0.407579
v -0.720174 4.785656 -0.407579
v -0.720174 4.730973 -0.372166
v -0.720174 4.765710 -0.372166
v -0.720175 4.737270 -0.361910
v -0.720175 4.759413 -0.361910
v -0.720174 4.748342 -0.376796
v -0.720174 4.748342 -0.407579
v -0.720175 4.748342 -0.358044
v -0.720174 4.748342 -0.388728
v -0.720174 4.742317 -0.370772
v -0.720174 4.744082 -0.375031
v -0.720174 4.754365 -0.370772
v -0.720174 4.752601 -0.375031
v -0.720174 4.748342 -0.364748
v -0.720174 4.744082 -0.366512
v -0.720174 4.752601 -0.366512
v -0.720174 4.780988 -0.402447
v -0.720174 4.776614 -0.397390
v -0.720174 4.772829 -0.392485
v -0.720174 4.743497 -0.388698
v -0.720174 4.738537 -0.388569
v -0.720174 4.733300 -0.388276
v -0.720174 4.723854 -0.392485
v -0.720174 4.720069 -0.397390
v -0.720174 4.715695 -0.402447
v -0.720174 4.739013 -0.407579
v -0.720174 4.729684 -0.407579
v -0.720174 4.720355 -0.407579
v -0.720174 4.742436 -0.371945
v -0.720174 4.742782 -0.373074
v -0.720174 4.743337 -0.374118
v -0.720174 4.753346 -0.374118
v -0.720174 4.753901 -0.373074
v -0.720174 4.754246 -0.371945
v -0.720174 4.747169 -0.364867
v -0.720174 4.746039 -0.365213
v -0.720174 4.744996 -0.365767
v -0.720174 4.743337 -0.367426
v -0.720174 4.742783 -0.368469
v -0.720174 4.742436 -0.369599
v -0.720174 4.754246 -0.369599
v -0.720174 4.753901 -0.368469
v -0.720174 4.753346 -0.367426
v -0.720174 4.763383 -0.388276
v -0.720174 4.758146 -0.388569
v -0.720174 4.753186 -0.388698
v -0.720174 4.776328 -0.407579
v -0.720174 4.766999 -0.407579
v -0.720174 4.757670 -0.407579
v -0.720174 4.751688 -0.365767
v -0.720174 4.750644 -0.365213
v -0.720174 4.749515 -0.364867
v -0.720174 4.748342 -0.402461
v -0.720174 4.748342 -0.397505
v -0.720174 4.748342 -0.392873
v -0.720174 4.747169 -0.376677
v -0.720174 4.746039 -0.376331
v -0.720174 4.744996 -0.375776
v -0.720174 4.730303 -0.375595
v -0.720174 4.729640 -0.379350
v -0.720174 4.728589 -0.383424
v -0.720174 4.768095 -0.383424
v -0.720174 4.767043 -0.379350
v -0.720174 4.766380 -0.375595
v -0.720175 4.745357 -0.358305
v -0.720175 4.742459 -0.359061
v -0.720175 4.739735 -0.360275
v -0.720175 4.735141 -0.363931
v -0.720175 4.733372 -0.366322
v -0.720174 4.731978 -0.369071
v -0.720174 4.764705 -0.369072
v -0.720175 4.763311 -0.366322
v -0.720175 4.761542 -0.363931
v -0.720174 4.751688 -0.375776
v -0.720174 4.750644 -0.376331
v -0.720174 4.749515 -0.376677
v -0.720175 4.756948 -0.360275
v -0.720175 4.754224 -0.359061
v -0.720175 4.751326 -0.358305
v -0.720174 4.748342 -0.385177
v -0.720174 4.748342 -0.382113
v -0.720174 4.748342 -0.379373
v -0.720174 4.741239 -0.377408
v -0.720174 4.738000 -0.380025
v -0.720174 4.733853 -0.383177
v -0.720174 4.739481 -0.371120
v -0.720174 4.736645 -0.371469
v -0.720174 4.733809 -0.371818
v -0.720174 4.762874 -0.371818
v -0.720174 4.760038 -0.371469
v -0.720174 4.757202 -0.371120
v -0.720174 4.755445 -0.377408
v -0.720174 4.758683 -0.380025
v -0.720174 4.762830 -0.383177
v -0.720175 4.738973 -0.363060
v -0.720174 4.740676 -0.364211
v -0.720174 4.742379 -0.365362
v -0.720174 4.748342 -0.363072
v -0.720175 4.748342 -0.361396
v -0.720175 4.748342 -0.359720
v -0.720175 4.757710 -0.363060
v -0.720174 4.756007 -0.364211
v -0.720174 4.754304 -0.365362
v -0.720174 4.756495 -0.402461
v -0.720174 4.764653 -0.402458
v -0.720174 4.772818 -0.402453
v -0.720174 4.755344 -0.397501
v -0.720174 4.762382 -0.397482
v -0.720174 4.769480 -0.397442
v -0.720174 4.754239 -0.392860
v -0.720174 4.760235 -0.392798
v -0.720174 4.766426 -0.392668
v -0.720174 4.723865 -0.402453
v -0.720174 4.732030 -0.402458
v -0.720174 4.740188 -0.402460
v -0.720174 4.727203 -0.397442
v -0.720174 4.734301 -0.397482
v -0.720174 4.741339 -0.397501
v -0.720174 4.730257 -0.392668
v -0.720174 4.736448 -0.392798
v -0.720174 4.742444 -0.392860
v -0.720174 4.746316 -0.379274
v -0.720174 4.744385 -0.378947
v -0.720174 4.742649 -0.378344
v -0.720174 4.745433 -0.382036
v -0.720174 4.742606 -0.381748
v -0.720174 4.740003 -0.381145
v -0.720174 4.744494 -0.385125
v -0.720174 4.740624 -0.384911
v -0.720174 4.736815 -0.384406
v -0.720174 4.740259 -0.376109
v -0.720174 4.739675 -0.374545
v -0.720174 4.739426 -0.372845
v -0.720174 4.736901 -0.378257
v -0.720174 4.736470 -0.376069
v -0.720174 4.736402 -0.373752
v -0.720174 4.733012 -0.380699
v -0.720174 4.733104 -0.377683
v -0.720174 4.733359 -0.374670
v -0.720174 4.757257 -0.372845
v -0.720174 4.757008 -0.374545
v -0.720174 4.756424 -0.376109
v -0.720174 4.760281 -0.373752
v -0.720174 4.760213 -0.376069
v -0.720174 4.759782 -0.378257
v -0.720174 4.763324 -0.374670
v -0.720174 4.763579 -0.377683
v -0.720174 4.763671 -0.380699
v -0.720174 4.743680 -0.364394
v -0.720174 4.745144 -0.363675
v -0.720174 4.746716 -0.363226
v -0.720175 4.742365 -0.363021
v -0.720175 4.744249 -0.362137
v -0.720175 4.746263 -0.361586
v -0.720175 4.741050 -0.361648
v -0.720175 4.743354 -0.360599
v -0.720175 4.745810 -0.359945
v -0.720174 4.739822 -0.369467
v -0.720174 4.740430 -0.367932
v -0.720174 4.741288 -0.366552
v -0.720174 4.737207 -0.369335
v -0.720174 4.738077 -0.367396
v -0.720174 4.739239 -0.365678
v -0.720174 4.734593 -0.369203
v -0.720174 4.735724 -0.366859
v -0.720175 4.737190 -0.364805
v -0.720174 4.755395 -0.366552
v -0.720174 4.756253 -0.367932
v -0.720174 4.756861 -0.369467
v -0.720174 4.757444 -0.365678
v -0.720174 4.758606 -0.367396
v -0.720174 4.759476 -0.369335
v -0.720175 4.759493 -0.364805
v -0.720174 4.760958 -0.366859
v -0.720174 4.762090 -0.369203
v -0.720174 4.754035 -0.378344
v -0.720174 4.752298 -0.378947
v -0.720174 4.750367 -0.379274
v -0.720174 4.756680 -0.381145
v -0.720174 4.754077 -0.381748
v -0.720174 4.751250 -0.382036
v -0.720174 4.759868 -0.384406
v -0.720174 4.756059 -0.384911
v -0.720174 4.752189 -0.385125
v -0.720174 4.749968 -0.363226
v -0.720174 4.751539 -0.363675
v -0.720174 4.753003 -0.364394
v -0.720175 4.750420 -0.361586
v -0.720175 4.752434 -0.362137
v -0.720175 4.754318 -0.363021
v -0.720175 4.750873 -0.359945
v -0.720175 4.753329 -0.360599
v -0.720175 4.755633 -0.361648
v -0.712265 4.726753 -0.387808
v -0.712265 4.769929 -0.387808
v -0.712265 4.711026 -0.407579
v -0.712265 4.785656 -0.407579
v -0.712265 4.730973 -0.372166
v -0.712265 4.765710 -0.372166
v -0.712265 4.737270 -0.361910
v -0.712265 4.759413 -0.361910
v -0.712265 4.748342 -0.376796
v -0.712265 4.748342 -0.407579
v -0.712265 4.748342 -0.358044
v -0.712265 4.748342 -0.388728
v -0.712265 4.742317 -0.370772
v -0.712265 4.744082 -0.375031
v -0.712265 4.754365 -0.370772
v -0.712265 4.752601 -0.375031
v -0.712265 4.748342 -0.364747
v -0.712265 4.744082 -0.366512
v -0.712265 4.752601 -0.366512
v -0.712265 4.780988 -0.402447
v -0.712265 4.776614 -0.397390
v -0.712265 4.772829 -0.392485
v -0.712265 4.743497 -0.388698
v -0.712265 4.738537 -0.388569
v -0.712265 4.733300 -0.388276
v -0.712265 4.723854 -0.392485
v -0.712265 4.720069 -0.397390
v -0.712265 4.715695 -0.402447
v -0.712265 4.739013 -0.407579
v -0.712265 4.729684 -0.407579
v -0.712265 4.720355 -0.407579
v -0.712265 4.742436 -0.371945
v -0.712265 4.742782 -0.373074
v -0.712265 4.743337 -0.374118
v -0.712265 4.753346 -0.374118
v -0.712265 4.753901 -0.373074
v -0.712265 4.754246 -0.371945
v -0.712265 4.747169 -0.364867
v -0.712265 4.746039 -0.365212
v -0.712265 4.744996 -0.365767
v -0.712265 4.743337 -0.367426
v -0.712265 4.742782 -0.368469
v -0.712265 4.742436 -0.369599
v -0.712265 4.754246 -0.369599
v -0.712265 4.753901 -0.368469
v -0.712265 4.753346 -0.367426
v -0.712265 4.763383 -0.388276
v -0.712265 4.758146 -0.388569
v -0.712265 4.753186 -0.388698
v -0.712265 4.776328 -0.407579
v -0.712265 4.766999 -0.407579
v -0.712265 4.757670 -0.407579
v -0.712265 4.751688 -0.365767
v -0.712265 4.750644 -0.365212
v -0.712265 4.749515 -0.364867
v -0.712265 4.748342 -0.402461
v -0.712265 4.748342 -0.397505
v -0.712265 4.748342 -0.392873
v -0.712265 4.747169 -0.376677
v -0.712265 4.746039 -0.376331
v -0.712265 4.744996 -0.375776
v -0.712265 4.730303 -0.375595
v -0.712265 4.729640 -0.379350
v -0.712265 4.728589 -0.383424
v -0.712265 4.768095 -0.383424
v -0.712265 4.767043 -0.379350
v -0.712265 4.766380 -0.375595
v -0.712265 4.745357 -0.358305
v -0.712265 4.742459 -0.359061
v -0.712265 4.739735 -0.360275
v -0.712265 4.735141 -0.363931
v -0.712265 4.733372 -0.366322
v -0.712265 4.731978 -0.369071
v -0.712265 4.764705 -0.369071
v -0.712265 4.763311 -0.366322
v -0.712265 4.761542 -0.363931
v -0.712265 4.751688 -0.375776
v -0.712265 4.750644 -0.376331
v -0.712265 4.749515 -0.376677
v -0.712265 4.756948 -0.360275
v -0.712265 4.754224 -0.359061
v -0.712265 4.751326 -0.358305
v -0.712265 4.748342 -0.385177
v -0.712265 4.748342 -0.382113
v -0.712265 4.748342 -0.379373
v -0.712265 4.741239 -0.377408
v -0.712265 4.738000 -0.380025
v -0.712265 4.733853 -0.383177
v -0.712265 4.739481 -0.371120
v -0.712265 4.736645 -0.371469
v -0.712265 4.733809 -0.371817
v -0.712265 4.762874 -0.371818
v -0.712265 4.760038 -0.371469
v -0.712265 4.757202 -0.371120
v -0.712265 4.755445 -0.377408
v -0.712265 4.758683 -0.380025
v -0.712265 4.762830 -0.383177
v -0.712265 4.738973 -0.363060
v -0.712265 4.740676 -0.364211
v -0.712265 4.742379 -0.365361
v -0.712265 4.748342 -0.363072
v -0.712265 4.748342 -0.361396
v -0.712265 4.748342 -0.359720
v -0.712265 4.757710 -0.363060
v -0.712265 4.756007 -0.364211
v -0.712265 4.754304 -0.365361
v -0.712265 4.756495 -0.402460
v -0.712265 4.764653 -0.402458
v -0.712265 4.772818 -0.402453
v -0.712265 4.755344 -0.397501
v -0.712265 4.762382 -0.397482
v -0.712265 4.769480 -0.397442
v -0.712265 4.754239 -0.392860
v -0.712265 4.760235 -0.392798
v -0.712265 4.766426 -0.392668
v -0.712265 4.723865 -0.402453
v -0.712265 4.732030 -0.402458
v -0.712265 4.740188 -0.402460
v -0.712265 4.727203 -0.397442
v -0.712265 4.734301 -0.397482
v -0.712265 4.741339 -0.397501
v -0.712265 4.730257 -0.392668
v -0.712265 4.736448 -0.392798
v -0.712265 4.742444 -0.392860
v -0.712265 4.746316 -0.379274
v -0.712265 4.744385 -0.378947
v -0.712265 4.742649 -0.378344
v -0.712265 4.745433 -0.382036
v -0.712265 4.742606 -0.381748
v -0.712265 4.740003 -0.381145
v -0.712265 4.744494 -0.385125
v -0.712265 4.740624 -0.384911
v -0.712265 4.736815 -0.384406
v -0.712265 4.740259 -0.376109
v -0.712265 4.739675 -0.374545
v -0.712265 4.739426 -0.372845
v -0.712265 4.736901 -0.378257
v -0.712265 4.736470 -0.376069
v -0.712265 4.736402 -0.373752
v -0.712265 4.733012 -0.380699
v -0.712265 4.733104 -0.377683
v -0.712265 4.733359 -0.374670
v -0.712265 4.757257 -0.372845
v -0.712265 4.757008 -0.374545
v -0.712265 4.756424 -0.376109
v -0.712265 4.760281 -0.373752
v -0.712265 4.760213 -0.376069
v -0.712265 4.759782 -0.378257
v -0.712265 4.763324 -0.374670
v -0.712265 4.763579 -0.377683
v -0.712265 4.763671 -0.380699
v -0.712265 4.743680 -0.364394
v -0.712265 4.745144 -0.363675
v -0.712265 4.746716 -0.363226
v -0.712265 4.742365 -0.363021
v -0.712265 4.744249 -0.362137
v -0.712265 4.746263 -0.361586
v -0.712265 4.741050 -0.361648
v -0.712265 4.743354 -0.360599
v -0.712265 4.745810 -0.359945
v -0.712265 4.739822 -0.369467
v -0.712265 4.740430 -0.367932
v -0.712265 4.741288 -0.366552
v -0.712265 4.737207 -0.369335
v -0.712265 4.738077 -0.367396
v -0.712265 4.739239 -0.365678
v -0.712265 4.734593 -0.369203
v -0.712265 4.735724 -0.366859
v -0.712265 4.737190 -0.364805
v -0.712265 4.755395 -0.366552
v -0.712265 4.756253 -0.367932
v -0.712265 4.756861 -0.369467
v -0.712265 4.757444 -0.365678
v -0.712265 4.758606 -0.367396
v -0.712265 4.759476 -0.369335
v -0.712265 4.759493 -0.364805
v -0.712265 4.760959 -0.366859
v -0.712265 4.762090 -0.369203
v -0.712265 4.754035 -0.378344
v -0.712265 4.752298 -0.378947
v -0.712265 4.750367 -0.379274
v -0.712265 4.756680 -0.381145
v -0.712265 4.754077 -0.381748
v -0.712265 4.751250 -0.382036
v -0.712265 4.759868 -0.384406
v -0.712265 4.756059 -0.384911
v -0.712265 4.752189 -0.385125
v -0.712265 4.749968 -0.363226
v -0.712265 4.751539 -0.363675
v -0.712265 4.753003 -0.364394
v -0.712265 4.750420 -0.361586
v -0.712265 4.752434 -0.362137
v -0.712265 4.754318 -0.363021
v -0.712265 4.750873 -0.359945
v -0.712265 4.753329 -0.360599
v -0.712265 4.755633 -0.361648
v -0.828157 4.748342 -0.376368
v -0.708642 4.748342 -0.376368
v -0.828157 4.744403 -0.374737
v -0.708642 4.744403 -0.374737
v -0.828157 4.742772 -0.370798
v -0.708642 4.742772 -0.370798
v -0.828157 4.744403 -0.366859
v -0.708642 4.744403 -0.366859
v -0.828157 4.748342 -0.365228
v -0.708642 4.748342 -0.365228
v -0.828157 4.752281 -0.366859
v -0.708642 4.752281 -0.366859
v -0.828157 4.753912 -0.370798
v -0.708642 4.753912 -0.370798
v -0.828157 4.752281 -0.374737
v -0.708642 4.752281 -0.374737
vn -0.0000 -0.0000 -1.0000
vn 0.7071 -0.0000 -0.7071
vn 1.0000 -0.0000 -0.0000
vn 0.7071 -0.0000 0.7071
vn -0.0000 -0.0000 1.0000
vn -0.7071 -0.0000 0.7071
vn -1.0000 -0.0000 -0.0000
vn -0.7071 -0.0000 -0.7071
vn 0.7059 -0.2436 0.6651
vn 0.6606 0.4763 0.5803
vn -0.0000 0.7448 0.6673
vn -0.7059 -0.2436 0.6651
vn -0.3932 -0.6875 0.6106
vn -0.0000 -0.7071 0.7071
vn 0.3932 -0.6875 0.6106
vn -0.6606 0.4763 0.5803
vn -0.0000 0.7448 -0.6673
vn 0.6606 0.4763 -0.5803
vn 0.7059 -0.2436 -0.6651
vn -0.0000 -0.7071 -0.7071
vn -0.3932 -0.6875 -0.6106
vn -0.7059 -0.2436 -0.6651
vn 0.3932 -0.6875 -0.6106
vn -0.6606 0.4763 -0.5803
vn -0.0279 -0.0075 0.9996
vn -0.0179 -0.0087 0.9998
vn 0.2571 0.1369 0.9567
vn 0.2783 0.0839 0.9568
vn -0.3296 -0.0929 0.9395
vn -0.2910 -0.1489 0.9451
vn -0.5939 -0.1653 0.7874
vn -0.5353 -0.2721 0.7996
vn -0.7961 -0.2196 0.5639
vn -0.7277 -0.3683 0.5786
vn -0.9219 -0.2530 0.2934
vn -0.8506 -0.4295 0.3034
vn -0.9618 -0.2634 0.0752
vn -0.8902 -0.4489 0.0777
vn -0.9618 -0.2634 -0.0752
vn -0.8902 -0.4489 -0.0777
vn -0.9219 -0.2530 -0.2934
vn -0.8506 -0.4295 -0.3034
vn -0.7961 -0.2196 -0.5639
vn -0.7277 -0.3683 -0.5786
vn -0.5938 -0.1653 -0.7874
vn -0.5353 -0.2721 -0.7996
vn -0.3296 -0.0929 -0.9395
vn -0.2910 -0.1489 -0.9451
vn -0.0279 -0.0075 -0.9996
vn -0.0179 -0.0087 -0.9998
vn 0.2783 0.0839 -0.9568
vn 0.2570 0.1369 -0.9567
vn 0.5534 0.1729 -0.8148
vn 0.5055 0.2750 -0.8178
vn 0.7672 0.2506 -0.5904
vn 0.7014 0.3912 -0.5958
vn 0.9004 0.3059 -0.3094
vn 0.8252 0.4699 -0.3134
vn 0.9420 0.3268 -0.0771
vn 0.8642 0.4970 -0.0788
vn 0.9420 0.3268 0.0771
vn 0.8642 0.4970 0.0788
vn 0.9004 0.3059 0.3094
vn 0.8252 0.4699 0.3134
vn 0.7672 0.2506 0.5904
vn 0.7014 0.3912 0.5958
vn 0.5534 0.1729 0.8148
vn 0.5055 0.2750 0.8178
vn -0.0047 -0.0040 1.0000
vn 0.2235 0.2074 0.9524
vn -0.2332 -0.2130 0.9488
vn -0.4388 -0.3995 0.8049
vn -0.6014 -0.5460 0.5833
vn -0.7054 -0.6393 0.3061
vn -0.7389 -0.6693 0.0779
vn -0.7389 -0.6693 -0.0779
vn -0.7054 -0.6393 -0.3061
vn -0.6014 -0.5460 -0.5833
vn -0.4388 -0.3995 -0.8049
vn -0.2332 -0.2130 -0.9488
vn -0.0047 -0.0040 -1.0000
vn 0.2235 0.2074 -0.9524
vn 0.4283 0.4001 -0.8103
vn 0.5891 0.5540 -0.5882
vn 0.6912 0.6533 -0.3089
vn 0.7238 0.6856 -0.0782
vn 0.7238 0.6856 0.0782
vn 0.6912 0.6533 0.3089
vn 0.5891 0.5540 0.5882
vn 0.4283 0.4001 0.8103
vn 0.0031 0.0029 1.0000
vn 0.2269 0.2165 0.9495
vn -0.2207 -0.2120 0.9520
vn -0.4224 -0.4065 0.8101
vn -0.5819 -0.5613 0.5885
vn -0.6839 -0.6608 0.3093
vn -0.7167 -0.6930 0.0784
vn -0.7167 -0.6930 -0.0784
vn -0.6839 -0.6608 -0.3093
vn -0.5819 -0.5613 -0.5885
vn -0.4224 -0.4065 -0.8101
vn -0.2207 -0.2120 -0.9520
vn 0.0031 0.0029 -1.0000
vn 0.2269 0.2165 -0.9495
vn 0.4282 0.4081 -0.8063
vn 0.5875 0.5593 -0.5848
vn 0.6895 0.6560 -0.3071
vn 0.7224 0.6870 -0.0781
vn 0.7224 0.6870 0.0781
vn 0.6895 0.6560 0.3071
vn 0.5875 0.5593 0.5848
vn 0.4282 0.4081 0.8063
vn 0.0118 0.0076 0.9999
vn 0.2690 0.1753 0.9470
vn -0.2470 -0.1625 0.9553
vn -0.4820 -0.3183 0.8163
vn -0.6697 -0.4440 0.5953
vn -0.7907 -0.5257 0.3138
vn -0.8298 -0.5524 0.0792
vn -0.8298 -0.5524 -0.0792
vn -0.7907 -0.5257 -0.3138
vn -0.6697 -0.4440 -0.5953
vn -0.4820 -0.3183 -0.8163
vn -0.2470 -0.1625 -0.9553
vn 0.0118 0.0076 -0.9999
vn 0.2690 0.1753 -0.9470
vn 0.4998 0.3250 -0.8029
vn 0.6822 0.4428 -0.5819
vn 0.7989 0.5182 -0.3054
vn 0.8365 0.5423 -0.0780
vn 0.8365 0.5423 0.0780
vn 0.7989 0.5182 0.3054
vn 0.6822 0.4428 0.5819
vn 0.4998 0.3250 0.8029
vn 0.0151 0.0044 0.9999
vn 0.3100 0.0896 0.9465
vn -0.2826 -0.0816 0.9558
vn -0.5539 -0.1598 0.8171
vn -0.7714 -0.2224 0.5962
vn -0.9122 -0.2629 0.3144
vn -0.9579 -0.2760 0.0793
vn -0.9579 -0.2760 -0.0793
vn -0.9122 -0.2629 -0.3144
vn -0.7714 -0.2224 -0.5963
vn -0.5539 -0.1598 -0.8171
vn -0.2826 -0.0816 -0.9558
vn 0.0151 0.0044 -0.9999
vn 0.3100 0.0896 -0.9465
vn 0.5738 0.1659 -0.8020
vn 0.7819 0.2261 -0.5810
vn 0.9149 0.2646 -0.3049
vn 0.9577 0.2770 -0.0780
vn 0.9577 0.2770 0.0780
vn 0.9149 0.2646 0.3049
vn 0.7819 0.2261 0.5810
vn 0.5738 0.1659 0.8020
vn 0.0133 -0.0001 0.9999
vn 0.3211 -0.0030 0.9470
vn -0.2970 0.0033 0.9549
vn -0.5792 0.0070 0.8152
vn -0.8045 0.0104 0.5939
vn -0.9498 0.0129 0.3127
vn -0.9968 0.0138 0.0789
vn -0.9968 0.0138 -0.0789
vn -0.9498 0.0129 -0.3127
vn -0.8045 0.0104 -0.5939
vn -0.5792 0.0070 -0.8152
vn -0.2971 0.0033 -0.9549
vn 0.0133 -0.0001 -0.9999
vn 0.3211 -0.0030 -0.9470
vn 0.5965 -0.0054 -0.8026
vn 0.8136 -0.0071 -0.5814
vn 0.9523 -0.0082 -0.3051
vn 0.9969 -0.0085 -0.0779
vn 0.9969 -0.0085 0.0779
vn 0.9523 -0.0082 0.3051
vn 0.8136 -0.0071 0.5814
vn 0.5965 -0.0054 0.8026
vn 0.0118 -0.0032 0.9999
vn 0.3088 -0.0843 0.9474
vn -0.2875 0.0786 0.9546
vn -0.5594 0.1530 0.8147
vn -0.7764 0.2125 0.5934
vn -0.9162 0.2509 0.3125
vn -0.9615 0.2634 0.0789
vn -0.9615 0.2634 -0.0789
vn -0.9162 0.2509 -0.3125
vn -0.7763 0.2125 -0.5934
vn -0.5594 0.1530 -0.8147
vn -0.2875 0.0786 -0.9545
vn 0.0118 -0.0032 -0.9999
vn 0.3088 -0.0843 -0.9474
vn 0.5748 -0.1569 -0.8031
vn 0.7846 -0.2141 -0.5819
vn 0.9186 -0.2507 -0.3054
vn 0.9618 -0.2625 -0.0780
vn 0.9618 -0.2625 0.0780
vn 0.9186 -0.2507 0.3054
vn 0.7846 -0.2141 0.5819
vn 0.5748 -0.1569 0.8031
vn 0.0110 -0.0062 0.9999
vn 0.2786 -0.1582 0.9473
vn -0.2589 0.1468 0.9547
vn -0.5043 0.2857 0.8149
vn -0.7003 0.3964 0.5937
vn -0.8267 0.4677 0.3127
vn -0.8677 0.4907 0.0789
vn -0.8677 0.4907 -0.0789
vn -0.8267 0.4677 -0.3127
vn -0.7003 0.3964 -0.5937
vn -0.5043 0.2857 -0.8149
vn -0.2589 0.1468 -0.9547
vn 0.0110 -0.0062 -0.9999
vn 0.2786 -0.1582 -0.9473
vn 0.5182 -0.2944 -0.8030
vn 0.7071 -0.4019 -0.5818
vn 0.8279 -0.4705 -0.3053
vn 0.8667 -0.4927 -0.0780
vn 0.8667 -0.4927 0.0780
vn 0.8279 -0.4705 0.3053
vn 0.7071 -0.4019 0.5818
vn 0.5182 -0.2944 0.8030
vn 0.0098 -0.0097 0.9999
vn 0.2280 -0.2265 0.9470
vn -0.2105 0.2086 0.9551
vn -0.4111 0.4071 0.8156
vn -0.5716 0.5655 0.5945
vn -0.6754 0.6677 0.3132
vn -0.7090 0.7008 0.0790
vn -0.7090 0.7008 -0.0790
vn -0.6754 0.6677 -0.3132
vn -0.5716 0.5655 -0.5945
vn -0.4111 0.4071 -0.8156
vn -0.2105 0.2086 -0.9551
vn 0.0098 -0.0097 -0.9999
vn 0.2280 -0.2265 -0.9470
vn 0.4232 -0.4205 -0.8025
vn 0.5771 -0.5735 -0.5814
vn 0.6754 -0.6714 -0.3051
vn 0.7070 -0.7029 -0.0779
vn 0.7070 -0.7029 0.0779
vn 0.6754 -0.6714 0.3051
vn 0.5771 -0.5735 0.5814
vn 0.4232 -0.4205 0.8025
vn 0.0070 -0.0128 0.9999
vn 0.1554 -0.2820 0.9467
vn -0.1428 0.2588 0.9553
vn -0.2792 0.5060 0.8161
vn -0.3885 0.7036 0.5950
vn -0.4591 0.8312 0.3135
vn -0.4820 0.8726 0.0791
vn -0.4820 0.8726 -0.0791
vn -0.4591 0.8312 -0.3135
vn -0.3885 0.7036 -0.5950
vn -0.2792 0.5060 -0.8161
vn -0.1428 0.2588 -0.9553
vn 0.0070 -0.0128 -0.9999
vn 0.1554 -0.2820 -0.9467
vn 0.2882 -0.5229 -0.8022
vn 0.3928 -0.7128 -0.5811
vn 0.4596 -0.8342 -0.3049
vn 0.4811 -0.8732 -0.0779
vn 0.4811 -0.8732 0.0779
vn 0.4596 -0.8342 0.3049
vn 0.3928 -0.7128 0.5811
vn 0.2882 -0.5229 0.8022
vn 0.0031 -0.0142 0.9999
vn 0.0676 -0.3147 0.9468
vn -0.0619 0.2891 0.9553
vn -0.1209 0.5651 0.8161
vn -0.1679 0.7860 0.5950
vn -0.1982 0.9287 0.3135
vn -0.2080 0.9749 0.0791
vn -0.2080 0.9749 -0.0791
vn -0.1983 0.9287 -0.3135
vn -0.1679 0.7860 -0.5950
vn -0.1209 0.5651 -0.8161
vn -0.0619 0.2891 -0.9553
vn 0.0031 -0.0142 -0.9999
vn 0.0676 -0.3147 -0.9468
vn 0.1254 -0.5837 -0.8023
vn 0.1711 -0.7956 -0.5811
vn 0.2003 -0.9311 -0.3049
vn 0.2096 -0.9747 -0.0779
vn 0.2096 -0.9747 0.0779
vn 0.2002 -0.9311 0.3049
vn 0.1711 -0.7956 0.5811
vn 0.1254 -0.5837 0.8023
vn -0.0010 -0.0133 0.9999
vn -0.0221 -0.3204 0.9470
vn 0.0203 0.2964 0.9548
vn 0.0398 0.5779 0.8151
vn 0.0554 0.8027 0.5938
vn 0.0654 0.9476 0.3127
vn 0.0687 0.9945 0.0789
vn 0.0687 0.9945 -0.0789
vn 0.0654 0.9476 -0.3127
vn 0.0554 0.8027 -0.5938
vn 0.0398 0.5779 -0.8151
vn 0.0203 0.2964 -0.9548
vn -0.0010 -0.0133 -0.9999
vn -0.0221 -0.3204 -0.9470
vn -0.0410 -0.5952 -0.8025
vn -0.0558 -0.8118 -0.5813
vn -0.0653 -0.9501 -0.3050
vn -0.0683 -0.9946 -0.0779
vn -0.0683 -0.9946 0.0779
vn -0.0653 -0.9501 0.3050
vn -0.0558 -0.8118 0.5813
vn -0.0410 -0.5952 0.8025
vn -0.0164 -0.0068 0.9998
vn -0.1204 -0.2974 0.9471
vn 0.0879 0.2862 0.9541
vn 0.1818 0.5522 0.8136
vn 0.2562 0.7640 0.5921
vn 0.3043 0.9001 0.3118
vn 0.3206 0.9439 0.0788
vn 0.3206 0.9439 -0.0788
vn 0.3043 0.9001 -0.3118
vn 0.2562 0.7640 -0.5921
vn 0.1818 0.5522 -0.8136
vn 0.0879 0.2862 -0.9541
vn -0.0164 -0.0068 -0.9998
vn -0.1204 -0.2974 -0.9471
vn -0.2137 -0.5572 -0.8024
vn -0.2870 -0.7616 -0.5810
vn -0.3335 -0.8921 -0.3049
vn -0.3481 -0.9342 -0.0779
vn -0.3481 -0.9342 0.0779
vn -0.3335 -0.8921 0.3049
vn -0.2870 -0.7616 0.5810
vn -0.2137 -0.5572 0.8024
vn -0.0601 0.0365 0.9975
vn -0.2554 -0.2008 0.9458
vn 0.1362 0.2750 0.9518
vn 0.3144 0.4911 0.8124
vn 0.4579 0.6626 0.5927
vn 0.5537 0.7714 0.3136
vn 0.5892 0.8041 0.0793
vn 0.5892 0.8041 -0.0793
vn 0.5537 0.7714 -0.3136
vn 0.4579 0.6626 -0.5927
vn 0.3144 0.4911 -0.8124
vn 0.1362 0.2750 -0.9518
vn -0.0601 0.0365 -0.9975
vn -0.2554 -0.2008 -0.9458
vn -0.4302 -0.4139 -0.8022
vn -0.5674 -0.5829 -0.5816
vn -0.6536 -0.6923 -0.3058
vn -0.6799 -0.7291 -0.0786
vn -0.6799 -0.7291 0.0786
vn -0.6536 -0.6923 0.3058
vn -0.5674 -0.5829 0.5816
vn -0.4302 -0.4139 0.8022
vn -0.0801 0.1430 0.9865
vn -0.3545 0.0182 0.9349
vn 0.1980 0.2651 0.9437
vn 0.4545 0.3720 0.8093
vn 0.6656 0.4520 0.5939
vn 0.8092 0.4955 0.3157
vn 0.8629 0.4991 0.0798
vn 0.8629 0.4991 -0.0798
vn 0.8092 0.4955 -0.3157
vn 0.6656 0.4520 -0.5939
vn 0.4545 0.3720 -0.8093
vn 0.1980 0.2651 -0.9437
vn -0.0801 0.1430 -0.9865
vn -0.3545 0.0182 -0.9349
vn -0.6002 -0.0969 -0.7940
vn -0.7940 -0.1916 -0.5769
vn -0.9172 -0.2574 -0.3041
vn -0.9557 -0.2836 -0.0785
vn -0.9557 -0.2836 0.0785
vn -0.9172 -0.2574 0.3041
vn -0.7940 -0.1916 0.5769
vn -0.6002 -0.0969 0.7940
vn -0.0295 0.2420 0.9698
vn -0.3249 0.2524 0.9115
vn 0.2740 0.2229 0.9355
vn 0.5566 0.1955 0.8074
vn 0.7879 0.1618 0.5941
vn 0.9407 0.1257 0.3152
vn 0.9920 0.0978 0.0796
vn 0.9920 0.0978 -0.0796
vn 0.9407 0.1257 -0.3152
vn 0.7880 0.1618 -0.5941
vn 0.5566 0.1955 -0.8074
vn 0.2740 0.2229 -0.9355
vn -0.0295 0.2420 -0.9698
vn -0.3249 0.2524 -0.9115
vn -0.5863 0.2548 -0.7690
vn -0.7923 0.2500 -0.5566
vn -0.9259 0.2383 -0.2930
vn -0.9711 0.2264 -0.0755
vn -0.9711 0.2264 0.0755
vn -0.9259 0.2383 0.2930
vn -0.7923 0.2500 0.5566
vn -0.5863 0.2549 0.7690
vn 0.0233 0.2686 0.9630
vn -0.2645 0.3430 0.9014
vn 0.3193 0.1824 0.9299
vn 0.5921 0.0928 0.8005
vn 0.8104 0.0096 0.5858
vn 0.9494 -0.0576 0.3089
vn 0.9925 -0.0934 0.0785
vn 0.9925 -0.0934 -0.0785
vn 0.9494 -0.0576 -0.3089
vn 0.8104 0.0096 -0.5858
vn 0.5921 0.0928 -0.8005
vn 0.3193 0.1824 -0.9299
vn 0.0233 0.2686 -0.9630
vn -0.2645 0.3430 -0.9014
vn -0.5177 0.3996 -0.7565
vn -0.7167 0.4349 -0.5452
vn -0.8475 0.4471 -0.2861
vn -0.8950 0.4400 -0.0729
vn -0.8950 0.4400 0.0729
vn -0.8475 0.4471 0.2861
vn -0.7167 0.4349 0.5452
vn -0.5177 0.3996 0.7565
vn -0.5404 0.5182 0.6630
vn -0.3533 0.6339 0.6880
vn 0.5404 0.5182 0.6630
vn 0.3533 0.6339 0.6880
vn 0.2077 0.7050 0.6781
vn -0.0000 0.7382 0.6746
vn -0.2077 0.7050 0.6781
vn -0.6388 -0.3262 0.6968
vn -0.7869 0.0506 0.6150
vn 0.6388 -0.3262 0.6968
vn 0.7869 0.0506 0.6150
vn -0.7021 -0.1153 0.7027
vn -0.6729 -0.1493 0.7245
vn 0.7021 -0.1153 0.7027
vn 0.6729 -0.1493 0.7245
vn 0.6404 -0.2516 0.7257
vn -0.6404 -0.2516 0.7257
vn -0.6185 -0.3274 0.7144
vn 0.6185 -0.3274 0.7144
vn -0.3899 -0.6632 0.6389
vn -0.0000 -0.7451 0.6670
vn -0.6844 -0.3223 0.6540
vn 0.3899 -0.6632 0.6389
vn 0.6844 -0.3223 0.6540
vn -0.5404 0.5182 -0.6630
vn -0.3533 0.6339 -0.6880
vn 0.3533 0.6339 -0.6880
vn 0.5404 0.5182 -0.6630
vn -0.0000 0.7382 -0.6746
vn 0.2077 0.7050 -0.6781
vn -0.2077 0.7050 -0.6781
vn -0.6388 -0.3262 -0.6968
vn -0.7869 0.0506 -0.6150
vn 0.7869 0.0506 -0.6150
vn 0.6388 -0.3262 -0.6968
vn -0.7021 -0.1153 -0.7027
vn -0.6729 -0.1493 -0.7245
vn 0.6729 -0.1493 -0.7245
vn 0.7021 -0.1153 -0.7027
vn 0.6404 -0.2516 -0.7257
vn -0.6404 -0.2516 -0.7257
vn -0.6185 -0.3274 -0.7144
vn 0.6185 -0.3274 -0.7144
vn -0.3899 -0.6632 -0.6389
vn -0.6844 -0.3223 -0.6540
vn -0.0000 -0.7451 -0.6670
vn 0.6844 -0.3223 -0.6540
vn 0.3899 -0.6632 -0.6389
vn 0.5880 -0.2534 0.7681
vn 0.6983 -0.1048 0.7081
vn 0.6983 -0.1048 -0.7081
vn 0.5880 -0.2534 -0.7681
vn 0.3051 -0.5165 0.8001
vn -0.3856 0.5951 0.7051
vn -0.3322 0.6027 0.7256
vn 0.3322 0.6027 -0.7256
vn 0.1917 0.6461 -0.7388
vn 0.7059 -0.1573 0.6907
vn -0.6983 -0.1048 -0.7081
vn -0.5880 -0.2534 -0.7681
vn -0.4090 0.0835 -0.9087
vn -0.6066 -0.3807 -0.6979
vn 0.1917 0.6461 0.7388
vn 0.3322 0.6027 0.7256
vn 0.7059 -0.1573 -0.6907
vn 0.6742 -0.2645 -0.6896
vn -0.5880 -0.2534 0.7681
vn -0.6983 -0.1048 0.7081
vn 0.6066 -0.3807 -0.6979
vn 0.4090 0.0835 -0.9087
vn 0.6742 -0.2645 0.6896
vn -0.3051 -0.5165 -0.8001
vn 0.4090 0.0835 0.9087
vn 0.6066 -0.3807 0.6979
vn -0.6066 -0.3807 0.6979
vn -0.4090 0.0835 0.9087
vn -0.0000 0.6692 -0.7431
vn -0.3051 -0.5165 0.8001
vn 0.3856 0.5951 -0.7051
vn -0.0000 0.6692 0.7431
vn 0.6314 -0.3339 -0.6998
vn -0.6742 -0.2645 -0.6896
vn -0.7059 -0.1573 -0.6907
vn 0.6314 -0.3339 0.6998
vn -0.0000 -0.6683 -0.7439
vn 0.3051 -0.5165 -0.8001
vn -0.7059 -0.1573 0.6907
vn -0.6742 -0.2645 0.6896
vn -0.3856 0.5951 -0.7051
vn -0.6314 -0.3339 0.6998
vn -0.6314 -0.3339 -0.6998
vn 0.3856 0.5951 0.7051
vn -0.3322 0.6027 -0.7256
vn -0.1917 0.6461 0.7388
vn -0.1917 0.6461 -0.7388
vn -0.0000 -0.6683 0.7439
vn -0.0000 1.0000 -0.0000
vn -0.3827 0.9239 -0.0000
vn -0.3493 0.8434 0.4083
vn -0.0000 0.9130 0.4080
vn -0.7071 0.7071 -0.0000
vn -0.6456 0.6456 0.4080
vn -0.9239 0.3827 -0.0000
vn -0.8434 0.3493 0.4083
vn -0.9130 -0.0000 0.4080
vn -0.9239 -0.3827 -0.0000
vn -0.8434 -0.3493 0.4083
vn -0.7071 -0.7071 -0.0000
vn -0.6456 -0.6456 0.4080
vn -0.3827 -0.9239 -0.0000
vn -0.3493 -0.8434 0.4083
vn -0.0000 -1.0000 -0.0000
vn -0.0000 -0.9130 0.4080
vn 0.3827 -0.9239 -0.0000
vn 0.3493 -0.8434 0.4083
vn 0.7071 -0.7071 -0.0000
vn 0.6456 -0.6456 0.4080
vn 0.9239 -0.3827 -0.0000
vn 0.8434 -0.3493 0.4083
vn 0.9130 -0.0000 0.4080
vn -0.0000 0.6344 0.7730
vn 0.2430 0.5866 0.7726
vn 0.3493 0.8434 0.4083
vn 0.4486 0.4486 0.7730
vn 0.6456 0.6456 0.4080
vn 0.1427 0.3445 0.9279
vn 0.2642 0.2642 0.9276
vn -0.0000 0.3737 0.9276
vn 0.9239 0.3827 -0.0000
vn 0.8434 0.3493 0.4083
vn 0.7071 0.7071 -0.0000
vn 0.3827 0.9239 -0.0000
vn -0.2642 0.2642 0.9276
vn -0.3445 0.1427 0.9279
vn -0.1427 0.3445 0.9279
vn 0.3445 0.1427 0.9279
vn 0.3737 -0.0000 0.9276
vn 0.3445 -0.1427 0.9279
vn 0.2642 -0.2642 0.9276
vn 0.1427 -0.3446 0.9279
vn -0.0000 -0.3737 0.9276
vn -0.1427 -0.3445 0.9279
vn -0.2642 -0.2642 0.9276
vn -0.3445 -0.1427 0.9279
vn -0.3737 -0.0000 0.9276
vn -0.4486 0.4486 0.7730
vn -0.2430 0.5866 0.7726
vn -0.4486 -0.4486 0.7730
vn -0.5865 -0.2430 0.7726
vn -0.6344 -0.0000 0.7730
vn 0.6345 -0.0000 0.7730
vn 0.5866 -0.2430 0.7726
vn 0.4486 -0.4486 0.7730
vn -0.0000 -0.6344 0.7730
vn -0.2429 -0.5866 0.7726
vn 0.5866 0.2430 0.7726
vn -0.5865 0.2430 0.7726
vn 0.2429 -0.5866 0.7726
vn -0.3494 -0.8434 0.4083
vn 0.3494 -0.8434 0.4083
vn 0.8434 -0.3494 0.4083
vn 0.2430 0.5865 0.7726
vn 0.8434 0.3494 0.4083
vn 0.1427 -0.3445 0.9279
vn -0.2429 0.5865 0.7726
vn 0.6344 -0.0000 0.7730
vn 0.5865 -0.2430 0.7726
vn -0.0000 -0.6345 0.7730
vn -0.2430 -0.5866 0.7726
vn 0.5865 0.2430 0.7726
vn 0.2430 -0.5866 0.7726
vn -0.0000 0.6345 0.7730
vn -0.2430 -0.5865 0.7726
vn 0.2430 -0.5865 0.7726
vn 0.2643 0.2642 0.9275
vn 0.3446 0.1427 0.9279
vn 0.7626 -0.3428 0.5485
vn 0.5446 0.4293 0.7205
vn 0.6000 0.3040 0.7399
vn -0.7626 -0.3428 0.5485
vn -0.5446 0.4293 0.7205
vn -0.6000 0.3040 0.7399
vn -0.0000 0.6563 0.7545
vn 0.2518 0.6079 0.7530
vn 0.4641 0.4641 0.7545
vn 0.6079 0.2518 0.7530
vn 0.6563 -0.0000 0.7545
vn -0.6991 0.2060 0.6847
vn -0.6675 0.1748 0.7238
vn -0.6563 -0.0000 0.7545
vn -0.6079 0.2518 0.7530
vn -0.4641 0.4641 0.7545
vn 0.6675 0.1748 0.7238
vn 0.6991 0.2060 0.6847
vn 0.4641 -0.4641 0.7545
vn 0.2518 -0.6079 0.7530
vn -0.0000 -0.6564 0.7544
vn -0.0000 0.7417 0.6707
vn -0.2446 0.6991 0.6719
vn -0.4635 0.5794 0.6704
vn 0.6079 -0.2518 0.7530
vn -0.6292 0.3914 0.6715
vn -0.4641 -0.4641 0.7545
vn -0.6079 -0.2518 0.7530
vn 0.6291 0.3914 0.6715
vn 0.4635 0.5794 0.6704
vn -0.2518 0.6079 0.7530
vn -0.2518 -0.6079 0.7530
vn 0.2446 0.6991 0.6719
vn 0.5446 0.4293 -0.7205
vn 0.7626 -0.3428 -0.5485
vn 0.6000 0.3040 -0.7399
vn -0.7626 -0.3428 -0.5485
vn -0.5446 0.4293 -0.7205
vn -0.6000 0.3040 -0.7399
vn -0.0000 0.6563 -0.7545
vn 0.2518 0.6079 -0.7530
vn 0.4641 0.4641 -0.7545
vn 0.6079 0.2518 -0.7530
vn 0.6563 -0.0000 -0.7545
vn -0.6675 0.1748 -0.7238
vn -0.6991 0.2060 -0.6847
vn -0.6563 -0.0000 -0.7545
vn -0.6079 0.2518 -0.7530
vn -0.4641 0.4641 -0.7545
vn 0.6675 0.1748 -0.7238
vn 0.6991 0.2060 -0.6847
vn 0.4641 -0.4640 -0.7545
vn 0.2518 -0.6079 -0.7531
vn -0.0000 -0.6563 -0.7545
vn -0.2447 0.6991 -0.6718
vn -0.0000 0.7418 -0.6707
vn -0.4635 0.5794 -0.6704
vn 0.6079 -0.2518 -0.7531
vn -0.6292 0.3914 -0.6715
vn -0.4641 -0.4640 -0.7545
vn -0.6079 -0.2518 -0.7530
vn 0.6292 0.3914 -0.6715
vn 0.4635 0.5794 -0.6704
vn -0.2518 0.6079 -0.7530
vn -0.2518 -0.6079 -0.7531
vn 0.2447 0.6991 -0.6718
vn 0.3494 0.8434 0.4083
vn -0.3494 0.8434 0.4083
vn -0.2429 0.5866 0.7726
vn -0.0000 -0.3736 0.9276
vn 0.2429 0.5865 0.7726
vn -0.5866 -0.2430 0.7726
vn -0.6345 -0.0000 0.7729
vn -0.5866 0.2430 0.7726
vn 0.6079 -0.2518 -0.7530
vn -0.6345 -0.0000 0.7730
vn -0.9999 0.0131 -0.0000
vn -0.0000 -0.1764 -0.9843
vn 0.9999 0.0131 -0.0000
vn -0.0000 0.1764 0.9843
vn 0.9524 -0.3048 -0.0000
vn -0.9524 -0.3048 -0.0000
vn -0.0000 0.9843 -0.1764
vn -1.0000 0.0042 -0.0008
vn 1.0000 0.0042 -0.0008
vn -0.0000 -0.9843 0.1764
vn -0.9945 -0.1028 0.0184
vn 0.9945 -0.1028 0.0184
vn -0.0000 -0.1764 0.9843
vn -0.0000 0.1764 -0.9843
vn -0.0000 0.9843 0.1764
vn -1.0000 0.0042 0.0008
vn 1.0000 0.0042 0.0008
vn -0.0000 -0.9843 -0.1764
vn -0.9945 -0.1028 -0.0184
vn 0.9945 -0.1028 -0.0184
vn -0.9524 -0.3049 -0.0000
vn -0.0000 -0.4983 -0.8670
vn -0.0000 -0.4983 0.8670
vn -0.0000 0.9239 0.3827
vn -0.4080 0.9130 -0.0000
vn -0.4083 0.8434 0.3493
vn -0.4080 0.6456 0.6456
vn -0.0000 0.7071 0.7071
vn -0.0000 0.3827 0.9239
vn -0.4083 0.3493 0.8434
vn -0.4080 -0.0000 0.9130
vn -0.0000 -0.3827 0.9239
vn -0.4083 -0.3493 0.8434
vn -0.4080 -0.6456 0.6456
vn -0.0000 -0.9239 0.3827
vn -0.4083 -0.8434 0.3493
vn -0.4080 -0.9130 -0.0000
vn -0.0000 -0.9239 -0.3827
vn -0.4083 -0.8434 -0.3493
vn -0.4080 -0.6456 -0.6456
vn -0.0000 -0.3827 -0.9239
vn -0.4082 -0.3493 -0.8434
vn -0.4080 -0.0000 -0.9130
vn -0.4083 0.8434 -0.3493
vn -0.7726 0.5865 -0.2430
vn -0.7730 0.6345 -0.0000
vn -0.4080 0.6456 -0.6456
vn -0.7730 0.4486 -0.4486
vn -0.9275 0.2642 -0.2643
vn -0.9279 0.3445 -0.1427
vn -0.9276 0.3737 -0.0000
vn -0.0000 0.3827 -0.9239
vn -0.4082 0.3493 -0.8434
vn -0.0000 0.7071 -0.7071
vn -0.0000 0.9239 -0.3827
vn -0.9276 0.2642 0.2642
vn -0.9279 0.3445 0.1428
vn -0.9279 0.1427 0.3445
vn -0.9279 0.1427 -0.3445
vn -0.9276 -0.0000 -0.3737
vn -0.9279 -0.1427 -0.3445
vn -0.9275 -0.2642 -0.2643
vn -0.9279 -0.3446 -0.1427
vn -0.9275 -0.3737 -0.0000
vn -0.9278 -0.3446 0.1427
vn -0.9276 -0.2642 0.2642
vn -0.9279 -0.1427 0.3445
vn -0.9276 -0.0000 0.3736
vn -0.7726 0.5866 0.2430
vn -0.7730 0.4486 0.4487
vn -0.7726 -0.2429 0.5865
vn -0.7730 -0.4486 0.4486
vn -0.7730 -0.0000 0.6344
vn -0.7726 -0.2430 -0.5866
vn -0.7730 -0.0000 -0.6344
vn -0.7730 -0.4486 -0.4486
vn -0.7726 -0.5866 0.2430
vn -0.7730 -0.6344 -0.0000
vn -0.7726 0.2430 -0.5866
vn -0.7726 0.2429 0.5866
vn -0.7726 -0.5865 -0.2430
vn -0.4083 0.3493 -0.8434
vn -0.4083 -0.3493 -0.8434
vn -0.4081 -0.9130 -0.0000
vn -0.4079 -0.0000 0.9130
vn -0.7730 0.6344 -0.0000
vn -0.7726 0.5865 0.2429
vn -0.7730 0.4486 0.4486
vn -0.9279 0.3445 0.1427
vn -0.9276 0.3736 -0.0000
vn -0.4082 0.3493 0.8434
vn -0.9276 0.2642 -0.2642
vn -0.9276 -0.0000 0.3737
vn -0.9279 -0.3445 -0.1427
vn -0.9276 -0.2642 -0.2642
vn -0.9276 -0.0000 -0.3736
vn -0.7727 0.5865 -0.2430
vn -0.7726 -0.2429 -0.5865
vn -0.7729 -0.0000 0.6345
vn -0.7726 -0.2429 0.5866
vn -0.7726 0.2430 0.5866
vn -0.7726 0.2429 -0.5865
vn -0.7726 -0.5865 0.2430
vn -0.4082 -0.3493 0.8434
vn -0.4082 0.8434 -0.3493
vn -0.7726 -0.5866 -0.2430
vn -0.7729 -0.4486 -0.4486
vn -0.9278 -0.3446 -0.1427
vn -0.9279 -0.3445 0.1427
vn -0.7730 -0.0000 -0.6345
vn -0.7729 0.4486 -0.4486
vn -0.7729 0.6345 -0.0000
vn -0.7726 0.5865 0.2430
vn -0.7726 -0.2429 -0.5866
vn -0.7726 0.5866 -0.2430
vn -0.4083 -0.8434 -0.3494
vn -0.9276 -0.2642 -0.2643
vn -0.9279 -0.3445 -0.1428
vn -0.7730 -0.0000 0.6345
vn -0.7726 0.5865 -0.2429
vn -0.7726 -0.2430 0.5866
vn 0.4082 0.8434 0.3493
vn 0.4079 0.9130 -0.0000
vn 0.4080 0.6456 0.6456
vn 0.4082 0.3493 0.8434
vn 0.4080 -0.0000 0.9130
vn 0.4083 -0.3493 0.8434
vn 0.4079 -0.6456 0.6456
vn 0.4083 -0.8434 0.3493
vn 0.4080 -0.9130 -0.0000
vn 0.4083 -0.8434 -0.3493
vn 0.4080 -0.6456 -0.6456
vn 0.4083 -0.3493 -0.8434
vn 0.4080 -0.0000 -0.9130
vn 0.7729 0.6345 -0.0000
vn 0.7726 0.5865 -0.2429
vn 0.4083 0.8434 -0.3493
vn 0.7730 0.4486 -0.4486
vn 0.4080 0.6456 -0.6456
vn 0.9279 0.3445 -0.1427
vn 0.9276 0.2642 -0.2642
vn 0.9276 0.3736 -0.0000
vn 0.4082 0.3493 -0.8434
vn 0.9276 0.2642 0.2642
vn 0.9279 0.1427 0.3445
vn 0.9279 0.3445 0.1427
vn 0.9279 0.1427 -0.3445
vn 0.9276 -0.0000 -0.3737
vn 0.9279 -0.1427 -0.3445
vn 0.9276 -0.2642 -0.2642
vn 0.9279 -0.3445 -0.1428
vn 0.9275 -0.3737 -0.0000
vn 0.9278 -0.3446 0.1427
vn 0.9276 -0.2642 0.2643
vn 0.9279 -0.1427 0.3445
vn 0.9276 -0.0000 0.3736
vn 0.7730 0.4486 0.4486
vn 0.7726 0.5866 0.2430
vn 0.7730 -0.4486 0.4486
vn 0.7726 -0.2430 0.5865
vn 0.7730 -0.0000 0.6344
vn 0.7730 -0.0000 -0.6344
vn 0.7726 -0.2430 -0.5865
vn 0.7730 -0.4486 -0.4486
vn 0.7730 -0.6345 -0.0000
vn 0.7726 -0.5866 0.2430
vn 0.7726 0.2430 -0.5866
vn 0.7726 0.2430 0.5865
vn 0.7726 -0.5866 -0.2429
vn 0.4080 0.9130 -0.0000
vn 0.4080 -0.6456 0.6456
vn 0.4083 0.8434 0.3493
vn 0.7726 0.5865 0.2429
vn 0.7730 0.6344 -0.0000
vn 0.7729 0.4486 0.4486
vn 0.9276 -0.0000 0.3737
vn 0.9279 -0.3445 0.1428
vn 0.9279 -0.3445 -0.1427
vn 0.9276 -0.2642 -0.2643
vn 0.9276 -0.0000 -0.3736
vn 0.7730 -0.0000 0.6345
vn 0.7726 -0.5865 -0.2429
vn 0.7730 -0.6344 -0.0000
vn 0.7726 0.2430 0.5866
vn 0.7726 0.2430 -0.5865
vn 0.7726 -0.5865 0.2430
vn 0.4079 0.6456 0.6456
vn 0.4082 0.8434 -0.3493
vn 0.4079 0.6456 -0.6456
vn 0.4082 -0.8434 -0.3493
vn 0.7726 -0.5866 -0.2430
vn 0.4079 -0.6456 -0.6456
vn 0.7729 -0.4486 -0.4486
vn 0.9276 -0.3737 -0.0000
vn 0.9276 -0.2642 0.2642
vn 0.9279 -0.3445 0.1427
vn 0.9276 0.3737 -0.0000
vn 0.9276 0.2642 0.2643
vn 0.7726 -0.5865 0.2429
vn 0.7729 0.4486 0.4487
vn 0.7726 -0.2429 -0.5865
vn 0.7726 0.5866 -0.2430
vn 0.4083 -0.8434 0.3494
vn 0.9278 -0.3446 0.1428
vn 0.9275 0.2642 0.2643
vn 0.9275 0.2642 -0.2643
vn 0.7726 0.5866 -0.2429
vn 0.7726 0.5866 0.2429
vn -0.0000 0.9917 -0.1282
vn -0.0000 -0.9917 0.1282
vn -0.9986 0.0068 0.0529
vn -0.0000 0.1282 0.9917
vn 0.9986 0.0068 0.0529
vn -0.0000 -0.1282 -0.9917
vn 0.1256 0.9170 -0.3786
vn 0.5628 0.7919 0.2370
vn 0.6705 0.2033 0.7135
vn 0.3855 -0.5045 0.7725
vn -0.1256 -0.9170 0.3786
vn -0.5629 -0.7918 -0.2370
vn -0.6705 -0.2033 -0.7135
vn -0.3855 0.5045 -0.7725
vn -0.1256 0.9170 -0.3786
vn -0.5628 0.7919 0.2370
vn -0.6705 0.2033 0.7135
vn -0.3855 -0.5045 0.7725
vn 0.1256 -0.9170 0.3786
vn 0.5629 -0.7919 -0.2370
vn 0.6705 -0.2033 -0.7135
vn 0.3855 0.5045 -0.7725
vn 0.0343 0.9994 -0.0000
vn 0.2808 0.9598 -0.0000
vn 0.2808 0.9271 -0.2484
vn 0.0343 0.9654 -0.2587
vn 0.7615 0.6481 -0.0000
vn 0.7617 0.6259 -0.1677
vn 0.7615 0.5613 -0.3241
vn 0.2808 0.8312 -0.4799
vn 0.0343 0.8655 -0.4997
vn 0.2808 0.6787 -0.6787
vn 0.0343 0.7067 -0.7067
vn 0.7617 0.4582 -0.4582
vn 0.7615 0.3241 -0.5613
vn 0.2808 0.4799 -0.8312
vn 0.0343 0.4997 -0.8655
vn 0.2808 0.2484 -0.9271
vn 0.0343 0.2587 -0.9654
vn 0.7617 0.1677 -0.6259
vn 0.7615 -0.0000 -0.6481
vn 0.2808 -0.0000 -0.9598
vn 0.0346 0.0001 -0.9994
vn 0.2808 -0.2484 -0.9271
vn 0.0348 -0.2587 -0.9653
vn 0.7616 -0.1677 -0.6259
vn 0.7615 -0.3241 -0.5613
vn 0.2808 -0.4799 -0.8312
vn 0.0277 -0.5011 -0.8650
vn 0.2808 -0.6787 -0.6787
vn 0.0129 -0.7081 -0.7060
vn 0.7617 -0.4582 -0.4582
vn 0.7615 -0.5613 -0.3241
vn 0.2808 -0.8312 -0.4799
vn 0.0037 -0.8662 -0.4998
vn 0.2808 -0.9271 -0.2484
vn 0.0026 -0.9659 -0.2588
vn 0.7616 -0.6259 -0.1677
vn 0.7615 -0.6481 -0.0000
vn 0.2808 -0.9598 -0.0000
vn 0.0028 -1.0000 -0.0000
vn 0.2808 -0.9271 0.2484
vn 0.0026 -0.9659 0.2588
vn 0.7616 -0.6259 0.1677
vn 0.7615 -0.5613 0.3241
vn 0.2808 -0.8312 0.4799
vn 0.0037 -0.8662 0.4998
vn 0.2808 -0.6787 0.6787
vn 0.0129 -0.7081 0.7060
vn 0.7617 -0.4582 0.4582
vn 0.7615 -0.3241 0.5613
vn 0.2808 -0.4799 0.8312
vn 0.0277 -0.5011 0.8650
vn 0.2808 -0.2484 0.9271
vn 0.0348 -0.2587 0.9653
vn 0.7616 -0.1677 0.6259
vn 0.7615 -0.0000 0.6481
vn 0.2808 -0.0000 0.9598
vn 0.0346 0.0001 0.9994
vn 0.2808 0.2484 0.9271
vn 0.0343 0.2587 0.9654
vn 0.7617 0.1677 0.6259
vn 0.7615 0.3241 0.5613
vn 0.2808 0.4799 0.8312
vn 0.0343 0.4997 0.8655
vn -0.2253 0.4871 0.8438
vn -0.2253 0.2522 0.9411
vn -0.1209 0.2569 0.9588
vn -0.1209 0.4963 0.8597
vn -0.2253 -0.0000 0.9743
vn -0.1209 -0.0000 0.9927
vn -0.0210 -0.0000 0.9998
vn -0.0210 0.2588 0.9657
vn -0.0210 0.4999 0.8658
vn 0.2808 0.6787 0.6787
vn 0.0343 0.7067 0.7067
vn 0.7617 0.4582 0.4582
vn 0.7615 0.5613 0.3241
vn 0.2808 0.8312 0.4799
vn 0.0343 0.8655 0.4997
vn 0.2808 0.9271 0.2484
vn 0.0343 0.9654 0.2587
vn 0.7617 0.6259 0.1677
vn -0.1586 -0.9873 -0.0000
vn -0.1377 -0.9585 0.2497
vn -0.6937 -0.6976 0.1792
vn -0.7240 -0.6898 -0.0000
vn -0.1134 -0.8604 0.4968
vn -0.6549 -0.6544 0.3778
vn -0.9774 -0.1831 0.1057
vn -0.9865 -0.1584 0.0404
vn -0.9917 -0.1288 -0.0000
vn 0.7243 0.0001 0.6895
vn 0.7241 0.1785 0.6662
vn 0.9812 0.0499 0.1864
vn 0.9813 0.0002 0.1926
vn 0.7245 0.3446 0.5969
vn 0.9812 0.0965 0.1672
vn 0.7263 0.3437 0.5953
vn 0.7265 0.1779 0.6638
vn 0.7288 0.0019 0.6847
vn 0.7245 0.3446 -0.5969
vn 0.7241 0.1785 -0.6662
vn 0.9812 0.0499 -0.1864
vn 0.9812 0.0965 -0.1672
vn 0.7242 0.0001 -0.6895
vn 0.9812 -0.0000 -0.1931
vn 0.7263 -0.0000 -0.6873
vn 0.7265 0.1779 -0.6638
vn 0.7263 0.3437 -0.5953
vn 0.7241 0.4877 0.4877
vn 0.9812 0.1365 0.1365
vn 0.7245 0.5969 0.3446
vn 0.9812 0.1672 0.0965
vn 0.7263 0.5953 0.3437
vn 0.7265 0.4859 0.4859
vn -0.7116 0.7025 -0.0000
vn -0.7113 0.6790 0.1819
vn -0.9401 0.3292 0.0882
vn -0.9401 0.3410 -0.0000
vn -0.7117 0.6084 0.3513
vn -0.9401 0.2953 0.1705
vn -0.5640 0.7152 0.4129
vn -0.5641 0.7976 0.2137
vn -0.5640 0.8258 -0.0000
vn -0.7114 -0.6088 0.3512
vn -0.7108 -0.6794 0.1820
vn -0.9239 -0.3702 0.0968
vn -0.9275 -0.3298 0.1761
vn -0.7114 -0.7028 0.0001
vn -0.9298 -0.3679 0.0057
vn -0.4935 -0.8689 0.0373
vn -0.4501 -0.8555 0.2561
vn -0.4734 -0.7675 0.4322
vn 0.7236 -0.1787 -0.6667
vn 0.9812 -0.0499 -0.1864
vn 0.7304 -0.3434 -0.5904
vn 0.9812 -0.0965 -0.1672
vn 0.7263 -0.3437 -0.5953
vn 0.7265 -0.1779 -0.6638
vn -0.7117 0.3513 -0.6084
vn -0.7113 0.4970 -0.4970
vn -0.9401 0.2410 -0.2410
vn -0.9401 0.1705 -0.2953
vn -0.7117 0.6084 -0.3513
vn -0.9401 0.2953 -0.1705
vn -0.5640 0.7152 -0.4129
vn -0.5641 0.5839 -0.5839
vn -0.5640 0.4129 -0.7152
vn 0.7241 0.6662 0.1785
vn 0.9812 0.1864 0.0499
vn 0.7245 0.6892 -0.0000
vn 0.9812 0.1931 -0.0000
vn 0.7263 0.6873 -0.0000
vn 0.7265 0.6638 0.1779
vn 0.7445 -0.4736 -0.4706
vn 0.9812 -0.1365 -0.1365
vn 0.7529 -0.5701 -0.3287
vn 0.9811 -0.1679 -0.0966
vn 0.7239 -0.5986 -0.3430
vn 0.7265 -0.4859 -0.4859
vn -0.7117 -0.0000 0.7025
vn -0.7113 -0.1819 0.6789
vn -0.9418 -0.0855 0.3253
vn -0.9403 0.0004 0.3403
vn -0.7118 -0.3512 0.6083
vn -0.9433 -0.1660 0.2874
vn -0.5943 -0.3917 0.7025
vn -0.5789 -0.2006 0.7904
vn -0.5661 0.0020 0.8243
vn -0.7117 -0.3513 -0.6084
vn -0.7113 -0.1819 -0.6790
vn -0.9401 -0.0882 -0.3292
vn -0.9401 -0.1705 -0.2953
vn -0.7117 -0.0000 -0.7025
vn -0.9401 -0.0000 -0.3410
vn -0.5640 -0.0000 -0.8258
vn -0.5641 -0.2137 -0.7976
vn -0.5640 -0.4129 -0.7152
vn 0.7535 -0.6351 -0.1702
vn 0.9800 -0.1926 -0.0494
vn 0.7536 -0.6573 -0.0000
vn 0.9772 -0.2123 0.0034
vn 0.6472 -0.7617 0.0308
vn 0.7035 -0.6904 -0.1683
vn 0.0185 0.8659 0.4999
vn 0.2284 0.8431 0.4868
vn 0.2284 0.9404 0.2520
vn 0.0185 0.9658 0.2588
vn 0.2284 0.9736 -0.0000
vn 0.0185 0.9998 -0.0000
vn 0.0185 0.4999 0.8659
vn 0.2284 0.4868 0.8431
vn 0.2284 0.6884 0.6884
vn 0.0185 0.7070 0.7070
vn 0.0211 0.0070 0.9998
vn 0.2332 0.0046 0.9724
vn 0.2284 0.2520 0.9404
vn 0.0185 0.2588 0.9658
vn 0.0731 -0.4156 0.9066
vn 0.3073 -0.4320 0.8479
vn 0.2626 -0.2231 0.9388
vn 0.0382 -0.2157 0.9757
vn 0.7612 -0.3191 0.5646
vn 0.7434 -0.1637 0.6485
vn 0.1327 -0.7740 0.6191
vn 0.0924 -0.8494 0.5196
vn 0.2688 -0.6637 0.6980
vn 0.0939 -0.6334 0.7681
vn 0.5985 -0.7072 0.3765
vn 0.7102 -0.5176 0.4771
vn 0.2742 -0.9613 -0.0275
vn 0.1513 -0.9846 0.0881
vn 0.0398 -0.9388 0.3421
vn 0.2877 -0.8828 0.3715
vn 0.5906 -0.7767 0.2190
vn 0.0276 -0.8647 -0.5015
vn 0.2292 -0.8444 -0.4842
vn 0.2269 -0.9470 -0.2273
vn 0.0967 -0.9601 -0.2626
vn 0.0185 -0.4999 -0.8659
vn 0.2284 -0.4868 -0.8431
vn 0.2284 -0.6884 -0.6884
vn 0.0185 -0.7070 -0.7070
vn 0.0185 -0.0000 -0.9998
vn 0.2284 -0.0000 -0.9736
vn 0.2284 -0.2520 -0.9404
vn 0.0185 -0.2588 -0.9658
vn 0.0185 0.4999 -0.8659
vn 0.2284 0.4868 -0.8431
vn 0.2284 0.2520 -0.9404
vn 0.0185 0.2588 -0.9658
vn 0.0185 0.8659 -0.4999
vn 0.2284 0.8431 -0.4868
vn 0.2284 0.6884 -0.6884
vn 0.0185 0.7070 -0.7070
vn 0.7263 0.5952 -0.3437
vn 0.7265 0.4859 -0.4859
vn 0.2284 0.9404 -0.2520
vn 0.0185 0.9658 -0.2588
vn 0.7265 0.6638 -0.1779
vn -0.7116 -0.6084 -0.3513
vn -0.7113 -0.4970 -0.4970
vn -0.9401 -0.2410 -0.2410
vn -0.9397 -0.2964 -0.1705
vn -0.5641 -0.5839 -0.5839
vn -0.5617 -0.7177 -0.4116
vn -0.7116 0.3513 0.6084
vn -0.7113 0.1819 0.6790
vn -0.9401 0.0882 0.3292
vn -0.9401 0.1705 0.2953
vn -0.5641 0.2137 0.7976
vn -0.5640 0.4129 0.7152
vn 0.7245 0.5969 -0.3446
vn 0.7241 0.4877 -0.4877
vn 0.9812 0.1365 -0.1365
vn 0.9812 0.1672 -0.0965
vn 0.7305 -0.3433 0.5903
vn 0.7236 -0.1787 0.6666
vn 0.9818 -0.0482 0.1836
vn 0.9824 -0.0935 0.1616
vn -0.7113 0.1819 -0.6790
vn -0.9401 0.0882 -0.3292
vn -0.5641 0.2137 -0.7976
vn 0.7242 0.6661 -0.1785
vn 0.9812 0.1864 -0.0499
vn -0.7113 -0.4971 0.4969
vn -0.9390 -0.2492 0.2371
vn -0.5566 -0.5968 0.5780
vn -0.7113 0.6790 -0.1819
vn -0.9401 0.3292 -0.0882
vn -0.5641 0.7976 -0.2137
vn 0.7528 -0.5703 0.3286
vn 0.7445 -0.4737 0.4705
vn 0.9808 -0.1420 0.1340
vn 0.9761 -0.1922 0.1011
vn 0.7533 -0.6352 0.1702
vn 0.9747 -0.2163 0.0557
vn -0.7112 -0.6791 -0.1819
vn -0.9370 -0.3382 -0.0870
vn -0.5430 -0.8154 -0.2006
vn -0.7113 0.4970 0.4970
vn -0.9401 0.2410 0.2410
vn -0.5641 0.5839 0.5839
vn -0.0000 0.9659 -0.2588
vn -0.0000 0.8660 -0.5000
vn -0.0000 0.5000 -0.8660
vn -0.0000 0.2588 -0.9659
vn -0.0000 -0.2588 -0.9659
vn -0.0000 -0.5000 -0.8660
vn 0.0069 -0.8610 -0.5086
vn 0.0012 -0.8586 -0.5126
vn 0.0591 -0.9434 -0.3263
vn 0.0077 -0.9323 -0.3617
vn 0.1639 -0.9453 -0.2819
vn 0.0224 -0.9273 -0.3736
vn -0.0229 -0.5852 0.8106
vn -0.2299 -0.5661 0.7916
vn -0.1895 -0.6485 0.7372
vn -0.0174 -0.6763 0.7365
vn -0.7176 -0.4168 0.5579
vn -0.6472 -0.5295 0.5484
vn -0.3971 -0.7656 0.5061
vn -0.1047 -0.8140 0.5714
vn -0.0104 -0.8242 0.5662
vn 0.0131 -0.6270 0.7789
vn 0.0842 -0.6802 0.7282
vn 0.0423 -0.5790 0.8142
vn 0.0065 -0.5453 0.8382
vn 0.0189 -0.3895 0.9208
vn 0.0025 -0.3784 0.9256
vn 0.0053 -0.2063 0.9785
vn 0.0006 -0.2034 0.9791
vn 0.0007 0.0085 1.0000
vn 0.0001 0.0089 1.0000
vn -0.0000 0.2588 0.9659
vn -0.0000 0.5000 0.8660
vn -0.0000 0.8660 0.5000
vn -0.0000 0.9659 0.2588
vn -0.1346 0.8581 0.4955
vn -0.1346 0.9571 0.2565
vn -0.0126 0.8660 0.5000
vn -0.0126 0.9658 0.2588
vn -0.0126 0.9999 -0.0000
vn -0.1346 0.9909 -0.0000
vn -0.1346 0.4955 0.8581
vn -0.1346 0.7007 0.7007
vn -0.0126 0.5000 0.8660
vn -0.0126 0.7070 0.7071
vn -0.1377 0.0045 0.9905
vn -0.1346 0.2565 0.9571
vn -0.0145 0.0070 0.9999
vn -0.0126 0.2588 0.9658
vn -0.1883 -0.4484 0.8738
vn -0.1574 -0.2294 0.9605
vn -0.0537 -0.4183 0.9067
vn -0.0271 -0.2161 0.9760
vn -0.0460 -0.8529 0.5200
vn -0.1583 -0.6804 0.7155
vn -0.1096 -0.7886 0.6051
vn -0.0697 -0.6409 0.7644
vn -0.0891 -0.9924 0.0846
vn -0.0185 -0.9404 0.3396
vn -0.2294 -0.9733 -0.0072
vn -0.2156 -0.9015 0.3753
vn -0.1352 -0.8595 -0.4929
vn -0.1339 -0.9636 -0.2316
vn -0.0200 -0.8649 -0.5015
vn -0.0766 -0.9622 -0.2615
vn -0.1346 -0.4955 -0.8581
vn -0.1345 -0.7007 -0.7007
vn -0.0126 -0.5000 -0.8660
vn -0.0126 -0.7071 -0.7070
vn -0.1346 -0.0000 -0.9909
vn -0.1346 -0.2565 -0.9571
vn -0.0126 -0.0000 -0.9999
vn -0.0126 -0.2588 -0.9658
vn -0.1346 0.4955 -0.8581
vn -0.1346 0.2565 -0.9571
vn -0.0126 0.5000 -0.8660
vn -0.0126 0.2588 -0.9658
vn -0.1346 0.8581 -0.4955
vn -0.1346 0.7007 -0.7007
vn -0.0126 0.8660 -0.5000
vn -0.0126 0.7071 -0.7071
vn -0.1346 0.9571 -0.2565
vn -0.0126 0.9658 -0.2588
vn 0.9984 0.0565 -0.0000
vn 0.9984 0.0546 -0.0146
vn 0.9840 0.1722 -0.0461
vn 0.9840 0.1783 -0.0000
vn 0.9984 0.0489 -0.0282
vn 0.9840 0.1545 -0.0892
vn 0.9984 0.0400 -0.0400
vn 0.9840 0.1260 -0.1260
vn 0.9984 0.0282 -0.0489
vn 0.9840 0.0892 -0.1545
vn 0.9984 0.0146 -0.0546
vn 0.9840 0.0461 -0.1722
vn 0.9984 -0.0000 -0.0565
vn 0.9840 -0.0000 -0.1783
vn 0.9984 -0.0146 -0.0546
vn 0.9840 -0.0461 -0.1722
vn 0.9984 -0.0282 -0.0489
vn 0.9840 -0.0892 -0.1544
vn 0.9984 -0.0400 -0.0400
vn 0.9840 -0.1260 -0.1260
vn 0.9984 -0.0489 -0.0282
vn 0.9840 -0.1544 -0.0892
vn 0.9984 -0.0546 -0.0146
vn 0.9840 -0.1722 -0.0461
vn 0.9984 -0.0565 -0.0000
vn 0.9840 -0.1783 -0.0000
vn 0.9984 -0.0546 0.0146
vn 0.9840 -0.1722 0.0461
vn 0.9984 -0.0489 0.0282
vn 0.9840 -0.1544 0.0892
vn 0.9984 -0.0400 0.0400
vn 0.9840 -0.1260 0.1260
vn 0.9984 -0.0282 0.0489
vn 0.9840 -0.0892 0.1544
vn 0.9984 -0.0146 0.0546
vn 0.9840 -0.0461 0.1722
vn 0.9984 -0.0000 0.0565
vn 0.9840 -0.0000 0.1783
vn 0.9984 0.0146 0.0546
vn 0.9840 0.0461 0.1722
vn 0.9984 0.0282 0.0489
vn 0.9840 0.0892 0.1545
vn 0.9984 0.0400 0.0400
vn 0.9840 0.1260 0.1260
vn 0.9984 0.0489 0.0282
vn 0.9840 0.1544 0.0892
vn 0.9984 0.0546 0.0146
vn 0.9840 0.1722 0.0461
vn -0.2253 -0.8438 0.4871
vn -0.2253 -0.9411 0.2522
vn -0.1209 -0.9588 0.2569
vn -0.1209 -0.8597 0.4963
vn -0.2253 -0.9743 -0.0000
vn -0.1209 -0.9927 -0.0000
vn -0.0210 -0.9998 -0.0000
vn -0.0210 -0.9657 0.2588
vn -0.0210 -0.8658 0.4999
vn -0.2253 -0.4871 -0.8438
vn -0.2253 -0.2522 -0.9411
vn -0.1209 -0.2569 -0.9588
vn -0.1209 -0.4963 -0.8597
vn -0.2253 -0.0000 -0.9743
vn -0.1209 -0.0000 -0.9927
vn -0.0210 -0.0000 -0.9998
vn -0.0210 -0.2588 -0.9657
vn -0.0210 -0.4999 -0.8658
vn -0.2253 0.8438 0.4871
vn -0.2253 0.6889 0.6889
vn -0.1209 0.7019 0.7019
vn -0.1209 0.8597 0.4963
vn -0.0210 0.7070 0.7070
vn -0.0210 0.8658 0.4999
vn -0.2253 0.8438 -0.4871
vn -0.2253 0.9411 -0.2522
vn -0.1209 0.9588 -0.2569
vn -0.1209 0.8597 -0.4963
vn -0.2253 0.9743 -0.0000
vn -0.1209 0.9927 -0.0000
vn -0.0210 0.9998 -0.0000
vn -0.0210 0.9657 -0.2588
vn -0.0210 0.8658 -0.4999
vn -0.2253 -0.4871 0.8438
vn -0.2253 -0.6889 0.6889
vn -0.1209 -0.7019 0.7019
vn -0.1209 -0.4963 0.8597
vn -0.0210 -0.7070 0.7070
vn -0.0210 -0.4999 0.8658
vn -0.2253 -0.8438 -0.4871
vn -0.2253 -0.6889 -0.6889
vn -0.1209 -0.7019 -0.7019
vn -0.1209 -0.8597 -0.4963
vn -0.0210 -0.7069 -0.7070
vn -0.0210 -0.8658 -0.4999
vn -0.2253 0.9411 0.2522
vn -0.1209 0.9588 0.2569
vn -0.0210 0.9657 0.2588
vn -0.2253 0.4871 -0.8438
vn -0.2253 0.6889 -0.6889
vn -0.1209 0.7019 -0.7019
vn -0.1209 0.4963 -0.8597
vn -0.0210 0.7069 -0.7070
vn -0.0210 0.4999 -0.8658
vn -0.2253 -0.2522 0.9411
vn -0.1209 -0.2569 0.9588
vn -0.0210 -0.2588 0.9657
vn -0.2253 -0.9411 -0.2522
vn -0.1209 -0.9588 -0.2569
vn -0.0210 -0.9657 -0.2588
vn -0.2253 0.2522 -0.9411
vn -0.1209 0.2569 -0.9588
vn -0.0210 0.2588 -0.9657
vn 0.2837 -0.0000 -0.9589
vn 0.2837 0.2482 -0.9262
vn 0.2963 0.2472 -0.9226
vn 0.2963 -0.0000 -0.9551
vn 0.2837 0.4795 -0.8304
vn 0.2963 0.4775 -0.8271
vn 0.1889 0.4910 -0.8504
vn 0.1888 0.2542 -0.9485
vn 0.1889 -0.0000 -0.9820
vn -0.0005 0.5000 -0.8660
vn -0.0005 0.2588 -0.9659
vn 0.0191 0.4999 -0.8659
vn 0.0191 0.2588 -0.9657
vn 0.0191 -0.0000 -0.9998
vn -0.0005 -0.0000 -1.0000
vn -0.0005 -0.0000 1.0000
vn -0.0005 0.2588 0.9659
vn 0.0191 -0.0000 0.9998
vn 0.0191 0.2588 0.9657
vn 0.0191 0.4999 0.8659
vn -0.0005 0.5000 0.8660
vn -0.0005 -1.0000 -0.0000
vn -0.0005 -0.9659 0.2588
vn 0.0191 -0.9998 -0.0000
vn 0.0191 -0.9657 0.2588
vn 0.0191 -0.8659 0.4999
vn -0.0005 -0.8660 0.5000
vn -0.0005 -0.2588 -0.9659
vn 0.0191 -0.2588 -0.9657
vn 0.0191 -0.4999 -0.8659
vn -0.0005 -0.5000 -0.8660
vn -0.0005 0.7071 0.7071
vn 0.0191 0.7070 0.7070
vn 0.0191 0.8659 0.4999
vn -0.0005 0.8660 0.5000
vn -0.0005 1.0000 -0.0000
vn -0.0005 0.9659 -0.2588
vn 0.0191 0.9998 -0.0000
vn 0.0191 0.9657 -0.2588
vn 0.0191 0.8659 -0.4999
vn -0.0005 0.8660 -0.5000
vn -0.0005 -0.7071 0.7071
vn 0.0191 -0.7070 0.7070
vn 0.0191 -0.4999 0.8659
vn -0.0005 -0.5000 0.8660
vn -0.0005 -0.7071 -0.7071
vn 0.0191 -0.7070 -0.7070
vn 0.0191 -0.8659 -0.4999
vn -0.0005 -0.8660 -0.5000
vn -0.0005 0.9659 0.2588
vn 0.0191 0.9657 0.2588
vn -0.0005 0.7071 -0.7071
vn 0.0191 0.7070 -0.7070
vn 0.1889 -0.9820 -0.0000
vn 0.1888 -0.9485 -0.2542
vn 0.0051 -0.9659 -0.2588
vn 0.0051 -1.0000 -0.0000
vn 0.1889 -0.8504 -0.4910
vn 0.0051 -0.8660 -0.5000
vn -0.3604 -0.8078 -0.4664
vn -0.3603 -0.9010 -0.2414
vn -0.3605 -0.9328 -0.0000
vn 0.2837 0.4795 0.8304
vn 0.2837 0.2482 0.9262
vn 0.2963 0.2472 0.9226
vn 0.2963 0.4775 0.8271
vn 0.2837 -0.0000 0.9589
vn 0.2963 -0.0000 0.9551
vn 0.1889 -0.0000 0.9820
vn 0.1888 0.2542 0.9485
vn 0.1889 0.4910 0.8504
vn 0.2837 -0.8304 0.4795
vn 0.2837 -0.9262 0.2482
vn 0.2963 -0.9226 0.2472
vn 0.2963 -0.8271 0.4775
vn 0.2837 -0.9589 -0.0000
vn 0.2963 -0.9551 -0.0000
vn 0.1888 -0.9485 0.2542
vn 0.1889 -0.8504 0.4910
vn 0.2837 -0.4795 -0.8304
vn 0.2837 -0.2482 -0.9262
vn 0.2963 -0.2472 -0.9226
vn 0.2963 -0.4775 -0.8271
vn 0.1888 -0.2542 -0.9485
vn 0.1889 -0.4910 -0.8504
vn 0.2837 0.8304 0.4794
vn 0.2837 0.6781 0.6781
vn 0.2962 0.6754 0.6754
vn 0.2963 0.8271 0.4775
vn 0.1888 0.6944 0.6944
vn 0.1889 0.8504 0.4910
vn 0.2837 0.8304 -0.4795
vn 0.2837 0.9262 -0.2482
vn 0.2963 0.9226 -0.2472
vn 0.2963 0.8271 -0.4775
vn 0.2837 0.9589 -0.0000
vn 0.2963 0.9551 -0.0000
vn 0.1889 0.9820 -0.0000
vn 0.1888 0.9486 -0.2542
vn 0.1889 0.8504 -0.4910
vn 0.2837 -0.4795 0.8304
vn 0.2837 -0.6781 0.6781
vn 0.2963 -0.6754 0.6754
vn 0.2963 -0.4775 0.8271
vn 0.1888 -0.6944 0.6944
vn 0.1889 -0.4910 0.8504
vn 0.2837 -0.8304 -0.4795
vn 0.2837 -0.6781 -0.6781
vn 0.2963 -0.6754 -0.6754
vn 0.2963 -0.8271 -0.4775
vn 0.1888 -0.6944 -0.6944
vn 0.2837 0.9262 0.2482
vn 0.2963 0.9226 0.2472
vn 0.1888 0.9486 0.2542
vn 0.2837 0.6781 -0.6781
vn 0.2963 0.6754 -0.6754
vn 0.1888 0.6944 -0.6944
vn 0.2837 -0.2482 0.9262
vn 0.2963 -0.2472 0.9226
vn 0.1888 -0.2542 0.9485
vn 0.2837 -0.9262 -0.2482
vn 0.2963 -0.9226 -0.2472
vn -0.7800 -0.6044 -0.1620
vn -0.7802 -0.6255 -0.0000
vn -0.7802 -0.5417 -0.3128
vn -0.7236 -0.5978 -0.3451
vn -0.7237 -0.6666 -0.1786
vn -0.7235 -0.6903 -0.0000
vn 0.0051 0.2588 -0.9659
vn 0.0051 -0.0000 -1.0000
vn 0.0051 0.5000 -0.8660
vn -0.3604 0.4664 -0.8078
vn -0.3603 0.2414 -0.9011
vn -0.3604 -0.0000 -0.9328
vn 0.0051 0.2588 0.9659
vn 0.0051 0.5000 0.8660
vn 0.0051 -0.0000 1.0000
vn -0.3604 -0.0000 0.9328
vn -0.3603 0.2414 0.9011
vn -0.3604 0.4664 0.8078
vn 0.0051 -0.9659 0.2588
vn 0.0051 -0.8660 0.5000
vn -0.3603 -0.9011 0.2414
vn -0.3604 -0.8078 0.4664
vn 0.0051 -0.2588 -0.9659
vn 0.0051 -0.5000 -0.8660
vn -0.3603 -0.2414 -0.9011
vn -0.3604 -0.4664 -0.8078
vn 0.0051 0.7071 0.7071
vn 0.0051 0.8660 0.5000
vn -0.3603 0.6596 0.6596
vn -0.3604 0.8078 0.4664
vn 0.0051 0.9659 -0.2588
vn 0.0051 0.8660 -0.5000
vn 0.0051 1.0000 -0.0000
vn -0.3604 0.9328 -0.0000
vn -0.3603 0.9011 -0.2414
vn -0.3604 0.8078 -0.4664
vn 0.0051 -0.7071 0.7071
vn 0.0051 -0.5000 0.8660
vn -0.3603 -0.6596 0.6596
vn -0.3604 -0.4664 0.8078
vn 0.0051 -0.7071 -0.7071
vn -0.3603 -0.6596 -0.6596
vn 0.0051 0.9659 0.2588
vn -0.3603 0.9011 0.2414
vn 0.0051 0.7071 -0.7071
vn -0.3603 0.6596 -0.6596
vn 0.0051 -0.2588 0.9659
vn -0.3603 -0.2414 0.9011
vn 0.0756 -0.0000 0.9971
vn 0.0921 -0.2634 0.9603
vn 0.6080 -0.2200 0.7628
vn 0.5614 -0.0000 0.8275
vn 0.1070 -0.4971 0.8611
vn 0.6408 -0.3839 0.6648
vn 0.9789 -0.1022 0.1770
vn 0.9673 -0.0691 0.2442
vn 0.9459 -0.0000 0.3244
vn -0.7800 0.1620 -0.6044
vn -0.7802 -0.0000 -0.6255
vn -0.7802 0.3128 -0.5417
vn -0.7236 0.3451 -0.5977
vn -0.7237 0.1786 -0.6666
vn -0.7236 -0.0000 -0.6902
vn -0.7800 0.1620 0.6045
vn -0.7802 0.3128 0.5417
vn -0.7802 -0.0000 0.6255
vn -0.7236 -0.0000 0.6902
vn -0.7237 0.1786 0.6666
vn -0.7236 0.3451 0.5978
vn -0.7800 -0.6044 0.1620
vn -0.7802 -0.5417 0.3128
vn -0.7237 -0.6666 0.1786
vn -0.7236 -0.5978 0.3451
vn -0.7800 -0.1620 -0.6044
vn -0.7802 -0.3128 -0.5417
vn -0.7237 -0.1786 -0.6666
vn -0.7236 -0.3451 -0.5977
vn -0.7800 0.4425 0.4425
vn -0.7802 0.5417 0.3128
vn -0.7237 0.4880 0.4880
vn -0.7236 0.5978 0.3451
vn -0.7800 0.6045 -0.1620
vn -0.7802 0.5417 -0.3128
vn -0.7802 0.6255 -0.0000
vn -0.7236 0.6902 -0.0000
vn -0.7237 0.6666 -0.1786
vn -0.7236 0.5978 -0.3451
vn -0.7800 -0.4425 0.4425
vn -0.7802 -0.3128 0.5417
vn -0.7237 -0.4880 0.4880
vn -0.7236 -0.3451 0.5978
vn -0.7800 -0.4425 -0.4425
vn -0.7237 -0.4880 -0.4880
vn -0.7800 0.6044 0.1620
vn -0.7237 0.6666 0.1786
vn -0.7800 0.4425 -0.4425
vn -0.7237 0.4880 -0.4880
vn -0.7800 -0.1620 0.6044
vn -0.7237 -0.1786 0.6666
vn 0.1070 -0.9943 -0.0000
vn 0.0921 -0.9633 -0.2521
vn 0.6080 -0.7706 -0.1909
vn 0.6408 -0.7677 -0.0000
vn 0.0756 -0.8635 -0.4986
vn 0.5614 -0.7167 -0.4138
vn 0.9459 -0.2810 -0.1622
vn 0.9673 -0.2460 -0.0623
vn 0.9789 -0.2044 -0.0000
vn 0.0756 -0.0000 -0.9971
vn 0.0921 0.2634 -0.9603
vn 0.6080 0.2200 -0.7628
vn 0.5614 -0.0000 -0.8275
vn 0.1070 0.4971 -0.8611
vn 0.6408 0.3838 -0.6648
vn 0.9789 0.1022 -0.1770
vn 0.9673 0.0691 -0.2442
vn 0.9459 -0.0000 -0.3245
vn 0.1070 0.4971 0.8611
vn 0.0921 0.2634 0.9603
vn 0.6080 0.2200 0.7628
vn 0.6408 0.3839 0.6648
vn 0.9673 0.0691 0.2442
vn 0.9789 0.1022 0.1770
vn 0.0756 -0.8635 0.4986
vn 0.0921 -0.9633 0.2521
vn 0.6080 -0.7706 0.1909
vn 0.5614 -0.7167 0.4138
vn 0.9673 -0.2460 0.0623
vn 0.9459 -0.2810 0.1622
vn 0.1070 -0.4971 -0.8611
vn 0.0921 -0.2634 -0.9603
vn 0.6080 -0.2200 -0.7628
vn 0.6408 -0.3839 -0.6648
vn 0.9673 -0.0691 -0.2442
vn 0.9789 -0.1022 -0.1770
vn 0.0756 0.8635 0.4986
vn 0.0921 0.6999 0.7082
vn 0.6080 0.5507 0.5719
vn 0.5614 0.7167 0.4138
vn 0.9673 0.1769 0.1819
vn 0.9459 0.2810 0.1622
vn 0.0756 0.8636 -0.4986
vn 0.0921 0.9633 -0.2521
vn 0.6080 0.7706 -0.1909
vn 0.5614 0.7167 -0.4138
vn 0.1070 0.9943 -0.0000
vn 0.6408 0.7677 -0.0000
vn 0.9789 0.2044 -0.0000
vn 0.9673 0.2460 -0.0623
vn 0.9459 0.2810 -0.1622
vn 0.0921 -0.6999 0.7082
vn 0.6080 -0.5507 0.5719
vn 0.9673 -0.1769 0.1819
vn 0.0921 -0.6999 -0.7082
vn 0.6080 -0.5507 -0.5719
vn 0.9673 -0.1769 -0.1819
vn 0.0921 0.9633 0.2521
vn 0.6080 0.7706 0.1909
vn 0.9673 0.2460 0.0623
vn 0.0921 0.6999 -0.7082
vn 0.6080 0.5507 -0.5719
vn 0.9673 0.1769 -0.1819
vn 0.9996 -0.0140 -0.0243
vn 0.9989 -0.0000 -0.0472
vn 0.9996 0.0140 -0.0243
vn 0.9996 -0.0281 -0.0000
vn 0.9989 -0.0409 -0.0236
vn 0.9996 -0.0140 0.0243
vn 0.9989 -0.0409 0.0236
vn 0.9996 0.0140 0.0243
vn 0.9989 -0.0000 0.0472
vn 0.9996 0.0281 -0.0000
vn 0.9989 0.0409 0.0236
vn 0.9989 0.0409 -0.0236
vn -0.0180 0.4999 -0.8659
vn -0.0180 0.7070 -0.7070
vn -0.0180 0.8659 -0.4999
vn -0.0180 0.9998 -0.0000
vn -0.0180 0.9658 0.2588
vn -0.0180 0.8659 0.4999
vn -0.0180 -0.8659 -0.4999
vn -0.0180 -0.7070 -0.7070
vn -0.0000 -0.8660 -0.5000
vn -0.0180 -0.4999 -0.8659
vn -0.0180 -0.4999 0.8659
vn -0.0180 -0.7070 0.7070
vn -0.0000 -0.5000 0.8660
vn -0.0181 -0.8659 0.4999
vn -0.0000 -0.8660 0.5000
vn -0.0180 0.9658 -0.2588
vn -0.0180 0.7070 0.7070
vn -0.0180 0.4999 0.8659
vn -0.0180 -0.2588 -0.9658
vn -0.0180 -0.0000 -0.9998
vn -0.0180 -0.9658 0.2588
vn -0.0000 -0.9659 0.2588
vn -0.0181 -0.9998 -0.0000
vn -0.0180 0.2588 0.9658
vn -0.0180 -0.0000 0.9998
vn -0.0180 0.2588 -0.9658
vn -0.0180 -0.9658 -0.2588
vn -0.0000 -0.9659 -0.2588
vn -0.0180 -0.2588 0.9658
vn -0.0000 -0.2588 0.9659
vn 0.0106 0.0032 0.9999
vn 0.0046 0.0007 1.0000
vn -0.2520 -0.5945 0.7636
vn -0.0892 -0.5110 0.8550
vn 0.0036 -0.2614 0.9652
vn 0.0490 -0.2524 0.9664
vn -0.8299 -0.4839 0.2776
vn -0.3382 -0.8158 0.4692
vn -0.2468 -0.6910 0.6794
vn -0.7557 -0.4788 0.4468
vn -0.8343 -0.5513 -0.0000
vn -0.3455 -0.9384 -0.0000
vn -0.3468 -0.9060 0.2428
vn -0.8354 -0.5308 0.1426
vn -0.8299 -0.4839 -0.2776
vn -0.3381 -0.8158 -0.4692
vn -0.3469 -0.9059 -0.2428
vn -0.8354 -0.5308 -0.1426
vn -0.2520 -0.5945 -0.7636
vn -0.0892 -0.5110 -0.8550
vn -0.2468 -0.6910 -0.6794
vn -0.7557 -0.4788 -0.4468
vn 0.0106 0.0032 -0.9999
vn 0.0046 0.0007 -1.0000
vn 0.0036 -0.2614 -0.9652
vn 0.0490 -0.2524 -0.9664
vn 0.3675 0.8054 0.4650
vn 0.3673 0.8984 0.2407
vn 0.9172 0.3848 0.1031
vn 0.9174 0.3447 0.1990
vn 0.3675 0.9300 -0.0000
vn 0.9174 0.3980 -0.0000
vn 0.3675 0.4650 0.8054
vn 0.3673 0.6577 0.6577
vn 0.9172 0.2817 0.2817
vn 0.9174 0.1990 0.3447
vn 0.3675 -0.0000 0.9300
vn 0.3673 0.2407 0.8984
vn 0.9172 0.1031 0.3848
vn 0.9174 -0.0000 0.3980
vn 0.3675 -0.4650 0.8054
vn 0.3673 -0.2407 0.8984
vn 0.9172 -0.1031 0.3848
vn 0.9174 -0.1990 0.3447
vn 0.3675 -0.8054 0.4650
vn 0.3673 -0.6577 0.6577
vn 0.9172 -0.2817 0.2817
vn 0.9174 -0.3447 0.1990
vn 0.3675 -0.9300 -0.0000
vn 0.3673 -0.8984 0.2407
vn 0.9172 -0.3848 0.1031
vn 0.9174 -0.3980 -0.0000
vn 0.3675 -0.8054 -0.4650
vn 0.3673 -0.8984 -0.2407
vn 0.9172 -0.3847 -0.1031
vn 0.9174 -0.3447 -0.1990
vn 0.3675 -0.4650 -0.8054
vn 0.3673 -0.6577 -0.6577
vn 0.9172 -0.2817 -0.2817
vn 0.9174 -0.1990 -0.3447
vn 0.3675 -0.0000 -0.9300
vn 0.3673 -0.2407 -0.8984
vn 0.9172 -0.1031 -0.3848
vn 0.9174 -0.0000 -0.3980
vn 0.3675 0.4650 -0.8054
vn 0.3673 0.2407 -0.8984
vn 0.9172 0.1031 -0.3848
vn 0.9174 0.1990 -0.3447
vn 0.3675 0.8054 -0.4650
vn 0.3673 0.6577 -0.6577
vn 0.9172 0.2817 -0.2817
vn 0.9174 0.3447 -0.1990
vn 0.3673 0.8984 -0.2407
vn 0.9172 0.3848 -0.1031
vn -0.1527 0.2558 -0.9546
vn -0.1528 -0.0000 -0.9883
vn -0.1528 0.4941 -0.8559
vn -0.1527 -0.9546 -0.2558
vn -0.1528 -0.9883 -0.0000
vn -0.1528 -0.8559 -0.4941
vn -0.1527 -0.2558 0.9546
vn -0.1528 -0.0000 0.9883
vn -0.1528 -0.4941 0.8559
vn -0.1527 0.6988 -0.6988
vn -0.1528 0.8559 -0.4941
vn -0.1527 0.9546 0.2558
vn -0.1528 0.9883 -0.0000
vn -0.1528 0.8559 0.4941
vn -0.1527 -0.6988 -0.6988
vn -0.1528 -0.4941 -0.8559
vn -0.1527 -0.6988 0.6988
vn -0.1528 -0.8559 0.4941
vn -0.1528 0.9546 -0.2558
vn -0.1527 0.6988 0.6988
vn -0.1528 0.4941 0.8559
vn -0.1527 -0.2558 -0.9546
vn -0.1527 -0.9546 0.2558
vn -0.1527 0.2558 0.9546
vn 0.0191 -0.9657 -0.2588
vn 0.1363 -0.9569 -0.2564
vn 0.1363 -0.9907 -0.0000
vn 0.1363 -0.8579 -0.4953
vn 0.0191 -0.2588 0.9657
vn 0.1362 -0.2564 0.9569
vn 0.1363 -0.0000 0.9907
vn 0.1363 -0.4953 0.8579
vn 0.1362 0.7005 -0.7005
vn 0.1363 0.4953 -0.8579
vn 0.1362 0.8580 -0.4953
vn 0.1362 0.9569 0.2564
vn 0.1363 0.9907 -0.0000
vn 0.1362 0.8580 0.4953
vn 0.1362 -0.7005 -0.7005
vn 0.1363 -0.4953 -0.8579
vn 0.1362 -0.7005 0.7005
vn 0.1363 -0.8579 0.4953
vn 0.1362 0.9569 -0.2564
vn 0.1362 0.7005 0.7005
vn 0.1363 0.4953 0.8579
vn 0.1362 -0.2564 -0.9569
vn 0.1363 -0.0000 -0.9907
vn 0.1362 -0.9569 0.2564
vn 0.1362 0.2564 0.9569
vn 0.1362 0.2564 -0.9569
vn -0.0108 0.0032 -0.9999
vn -0.0050 0.0007 -1.0000
vn 0.0067 0.0070 -1.0000
vn 0.0004 0.0091 -1.0000
vn -0.0040 -0.2615 -0.9652
vn -0.0492 -0.2523 -0.9664
vn 0.2556 -0.5937 -0.7630
vn 0.0965 -0.5106 -0.8544
vn 0.0425 -0.2252 -0.9734
vn 0.0019 -0.2158 -0.9764
vn 0.0163 -0.5148 -0.8572
vn -0.0007 -0.5500 -0.8352
vn 0.2664 -0.6869 -0.6761
vn 0.7643 -0.4713 -0.4402
vn 0.8398 -0.4709 -0.2701
vn 0.3645 -0.8071 -0.4644
vn -0.9995 -0.0298 -0.0137
vn -0.9995 -0.0317 -0.0086
vn -0.9709 -0.2307 -0.0635
vn -0.9707 -0.2098 -0.1171
vn -0.9995 -0.0330 -0.0000
vn -0.9707 -0.2405 -0.0000
vn -0.5960 -0.8030 -0.0000
vn -0.5974 -0.7728 -0.2142
vn -0.5972 -0.6952 -0.4001
vn 0.3738 -0.8959 -0.2401
vn 0.8453 -0.5159 -0.1386
vn 0.8442 -0.5360 -0.0000
vn 0.3724 -0.9281 -0.0000
vn 0.9461 -0.2778 -0.1664
vn 0.9990 -0.0443 -0.0012
vn 0.9705 -0.2012 0.1330
vn 0.8152 -0.5637 0.1328
vn 0.9995 -0.0298 0.0137
vn 0.9707 -0.2099 0.1172
vn 0.5972 -0.6952 0.4001
vn 0.5940 -0.6308 0.4993
vn 0.5795 -0.6463 0.4965
vn 0.3739 -0.8959 0.2401
vn 0.8454 -0.5159 0.1386
vn 0.8398 -0.4709 0.2701
vn 0.3646 -0.8071 0.4644
vn -0.0241 -0.8595 0.5107
vn -0.4866 -0.7448 0.4566
vn -0.3942 -0.9182 0.0377
vn -0.0172 -0.9998 -0.0111
vn -0.9461 -0.2778 0.1664
vn -0.8152 -0.5637 -0.1328
vn -0.5795 -0.6463 -0.4965
vn -0.1500 -0.8158 -0.5585
vn -0.0045 -0.8077 -0.5896
vn 0.2664 -0.6869 0.6761
vn 0.7643 -0.4713 0.4402
vn 0.2556 -0.5937 0.7630
vn 0.0965 -0.5106 0.8544
vn 0.9995 -0.0330 -0.0000
vn 0.9995 -0.0317 -0.0086
vn 0.9709 -0.2308 -0.0635
vn 0.9706 -0.2405 -0.0000
vn 0.9995 -0.0298 -0.0137
vn 0.9707 -0.2098 -0.1172
vn 0.5972 -0.6952 -0.4001
vn 0.5974 -0.7728 -0.2142
vn 0.5960 -0.8030 -0.0000
vn -0.0040 -0.2615 0.9652
vn -0.0492 -0.2523 0.9664
vn -0.0108 0.0032 0.9999
vn -0.0050 0.0007 1.0000
vn -0.0007 -0.5500 0.8351
vn 0.0163 -0.5148 0.8572
vn 0.0425 -0.2252 0.9734
vn 0.0019 -0.2158 0.9764
vn 0.0067 0.0070 1.0000
vn 0.0004 0.0091 1.0000
vn -0.0738 -0.7715 -0.6319
vn -0.0026 -0.7741 -0.6330
vn -0.5940 -0.6307 -0.4993
vn -0.0752 -0.8632 -0.4993
vn -0.0025 -0.8653 -0.5012
vn -0.0732 -0.9609 -0.2669
vn -0.0024 -0.9635 -0.2677
vn -0.0728 -0.9973 -0.0000
vn -0.0023 -1.0000 -0.0000
vn -0.0732 -0.9609 0.2669
vn -0.0023 -0.9635 0.2677
vn -0.5974 -0.7728 0.2142
vn -0.5972 -0.6952 0.4001
vn -0.0752 -0.8632 0.4993
vn -0.0025 -0.8653 0.5012
vn -0.0738 -0.7715 0.6319
vn -0.0026 -0.7741 0.6330
vn -0.5940 -0.6307 0.4993
vn -0.5795 -0.6463 0.4965
vn -0.1499 -0.8158 0.5585
vn -0.0045 -0.8077 0.5896
vn 0.0241 -0.8595 -0.5106
vn 0.4866 -0.7448 -0.4566
vn 0.3942 -0.9182 -0.0377
vn 0.0172 -0.9998 0.0111
vn 0.1499 -0.8158 0.5585
vn 0.0045 -0.8077 0.5896
vn 0.9990 -0.0443 0.0012
vn 0.9705 -0.2012 -0.1330
vn 0.9461 -0.2778 0.1664
vn 0.8152 -0.5637 -0.1328
vn 0.5795 -0.6463 -0.4965
vn 0.5940 -0.6307 -0.4993
vn -0.9995 -0.0298 0.0137
vn -0.9990 -0.0443 -0.0012
vn -0.9705 -0.2012 0.1330
vn -0.9707 -0.2098 0.1171
vn -0.9461 -0.2778 -0.1664
vn -0.8152 -0.5637 0.1328
vn 0.9995 -0.0317 0.0086
vn 0.9709 -0.2308 0.0635
vn 0.5974 -0.7728 0.2142
vn -0.9990 -0.0443 0.0012
vn -0.9705 -0.2012 -0.1330
vn -0.9995 -0.0317 0.0086
vn -0.9709 -0.2307 0.0635
vn -0.9923 -0.1196 0.0323
vn -0.9922 -0.1246 -0.0000
vn -0.9921 -0.1097 0.0601
vn -0.9880 -0.1296 -0.0845
vn -0.9360 -0.3433 -0.0777
vn -0.9921 -0.1097 -0.0601
vn 0.9923 -0.1197 0.0323
vn 0.9921 -0.1097 0.0601
vn 0.9922 -0.1246 -0.0000
vn -0.9880 -0.1296 0.0845
vn -0.9360 -0.3433 0.0778
vn 0.9879 -0.1297 -0.0845
vn 0.9921 -0.1097 -0.0601
vn 0.9360 -0.3434 -0.0778
vn 0.0007 -0.5500 0.8351
vn -0.0163 -0.5148 0.8572
vn 0.3914 -0.8979 0.2015
vn 0.0182 -0.9964 0.0830
vn 0.9360 -0.3434 0.0778
vn 0.9923 -0.1197 -0.0323
vn -0.3914 -0.8979 -0.2015
vn -0.0182 -0.9964 -0.0830
vn 0.9879 -0.1297 0.0845
vn -0.9923 -0.1196 -0.0323
vn -0.0163 -0.5148 -0.8572
vn 0.3914 -0.8979 -0.2015
vn 0.0007 -0.5500 -0.8352
vn 0.0182 -0.9964 -0.0830
vn 0.0241 -0.8595 0.5107
vn 0.4866 -0.7448 0.4566
vn -0.0000 -0.5499 -0.8352
vn -0.0000 -0.9969 -0.0790
vn -0.0000 -0.8610 0.5086
vn -0.3914 -0.8979 0.2015
vn -0.0182 -0.9964 0.0830
vn -0.0241 -0.8595 -0.5106
vn -0.4866 -0.7448 -0.4566
vn -0.0000 -0.5499 0.8352
vn -0.0000 -0.9969 0.0790
vn -0.0000 -0.8610 -0.5086
vn -0.3942 -0.9182 -0.0377
vn -0.0172 -0.9998 0.0111
vn -0.0000 -0.9998 0.0182
vn -0.0000 -0.8069 0.5907
vn 0.0752 -0.8632 0.4993
vn 0.0738 -0.7715 0.6319
vn 0.0025 -0.8653 0.5012
vn 0.0026 -0.7741 0.6330
vn -0.0000 -0.8653 0.5013
vn -0.0000 -0.7741 0.6331
vn 0.0728 -0.9973 -0.0000
vn 0.0732 -0.9609 0.2669
vn 0.0023 -1.0000 -0.0000
vn 0.0023 -0.9635 0.2677
vn -0.0000 -0.9635 0.2677
vn 0.0752 -0.8632 -0.4993
vn 0.0732 -0.9610 -0.2669
vn 0.0025 -0.8653 -0.5012
vn 0.0024 -0.9635 -0.2677
vn -0.0000 -0.8653 -0.5013
vn -0.0000 -0.9635 -0.2677
vn 0.1499 -0.8158 -0.5585
vn 0.0738 -0.7715 -0.6319
vn 0.0045 -0.8077 -0.5896
vn 0.0026 -0.7741 -0.6330
vn -0.0000 -0.8069 -0.5907
vn -0.0000 -0.7741 -0.6331
vn -0.0067 0.0070 1.0000
vn -0.0004 0.0091 1.0000
vn -0.0000 0.0095 1.0000
vn -0.0424 -0.2252 0.9734
vn -0.0019 -0.2158 0.9764
vn -0.0000 -0.2145 0.9767
vn 0.3942 -0.9182 0.0377
vn 0.0172 -0.9998 -0.0111
vn -0.0000 -0.9998 -0.0182
vn -0.0067 0.0070 -1.0000
vn -0.0424 -0.2252 -0.9734
vn -0.0004 0.0091 -1.0000
vn -0.0019 -0.2158 -0.9764
vn -0.0000 0.0095 -1.0000
vn -0.0000 -0.2145 -0.9767
vn -0.2679 -0.2494 0.9306
vn -0.2679 -0.0000 0.9635
vn -0.2679 -0.4817 0.8344
vn -0.2679 -0.9306 -0.2494
vn -0.2678 -0.9635 -0.0000
vn -0.2679 -0.8344 -0.4817
vn -0.2679 0.2494 -0.9306
vn -0.2679 -0.0000 -0.9634
vn -0.2679 0.4817 -0.8344
vn -0.2679 0.2494 0.9306
vn -0.2679 0.4817 0.8344
vn -0.2678 -0.9306 0.2494
vn -0.2679 -0.8344 0.4817
vn -0.2679 -0.2494 -0.9306
vn -0.2679 -0.4817 -0.8344
vn -0.2679 0.6813 0.6813
vn -0.2679 0.8344 0.4817
vn -0.2679 0.9306 -0.2494
vn -0.2679 0.8344 -0.4817
vn -0.2679 0.9635 -0.0000
vn -0.2679 -0.6813 0.6813
vn -0.2679 -0.6813 -0.6813
vn -0.2679 0.9306 0.2494
vn -0.2679 0.6813 -0.6813
vn -0.0005 -0.2588 0.9659
vn -0.0005 -0.9659 -0.2588
vn 0.0155 -0.9944 0.1045
vn 0.1683 -0.9835 0.0671
vn 0.0825 -0.9186 0.3866
vn 0.0083 -0.9216 0.3881
vn 0.4542 -0.8831 0.1180
vn 0.4798 -0.8147 0.3256
vn 0.3972 -0.7655 0.5062
vn 0.1047 -0.8140 0.5714
vn 0.0104 -0.8242 0.5662
vn -0.9817 -0.1714 0.0835
vn -0.9102 -0.3881 0.1444
vn -0.8854 -0.1665 -0.4340
vn -0.7912 -0.5104 -0.3368
vn -0.4541 -0.8831 0.1180
vn -0.4797 -0.8148 0.3256
vn 0.8863 -0.1499 -0.4382
vn 0.9865 -0.1468 0.0723
vn 0.9103 -0.3879 0.1444
vn 0.7913 -0.5103 -0.3368
vn 0.7323 -0.3987 0.5521
vn 0.6473 -0.5294 0.5484
vn 0.0478 -0.3970 -0.9166
vn 0.4066 -0.3209 -0.8554
vn 0.3359 -0.7128 -0.6157
vn 0.0390 -0.7954 -0.6049
vn 0.3715 -0.7121 -0.5958
vn 0.0437 -0.7043 -0.7086
vn 0.8334 -0.5240 -0.1759
vn 0.8454 -0.4699 0.2538
vn 0.4964 -0.6307 0.5965
vn -0.7703 -0.5657 0.2943
vn -0.4217 -0.6708 0.6101
vn -0.7765 -0.6133 -0.1444
vn -0.0130 -0.6271 0.7789
vn -0.0773 -0.6833 0.7260
vn -0.1557 -0.6388 0.7534
vn -0.0205 -0.6034 0.7972
vn 0.1657 -0.6328 0.7564
vn 0.0205 -0.6033 0.7973
vn 0.0229 -0.5852 0.8106
vn 0.2321 -0.5643 0.7922
vn -0.0000 -0.6204 0.7843
vn -0.0000 -0.5998 0.8002
vn -0.0000 -0.5862 0.8101
vn -0.1524 -0.9489 -0.2763
vn -0.3597 -0.7245 -0.5880
vn -0.0222 -0.9273 -0.3735
vn -0.0436 -0.7044 -0.7084
vn -0.0477 -0.3970 -0.9166
vn -0.4055 -0.3253 -0.8543
vn -0.0000 -0.9234 -0.3838
vn -0.0000 -0.6992 -0.7149
vn -0.0000 -0.4041 -0.9147
vn -0.3358 -0.7128 -0.6157
vn -0.0390 -0.7954 -0.6049
vn -0.0155 -0.9944 0.1045
vn -0.1682 -0.9835 0.0671
vn -0.0000 -0.8037 -0.5951
vn -0.0000 -0.9940 0.1093
vn -0.0825 -0.9186 0.3866
vn -0.0083 -0.9216 0.3881
vn -0.0000 -0.9216 0.3882
vn -0.0000 -0.8251 0.5650
vn -0.0006 0.0085 1.0000
vn -0.0001 0.0089 1.0000
vn -0.0000 0.0090 1.0000
vn -0.0169 -0.3899 0.9207
vn -0.0048 -0.2063 0.9785
vn -0.0024 -0.3785 0.9256
vn -0.0006 -0.2034 0.9791
vn -0.0000 -0.3769 0.9263
vn -0.0000 -0.2031 0.9792
vn -0.0383 -0.5807 0.8132
vn -0.0064 -0.5453 0.8382
vn -0.0000 -0.5406 0.8413
vn 0.1895 -0.6485 0.7372
vn 0.0174 -0.6763 0.7365
vn -0.0000 -0.6787 0.7344
vn -0.0062 -0.8610 -0.5086
vn -0.0537 -0.9441 -0.3254
vn -0.0012 -0.8586 -0.5126
vn -0.0076 -0.9323 -0.3617
vn -0.0000 -0.8582 -0.5132
vn -0.0000 -0.9307 -0.3658
vn -0.1134 -0.8604 -0.4968
vn -0.1377 -0.9585 -0.2497
vn -0.6937 -0.6976 -0.1792
vn -0.6550 -0.6544 -0.3778
vn -0.9865 -0.1584 -0.0404
vn -0.9774 -0.1831 -0.1057
vn -0.1585 -0.4937 -0.8551
vn -0.1377 -0.6955 -0.7052
vn -0.6937 -0.5040 -0.5145
vn -0.7239 -0.3449 -0.5974
vn -0.9865 -0.1142 -0.1170
vn -0.9917 -0.0644 -0.1116
vn -0.1134 -0.0000 -0.9936
vn -0.1377 -0.2630 -0.9549
vn -0.6937 -0.1936 -0.6937
vn -0.6549 -0.0000 -0.7557
vn -0.9865 -0.0442 -0.1574
vn -0.9774 -0.0000 -0.2115
vn -0.1134 0.8604 0.4968
vn -0.1377 0.9585 0.2497
vn -0.6937 0.6976 0.1792
vn -0.6549 0.6544 0.3778
vn -0.1585 0.9874 -0.0000
vn -0.7239 0.6899 -0.0000
vn -0.9917 0.1288 -0.0000
vn -0.9865 0.1585 0.0404
vn -0.9774 0.1831 0.1057
vn -0.1377 0.9585 -0.2497
vn -0.6937 0.6976 -0.1792
vn -0.1134 0.8604 -0.4968
vn -0.6549 0.6544 -0.3778
vn -0.9774 0.1831 -0.1057
vn -0.9865 0.1585 -0.0404
vn -0.1585 0.4937 -0.8551
vn -0.1377 0.2630 -0.9549
vn -0.6937 0.1936 -0.6937
vn -0.7239 0.3449 -0.5974
vn -0.9865 0.0442 -0.1574
vn -0.9917 0.0644 -0.1116
vn -0.1586 0.4937 0.8551
vn -0.1377 0.6955 0.7052
vn -0.6937 0.5040 0.5145
vn -0.7239 0.3449 0.5974
vn -0.9865 0.1142 0.1170
vn -0.9917 0.0644 0.1116
vn -0.1377 0.6955 -0.7052
vn -0.6937 0.5040 -0.5145
vn -0.9865 0.1142 -0.1170
vn -0.1134 -0.0000 0.9936
vn -0.1377 0.2630 0.9549
vn -0.6937 0.1936 0.6937
vn -0.6549 -0.0000 0.7557
vn -0.9865 0.0442 0.1574
vn -0.9774 -0.0000 0.2115
vn -0.1586 -0.4937 0.8551
vn -0.1377 -0.2630 0.9549
vn -0.6937 -0.1936 0.6937
vn -0.7240 -0.3449 0.5974
vn -0.9865 -0.0442 0.1574
vn -0.9917 -0.0644 0.1116
vn -0.1377 -0.6955 0.7052
vn -0.6937 -0.5040 0.5145
vn -0.9865 -0.1142 0.1170
vn -0.9996 -0.0000 -0.0284
vn -0.9999 -0.0084 -0.0146
vn -0.9999 0.0084 -0.0146
vn -0.9996 -0.0246 -0.0142
vn -0.9999 -0.0169 -0.0000
vn -0.9996 -0.0246 0.0142
vn -0.9999 -0.0084 0.0146
vn -0.9996 -0.0000 0.0284
vn -0.9999 0.0084 0.0146
vn -0.9996 0.0246 0.0142
vn -0.9999 0.0169 -0.0000
vn -0.9996 0.0246 -0.0142
vn -0.0000 -0.9397 -0.3420
vn 0.6562 -0.7091 -0.2581
vn 0.6563 -0.7545 -0.0000
vn 0.9901 -0.1321 -0.0481
vn 0.9901 -0.1406 -0.0000
vn 0.8466 0.5002 0.1821
vn 0.8466 0.5323 -0.0000
vn 0.3255 0.8885 0.3234
vn 0.3255 0.9455 -0.0000
vn -0.3255 0.8885 0.3234
vn -0.3255 0.9456 -0.0000
vn -0.8466 0.5002 0.1821
vn -0.8466 0.5323 -0.0000
vn -0.9901 -0.1321 -0.0481
vn -0.9901 -0.1406 -0.0000
vn -0.6562 -0.7091 -0.2581
vn -0.6562 -0.7545 -0.0000
vn -0.0000 -0.7660 -0.6428
vn 0.6562 -0.5780 -0.4850
vn 0.9901 -0.1077 -0.0904
vn 0.8466 0.4078 0.3421
vn 0.3255 0.7243 0.6078
vn -0.3255 0.7243 0.6078
vn -0.8466 0.4078 0.3421
vn -0.9901 -0.1077 -0.0904
vn -0.6562 -0.5780 -0.4850
vn 0.6562 -0.3773 -0.6535
vn 0.9901 -0.0703 -0.1218
vn 0.8466 0.2661 0.4610
vn 0.3255 0.4728 0.8189
vn -0.3255 0.4728 0.8189
vn -0.8466 0.2661 0.4610
vn -0.9901 -0.0703 -0.1218
vn -0.6563 -0.3773 -0.6535
vn -0.0000 -0.1736 -0.9848
vn 0.6562 -0.1310 -0.7431
vn 0.9901 -0.0244 -0.1385
vn 0.8466 0.0924 0.5242
vn 0.3255 0.1642 0.9312
vn -0.3255 0.1642 0.9312
vn -0.8466 0.0924 0.5242
vn -0.9901 -0.0244 -0.1385
vn -0.6562 -0.1310 -0.7431
vn -0.0000 0.1737 -0.9848
vn 0.6562 0.1310 -0.7431
vn 0.9901 0.0244 -0.1385
vn 0.8466 -0.0924 0.5242
vn 0.3255 -0.1642 0.9312
vn -0.3255 -0.1642 0.9312
vn -0.8466 -0.0924 0.5242
vn -0.9901 0.0244 -0.1385
vn -0.6562 0.1310 -0.7431
vn 0.6562 0.3773 -0.6535
vn 0.9901 0.0703 -0.1218
vn 0.8466 -0.2661 0.4610
vn 0.3255 -0.4728 0.8189
vn -0.3255 -0.4728 0.8189
vn -0.8466 -0.2661 0.4610
vn -0.9901 0.0703 -0.1218
vn -0.6562 0.3773 -0.6535
vn -0.0000 0.7660 -0.6428
vn 0.6562 0.5780 -0.4850
vn 0.9901 0.1077 -0.0904
vn 0.8466 -0.4077 0.3421
vn 0.3255 -0.7243 0.6078
vn -0.3255 -0.7243 0.6078
vn -0.8466 -0.4077 0.3421
vn -0.9901 0.1077 -0.0904
vn -0.6562 0.5780 -0.4850
vn -0.0000 0.9397 -0.3420
vn 0.6562 0.7090 -0.2581
vn 0.9901 0.1321 -0.0481
vn 0.8466 -0.5002 0.1821
vn 0.3255 -0.8885 0.3234
vn -0.3255 -0.8885 0.3234
vn -0.8466 -0.5002 0.1821
vn -0.9901 0.1322 -0.0481
vn -0.6562 0.7090 -0.2581
vn 0.6563 0.7545 -0.0000
vn 0.9901 0.1406 -0.0000
vn 0.8466 -0.5323 -0.0000
vn 0.3255 -0.9455 -0.0000
vn -0.3255 -0.9456 -0.0000
vn -0.8466 -0.5323 -0.0000
vn -0.9901 0.1406 -0.0000
vn -0.6563 0.7545 -0.0000
vn -0.0000 0.9397 0.3420
vn 0.6562 0.7090 0.2581
vn 0.9901 0.1321 0.0481
vn 0.8466 -0.5002 -0.1820
vn 0.3255 -0.8885 -0.3234
vn -0.3255 -0.8885 -0.3234
vn -0.8466 -0.5002 -0.1820
vn -0.9901 0.1321 0.0481
vn -0.6562 0.7090 0.2581
vn -0.0000 0.7660 0.6428
vn 0.6562 0.5780 0.4850
vn 0.9901 0.1077 0.0904
vn 0.8466 -0.4077 -0.3421
vn 0.3255 -0.7243 -0.6078
vn -0.3255 -0.7243 -0.6078
vn -0.8466 -0.4077 -0.3421
vn -0.9901 0.1077 0.0904
vn -0.6562 0.5780 0.4850
vn 0.6562 0.3773 0.6535
vn 0.9901 0.0703 0.1218
vn 0.8466 -0.2661 -0.4610
vn 0.3255 -0.4728 -0.8189
vn -0.3255 -0.4728 -0.8189
vn -0.8466 -0.2661 -0.4610
vn -0.9901 0.0703 0.1218
vn -0.6562 0.3773 0.6535
vn -0.0000 0.1736 0.9848
vn 0.6562 0.1310 0.7431
vn 0.9901 0.0244 0.1385
vn 0.8466 -0.0924 -0.5242
vn 0.3255 -0.1642 -0.9312
vn -0.3255 -0.1642 -0.9312
vn -0.8466 -0.0924 -0.5242
vn -0.9901 0.0244 0.1385
vn -0.6562 0.1310 0.7431
vn -0.0000 -0.1737 0.9848
vn 0.6562 -0.1310 0.7431
vn 0.9901 -0.0244 0.1385
vn 0.8466 0.0924 -0.5242
vn 0.3255 0.1642 -0.9312
vn -0.3255 0.1642 -0.9312
vn -0.8466 0.0924 -0.5242
vn -0.9901 -0.0244 0.1385
vn -0.6562 -0.1310 0.7431
vn 0.6563 -0.3773 0.6534
vn 0.9901 -0.0703 0.1218
vn 0.8466 0.2661 -0.4610
vn 0.3255 0.4728 -0.8189
vn -0.3255 0.4728 -0.8189
vn -0.8466 0.2661 -0.4610
vn -0.9901 -0.0703 0.1218
vn -0.6563 -0.3773 0.6535
vn -0.0000 -0.7660 0.6428
vn 0.6563 -0.5780 0.4850
vn 0.9901 -0.1077 0.0904
vn 0.8466 0.4078 -0.3421
vn 0.3255 0.7243 -0.6078
vn -0.3255 0.7243 -0.6078
vn -0.8466 0.4078 -0.3421
vn -0.9901 -0.1077 0.0904
vn -0.6563 -0.5780 0.4850
vn -0.0000 -0.9397 0.3420
vn 0.6563 -0.7090 0.2581
vn 0.9901 -0.1321 0.0481
vn 0.8466 0.5002 -0.1820
vn 0.3255 0.8885 -0.3234
vn -0.3255 0.8885 -0.3234
vn -0.8466 0.5002 -0.1821
vn -0.9901 -0.1321 0.0481
vn -0.6563 -0.7090 0.2581
vn -0.8466 0.5002 0.1820
vn 0.6563 0.7090 -0.2581
vn 0.8466 0.4077 -0.3421
vn -0.6562 -0.3773 -0.6535
vn -0.3255 -0.9455 -0.0000
vn -0.6562 0.7545 -0.0000
vn 0.6563 -0.3773 0.6535
vn 0.8466 0.5002 -0.1821
vn -0.8466 -0.5002 0.1820
vn 0.3255 0.9456 -0.0000
vn -0.6563 -0.3773 0.6534
vn -0.6563 -0.7545 -0.0000
vn -0.8466 0.5002 -0.1820
vn 0.3255 -0.9456 -0.0000
vn 0.5481 0.7649 -0.3382
vn 0.7099 0.5269 0.4674
vn 0.7135 0.5426 0.4434
vn 0.7188 0.5714 0.3960
vn 0.7254 0.6119 0.3152
vn 0.5481 -0.7649 -0.3382
vn 0.7099 -0.5268 0.4674
vn 0.7188 -0.5714 0.3960
vn 0.7254 -0.6119 0.3152
vn 0.7135 -0.5426 0.4434
vn 0.7306 -0.0000 0.6828
vn 0.7298 0.1353 0.6702
vn 0.7293 0.2619 0.6321
vn 0.7298 0.3783 0.5695
vn 0.7306 0.4828 0.4829
vn 0.7298 0.5695 0.3783
vn 0.7293 0.6321 0.2619
vn 0.7298 0.6702 0.1352
vn 0.7306 0.6828 -0.0000
vn 0.6938 -0.6972 0.1807
vn 0.7050 -0.6972 0.1297
vn 0.7160 -0.6822 0.1480
vn 0.7236 -0.6542 0.2201
vn 0.7306 -0.6828 -0.0000
vn 0.7298 -0.6702 0.1352
vn 0.7292 -0.6322 0.2618
vn 0.7298 -0.5695 0.3782
vn 0.7306 -0.4828 0.4829
vn 0.7236 0.6542 0.2200
vn 0.7160 0.6822 0.1481
vn 0.7051 0.6972 0.1297
vn 0.6937 0.6972 0.1806
vn 1.0000 -0.0000 -0.0001
vn 0.7305 0.4829 -0.4829
vn 0.7297 0.3782 -0.5696
vn 0.7292 0.2619 -0.6322
vn 0.7297 0.1353 -0.6702
vn 0.7306 -0.0000 -0.6828
vn 0.6881 -0.0000 0.7256
vn 0.6887 -0.1235 0.7144
vn 0.6892 -0.2398 0.6838
vn 0.6889 -0.3491 0.6353
vn 0.6881 -0.4520 0.5676
vn 0.7298 0.6702 -0.1353
vn 0.7292 0.6322 -0.2619
vn 0.7298 0.5695 -0.3782
vn 0.6880 -0.5436 0.4808
vn 0.6888 -0.6169 0.3808
vn 0.6901 -0.6689 0.2762
vn 0.7305 -0.4828 -0.4829
vn 0.7298 -0.5695 -0.3782
vn 0.7292 -0.6322 -0.2618
vn 0.7298 -0.6702 -0.1352
vn 0.6901 0.6689 0.2762
vn 0.6888 0.6169 0.3808
vn 0.6880 0.5436 0.4808
vn 0.6881 0.4520 0.5676
vn 0.7298 -0.3783 0.5695
vn 0.7293 -0.2619 0.6322
vn 0.7298 -0.1353 0.6702
vn 0.7297 -0.1353 -0.6702
vn 0.7292 -0.2619 -0.6322
vn 0.7297 -0.3783 -0.5695
vn 0.6889 0.3491 0.6353
vn 0.6892 0.2398 0.6838
vn 0.6887 0.1235 0.7144
vn -0.7099 0.5269 0.4674
vn -0.5482 0.7649 -0.3382
vn -0.7135 0.5426 0.4434
vn -0.7188 0.5714 0.3960
vn -0.7254 0.6119 0.3152
vn -0.5482 -0.7649 -0.3382
vn -0.7099 -0.5268 0.4674
vn -0.7188 -0.5714 0.3960
vn -0.7254 -0.6119 0.3152
vn -0.7135 -0.5426 0.4434
vn -0.7306 -0.0000 0.6828
vn -0.7298 0.1353 0.6702
vn -0.7293 0.2619 0.6322
vn -0.7298 0.3783 0.5695
vn -0.7306 0.4828 0.4829
vn -0.7298 0.5695 0.3783
vn -0.7293 0.6321 0.2619
vn -0.7298 0.6702 0.1353
vn -0.7306 0.6828 -0.0000
vn -0.7050 -0.6972 0.1297
vn -0.6938 -0.6972 0.1807
vn -0.7160 -0.6822 0.1480
vn -0.7236 -0.6542 0.2201
vn -0.7306 -0.6828 -0.0000
vn -0.7298 -0.6702 0.1353
vn -0.7292 -0.6322 0.2618
vn -0.7298 -0.5695 0.3782
vn -0.7306 -0.4828 0.4829
vn -0.7236 0.6542 0.2200
vn -0.7160 0.6823 0.1481
vn -0.7051 0.6972 0.1297
vn -0.6937 0.6972 0.1806
vn -0.7307 0.4828 -0.4828
vn -0.7298 0.3782 -0.5695
vn -0.7293 0.2618 -0.6321
vn -0.7298 0.1353 -0.6702
vn -0.7306 -0.0000 -0.6828
vn -1.0000 -0.0000 0.0001
vn -0.6887 -0.1235 0.7145
vn -0.6880 -0.0000 0.7257
vn -0.6891 -0.2398 0.6838
vn -0.6889 -0.3491 0.6353
vn -0.6881 -0.4520 0.5676
vn -0.7298 0.6701 -0.1353
vn -0.7293 0.6321 -0.2619
vn -0.7298 0.5695 -0.3782
vn -0.6880 -0.5436 0.4808
vn -0.6887 -0.6170 0.3809
vn -0.6900 -0.6690 0.2763
vn -0.7306 -0.4828 -0.4829
vn -0.7298 -0.5695 -0.3782
vn -0.7293 -0.6322 -0.2618
vn -0.7298 -0.6702 -0.1352
vn -0.6901 0.6689 0.2763
vn -0.6887 0.6169 0.3808
vn -0.6880 0.5436 0.4808
vn -0.6881 0.4520 0.5676
vn -0.7298 -0.3783 0.5695
vn -0.7293 -0.2619 0.6322
vn -0.7298 -0.1353 0.6702
vn -0.7298 -0.1353 -0.6702
vn -0.7293 -0.2618 -0.6321
vn -0.7298 -0.3782 -0.5695
vn -0.6889 0.3491 0.6353
vn -0.6891 0.2398 0.6838
vn -0.6886 0.1235 0.7145
vn -0.5481 0.7649 -0.3383
vn -0.5481 -0.7649 -0.3382
vn -0.7293 0.2619 0.6321
vn -0.6937 -0.6972 0.1806
vn -0.7160 -0.6823 0.1480
vn -0.7306 0.4828 -0.4829
vn -0.7298 0.3783 -0.5695
vn -0.7292 0.2619 -0.6322
vn -0.6881 -0.0000 0.7256
vn -0.7292 0.6322 -0.2619
vn -0.7298 0.5695 -0.3783
vn -0.6888 -0.6169 0.3808
vn -0.6901 -0.6689 0.2762
vn -0.7305 -0.4828 -0.4829
vn -0.7292 -0.6322 -0.2618
vn -0.6901 0.6690 0.2762
vn -0.6888 0.6169 0.3808
vn -0.7293 -0.2619 0.6321
vn -1.0000 -0.0000 -0.0001
vn -0.7292 -0.2619 -0.6322
vn -0.7298 -0.3783 -0.5695
vn -0.6887 0.1235 0.7144
vn 0.5482 0.7649 -0.3382
vn 0.7134 0.5426 0.4434
vn 0.5482 -0.7649 -0.3382
vn 0.6938 -0.6972 0.1806
vn 0.7051 -0.6972 0.1297
vn 0.7236 -0.6541 0.2201
vn 0.7160 0.6823 0.1481
vn 0.7306 0.4828 -0.4829
vn 0.7298 0.3783 -0.5695
vn 0.7293 0.2618 -0.6321
vn 0.7298 0.1353 -0.6702
vn 0.6880 -0.0000 0.7257
vn 0.6887 -0.1235 0.7145
vn 0.6891 -0.2398 0.6838
vn 0.6881 -0.4520 0.5677
vn 0.7293 0.6321 -0.2619
vn 0.7298 0.5695 -0.3783
vn 0.6887 -0.6170 0.3808
vn 0.6900 -0.6690 0.2762
vn 0.7306 -0.4828 -0.4828
vn 0.7293 -0.6322 -0.2618
vn 0.6901 0.6689 0.2763
vn 0.6887 0.6169 0.3808
vn 0.6881 0.4520 0.5677
vn 0.7298 -0.1353 -0.6702
vn 0.7293 -0.2618 -0.6321
vn 0.7298 -0.3782 -0.5695
vn 0.6888 0.3491 0.6353
vn 0.6891 0.2398 0.6838
vn 0.6887 0.1235 0.7145
vn -0.6303 -0.0000 -0.7764
vn 0.6303 -0.0000 -0.7764
vn 0.6303 -0.5490 -0.5490
vn -0.6303 -0.5490 -0.5490
vn 0.6303 -0.7764 -0.0000
vn -0.6303 -0.7764 -0.0000
vn 0.6303 -0.5490 0.5490
vn -0.6303 -0.5490 0.5490
vn 0.6303 -0.0000 0.7764
vn -0.6303 -0.0000 0.7764
vn 0.6303 0.5490 0.5490
vn -0.6303 0.5490 0.5490
vn 0.6303 0.7764 -0.0000
vn -0.6303 0.7764 -0.0000
vn 0.6303 0.5490 -0.5490
vn -0.6303 0.5490 -0.5490
vt 0.823273 0.633737
vt 0.833197 0.633737
vt 0.823273 0.556709
vt 0.833197 0.556709
vt 0.824513 0.633737
vt 0.824513 0.556709
vt 0.825754 0.633737
vt 0.825754 0.556709
vt 0.826994 0.633737
vt 0.826994 0.556709
vt 0.828235 0.633737
vt 0.828235 0.556709
vt 0.829475 0.633737
vt 0.829475 0.556709
vt 0.830716 0.633737
vt 0.830716 0.556709
vt 0.831957 0.633737
vt 0.831957 0.556709
vt 0.483243 0.838330
vt 0.467690 0.836344
vt 0.475216 0.839402
vt 0.657413 0.620018
vt 0.483243 0.830889
vt 0.467690 0.843997
vt 0.624473 0.634837
vt 0.473263 0.832222
vt 0.657413 0.627542
vt 0.614406 0.634837
vt 0.480561 0.844688
vt 0.467690 0.830603
vt 0.651970 0.634705
vt 0.479471 0.844833
vt 0.653063 0.634705
vt 0.657413 0.613395
vt 0.479229 0.838866
vt 0.478126 0.830604
vt 0.619624 0.634837
vt 0.480016 0.844761
vt 0.652517 0.634705
vt 0.433355 0.837107
vt 0.455908 0.836344
vt 0.425328 0.836035
vt 0.668569 0.620018
vt 0.433355 0.844548
vt 0.455908 0.843997
vt 0.624473 0.623633
vt 0.423375 0.843215
vt 0.668569 0.627542
vt 0.614406 0.623633
vt 0.430674 0.830749
vt 0.455908 0.830603
vt 0.651970 0.623632
vt 0.429584 0.830603
vt 0.653063 0.623632
vt 0.668569 0.613395
vt 0.429341 0.836571
vt 0.428238 0.844833
vt 0.619624 0.623632
vt 0.430129 0.830676
vt 0.652517 0.623632
vt 0.669282 0.609953
vt 0.668636 0.609953
vt 0.667991 0.609953
vt 0.667345 0.609953
vt 0.666699 0.609953
vt 0.666054 0.609953
vt 0.663869 0.609953
vt 0.663223 0.609953
vt 0.662578 0.609953
vt 0.661932 0.609953
vt 0.661287 0.609953
vt 0.660641 0.609953
vt 0.659995 0.609953
vt 0.659350 0.609953
vt 0.658704 0.609953
vt 0.658059 0.609953
vt 0.657413 0.609953
vt 0.674695 0.609953
vt 0.672510 0.609953
vt 0.671864 0.609953
vt 0.671219 0.609953
vt 0.670573 0.609953
vt 0.669927 0.609953
vt 0.669282 0.607806
vt 0.668636 0.607806
vt 0.667991 0.607806
vt 0.667345 0.607806
vt 0.666699 0.607806
vt 0.666054 0.607806
vt 0.663869 0.607806
vt 0.663223 0.607806
vt 0.662578 0.607806
vt 0.661932 0.607806
vt 0.661287 0.607806
vt 0.660641 0.607806
vt 0.659995 0.607806
vt 0.659350 0.607806
vt 0.658704 0.607806
vt 0.658059 0.607806
vt 0.657413 0.607806
vt 0.674695 0.607806
vt 0.672510 0.607806
vt 0.671864 0.607806
vt 0.671219 0.607806
vt 0.670573 0.607806
vt 0.669927 0.607806
vt 0.669282 0.605495
vt 0.668636 0.605495
vt 0.667991 0.605495
vt 0.667345 0.605495
vt 0.666699 0.605495
vt 0.666054 0.605495
vt 0.663869 0.605495
vt 0.663223 0.605495
vt 0.662578 0.605495
vt 0.661932 0.605495
vt 0.661287 0.605495
vt 0.660641 0.605495
vt 0.659995 0.605495
vt 0.659350 0.605495
vt 0.658704 0.605495
vt 0.658059 0.605495
vt 0.657413 0.605495
vt 0.674695 0.605495
vt 0.672510 0.605495
vt 0.671864 0.605495
vt 0.671219 0.605495
vt 0.670573 0.605495
vt 0.669927 0.605495
vt 0.669282 0.602986
vt 0.668636 0.602986
vt 0.667991 0.602986
vt 0.667345 0.602986
vt 0.666699 0.602986
vt 0.666054 0.602986
vt 0.663869 0.602986
vt 0.663223 0.602986
vt 0.662578 0.602986
vt 0.661932 0.602986
vt 0.661287 0.602986
vt 0.660641 0.602986
vt 0.659995 0.602986
vt 0.659350 0.602986
vt 0.658704 0.602986
vt 0.658059 0.602986
vt 0.657413 0.602986
vt 0.674695 0.602986
vt 0.672510 0.602986
vt 0.671864 0.602986
vt 0.671219 0.602986
vt 0.670573 0.602986
vt 0.669927 0.602986
vt 0.669282 0.600472
vt 0.668636 0.600472
vt 0.667991 0.600472
vt 0.667345 0.600472
vt 0.666699 0.600472
vt 0.666054 0.600472
vt 0.663869 0.600472
vt 0.663223 0.600472
vt 0.662578 0.600472
vt 0.661932 0.600472
vt 0.661287 0.600472
vt 0.660641 0.600472
vt 0.659995 0.600472
vt 0.659350 0.600472
vt 0.658704 0.600472
vt 0.658059 0.600472
vt 0.657413 0.600472
vt 0.674695 0.600472
vt 0.672510 0.600472
vt 0.671864 0.600472
vt 0.671219 0.600472
vt 0.670573 0.600472
vt 0.669927 0.600472
vt 0.669282 0.598017
vt 0.668636 0.598017
vt 0.667991 0.598017
vt 0.667345 0.598017
vt 0.666699 0.598017
vt 0.666054 0.598017
vt 0.663869 0.598017
vt 0.663223 0.598017
vt 0.662578 0.598017
vt 0.661932 0.598017
vt 0.661287 0.598017
vt 0.660641 0.598017
vt 0.659995 0.598017
vt 0.659350 0.598017
vt 0.658704 0.598017
vt 0.658059 0.598017
vt 0.657413 0.598017
vt 0.674695 0.598017
vt 0.672510 0.598017
vt 0.671864 0.598017
vt 0.671219 0.598017
vt 0.670573 0.598017
vt 0.669927 0.598017
vt 0.669282 0.595512
vt 0.668636 0.595512
vt 0.667991 0.595512
vt 0.667345 0.595512
vt 0.666699 0.595512
vt 0.666054 0.595512
vt 0.663869 0.595512
vt 0.663223 0.595512
vt 0.662578 0.595512
vt 0.661932 0.595512
vt 0.661287 0.595512
vt 0.660641 0.595512
vt 0.659995 0.595512
vt 0.659350 0.595512
vt 0.658704 0.595512
vt 0.658059 0.595512
vt 0.657413 0.595512
vt 0.674695 0.595512
vt 0.672510 0.595512
vt 0.671864 0.595512
vt 0.671219 0.595512
vt 0.670573 0.595512
vt 0.669927 0.595512
vt 0.669282 0.592939
vt 0.668636 0.592939
vt 0.667991 0.592939
vt 0.667345 0.592939
vt 0.666699 0.592939
vt 0.666054 0.592939
vt 0.663869 0.592939
vt 0.663223 0.592939
vt 0.662578 0.592939
vt 0.661932 0.592939
vt 0.661287 0.592939
vt 0.660641 0.592939
vt 0.659995 0.592939
vt 0.659350 0.592939
vt 0.658704 0.592939
vt 0.658059 0.592939
vt 0.657413 0.592939
vt 0.674695 0.592939
vt 0.672510 0.592939
vt 0.671864 0.592939
vt 0.671219 0.592939
vt 0.670573 0.592939
vt 0.669927 0.592939
vt 0.669282 0.590338
vt 0.668636 0.590338
vt 0.667991 0.590338
vt 0.667345 0.590338
vt 0.666699 0.590338
vt 0.666054 0.590338
vt 0.663869 0.590338
vt 0.663223 0.590338
vt 0.662578 0.590338
vt 0.661932 0.590338
vt 0.661287 0.590338
vt 0.660641 0.590338
vt 0.659995 0.590338
vt 0.659350 0.590338
vt 0.658704 0.590338
vt 0.658059 0.590338
vt 0.657413 0.590338
vt 0.674695 0.590338
vt 0.672510 0.590338
vt 0.671864 0.590338
vt 0.671219 0.590338
vt 0.670573 0.590338
vt 0.669927 0.590338
vt 0.669282 0.587757
vt 0.668636 0.587757
vt 0.667991 0.587757
vt 0.667345 0.587757
vt 0.666699 0.587757
vt 0.666054 0.587757
vt 0.663869 0.587757
vt 0.663223 0.587757
vt 0.662578 0.587757
vt 0.661932 0.587757
vt 0.661287 0.587757
vt 0.660641 0.587757
vt 0.659995 0.587757
vt 0.659350 0.587757
vt 0.658704 0.587757
vt 0.658059 0.587757
vt 0.657413 0.587757
vt 0.674695 0.587757
vt 0.672510 0.587757
vt 0.671864 0.587757
vt 0.671219 0.587757
vt 0.670573 0.587757
vt 0.669927 0.587757
vt 0.669282 0.585178
vt 0.668636 0.585178
vt 0.667991 0.585178
vt 0.667345 0.585178
vt 0.666699 0.585178
vt 0.666054 0.585178
vt 0.663869 0.585178
vt 0.663223 0.585178
vt 0.662578 0.585178
vt 0.661932 0.585178
vt 0.661287 0.585178
vt 0.660641 0.585178
vt 0.659995 0.585178
vt 0.659350 0.585178
vt 0.658704 0.585178
vt 0.658059 0.585178
vt 0.657413 0.585178
vt 0.674695 0.585178
vt 0.672510 0.585178
vt 0.671864 0.585178
vt 0.671219 0.585178
vt 0.670573 0.585178
vt 0.669927 0.585178
vt 0.669282 0.582496
vt 0.668636 0.582496
vt 0.667991 0.582496
vt 0.667345 0.582496
vt 0.666699 0.582496
vt 0.666054 0.582496
vt 0.663869 0.582496
vt 0.663223 0.582496
vt 0.662578 0.582496
vt 0.661932 0.582496
vt 0.661287 0.582496
vt 0.660641 0.582496
vt 0.659995 0.582496
vt 0.659350 0.582496
vt 0.658704 0.582496
vt 0.658059 0.582496
vt 0.657413 0.582496
vt 0.674695 0.582496
vt 0.672510 0.582496
vt 0.671864 0.582496
vt 0.671219 0.582496
vt 0.670573 0.582496
vt 0.669927 0.582496
vt 0.669282 0.579565
vt 0.668636 0.579565
vt 0.667991 0.579565
vt 0.667345 0.579565
vt 0.666699 0.579565
vt 0.666054 0.579565
vt 0.663869 0.579565
vt 0.663223 0.579565
vt 0.662578 0.579565
vt 0.661932 0.579565
vt 0.661287 0.579565
vt 0.660641 0.579565
vt 0.659995 0.579565
vt 0.659350 0.579565
vt 0.658704 0.579565
vt 0.658059 0.579565
vt 0.657413 0.579565
vt 0.674695 0.579565
vt 0.672510 0.579565
vt 0.671864 0.579565
vt 0.671219 0.579565
vt 0.670573 0.579565
vt 0.669927 0.579565
vt 0.669282 0.576206
vt 0.668636 0.576206
vt 0.667991 0.576206
vt 0.667345 0.576206
vt 0.666699 0.576206
vt 0.666054 0.576206
vt 0.663869 0.576206
vt 0.663223 0.576206
vt 0.662578 0.576206
vt 0.661932 0.576206
vt 0.661287 0.576206
vt 0.660641 0.576206
vt 0.659995 0.576206
vt 0.659350 0.576206
vt 0.658704 0.576206
vt 0.658059 0.576206
vt 0.657413 0.576206
vt 0.674695 0.576206
vt 0.672510 0.576206
vt 0.671864 0.576206
vt 0.671219 0.576206
vt 0.670573 0.576206
vt 0.669927 0.576206
vt 0.669282 0.572448
vt 0.668636 0.572448
vt 0.667991 0.572448
vt 0.667345 0.572448
vt 0.666699 0.572448
vt 0.666054 0.572448
vt 0.663869 0.572448
vt 0.663223 0.572448
vt 0.662578 0.572448
vt 0.661932 0.572448
vt 0.661287 0.572448
vt 0.660641 0.572448
vt 0.659995 0.572448
vt 0.659350 0.572448
vt 0.658704 0.572448
vt 0.658059 0.572448
vt 0.657413 0.572448
vt 0.674695 0.572448
vt 0.672510 0.572448
vt 0.671864 0.572448
vt 0.671219 0.572448
vt 0.670573 0.572448
vt 0.669927 0.572448
vt 0.669282 0.568351
vt 0.668636 0.568351
vt 0.667991 0.568351
vt 0.667345 0.568351
vt 0.666699 0.568351
vt 0.666054 0.568351
vt 0.663869 0.568351
vt 0.663223 0.568351
vt 0.662578 0.568351
vt 0.661932 0.568351
vt 0.661287 0.568351
vt 0.660641 0.568351
vt 0.659995 0.568351
vt 0.659350 0.568351
vt 0.658704 0.568351
vt 0.658059 0.568351
vt 0.657413 0.568352
vt 0.674695 0.568352
vt 0.672510 0.568351
vt 0.671864 0.568351
vt 0.671219 0.568351
vt 0.670573 0.568351
vt 0.669927 0.568351
vt 0.669282 0.563038
vt 0.668636 0.563038
vt 0.667991 0.563038
vt 0.667345 0.563038
vt 0.666699 0.563038
vt 0.666054 0.563038
vt 0.663869 0.563038
vt 0.663223 0.563038
vt 0.662578 0.563038
vt 0.661932 0.563038
vt 0.661287 0.563038
vt 0.660641 0.563038
vt 0.659995 0.563038
vt 0.659350 0.563038
vt 0.658704 0.563038
vt 0.658059 0.563037
vt 0.657413 0.563037
vt 0.674695 0.563037
vt 0.672510 0.563038
vt 0.671864 0.563037
vt 0.671219 0.563038
vt 0.670573 0.563038
vt 0.669927 0.563038
vt 0.669282 0.554970
vt 0.668636 0.554970
vt 0.667991 0.554970
vt 0.667345 0.554970
vt 0.666699 0.554970
vt 0.666054 0.554970
vt 0.663869 0.554970
vt 0.663223 0.554970
vt 0.662578 0.554970
vt 0.661932 0.554970
vt 0.661287 0.554970
vt 0.660641 0.554970
vt 0.659995 0.554970
vt 0.659350 0.554970
vt 0.658704 0.554970
vt 0.658059 0.554970
vt 0.657413 0.554970
vt 0.674695 0.554970
vt 0.672510 0.554970
vt 0.671864 0.554970
vt 0.671219 0.554970
vt 0.670573 0.554970
vt 0.669927 0.554970
vt 0.279496 0.818826
vt 0.173165 0.782504
vt 0.673521 0.633017
vt 0.272045 0.821581
vt 0.673521 0.624927
vt 0.173165 0.843918
vt 0.269266 0.787600
vt 0.173165 0.724297
vt 0.259496 0.791213
vt 0.173165 0.734835
vt 0.278859 0.788991
vt 0.173165 0.714567
vt 0.253117 0.798511
vt 0.173165 0.744565
vt 0.278825 0.804201
vt 0.173165 0.797444
vt 0.263039 0.810039
vt 0.173165 0.828978
vt 0.254648 0.802503
vt 0.173165 0.817694
vt 0.280293 0.793019
vt 0.173165 0.808728
vt 0.279927 0.812799
vt 0.173165 0.788751
vt 0.267796 0.817285
vt 0.173165 0.837671
vt 0.280490 0.816047
vt 0.173165 0.785455
vt 0.276035 0.820920
vt 0.673521 0.628972
vt 0.255615 0.795018
vt 0.173165 0.740270
vt 0.264105 0.788659
vt 0.173165 0.729566
vt 0.274689 0.787964
vt 0.173165 0.718862
vt 0.252706 0.800539
vt 0.173165 0.746633
vt 0.173165 0.814932
vt 0.265988 0.793751
vt 0.279426 0.798237
vt 0.173165 0.803438
vt 0.265952 0.813886
vt 0.173165 0.833803
vt 0.270932 0.807120
vt 0.258702 0.805902
vt 0.173165 0.822984
vt 0.280490 0.790264
vt 0.173165 0.811490
vt 0.173165 0.712498
vt 0.267471 0.797761
vt 0.279116 0.809018
vt 0.173165 0.792619
vt 0.269482 0.820118
vt 0.173165 0.840967
vt 0.273862 0.815042
vt 0.265121 0.791406
vt 0.266598 0.795401
vt 0.272534 0.811452
vt 0.269064 0.802070
vt 0.275016 0.818164
vt 0.811870 0.807740
vt 0.165277 0.820235
vt 0.673521 0.613395
vt 0.819321 0.804984
vt 0.171655 0.779062
vt 0.673521 0.621485
vt 0.799322 0.777372
vt 0.297323 0.746056
vt 0.809091 0.773759
vt 0.297323 0.756594
vt 0.792942 0.784669
vt 0.297323 0.736326
vt 0.818684 0.775149
vt 0.297323 0.766324
vt 0.802864 0.796197
vt 0.165277 0.835175
vt 0.818650 0.790359
vt 0.171655 0.764121
vt 0.820118 0.779177
vt 0.171655 0.752837
vt 0.794474 0.788661
vt 0.165277 0.846459
vt 0.807621 0.803444
vt 0.165277 0.826482
vt 0.819752 0.798957
vt 0.171655 0.772814
vt 0.809307 0.806276
vt 0.165277 0.823186
vt 0.815860 0.807078
vt 0.673521 0.617440
vt 0.814514 0.774122
vt 0.297323 0.762029
vt 0.803930 0.774818
vt 0.297323 0.751325
vt 0.795440 0.781176
vt 0.297323 0.740621
vt 0.820315 0.776422
vt 0.297323 0.768393
vt 0.171655 0.750075
vt 0.805813 0.779909
vt 0.798527 0.792060
vt 0.165277 0.841169
vt 0.818941 0.795176
vt 0.171655 0.768947
vt 0.810757 0.793278
vt 0.819252 0.784396
vt 0.171655 0.758127
vt 0.792531 0.786697
vt 0.297323 0.734258
vt 0.165277 0.849221
vt 0.807296 0.783919
vt 0.805777 0.800044
vt 0.165277 0.830349
vt 0.820315 0.802205
vt 0.171655 0.776110
vt 0.813687 0.801200
vt 0.804946 0.777564
vt 0.806423 0.781560
vt 0.812359 0.797610
vt 0.808889 0.788228
vt 0.814841 0.804322
vt 0.232936 0.805252
vt 0.739107 0.803505
vt 0.693943 0.614599
vt 0.733875 0.803505
vt 0.733875 0.815020
vt 0.685390 0.622300
vt 0.739107 0.815020
vt 0.234421 0.816664
vt 0.739107 0.809765
vt 0.233559 0.811480
vt 0.733875 0.809765
vt 0.689418 0.618924
vt 0.725200 0.790621
vt 0.211753 0.809952
vt 0.730433 0.790621
vt 0.706970 0.631952
vt 0.850173 0.804295
vt 0.707092 0.630325
vt 0.844940 0.804295
vt 0.212719 0.808638
vt 0.844940 0.805861
vt 0.725200 0.790104
vt 0.211440 0.809541
vt 0.850173 0.805861
vt 0.730433 0.790104
vt 0.707475 0.631844
vt 0.844940 0.792781
vt 0.221272 0.800938
vt 0.850173 0.792781
vt 0.705607 0.618913
vt 0.850173 0.783589
vt 0.706752 0.609818
vt 0.844940 0.783589
vt 0.226320 0.793286
vt 0.844940 0.787587
vt 0.224407 0.796798
vt 0.850173 0.787587
vt 0.705920 0.613729
vt 0.739107 0.790104
vt 0.844940 0.773758
vt 0.234140 0.792073
vt 0.733875 0.790104
vt 0.850173 0.773758
vt 0.701603 0.603808
vt 0.733875 0.794314
vt 0.698990 0.606948
vt 0.234082 0.796157
vt 0.739107 0.794314
vt 0.234610 0.793561
vt 0.739107 0.791664
vt 0.733875 0.791664
vt 0.700278 0.604633
vt 0.171655 0.782504
vt 0.672010 0.633017
vt 0.708638 0.604241
vt 0.166787 0.820235
vt 0.672010 0.613395
vt 0.228516 0.787824
vt 0.672010 0.624927
vt 0.171655 0.843918
vt 0.701187 0.601485
vt 0.173166 0.779062
vt 0.672010 0.621485
vt 0.235968 0.790579
vt 0.171655 0.724297
vt 0.698408 0.635466
vt 0.298834 0.746056
vt 0.215968 0.818192
vt 0.171655 0.734835
vt 0.688639 0.631853
vt 0.298834 0.756594
vt 0.225738 0.821805
vt 0.171655 0.714567
vt 0.708001 0.634075
vt 0.298834 0.736326
vt 0.209588 0.810894
vt 0.298834 0.766324
vt 0.235331 0.820414
vt 0.171655 0.744565
vt 0.682259 0.624555
vt 0.171655 0.797444
vt 0.707967 0.618866
vt 0.166787 0.835175
vt 0.219511 0.799367
vt 0.171655 0.828978
vt 0.692181 0.613028
vt 0.173165 0.764121
vt 0.235296 0.805204
vt 0.173165 0.752837
vt 0.236765 0.816386
vt 0.171655 0.817694
vt 0.683791 0.620564
vt 0.166787 0.846459
vt 0.211120 0.806902
vt 0.171655 0.808728
vt 0.709436 0.630047
vt 0.166787 0.826482
vt 0.224268 0.792120
vt 0.171655 0.788751
vt 0.709069 0.610267
vt 0.173166 0.772814
vt 0.236399 0.796606
vt 0.171655 0.837671
vt 0.696938 0.605781
vt 0.171655 0.785455
vt 0.709632 0.607019
vt 0.166787 0.823186
vt 0.225954 0.789287
vt 0.672010 0.628972
vt 0.705177 0.602147
vt 0.672010 0.617440
vt 0.232507 0.788485
vt 0.171655 0.740270
vt 0.684757 0.628049
vt 0.298834 0.762029
vt 0.231161 0.821441
vt 0.171655 0.729566
vt 0.693247 0.634407
vt 0.298834 0.751325
vt 0.220577 0.820746
vt 0.171655 0.718862
vt 0.703831 0.635103
vt 0.298834 0.740621
vt 0.212087 0.814387
vt 0.171655 0.746633
vt 0.171655 0.814932
vt 0.681849 0.622528
vt 0.298834 0.768393
vt 0.173166 0.750075
vt 0.236962 0.819141
vt 0.171655 0.803438
vt 0.708569 0.624829
vt 0.166787 0.841169
vt 0.215174 0.803503
vt 0.171655 0.833803
vt 0.695094 0.609181
vt 0.173166 0.768947
vt 0.235588 0.800387
vt 0.171655 0.822984
vt 0.687844 0.617165
vt 0.173165 0.758127
vt 0.235898 0.811168
vt 0.171655 0.811490
vt 0.171655 0.712498
vt 0.709632 0.632803
vt 0.298834 0.734258
vt 0.166787 0.849221
vt 0.209178 0.808866
vt 0.171655 0.792619
vt 0.708258 0.614049
vt 0.166787 0.830349
vt 0.222423 0.795519
vt 0.171655 0.840967
vt 0.698624 0.602948
vt 0.173166 0.776110
vt 0.236962 0.793358
vt 0.733875 0.798312
vt 0.697078 0.610459
vt 0.233249 0.800068
vt 0.739107 0.798312
vt 0.850173 0.799040
vt 0.706229 0.625141
vt 0.844940 0.799040
vt 0.216747 0.805263
vt 0.684110 0.623203
vt 0.730433 0.817344
vt 0.733875 0.816586
vt 0.725200 0.817344
vt 0.739107 0.816586
vt 0.234805 0.818182
vt 0.725200 0.816827
vt 0.234300 0.818291
vt 0.730433 0.816827
vt 0.684423 0.623614
vt 0.730433 0.794217
vt 0.703469 0.632771
vt 0.725200 0.794217
vt 0.213879 0.812852
vt 0.730433 0.799129
vt 0.698568 0.633111
vt 0.725200 0.799129
vt 0.217379 0.816299
vt 0.730433 0.803724
vt 0.694066 0.632193
vt 0.725200 0.803724
vt 0.221395 0.818532
vt 0.690050 0.629961
vt 0.730433 0.808319
vt 0.225898 0.819450
vt 0.725200 0.808319
vt 0.730433 0.813231
vt 0.686550 0.626514
vt 0.725200 0.813231
vt 0.230798 0.819109
vt 0.850173 0.776569
vt 0.704359 0.604361
vt 0.844940 0.776569
vt 0.231688 0.790699
vt 0.706811 0.605734
vt 0.850173 0.779379
vt 0.844940 0.779379
vt 0.228933 0.790147
vt 0.707281 0.607222
vt 0.850173 0.780939
vt 0.227608 0.790971
vt 0.844940 0.780939
vt 0.678247 0.628916
vt 0.602574 0.843258
vt 0.678247 0.627890
vt 0.601975 0.842357
vt 0.678247 0.626865
vt 0.602187 0.841296
vt 0.678247 0.625840
vt 0.603088 0.840696
vt 0.678247 0.624814
vt 0.678247 0.633017
vt 0.604149 0.840909
vt 0.678247 0.631992
vt 0.604749 0.841810
vt 0.678247 0.630966
vt 0.604536 0.842871
vt 0.678247 0.629941
vt 0.603635 0.843471
vt 0.602501 0.842253
vt 0.602873 0.842812
vt 0.602633 0.841595
vt 0.603192 0.841223
vt 0.603850 0.841355
vt 0.604222 0.841914
vt 0.604090 0.842572
vt 0.603531 0.842944
vt 0.678247 0.628403
vt 0.602184 0.842868
vt 0.676963 0.628916
vt 0.676963 0.627890
vt 0.678247 0.627378
vt 0.601975 0.841805
vt 0.676963 0.626865
vt 0.678247 0.626352
vt 0.602577 0.840906
vt 0.676963 0.625840
vt 0.678247 0.625327
vt 0.603640 0.840697
vt 0.676963 0.624814
vt 0.676963 0.633017
vt 0.678247 0.632504
vt 0.604539 0.841299
vt 0.676963 0.631992
vt 0.678247 0.631479
vt 0.604749 0.842362
vt 0.676963 0.630966
vt 0.678247 0.630454
vt 0.604146 0.843261
vt 0.676963 0.629941
vt 0.603083 0.843471
vt 0.678247 0.629428
vt 0.602633 0.842569
vt 0.602504 0.841911
vt 0.602876 0.841355
vt 0.603534 0.841225
vt 0.604090 0.841598
vt 0.604220 0.842256
vt 0.603847 0.842812
vt 0.603189 0.842942
vt 0.603582 0.843201
vt 0.602727 0.843030
vt 0.602244 0.842304
vt 0.602416 0.841449
vt 0.603141 0.840966
vt 0.604479 0.841863
vt 0.604308 0.842718
vt 0.603996 0.841138
vt 0.676963 0.628403
vt 0.676963 0.627378
vt 0.676963 0.626352
vt 0.676963 0.625327
vt 0.676963 0.632504
vt 0.676963 0.631479
vt 0.603138 0.843199
vt 0.676963 0.630454
vt 0.676963 0.629428
vt 0.603362 0.842084
vt 0.602415 0.842714
vt 0.602731 0.841137
vt 0.604477 0.842307
vt 0.603585 0.840969
vt 0.603992 0.843030
vt 0.602247 0.841860
vt 0.604308 0.841453
vt 0.733263 0.631365
vt 0.610365 0.843258
vt 0.733263 0.630340
vt 0.609304 0.843471
vt 0.733263 0.629314
vt 0.608403 0.842871
vt 0.733263 0.628289
vt 0.608190 0.841810
vt 0.733263 0.627264
vt 0.733263 0.635466
vt 0.608790 0.840909
vt 0.733263 0.634441
vt 0.609851 0.840696
vt 0.733263 0.633416
vt 0.610752 0.841296
vt 0.733263 0.632390
vt 0.610964 0.842357
vt 0.609408 0.842944
vt 0.610066 0.842812
vt 0.608849 0.842572
vt 0.608717 0.841914
vt 0.609089 0.841355
vt 0.609747 0.841223
vt 0.610306 0.841595
vt 0.610438 0.842253
vt 0.733263 0.630853
vt 0.609856 0.843471
vt 0.731979 0.631365
vt 0.731979 0.630340
vt 0.733263 0.629827
vt 0.608793 0.843261
vt 0.731979 0.629314
vt 0.733263 0.628802
vt 0.608190 0.842362
vt 0.731979 0.628289
vt 0.733263 0.627777
vt 0.608400 0.841299
vt 0.731979 0.627264
vt 0.731979 0.635466
vt 0.733263 0.634954
vt 0.609299 0.840696
vt 0.731979 0.634441
vt 0.733263 0.633928
vt 0.610362 0.840906
vt 0.731979 0.633416
vt 0.733263 0.632903
vt 0.610964 0.841805
vt 0.731979 0.632390
vt 0.610755 0.842868
vt 0.733263 0.631878
vt 0.609749 0.842942
vt 0.609092 0.842812
vt 0.608719 0.842256
vt 0.608849 0.841598
vt 0.609405 0.841225
vt 0.610063 0.841355
vt 0.610436 0.841911
vt 0.610306 0.842569
vt 0.610695 0.842304
vt 0.610212 0.843029
vt 0.609357 0.843201
vt 0.608631 0.842718
vt 0.608460 0.841863
vt 0.609798 0.840966
vt 0.610523 0.841449
vt 0.608943 0.841138
vt 0.731979 0.630853
vt 0.731979 0.629827
vt 0.731979 0.628802
vt 0.731979 0.627777
vt 0.731979 0.634954
vt 0.731979 0.633928
vt 0.610524 0.842714
vt 0.731979 0.632903
vt 0.731979 0.631878
vt 0.609577 0.842083
vt 0.609801 0.843199
vt 0.608462 0.842307
vt 0.610208 0.841137
vt 0.608631 0.841453
vt 0.610693 0.841860
vt 0.608947 0.843030
vt 0.609354 0.840968
vt 0.714359 0.631365
vt 0.584461 0.840909
vt 0.714359 0.630340
vt 0.585060 0.841810
vt 0.714359 0.629314
vt 0.584848 0.842871
vt 0.714359 0.628289
vt 0.583947 0.843471
vt 0.714359 0.627264
vt 0.714359 0.635466
vt 0.582886 0.843258
vt 0.714359 0.634441
vt 0.582286 0.842357
vt 0.714359 0.633416
vt 0.582499 0.841296
vt 0.714359 0.632390
vt 0.583400 0.840696
vt 0.584534 0.841914
vt 0.584162 0.841355
vt 0.584402 0.842572
vt 0.583843 0.842944
vt 0.583185 0.842812
vt 0.582812 0.842253
vt 0.582945 0.841595
vt 0.583503 0.841223
vt 0.714359 0.630852
vt 0.584851 0.841299
vt 0.713074 0.631365
vt 0.713074 0.630340
vt 0.714359 0.629827
vt 0.585060 0.842362
vt 0.713074 0.629314
vt 0.714359 0.628802
vt 0.584457 0.843261
vt 0.713074 0.628289
vt 0.714359 0.627777
vt 0.583395 0.843471
vt 0.713074 0.627264
vt 0.713074 0.635466
vt 0.714359 0.634954
vt 0.582496 0.842868
vt 0.713074 0.634441
vt 0.714359 0.633928
vt 0.582286 0.841805
vt 0.713074 0.633416
vt 0.714359 0.632903
vt 0.582889 0.840906
vt 0.713074 0.632390
vt 0.583951 0.840696
vt 0.714359 0.631878
vt 0.584402 0.841598
vt 0.584531 0.842256
vt 0.584158 0.842812
vt 0.583501 0.842942
vt 0.582945 0.842569
vt 0.582815 0.841911
vt 0.583188 0.841355
vt 0.583845 0.841225
vt 0.583453 0.840966
vt 0.584307 0.841138
vt 0.584791 0.841863
vt 0.584619 0.842718
vt 0.583894 0.843201
vt 0.582556 0.842304
vt 0.582727 0.841449
vt 0.583039 0.843029
vt 0.713074 0.630852
vt 0.713074 0.629827
vt 0.713074 0.628802
vt 0.713074 0.627777
vt 0.713074 0.634954
vt 0.713074 0.633928
vt 0.583897 0.840968
vt 0.713074 0.632903
vt 0.713074 0.631878
vt 0.583673 0.842083
vt 0.584620 0.841453
vt 0.584304 0.843030
vt 0.582558 0.841860
vt 0.583450 0.843198
vt 0.583043 0.841137
vt 0.584788 0.842307
vt 0.582727 0.842714
vt 0.727253 0.631365
vt 0.819455 0.841475
vt 0.727253 0.632390
vt 0.818856 0.842376
vt 0.727253 0.633416
vt 0.817795 0.842588
vt 0.727253 0.634441
vt 0.816894 0.841989
vt 0.727253 0.635466
vt 0.727253 0.627264
vt 0.816681 0.840928
vt 0.727253 0.628289
vt 0.817281 0.840027
vt 0.727253 0.629314
vt 0.818342 0.839814
vt 0.727253 0.630340
vt 0.819243 0.840414
vt 0.818557 0.841930
vt 0.818929 0.841371
vt 0.817898 0.842062
vt 0.817339 0.841690
vt 0.817207 0.841031
vt 0.817580 0.840473
vt 0.818238 0.840340
vt 0.818797 0.840713
vt 0.727253 0.631878
vt 0.819246 0.841986
vt 0.728537 0.631365
vt 0.728537 0.632390
vt 0.727253 0.632903
vt 0.818346 0.842588
vt 0.728537 0.633416
vt 0.727253 0.633928
vt 0.817284 0.842379
vt 0.728537 0.634441
vt 0.727253 0.634954
vt 0.816681 0.841479
vt 0.728537 0.635466
vt 0.728537 0.627264
vt 0.727253 0.627777
vt 0.816891 0.840417
vt 0.728537 0.628289
vt 0.727253 0.628802
vt 0.817790 0.839814
vt 0.728537 0.629314
vt 0.727253 0.629827
vt 0.818852 0.840024
vt 0.728537 0.630340
vt 0.819455 0.840923
vt 0.727253 0.630853
vt 0.818797 0.841686
vt 0.818240 0.842059
vt 0.817583 0.841930
vt 0.817210 0.841373
vt 0.817340 0.840716
vt 0.817896 0.840343
vt 0.818553 0.840473
vt 0.818926 0.841029
vt 0.819014 0.840567
vt 0.819186 0.841422
vt 0.818702 0.842147
vt 0.817848 0.842319
vt 0.817122 0.841835
vt 0.817434 0.840255
vt 0.818289 0.840084
vt 0.816951 0.840981
vt 0.728537 0.631878
vt 0.728537 0.632903
vt 0.728537 0.633928
vt 0.728537 0.634954
vt 0.728537 0.627777
vt 0.728537 0.628802
vt 0.819183 0.840978
vt 0.728537 0.629827
vt 0.728537 0.630853
vt 0.818068 0.841201
vt 0.819015 0.841832
vt 0.817438 0.842148
vt 0.817845 0.840086
vt 0.816953 0.841425
vt 0.818699 0.840255
vt 0.818292 0.842316
vt 0.817122 0.840571
vt 0.722527 0.631365
vt 0.813027 0.841989
vt 0.722527 0.632390
vt 0.812126 0.842588
vt 0.722527 0.633416
vt 0.811065 0.842376
vt 0.722527 0.634441
vt 0.810465 0.841475
vt 0.722527 0.635466
vt 0.722527 0.627264
vt 0.810678 0.840414
vt 0.722527 0.628289
vt 0.811579 0.839814
vt 0.722527 0.629315
vt 0.812640 0.840027
vt 0.722527 0.630340
vt 0.813239 0.840928
vt 0.812022 0.842062
vt 0.812581 0.841690
vt 0.811364 0.841930
vt 0.810992 0.841371
vt 0.811124 0.840713
vt 0.811683 0.840341
vt 0.812341 0.840473
vt 0.812713 0.841031
vt 0.722527 0.631878
vt 0.812637 0.842379
vt 0.723811 0.631365
vt 0.723811 0.632390
vt 0.722527 0.632903
vt 0.811574 0.842588
vt 0.723811 0.633416
vt 0.722527 0.633928
vt 0.810675 0.841986
vt 0.723811 0.634441
vt 0.722527 0.634954
vt 0.810465 0.840923
vt 0.723811 0.635466
vt 0.723811 0.627264
vt 0.722527 0.627777
vt 0.811068 0.840024
vt 0.723811 0.628289
vt 0.722527 0.628802
vt 0.812131 0.839814
vt 0.723811 0.629315
vt 0.722527 0.629827
vt 0.813030 0.840417
vt 0.723811 0.630340
vt 0.813239 0.841480
vt 0.722527 0.630853
vt 0.812338 0.841930
vt 0.811680 0.842059
vt 0.811124 0.841686
vt 0.810994 0.841029
vt 0.811367 0.840473
vt 0.812025 0.840343
vt 0.812581 0.840716
vt 0.812711 0.841374
vt 0.812970 0.840981
vt 0.812799 0.841836
vt 0.812073 0.842319
vt 0.811218 0.842147
vt 0.810735 0.841422
vt 0.811632 0.840084
vt 0.812487 0.840255
vt 0.810906 0.840567
vt 0.723811 0.631878
vt 0.723811 0.632903
vt 0.723811 0.633928
vt 0.723811 0.634954
vt 0.723811 0.627777
vt 0.723811 0.628802
vt 0.812968 0.841425
vt 0.723811 0.629827
vt 0.723811 0.630853
vt 0.811852 0.841201
vt 0.812483 0.842148
vt 0.810906 0.841832
vt 0.812076 0.840086
vt 0.810737 0.840978
vt 0.812799 0.840571
vt 0.811629 0.842316
vt 0.811222 0.840255
vt 0.717800 0.631365
vt 0.590676 0.843258
vt 0.717800 0.632390
vt 0.589616 0.843471
vt 0.717800 0.633416
vt 0.588715 0.842871
vt 0.717800 0.634441
vt 0.588502 0.841810
vt 0.717800 0.635466
vt 0.717800 0.627264
vt 0.589102 0.840909
vt 0.717800 0.628289
vt 0.590163 0.840696
vt 0.717800 0.629314
vt 0.591063 0.841296
vt 0.717800 0.630340
vt 0.591276 0.842357
vt 0.589719 0.842944
vt 0.590378 0.842812
vt 0.589160 0.842572
vt 0.589028 0.841914
vt 0.589401 0.841355
vt 0.590059 0.841223
vt 0.590618 0.841595
vt 0.590750 0.842253
vt 0.717800 0.631878
vt 0.590167 0.843471
vt 0.719085 0.631365
vt 0.719085 0.632390
vt 0.717800 0.632903
vt 0.589105 0.843261
vt 0.719085 0.633416
vt 0.717800 0.633928
vt 0.588502 0.842362
vt 0.719085 0.634441
vt 0.717800 0.634954
vt 0.588712 0.841299
vt 0.719085 0.635466
vt 0.719085 0.627264
vt 0.717800 0.627777
vt 0.589611 0.840696
vt 0.719085 0.628289
vt 0.717800 0.628802
vt 0.590673 0.840906
vt 0.719085 0.629314
vt 0.717800 0.629827
vt 0.591276 0.841805
vt 0.719085 0.630340
vt 0.591067 0.842868
vt 0.717800 0.630852
vt 0.590061 0.842942
vt 0.589404 0.842812
vt 0.589031 0.842256
vt 0.589161 0.841598
vt 0.589717 0.841225
vt 0.590374 0.841355
vt 0.590747 0.841911
vt 0.590618 0.842569
vt 0.591007 0.842304
vt 0.590523 0.843029
vt 0.589669 0.843201
vt 0.588943 0.842718
vt 0.588772 0.841863
vt 0.590110 0.840966
vt 0.590835 0.841449
vt 0.589255 0.841138
vt 0.719085 0.631878
vt 0.719085 0.632903
vt 0.719085 0.633928
vt 0.719085 0.634954
vt 0.719085 0.627777
vt 0.719085 0.628802
vt 0.590836 0.842714
vt 0.719085 0.629827
vt 0.719085 0.630852
vt 0.589889 0.842083
vt 0.590113 0.843199
vt 0.588774 0.842307
vt 0.590520 0.841137
vt 0.588943 0.841453
vt 0.591004 0.841860
vt 0.589259 0.843030
vt 0.589666 0.840968
vt 0.731080 0.829010
vt 0.731080 0.842034
vt 0.738347 0.822347
vt 0.738347 0.848697
vt 0.725529 0.829010
vt 0.725529 0.842034
vt 0.721861 0.831286
vt 0.721861 0.839758
vt 0.727708 0.835522
vt 0.738346 0.835522
vt 0.720354 0.835522
vt 0.731690 0.835522
vt 0.725350 0.833165
vt 0.727017 0.833855
vt 0.725350 0.837879
vt 0.727017 0.837189
vt 0.722993 0.835522
vt 0.723684 0.833855
vt 0.723684 0.837189
vt 0.734713 0.845366
vt 0.731611 0.832153
vt 0.734713 0.825678
vt 0.738346 0.828934
vt 0.726184 0.833510
vt 0.726184 0.837534
vt 0.723338 0.834689
vt 0.724517 0.833510
vt 0.724517 0.837534
vt 0.731611 0.838891
vt 0.738347 0.842110
vt 0.723338 0.836355
vt 0.734789 0.835522
vt 0.727362 0.834689
vt 0.728304 0.829010
vt 0.728304 0.842034
vt 0.721108 0.833404
vt 0.723695 0.830148
vt 0.723695 0.840896
vt 0.727362 0.836355
vt 0.721108 0.837640
vt 0.729374 0.835522
vt 0.728607 0.831949
vt 0.725570 0.831342
vt 0.725570 0.839702
vt 0.728607 0.839094
vt 0.722990 0.832775
vt 0.721979 0.835522
vt 0.722990 0.838269
vt 0.734775 0.840456
vt 0.734775 0.830588
vt 0.729228 0.833517
vt 0.727212 0.831337
vt 0.727212 0.839706
vt 0.722275 0.834067
vt 0.724141 0.831875
vt 0.724141 0.839169
vt 0.729228 0.837527
vt 0.722275 0.836977
vt 0.731080 0.829010
vt 0.731080 0.842034
vt 0.738346 0.822347
vt 0.738347 0.848697
vt 0.725529 0.829010
vt 0.725529 0.842034
vt 0.721861 0.831286
vt 0.721861 0.839758
vt 0.727708 0.835522
vt 0.738346 0.835522
vt 0.720354 0.835522
vt 0.731690 0.835522
vt 0.725350 0.833165
vt 0.727017 0.833855
vt 0.725350 0.837879
vt 0.727017 0.837189
vt 0.722993 0.835522
vt 0.723684 0.833855
vt 0.723684 0.837189
vt 0.734713 0.845366
vt 0.731611 0.832153
vt 0.734713 0.825678
vt 0.738346 0.828934
vt 0.726184 0.833510
vt 0.726184 0.837534
vt 0.723338 0.834689
vt 0.724517 0.833510
vt 0.724517 0.837534
vt 0.731611 0.838891
vt 0.738347 0.842110
vt 0.723338 0.836355
vt 0.734789 0.835522
vt 0.727362 0.834689
vt 0.728304 0.829010
vt 0.728304 0.842034
vt 0.721108 0.833404
vt 0.723695 0.830148
vt 0.723695 0.840896
vt 0.727362 0.836355
vt 0.721108 0.837640
vt 0.729374 0.835522
vt 0.728607 0.831949
vt 0.725570 0.831342
vt 0.725570 0.839702
vt 0.728607 0.839094
vt 0.722990 0.832775
vt 0.721979 0.835522
vt 0.722990 0.838269
vt 0.734775 0.840456
vt 0.734775 0.830588
vt 0.729228 0.833517
vt 0.727212 0.831337
vt 0.727212 0.839706
vt 0.722275 0.834067
vt 0.724141 0.831875
vt 0.724141 0.839169
vt 0.729228 0.837527
vt 0.722275 0.836977
vt 0.627413 0.839435
vt 0.627413 0.842858
vt 0.249604 0.826046
vt 0.626362 0.839435
vt 0.253094 0.838894
vt 0.626362 0.842858
vt 0.253094 0.842316
vt 0.249604 0.827491
vt 0.251608 0.838894
vt 0.251608 0.842316
vt 0.250626 0.828513
vt 0.250558 0.838894
vt 0.798509 0.843237
vt 0.250558 0.842316
vt 0.798509 0.839814
vt 0.252072 0.828513
vt 0.799995 0.843237
vt 0.799995 0.839814
vt 0.253094 0.827491
vt 0.801046 0.843237
vt 0.616942 0.839435
vt 0.801046 0.839814
vt 0.616942 0.842858
vt 0.253094 0.826046
vt 0.615457 0.839435
vt 0.615457 0.842858
vt 0.252072 0.825023
vt 0.614406 0.839435
vt 0.628898 0.839435
vt 0.614406 0.842858
vt 0.628898 0.842858
vt 0.250626 0.825023
vt 0.250259 0.827220
vt 0.250259 0.826317
vt 0.250898 0.827858
vt 0.251800 0.827858
vt 0.252439 0.827220
vt 0.252439 0.826317
vt 0.251800 0.825679
vt 0.250898 0.825679
vt 0.626887 0.839435
vt 0.626887 0.842858
vt 0.249604 0.826768
vt 0.627473 0.841146
vt 0.626362 0.841146
vt 0.253094 0.840605
vt 0.252351 0.838894
vt 0.252351 0.842316
vt 0.250115 0.828002
vt 0.251669 0.840605
vt 0.251083 0.838894
vt 0.251083 0.842316
vt 0.251349 0.828513
vt 0.250558 0.840605
vt 0.798509 0.841526
vt 0.799252 0.843237
vt 0.799252 0.839814
vt 0.252583 0.828002
vt 0.799935 0.841526
vt 0.800520 0.843237
vt 0.800520 0.839814
vt 0.253094 0.826768
vt 0.801046 0.841526
vt 0.616942 0.841146
vt 0.616200 0.839435
vt 0.616200 0.842858
vt 0.252583 0.825535
vt 0.615517 0.841146
vt 0.614932 0.839435
vt 0.614932 0.842858
vt 0.251349 0.825023
vt 0.614406 0.841146
vt 0.628898 0.841146
vt 0.628156 0.839435
vt 0.250115 0.825535
vt 0.628156 0.842858
vt 0.250171 0.826768
vt 0.250516 0.827601
vt 0.251349 0.827946
vt 0.252182 0.827601
vt 0.252527 0.826768
vt 0.252182 0.825935
vt 0.251349 0.825590
vt 0.250516 0.825935
vt 0.250791 0.825422
vt 0.250003 0.826211
vt 0.250003 0.827326
vt 0.250791 0.828115
vt 0.251907 0.828115
vt 0.252695 0.826211
vt 0.251907 0.825422
vt 0.252695 0.827326
vt 0.626894 0.841146
vt 0.252357 0.840605
vt 0.251089 0.840605
vt 0.799246 0.841526
vt 0.800514 0.841526
vt 0.616206 0.841146
vt 0.250326 0.825745
vt 0.614938 0.841146
vt 0.628162 0.841146
vt 0.251349 0.826768
vt 0.249902 0.826768
vt 0.251349 0.828216
vt 0.252372 0.825745
vt 0.252372 0.827792
vt 0.251349 0.825321
vt 0.250326 0.827792
vt 0.252796 0.826768
vt 0.847364 0.563372
vt 0.847364 0.576396
vt 0.854631 0.556709
vt 0.854631 0.583059
vt 0.841814 0.563372
vt 0.841814 0.576396
vt 0.838146 0.565648
vt 0.838146 0.574120
vt 0.843992 0.569884
vt 0.854631 0.569884
vt 0.836639 0.569884
vt 0.847975 0.569884
vt 0.841635 0.567527
vt 0.843302 0.568217
vt 0.841635 0.572241
vt 0.843302 0.571551
vt 0.839278 0.569884
vt 0.839968 0.568217
vt 0.839968 0.571551
vt 0.850998 0.579728
vt 0.847895 0.566515
vt 0.850998 0.560040
vt 0.854631 0.563296
vt 0.842469 0.567872
vt 0.842469 0.571896
vt 0.839623 0.569051
vt 0.840802 0.567872
vt 0.840802 0.571896
vt 0.847895 0.573253
vt 0.854631 0.576472
vt 0.839623 0.570718
vt 0.851074 0.569884
vt 0.843647 0.569051
vt 0.844589 0.563372
vt 0.844589 0.576396
vt 0.837393 0.567766
vt 0.839980 0.564510
vt 0.839980 0.575258
vt 0.843647 0.570718
vt 0.837393 0.572002
vt 0.845659 0.569884
vt 0.844892 0.566312
vt 0.841855 0.565704
vt 0.841855 0.574065
vt 0.844892 0.573457
vt 0.839275 0.567137
vt 0.838264 0.569884
vt 0.839275 0.572631
vt 0.851060 0.574818
vt 0.851060 0.564950
vt 0.845513 0.567879
vt 0.843497 0.565700
vt 0.843497 0.574069
vt 0.838560 0.568429
vt 0.840426 0.566237
vt 0.840426 0.573531
vt 0.845513 0.571889
vt 0.838560 0.571339
vt 0.847364 0.563372
vt 0.847364 0.576396
vt 0.854631 0.556709
vt 0.854631 0.583059
vt 0.841814 0.563372
vt 0.841814 0.576396
vt 0.838146 0.565648
vt 0.838146 0.574120
vt 0.843992 0.569884
vt 0.854631 0.569884
vt 0.836639 0.569884
vt 0.847975 0.569884
vt 0.841635 0.567527
vt 0.843302 0.568217
vt 0.841635 0.572241
vt 0.843302 0.571551
vt 0.839278 0.569884
vt 0.839968 0.568217
vt 0.839968 0.571551
vt 0.850998 0.579728
vt 0.847895 0.566515
vt 0.850998 0.560040
vt 0.854631 0.563296
vt 0.842469 0.567872
vt 0.842469 0.571896
vt 0.839623 0.569051
vt 0.840802 0.567872
vt 0.840802 0.571896
vt 0.847895 0.573253
vt 0.854631 0.576472
vt 0.839623 0.570718
vt 0.851074 0.569884
vt 0.843647 0.569051
vt 0.844589 0.563372
vt 0.844589 0.576396
vt 0.837393 0.567766
vt 0.839980 0.564510
vt 0.839980 0.575258
vt 0.843647 0.570718
vt 0.837393 0.572002
vt 0.845659 0.569884
vt 0.844892 0.566312
vt 0.841855 0.565704
vt 0.841855 0.574065
vt 0.844892 0.573457
vt 0.839275 0.567137
vt 0.838264 0.569884
vt 0.839275 0.572631
vt 0.851060 0.574818
vt 0.851060 0.564950
vt 0.845513 0.567879
vt 0.843497 0.565700
vt 0.843497 0.574069
vt 0.838560 0.568429
vt 0.840426 0.566237
vt 0.840426 0.573531
vt 0.845513 0.571889
vt 0.838560 0.571339
vt 0.793582 0.839814
vt 0.793582 0.843237
vt 0.781596 0.629642
vt 0.792531 0.839814
vt 0.807024 0.839814
vt 0.792531 0.843237
vt 0.807024 0.843237
vt 0.780574 0.628620
vt 0.805538 0.839814
vt 0.805538 0.843237
vt 0.779128 0.628620
vt 0.804487 0.839814
vt 0.635824 0.842858
vt 0.804487 0.843237
vt 0.635824 0.839435
vt 0.778106 0.629642
vt 0.637310 0.842858
vt 0.637310 0.839435
vt 0.778106 0.631087
vt 0.638361 0.842858
vt 0.622920 0.839435
vt 0.638361 0.839435
vt 0.622920 0.842858
vt 0.779128 0.632110
vt 0.621435 0.839435
vt 0.621435 0.842857
vt 0.780574 0.632110
vt 0.620384 0.839435
vt 0.795068 0.839814
vt 0.620384 0.842858
vt 0.795068 0.843237
vt 0.781596 0.631087
vt 0.780302 0.629275
vt 0.780941 0.629913
vt 0.779400 0.629275
vt 0.778761 0.629913
vt 0.778761 0.630816
vt 0.779400 0.631454
vt 0.780302 0.631454
vt 0.780941 0.630816
vt 0.793057 0.839814
vt 0.793057 0.843237
vt 0.781085 0.629131
vt 0.793642 0.841526
vt 0.792531 0.841526
vt 0.807024 0.841526
vt 0.806281 0.839814
vt 0.806281 0.843237
vt 0.779851 0.628620
vt 0.805598 0.841526
vt 0.805013 0.839814
vt 0.805013 0.843237
vt 0.778617 0.629131
vt 0.804487 0.841526
vt 0.635824 0.841146
vt 0.636567 0.842858
vt 0.636567 0.839435
vt 0.778106 0.630365
vt 0.637250 0.841146
vt 0.637835 0.842858
vt 0.637835 0.839435
vt 0.778617 0.631598
vt 0.638361 0.841146
vt 0.622920 0.841146
vt 0.622178 0.839435
vt 0.622178 0.842857
vt 0.779851 0.632110
vt 0.621495 0.841146
vt 0.620910 0.839435
vt 0.620910 0.842857
vt 0.781085 0.631598
vt 0.620384 0.841146
vt 0.795068 0.841526
vt 0.794325 0.839814
vt 0.781596 0.630365
vt 0.794325 0.843237
vt 0.780684 0.629532
vt 0.779851 0.629187
vt 0.779018 0.629532
vt 0.778673 0.630365
vt 0.779018 0.631198
vt 0.779851 0.631543
vt 0.780684 0.631198
vt 0.781029 0.630365
vt 0.781197 0.630922
vt 0.781197 0.629807
vt 0.780409 0.629018
vt 0.779293 0.629018
vt 0.778505 0.629807
vt 0.779293 0.631711
vt 0.780409 0.631711
vt 0.778505 0.630922
vt 0.793063 0.841526
vt 0.806287 0.841526
vt 0.805019 0.841526
vt 0.636561 0.841146
vt 0.637829 0.841146
vt 0.622184 0.841146
vt 0.781298 0.630365
vt 0.620916 0.841146
vt 0.794331 0.841526
vt 0.779851 0.630365
vt 0.780874 0.629341
vt 0.778828 0.629341
vt 0.779851 0.631812
vt 0.778404 0.630365
vt 0.780874 0.631388
vt 0.779851 0.628917
vt 0.778828 0.631388
vt 0.257042 0.001721
vt 0.783255 0.553266
vt 0.823757 0.837874
vt 0.783255 0.004188
vt 0.257042 0.551529
vt 0.638361 0.835993
vt 0.796993 0.550799
vt 0.616826 0.001721
vt 0.823757 0.823960
vt 0.796993 0.001721
vt 0.638361 0.822079
vt 0.616826 0.551528
vt 0.847711 0.837874
vt 0.748718 0.001721
vt 0.280965 0.001721
vt 0.748718 0.550799
vt 0.614406 0.835993
vt 0.280964 0.551529
vt 0.847711 0.823960
vt 0.762455 0.004188
vt 0.560937 0.001721
vt 0.560937 0.551528
vt 0.762455 0.553267
vt 0.614406 0.822079
vt 0.250209 0.023409
vt 0.783166 0.530937
vt 0.796903 0.528470
vt 0.623659 0.023409
vt 0.762366 0.026517
vt 0.554104 0.023409
vt 0.748628 0.024050
vt 0.287798 0.023409
vt 0.568911 0.001721
vt 0.839727 0.823960
vt 0.323512 0.434376
vt 0.608852 0.001721
vt 0.831742 0.823960
vt 0.355754 0.982968
vt 0.630376 0.822079
vt 0.608852 0.551528
vt 0.355754 0.434391
vt 0.568911 0.551528
vt 0.622391 0.822079
vt 0.323512 0.982953
vt 0.265016 0.001721
vt 0.831742 0.837874
vt 0.272990 0.001721
vt 0.839727 0.837874
vt 0.622391 0.835993
vt 0.272990 0.551529
vt 0.630376 0.835993
vt 0.265016 0.551529
vt 0.275268 0.023410
vt 0.262739 0.023410
vt 0.611130 0.023409
vt 0.355724 0.961105
vt 0.566634 0.023409
vt 0.323482 0.456239
vt 0.902433 0.001721
vt 0.839727 0.812683
vt 0.334902 0.434391
vt 0.910407 0.001721
vt 0.831742 0.812683
vt 0.367145 0.982954
vt 0.630376 0.810802
vt 0.367145 0.434376
vt 0.910407 0.551529
vt 0.622391 0.810802
vt 0.902433 0.551529
vt 0.334902 0.982968
vt 0.912685 0.023409
vt 0.367115 0.961091
vt 0.900155 0.023409
vt 0.334872 0.456254
vt 0.174981 0.001721
vt 0.835061 0.553266
vt 0.692958 0.847537
vt 0.835061 0.004188
vt 0.174981 0.551529
vt 0.816486 0.836372
vt 0.848799 0.550799
vt 0.635075 0.001721
vt 0.692958 0.833623
vt 0.848799 0.001721
vt 0.816486 0.822458
vt 0.635075 0.551528
vt 0.716912 0.847537
vt 0.714180 0.001721
vt 0.198903 0.001721
vt 0.714180 0.550800
vt 0.792531 0.836372
vt 0.198903 0.551529
vt 0.716912 0.833623
vt 0.727918 0.004188
vt 0.542688 0.001721
vt 0.542688 0.551528
vt 0.727918 0.553267
vt 0.792531 0.822458
vt 0.168148 0.023409
vt 0.834972 0.530937
vt 0.848710 0.528470
vt 0.641908 0.023409
vt 0.727828 0.026517
vt 0.535855 0.023409
vt 0.714091 0.024050
vt 0.205736 0.023409
vt 0.550662 0.001721
vt 0.708928 0.833623
vt 0.931019 0.001721
vt 0.627101 0.001721
vt 0.700943 0.833623
vt 0.960743 0.550314
vt 0.808501 0.822458
vt 0.627101 0.551528
vt 0.960743 0.001735
vt 0.550662 0.551528
vt 0.800516 0.822458
vt 0.931019 0.550297
vt 0.182955 0.001721
vt 0.700943 0.847537
vt 0.190929 0.001721
vt 0.708927 0.847537
vt 0.800516 0.836372
vt 0.190929 0.551529
vt 0.808501 0.836372
vt 0.182955 0.551529
vt 0.193207 0.023410
vt 0.180677 0.023410
vt 0.629379 0.023409
vt 0.960713 0.528451
vt 0.548384 0.023409
vt 0.930989 0.023584
vt 0.894436 0.551528
vt 0.708928 0.822346
vt 0.942409 0.001735
vt 0.886462 0.551528
vt 0.700943 0.822346
vt 0.972133 0.550300
vt 0.808501 0.811181
vt 0.972133 0.001721
vt 0.886462 0.001721
vt 0.800516 0.811181
vt 0.894436 0.001721
vt 0.942409 0.550312
vt 0.884184 0.529839
vt 0.972103 0.528437
vt 0.896713 0.529839
vt 0.942379 0.023598
vt 0.216012 0.001721
vt 0.817793 0.553266
vt 0.535855 0.849053
vt 0.817793 0.004188
vt 0.216011 0.551528
vt 0.161835 0.845426
vt 0.831530 0.550799
vt 0.671573 0.001721
vt 0.535855 0.835139
vt 0.831530 0.001721
vt 0.161835 0.831512
vt 0.671573 0.551526
vt 0.559809 0.849053
vt 0.800524 0.001721
vt 0.239934 0.001721
vt 0.800524 0.550799
vt 0.137881 0.845426
vt 0.239934 0.551528
vt 0.559809 0.835139
vt 0.814262 0.004188
vt 0.580327 0.551528
vt 0.580327 0.001721
vt 0.814262 0.553267
vt 0.137881 0.831512
vt 0.209178 0.023409
vt 0.817703 0.530937
vt 0.831441 0.528470
vt 0.678407 0.023409
vt 0.814172 0.026517
vt 0.587161 0.529839
vt 0.800435 0.024050
vt 0.246767 0.023409
vt 0.572353 0.551528
vt 0.551824 0.835139
vt 0.945881 0.001721
vt 0.663599 0.001721
vt 0.543839 0.835139
vt 0.373135 0.982967
vt 0.153850 0.831512
vt 0.663599 0.551526
vt 0.373135 0.434391
vt 0.572353 0.001721
vt 0.145866 0.831512
vt 0.945881 0.550297
vt 0.223986 0.001721
vt 0.543839 0.849053
vt 0.231960 0.001721
vt 0.551824 0.849053
vt 0.145866 0.845426
vt 0.231960 0.551528
vt 0.153850 0.845426
vt 0.223985 0.551528
vt 0.234238 0.023409
vt 0.221708 0.023409
vt 0.665877 0.023409
vt 0.373105 0.961104
vt 0.574631 0.529839
vt 0.945851 0.023584
vt 0.862493 0.551530
vt 0.551824 0.823862
vt 0.957271 0.001735
vt 0.854518 0.551530
vt 0.543839 0.823862
vt 0.384525 0.982952
vt 0.153850 0.820235
vt 0.384525 0.434376
vt 0.854519 0.001721
vt 0.145866 0.820235
vt 0.862493 0.001721
vt 0.957271 0.550312
vt 0.852241 0.529841
vt 0.384495 0.961089
vt 0.864770 0.529841
vt 0.957241 0.023598
vt 0.133950 0.001721
vt 0.765987 0.553266
vt 0.209178 0.850438
vt 0.765987 0.004188
vt 0.133950 0.551528
vt 0.280490 0.850214
vt 0.779724 0.550799
vt 0.653324 0.001721
vt 0.209178 0.836523
vt 0.779724 0.001721
vt 0.280490 0.836300
vt 0.653324 0.551527
vt 0.233132 0.850438
vt 0.731449 0.001721
vt 0.157872 0.001721
vt 0.731449 0.550800
vt 0.256536 0.850214
vt 0.157872 0.551528
vt 0.233132 0.836523
vt 0.745187 0.004188
vt 0.598577 0.551528
vt 0.598577 0.001721
vt 0.745187 0.553267
vt 0.256536 0.836300
vt 0.127117 0.023409
vt 0.765897 0.530937
vt 0.779635 0.528470
vt 0.660158 0.023409
vt 0.745097 0.026517
vt 0.605410 0.529839
vt 0.731360 0.024050
vt 0.164706 0.023409
vt 0.590603 0.551528
vt 0.225148 0.836523
vt 0.916157 0.001721
vt 0.645350 0.001721
vt 0.217163 0.836523
vt 0.338374 0.982968
vt 0.272505 0.836300
vt 0.645350 0.551527
vt 0.338374 0.434391
vt 0.590603 0.001721
vt 0.264520 0.836300
vt 0.916157 0.550298
vt 0.141924 0.001721
vt 0.217163 0.850438
vt 0.149898 0.001721
vt 0.225148 0.850438
vt 0.264520 0.850214
vt 0.149898 0.551528
vt 0.272505 0.850214
vt 0.141924 0.551528
vt 0.152176 0.023409
vt 0.139646 0.023409
vt 0.647628 0.023409
vt 0.338344 0.961105
vt 0.592880 0.529839
vt 0.916127 0.023584
vt 0.870490 0.001721
vt 0.225148 0.825247
vt 0.927547 0.001735
vt 0.878464 0.001721
vt 0.217163 0.825247
vt 0.349764 0.982953
vt 0.272505 0.825023
vt 0.349764 0.434376
vt 0.878464 0.551530
vt 0.264520 0.825023
vt 0.870490 0.551530
vt 0.927547 0.550313
vt 0.880742 0.023409
vt 0.349734 0.961090
vt 0.868212 0.023409
vt 0.927517 0.023598
vt 0.555965 0.635522
vt 0.581443 0.722957
vt 0.791436 0.591315
vt 0.581443 0.765166
vt 0.535855 0.600534
vt 0.590854 0.635522
vt 0.177065 0.754263
vt 0.791436 0.556709
vt 0.177065 0.715383
vt 0.610964 0.600534
vt 0.669405 0.719516
vt 0.610964 0.722957
vt 0.819831 0.591315
vt 0.610964 0.765166
vt 0.689516 0.684528
vt 0.205736 0.754263
vt 0.634517 0.719516
vt 0.819831 0.556709
vt 0.205736 0.715383
vt 0.614406 0.684528
vt 0.581443 0.804929
vt 0.787994 0.625178
vt 0.535855 0.554970
vt 0.787994 0.556709
vt 0.177065 0.669860
vt 0.610964 0.554970
vt 0.757097 0.556709
vt 0.205736 0.669860
vt 0.614406 0.638964
vt 0.610964 0.804929
vt 0.757097 0.625178
vt 0.689516 0.638964
vt 0.753656 0.556709
vt 0.652433 0.808371
vt 0.245844 0.852516
vt 0.753656 0.621929
vt 0.167719 0.669860
vt 0.245844 0.787824
vt 0.714091 0.556709
vt 0.574016 0.791619
vt 0.652433 0.844472
vt 0.714091 0.621929
vt 0.167719 0.709056
vt 0.574016 0.851073
vt 0.653971 0.620191
vt 0.646519 0.808371
vt 0.240404 0.852516
vt 0.653971 0.554970
vt 0.173165 0.669860
vt 0.240404 0.787824
vt 0.614406 0.620190
vt 0.568097 0.791619
vt 0.646519 0.844472
vt 0.614406 0.554970
vt 0.173165 0.709056
vt 0.568097 0.851073
vt 0.253094 0.831955
vt 0.616330 0.849684
vt 0.253094 0.835452
vt 0.616330 0.846299
vt 0.293882 0.735679
vt 0.251955 0.831955
vt 0.251955 0.835452
vt 0.293106 0.734525
vt 0.250612 0.831955
vt 0.609041 0.850297
vt 0.250612 0.835452
vt 0.609041 0.846912
vt 0.291742 0.734258
vt 0.610342 0.850297
vt 0.610342 0.846912
vt 0.290588 0.735034
vt 0.849224 0.630241
vt 0.849224 0.633626
vt 0.290321 0.736398
vt 0.847928 0.630241
vt 0.829122 0.844701
vt 0.847928 0.633626
vt 0.829122 0.841316
vt 0.291096 0.737552
vt 0.830422 0.844701
vt 0.830422 0.841316
vt 0.292461 0.737819
vt 0.615030 0.849684
vt 0.615030 0.846299
vt 0.293614 0.737043
vt 0.292796 0.734991
vt 0.293333 0.735790
vt 0.291852 0.734806
vt 0.291054 0.735343
vt 0.290869 0.736287
vt 0.291406 0.737086
vt 0.292350 0.737270
vt 0.293148 0.736734
vt 0.252599 0.831955
vt 0.252599 0.835452
vt 0.293607 0.735026
vt 0.253094 0.833703
vt 0.616330 0.847992
vt 0.251955 0.833703
vt 0.251257 0.831955
vt 0.251257 0.835452
vt 0.292450 0.734258
vt 0.250612 0.833703
vt 0.609041 0.848605
vt 0.609666 0.850297
vt 0.609666 0.846912
vt 0.291089 0.734533
vt 0.610342 0.848605
vt 0.610964 0.850297
vt 0.849852 0.630241
vt 0.610964 0.846912
vt 0.849852 0.633626
vt 0.290321 0.735690
vt 0.849224 0.631933
vt 0.848549 0.630241
vt 0.848549 0.633626
vt 0.290595 0.737051
vt 0.847928 0.631933
vt 0.829122 0.843008
vt 0.829746 0.844701
vt 0.829746 0.841316
vt 0.291752 0.737819
vt 0.830421 0.843008
vt 0.831046 0.844701
vt 0.614406 0.849684
vt 0.831046 0.841316
vt 0.614406 0.846299
vt 0.293113 0.737544
vt 0.615030 0.847992
vt 0.615705 0.849684
vt 0.293882 0.736387
vt 0.615705 0.846299
vt 0.293143 0.735338
vt 0.292342 0.734806
vt 0.291400 0.734996
vt 0.290869 0.735797
vt 0.291059 0.736739
vt 0.291860 0.737271
vt 0.292802 0.737080
vt 0.293333 0.736280
vt 0.293381 0.736888
vt 0.293607 0.735734
vt 0.292951 0.734758
vt 0.291797 0.734532
vt 0.290821 0.735188
vt 0.291251 0.737319
vt 0.292405 0.737545
vt 0.290595 0.736343
vt 0.252599 0.833703
vt 0.251257 0.833703
vt 0.609666 0.848605
vt 0.610965 0.848605
vt 0.849852 0.631933
vt 0.848549 0.631933
vt 0.829746 0.843008
vt 0.293607 0.736333
vt 0.831046 0.843008
vt 0.614406 0.847992
vt 0.615705 0.847992
vt 0.292101 0.736038
vt 0.293375 0.735182
vt 0.291245 0.734765
vt 0.291806 0.737545
vt 0.290595 0.735743
vt 0.292958 0.737312
vt 0.292396 0.734532
vt 0.290827 0.736895
vt 0.804487 0.846679
vt 0.787520 0.628620
vt 0.804487 0.850063
vt 0.787520 0.632116
vt 0.764368 0.629395
vt 0.805787 0.846679
vt 0.805787 0.850063
vt 0.765521 0.628620
vt 0.817981 0.849415
vt 0.817981 0.846030
vt 0.766886 0.628887
vt 0.816681 0.849415
vt 0.810465 0.846030
vt 0.816681 0.846030
vt 0.810465 0.849415
vt 0.767661 0.630041
vt 0.811761 0.846030
vt 0.811761 0.849415
vt 0.767394 0.631405
vt 0.391364 0.848734
vt 0.391364 0.845349
vt 0.766240 0.632181
vt 0.390063 0.848734
vt 0.785038 0.628620
vt 0.390063 0.845350
vt 0.785038 0.632116
vt 0.764876 0.631914
vt 0.786381 0.628620
vt 0.786381 0.632116
vt 0.764100 0.630760
vt 0.765632 0.629168
vt 0.764834 0.629705
vt 0.766576 0.629353
vt 0.767113 0.630151
vt 0.766928 0.631096
vt 0.766130 0.631632
vt 0.765185 0.631448
vt 0.764649 0.630649
vt 0.805112 0.846679
vt 0.805112 0.850063
vt 0.764868 0.628895
vt 0.804487 0.848371
vt 0.787520 0.630368
vt 0.805787 0.848371
vt 0.806411 0.846679
vt 0.818605 0.849415
vt 0.806411 0.850063
vt 0.818605 0.846030
vt 0.766230 0.628620
vt 0.817981 0.847723
vt 0.817305 0.849415
vt 0.817305 0.846030
vt 0.767386 0.629388
vt 0.816681 0.847723
vt 0.810465 0.847723
vt 0.811086 0.846030
vt 0.811086 0.849415
vt 0.767661 0.630749
vt 0.811761 0.847723
vt 0.812389 0.846030
vt 0.391987 0.848734
vt 0.812389 0.849415
vt 0.391987 0.845350
vt 0.766893 0.631906
vt 0.391364 0.847042
vt 0.390688 0.848734
vt 0.390688 0.845349
vt 0.765532 0.632181
vt 0.390063 0.847042
vt 0.785038 0.630368
vt 0.785683 0.628620
vt 0.785683 0.632116
vt 0.764375 0.631413
vt 0.786381 0.630368
vt 0.787025 0.628620
vt 0.764100 0.630051
vt 0.787025 0.632116
vt 0.765180 0.629358
vt 0.766122 0.629168
vt 0.766923 0.629700
vt 0.767113 0.630642
vt 0.766581 0.631442
vt 0.765639 0.631632
vt 0.764839 0.631101
vt 0.764649 0.630159
vt 0.764374 0.630704
vt 0.764601 0.629550
vt 0.765577 0.628894
vt 0.766731 0.629120
vt 0.767387 0.630096
vt 0.766185 0.631907
vt 0.765031 0.631681
vt 0.767161 0.631250
vt 0.805112 0.848371
vt 0.806411 0.848371
vt 0.818605 0.847723
vt 0.817305 0.847723
vt 0.811086 0.847723
vt 0.812389 0.847723
vt 0.391986 0.847042
vt 0.390688 0.847042
vt 0.764374 0.630105
vt 0.785683 0.630368
vt 0.787025 0.630368
vt 0.765881 0.630400
vt 0.765024 0.629126
vt 0.767155 0.629544
vt 0.765586 0.631907
vt 0.767387 0.630695
vt 0.764607 0.631257
vt 0.766176 0.628894
vt 0.766737 0.631674
vt 0.396056 0.848734
vt 0.396056 0.845350
vt 0.771370 0.629395
vt 0.597910 0.844081
vt 0.597910 0.840697
vt 0.772524 0.628620
vt 0.596609 0.844081
vt 0.296351 0.778773
vt 0.596609 0.840697
vt 0.296351 0.782270
vt 0.773888 0.628887
vt 0.297694 0.778773
vt 0.297694 0.782270
vt 0.774664 0.630041
vt 0.298834 0.778773
vt 0.400794 0.845350
vt 0.298834 0.782270
vt 0.400794 0.848734
vt 0.774397 0.631405
vt 0.402094 0.845349
vt 0.402094 0.848734
vt 0.773243 0.632181
vt 0.589801 0.850297
vt 0.589801 0.846912
vt 0.771879 0.631913
vt 0.588502 0.850297
vt 0.397352 0.848734
vt 0.588502 0.846912
vt 0.397352 0.845350
vt 0.771103 0.630760
vt 0.772635 0.629168
vt 0.771836 0.629705
vt 0.773579 0.629353
vt 0.774116 0.630151
vt 0.773931 0.631096
vt 0.773132 0.631632
vt 0.772188 0.631447
vt 0.771651 0.630649
vt 0.395428 0.848734
vt 0.598533 0.844081
vt 0.395428 0.845350
vt 0.598533 0.840697
vt 0.771871 0.628895
vt 0.396056 0.847042
vt 0.597910 0.842389
vt 0.597235 0.844081
vt 0.597235 0.840697
vt 0.773232 0.628620
vt 0.596609 0.842389
vt 0.296351 0.780521
vt 0.296997 0.778773
vt 0.296997 0.782270
vt 0.774389 0.629388
vt 0.297694 0.780521
vt 0.298339 0.778773
vt 0.298339 0.782270
vt 0.774664 0.630749
vt 0.298834 0.780521
vt 0.400794 0.847042
vt 0.401418 0.845350
vt 0.401418 0.848734
vt 0.773896 0.631906
vt 0.402094 0.847042
vt 0.402717 0.845349
vt 0.590426 0.850297
vt 0.402717 0.848734
vt 0.590426 0.846912
vt 0.772535 0.632181
vt 0.589801 0.848605
vt 0.589126 0.850297
vt 0.589126 0.846912
vt 0.771378 0.631413
vt 0.588502 0.848605
vt 0.397352 0.847042
vt 0.396731 0.848734
vt 0.771103 0.630051
vt 0.396731 0.845350
vt 0.772183 0.629358
vt 0.773125 0.629168
vt 0.773926 0.629700
vt 0.774116 0.630642
vt 0.773584 0.631442
vt 0.772642 0.631632
vt 0.771842 0.631101
vt 0.771651 0.630159
vt 0.771377 0.630704
vt 0.771603 0.629550
vt 0.772579 0.628894
vt 0.773734 0.629120
vt 0.774390 0.630096
vt 0.773188 0.631907
vt 0.772034 0.631680
vt 0.774164 0.631250
vt 0.395428 0.847042
vt 0.598533 0.842389
vt 0.597234 0.842389
vt 0.296997 0.780521
vt 0.298339 0.780521
vt 0.401418 0.847042
vt 0.402717 0.847042
vt 0.590426 0.848605
vt 0.771377 0.630105
vt 0.589126 0.848605
vt 0.396731 0.847042
vt 0.772884 0.630400
vt 0.772027 0.629126
vt 0.774157 0.629544
vt 0.772588 0.631907
vt 0.774390 0.630695
vt 0.771610 0.631257
vt 0.773179 0.628894
vt 0.773740 0.631674
vt 0.843859 0.630241
vt 0.843859 0.633626
vt 0.740266 0.629404
vt 0.842563 0.630241
vt 0.845218 0.844701
vt 0.842563 0.633626
vt 0.845218 0.841316
vt 0.739999 0.628040
vt 0.846518 0.844701
vt 0.846518 0.841316
vt 0.738846 0.627264
vt 0.578395 0.850297
vt 0.578395 0.846912
vt 0.737481 0.627531
vt 0.579695 0.850297
vt 0.839121 0.630241
vt 0.579695 0.846912
vt 0.839121 0.633737
vt 0.736705 0.628685
vt 0.837982 0.630241
vt 0.837982 0.633737
vt 0.736973 0.630049
vt 0.836639 0.630241
vt 0.632383 0.846299
vt 0.836639 0.633737
vt 0.632383 0.849684
vt 0.738126 0.630825
vt 0.631082 0.846299
vt 0.631082 0.849684
vt 0.739491 0.630558
vt 0.739533 0.628349
vt 0.739718 0.629293
vt 0.738735 0.627812
vt 0.737791 0.627997
vt 0.737254 0.628796
vt 0.737439 0.629740
vt 0.738237 0.630277
vt 0.739181 0.630092
vt 0.843184 0.630241
vt 0.843184 0.633626
vt 0.740266 0.628696
vt 0.843859 0.631933
vt 0.842563 0.631933
vt 0.845218 0.843008
vt 0.845842 0.844701
vt 0.845842 0.841316
vt 0.739498 0.627539
vt 0.846518 0.843009
vt 0.847142 0.844701
vt 0.577771 0.850297
vt 0.847142 0.841316
vt 0.577771 0.846912
vt 0.738137 0.627264
vt 0.578395 0.848605
vt 0.579070 0.850297
vt 0.579070 0.846912
vt 0.736980 0.628032
vt 0.579695 0.848605
vt 0.839121 0.631989
vt 0.838626 0.630241
vt 0.838626 0.633737
vt 0.736705 0.629393
vt 0.837982 0.631989
vt 0.837284 0.630241
vt 0.837284 0.633737
vt 0.737473 0.630550
vt 0.836639 0.631989
vt 0.632383 0.847992
vt 0.631757 0.846299
vt 0.631757 0.849684
vt 0.738835 0.630825
vt 0.631082 0.847992
vt 0.630459 0.846299
vt 0.844487 0.630241
vt 0.739992 0.630057
vt 0.630459 0.849684
vt 0.844487 0.633626
vt 0.739718 0.628803
vt 0.739187 0.628003
vt 0.738245 0.627812
vt 0.737444 0.628344
vt 0.737254 0.629286
vt 0.737785 0.630086
vt 0.738727 0.630277
vt 0.739528 0.629745
vt 0.739336 0.630325
vt 0.739992 0.629349
vt 0.739766 0.628195
vt 0.738790 0.627538
vt 0.737636 0.627764
vt 0.737206 0.629894
vt 0.738182 0.630551
vt 0.736980 0.628740
vt 0.843184 0.631933
vt 0.845842 0.843009
vt 0.847142 0.843008
vt 0.577771 0.848605
vt 0.579070 0.848605
vt 0.838626 0.631989
vt 0.837284 0.631989
vt 0.739760 0.629901
vt 0.631757 0.847992
vt 0.630459 0.847992
vt 0.844487 0.631933
vt 0.738486 0.629044
vt 0.739992 0.628750
vt 0.738191 0.627538
vt 0.737629 0.630318
vt 0.737212 0.628188
vt 0.738781 0.630551
vt 0.739342 0.627771
vt 0.736980 0.629340
vt 0.555965 0.719516
vt 0.676041 0.804929
vt 0.791436 0.629363
vt 0.676041 0.762720
vt 0.535855 0.684528
vt 0.590854 0.719516
vt 0.614406 0.807360
vt 0.791436 0.594757
vt 0.614406 0.768481
vt 0.610964 0.684528
vt 0.264177 0.740548
vt 0.646519 0.804929
vt 0.819831 0.629363
vt 0.646519 0.762720
vt 0.284288 0.705561
vt 0.643077 0.807360
vt 0.229289 0.740548
vt 0.819831 0.594757
vt 0.643077 0.768481
vt 0.209178 0.705561
vt 0.676041 0.722957
vt 0.418864 0.802727
vt 0.535855 0.638964
vt 0.418864 0.734258
vt 0.614406 0.722957
vt 0.610964 0.638964
vt 0.387967 0.734258
vt 0.643077 0.722957
vt 0.209178 0.659997
vt 0.646519 0.722957
vt 0.387967 0.802727
vt 0.284288 0.659997
vt 0.575419 0.722957
vt 0.851441 0.586501
vt 0.132557 0.852684
vt 0.575419 0.788178
vt 0.836639 0.586501
vt 0.132557 0.787992
vt 0.535855 0.722957
vt 0.856151 0.833212
vt 0.851441 0.622602
vt 0.535855 0.788178
vt 0.836639 0.625697
vt 0.856151 0.773759
vt 0.166681 0.784550
vt 0.845528 0.586501
vt 0.127117 0.852684
vt 0.166681 0.719330
vt 0.842086 0.586501
vt 0.127117 0.787992
vt 0.127117 0.784550
vt 0.862070 0.833212
vt 0.845528 0.622602
vt 0.127117 0.719330
vt 0.842086 0.625697
vt 0.862070 0.773759
vt 0.753193 0.627264
vt 0.441407 0.849545
vt 0.753193 0.630761
vt 0.441407 0.846161
vt 0.658645 0.634705
vt 0.752054 0.627264
vt 0.752054 0.630761
vt 0.659799 0.633930
vt 0.750711 0.627264
vt 0.450215 0.849545
vt 0.750711 0.630761
vt 0.450215 0.846161
vt 0.660066 0.632565
vt 0.451515 0.849545
vt 0.451515 0.846161
vt 0.659290 0.631412
vt 0.251854 0.845758
vt 0.251854 0.849143
vt 0.657926 0.631144
vt 0.250558 0.845758
vt 0.834487 0.844701
vt 0.250558 0.849143
vt 0.834487 0.841316
vt 0.656772 0.631920
vt 0.835787 0.844701
vt 0.835787 0.841316
vt 0.656505 0.633284
vt 0.440107 0.849545
vt 0.440107 0.846161
vt 0.657281 0.634438
vt 0.659333 0.633620
vt 0.658534 0.634157
vt 0.659518 0.632676
vt 0.658981 0.631878
vt 0.658037 0.631693
vt 0.657238 0.632229
vt 0.657053 0.633174
vt 0.657590 0.633972
vt 0.752698 0.627264
vt 0.752698 0.630761
vt 0.659298 0.634430
vt 0.753193 0.629012
vt 0.441407 0.847853
vt 0.752054 0.629012
vt 0.751356 0.627264
vt 0.751356 0.630761
vt 0.660066 0.633274
vt 0.750711 0.629012
vt 0.450215 0.847853
vt 0.450840 0.849545
vt 0.450840 0.846161
vt 0.659791 0.631912
vt 0.451515 0.847853
vt 0.452138 0.849545
vt 0.252481 0.845758
vt 0.452138 0.846161
vt 0.252481 0.849143
vt 0.658634 0.631144
vt 0.251854 0.847451
vt 0.251178 0.845758
vt 0.251178 0.849143
vt 0.657273 0.631419
vt 0.250558 0.847451
vt 0.834487 0.843008
vt 0.835111 0.844701
vt 0.835111 0.841316
vt 0.656505 0.632576
vt 0.835787 0.843008
vt 0.836411 0.844701
vt 0.439484 0.849545
vt 0.836411 0.841316
vt 0.439484 0.846161
vt 0.656780 0.633937
vt 0.440107 0.847853
vt 0.440783 0.849545
vt 0.657937 0.634705
vt 0.440783 0.846161
vt 0.658986 0.633967
vt 0.659518 0.633166
vt 0.659328 0.632224
vt 0.658527 0.631693
vt 0.657585 0.631883
vt 0.657053 0.632683
vt 0.657243 0.633625
vt 0.658044 0.634157
vt 0.657435 0.634205
vt 0.658590 0.634431
vt 0.659566 0.633775
vt 0.659792 0.632621
vt 0.659136 0.631645
vt 0.657005 0.632075
vt 0.656779 0.633229
vt 0.657981 0.631418
vt 0.752698 0.629012
vt 0.751356 0.629012
vt 0.450840 0.847853
vt 0.452138 0.847853
vt 0.252481 0.847451
vt 0.251178 0.847451
vt 0.835111 0.843008
vt 0.657990 0.634431
vt 0.836411 0.843008
vt 0.439484 0.847853
vt 0.440783 0.847853
vt 0.658286 0.632925
vt 0.659142 0.634199
vt 0.659559 0.632068
vt 0.656779 0.632630
vt 0.658581 0.631418
vt 0.657012 0.633781
vt 0.659792 0.633220
vt 0.657429 0.631651
vt 0.620384 0.846299
vt 0.298834 0.771835
vt 0.620384 0.849684
vt 0.298834 0.775331
vt 0.666293 0.631411
vt 0.621684 0.846299
vt 0.621684 0.849684
vt 0.667069 0.632565
vt 0.446149 0.849545
vt 0.446149 0.846161
vt 0.666802 0.633929
vt 0.444849 0.849545
vt 0.289297 0.840908
vt 0.444849 0.846161
vt 0.289297 0.844293
vt 0.665648 0.634705
vt 0.290593 0.840908
vt 0.290593 0.844293
vt 0.664284 0.634438
vt 0.295963 0.844293
vt 0.295963 0.840908
vt 0.663508 0.633284
vt 0.294662 0.844293
vt 0.296351 0.771835
vt 0.294662 0.840908
vt 0.296351 0.775331
vt 0.663775 0.631920
vt 0.297694 0.771835
vt 0.297694 0.775331
vt 0.664929 0.631144
vt 0.666521 0.632676
vt 0.665984 0.631877
vt 0.666336 0.633620
vt 0.665537 0.634157
vt 0.664593 0.633972
vt 0.664056 0.633174
vt 0.664241 0.632229
vt 0.665039 0.631693
vt 0.621009 0.846299
vt 0.621009 0.849684
vt 0.666794 0.631912
vt 0.620384 0.847992
vt 0.298834 0.773583
vt 0.621684 0.847992
vt 0.622308 0.846299
vt 0.446773 0.849545
vt 0.622308 0.849684
vt 0.446773 0.846161
vt 0.667069 0.633273
vt 0.446149 0.847853
vt 0.445473 0.849545
vt 0.445473 0.846161
vt 0.666301 0.634430
vt 0.444849 0.847853
vt 0.289297 0.842601
vt 0.289918 0.840908
vt 0.289918 0.844293
vt 0.664940 0.634705
vt 0.290593 0.842601
vt 0.291220 0.840908
vt 0.296586 0.844293
vt 0.291220 0.844293
vt 0.296586 0.840908
vt 0.663783 0.633937
vt 0.295963 0.842601
vt 0.295288 0.844293
vt 0.295288 0.840908
vt 0.663508 0.632576
vt 0.294662 0.842601
vt 0.296351 0.773583
vt 0.296997 0.771835
vt 0.296997 0.775331
vt 0.664276 0.631419
vt 0.297694 0.773583
vt 0.298339 0.771835
vt 0.665637 0.631144
vt 0.298339 0.775331
vt 0.666330 0.632224
vt 0.666521 0.633166
vt 0.665989 0.633967
vt 0.665047 0.634157
vt 0.664246 0.633626
vt 0.664056 0.632683
vt 0.664588 0.631883
vt 0.665530 0.631693
vt 0.664984 0.631418
vt 0.666138 0.631644
vt 0.666795 0.632620
vt 0.666569 0.633775
vt 0.665593 0.634431
vt 0.663782 0.633229
vt 0.664008 0.632075
vt 0.664438 0.634205
vt 0.621009 0.847992
vt 0.622308 0.847992
vt 0.446773 0.847853
vt 0.445473 0.847853
vt 0.289918 0.842601
vt 0.291220 0.842601
vt 0.296586 0.842601
vt 0.295288 0.842601
vt 0.665583 0.631418
vt 0.296997 0.773583
vt 0.298339 0.773583
vt 0.665288 0.632925
vt 0.666562 0.632068
vt 0.666145 0.634199
vt 0.663782 0.632630
vt 0.664993 0.634431
vt 0.664432 0.631651
vt 0.666795 0.633220
vt 0.664015 0.633781
vt 0.284559 0.844293
vt 0.284559 0.840908
vt 0.760391 0.631405
vt 0.841154 0.844701
vt 0.841154 0.841316
vt 0.759238 0.632181
vt 0.839853 0.844701
vt 0.390063 0.838411
vt 0.839853 0.841316
vt 0.390063 0.841908
vt 0.757873 0.631914
vt 0.391406 0.838411
vt 0.391406 0.841908
vt 0.757098 0.630760
vt 0.392545 0.838411
vt 0.635824 0.846300
vt 0.392545 0.841908
vt 0.635824 0.849684
vt 0.757365 0.629396
vt 0.637124 0.846299
vt 0.637124 0.849684
vt 0.758518 0.628620
vt 0.584436 0.850297
vt 0.584436 0.846912
vt 0.759883 0.628887
vt 0.583137 0.850297
vt 0.285855 0.844293
vt 0.583137 0.846912
vt 0.285855 0.840908
vt 0.760659 0.630041
vt 0.759127 0.631632
vt 0.759925 0.631096
vt 0.758183 0.631447
vt 0.757646 0.630649
vt 0.757831 0.629705
vt 0.758629 0.629168
vt 0.759573 0.629353
vt 0.760110 0.630151
vt 0.283932 0.844293
vt 0.841776 0.844701
vt 0.283932 0.840908
vt 0.841776 0.841316
vt 0.759890 0.631906
vt 0.284559 0.842601
vt 0.841154 0.843008
vt 0.840478 0.844701
vt 0.840478 0.841316
vt 0.758529 0.632181
vt 0.839853 0.843008
vt 0.390063 0.840159
vt 0.390708 0.838411
vt 0.390708 0.841908
vt 0.757372 0.631413
vt 0.391406 0.840159
vt 0.392050 0.838411
vt 0.392050 0.841908
vt 0.757098 0.630052
vt 0.392545 0.840159
vt 0.635824 0.847992
vt 0.636449 0.846300
vt 0.636449 0.849684
vt 0.757866 0.628895
vt 0.637124 0.847992
vt 0.637748 0.846299
vt 0.585060 0.850297
vt 0.637748 0.849684
vt 0.585060 0.846912
vt 0.759227 0.628620
vt 0.584436 0.848605
vt 0.583761 0.850297
vt 0.583761 0.846912
vt 0.760384 0.629388
vt 0.583137 0.848605
vt 0.285855 0.842601
vt 0.285235 0.844293
vt 0.760659 0.630749
vt 0.285235 0.840908
vt 0.759579 0.631442
vt 0.758637 0.631632
vt 0.757836 0.631101
vt 0.757646 0.630159
vt 0.758177 0.629358
vt 0.759119 0.629168
vt 0.759920 0.629700
vt 0.760110 0.630642
vt 0.760384 0.630096
vt 0.760158 0.631250
vt 0.759182 0.631907
vt 0.758028 0.631680
vt 0.757372 0.630704
vt 0.758574 0.628894
vt 0.759728 0.629120
vt 0.757598 0.629550
vt 0.283932 0.842601
vt 0.841777 0.843008
vt 0.840478 0.843008
vt 0.390708 0.840159
vt 0.392050 0.840159
vt 0.636449 0.847992
vt 0.637748 0.847992
vt 0.585060 0.848605
vt 0.760384 0.630695
vt 0.583761 0.848605
vt 0.285235 0.842601
vt 0.758878 0.630400
vt 0.759735 0.631674
vt 0.757604 0.631257
vt 0.759173 0.628894
vt 0.757372 0.630105
vt 0.760152 0.629544
vt 0.758583 0.631907
vt 0.758021 0.629126
vt 0.825053 0.841316
vt 0.825053 0.844701
vt 0.747002 0.628040
vt 0.823757 0.841316
vt 0.799122 0.850064
vt 0.823757 0.844701
vt 0.799122 0.846679
vt 0.745848 0.627264
vt 0.800421 0.850064
vt 0.800421 0.846679
vt 0.744484 0.627531
vt 0.604299 0.850297
vt 0.604299 0.846912
vt 0.743708 0.628685
vt 0.605599 0.850297
vt 0.398470 0.838411
vt 0.605599 0.846912
vt 0.398470 0.841908
vt 0.743976 0.630049
vt 0.397330 0.838411
vt 0.397330 0.841908
vt 0.745129 0.630825
vt 0.395987 0.838411
vt 0.794455 0.846679
vt 0.395987 0.841908
vt 0.794455 0.850063
vt 0.746493 0.630558
vt 0.793154 0.846679
vt 0.793154 0.850063
vt 0.747269 0.629404
vt 0.745738 0.627812
vt 0.746536 0.628349
vt 0.744793 0.627997
vt 0.744257 0.628796
vt 0.744442 0.629740
vt 0.745240 0.630277
vt 0.746184 0.630092
vt 0.746721 0.629293
vt 0.824377 0.841316
vt 0.824377 0.844701
vt 0.746501 0.627539
vt 0.825053 0.843009
vt 0.823757 0.843009
vt 0.799122 0.848371
vt 0.799746 0.850064
vt 0.799746 0.846679
vt 0.745140 0.627264
vt 0.800421 0.848371
vt 0.801046 0.850064
vt 0.603676 0.850297
vt 0.801046 0.846679
vt 0.603676 0.846912
vt 0.743983 0.628032
vt 0.604299 0.848605
vt 0.604975 0.850297
vt 0.604975 0.846912
vt 0.743708 0.629393
vt 0.605599 0.848605
vt 0.398470 0.840159
vt 0.397974 0.838411
vt 0.397974 0.841908
vt 0.744476 0.630550
vt 0.397330 0.840159
vt 0.396633 0.838411
vt 0.396633 0.841908
vt 0.745838 0.630825
vt 0.395987 0.840159
vt 0.794455 0.848371
vt 0.793830 0.846679
vt 0.793830 0.850063
vt 0.746994 0.630057
vt 0.793154 0.848371
vt 0.792531 0.846679
vt 0.825680 0.841316
vt 0.747269 0.628696
vt 0.792531 0.850063
vt 0.825680 0.844701
vt 0.746189 0.628002
vt 0.745247 0.627812
vt 0.744447 0.628344
vt 0.744257 0.629286
vt 0.744788 0.630086
vt 0.745730 0.630277
vt 0.746531 0.629745
vt 0.746721 0.628803
vt 0.746995 0.629349
vt 0.746769 0.628194
vt 0.745793 0.627538
vt 0.744639 0.627764
vt 0.743982 0.628740
vt 0.745185 0.630551
vt 0.746339 0.630325
vt 0.744209 0.629894
vt 0.824377 0.843009
vt 0.799746 0.848371
vt 0.801046 0.848371
vt 0.603676 0.848605
vt 0.604975 0.848605
vt 0.397974 0.840159
vt 0.396633 0.840159
vt 0.746995 0.628749
vt 0.793830 0.848371
vt 0.792531 0.848371
vt 0.825680 0.843009
vt 0.745489 0.629044
vt 0.746345 0.627771
vt 0.744215 0.628188
vt 0.745784 0.630551
vt 0.743982 0.629340
vt 0.746763 0.629901
vt 0.745194 0.627538
vt 0.744632 0.630318
vt 0.056397 0.900257
vt 0.021539 0.001721
vt 0.048177 0.900257
vt 0.013319 0.001721
vt 0.056397 0.001721
vt 0.021539 0.900257
vt 0.048177 0.001721
vt 0.013319 0.900257
vt 0.071437 0.900257
vt 0.495535 0.900257
vt 0.095835 0.900257
vt 0.507828 0.001721
vt 0.099277 0.900258
vt 0.532413 0.900255
vt 0.520120 0.001721
vt 0.123675 0.900258
vt 0.099277 0.001721
vt 0.532413 0.001721
vt 0.520120 0.900258
vt 0.123675 0.001721
vt 0.095835 0.001721
vt 0.507828 0.900257
vt 0.071437 0.001721
vt 0.495535 0.001721
vt 0.995184 0.900257
vt 0.498977 0.001721
vt 0.998279 0.900257
vt 0.033137 0.001721
vt 0.511270 0.001721
vt 0.985206 0.001721
vt 0.982111 0.001721
vt 0.036579 0.900257
vt 0.982112 0.900256
vt 0.036579 0.001721
vt 0.991743 0.001721
vt 0.001721 0.001721
vt 0.991742 0.900253
vt 0.001721 0.900257
vt 0.511270 0.900258
vt 0.985206 0.900256
vt 0.975575 0.900258
vt 0.486684 0.001721
vt 0.978669 0.900258
vt 0.067995 0.001721
vt 0.978669 0.001721
vt 0.067995 0.900257
vt 0.998279 0.001721
vt 0.033137 0.900257
vt 0.975575 0.001721
vt 0.486684 0.900257
vt 0.988648 0.001721
vt 0.523562 0.900255
vt 0.988648 0.900253
vt 0.523562 0.001721
vt 0.995185 0.001721
vt 0.498977 0.900257
vt 0.436036 0.827161
vt 0.467690 0.001721
vt 0.418864 0.850525
vt 0.423375 0.827161
vt 0.471132 0.001721
vt 0.418864 0.838411
vt 0.436036 0.001721
vt 0.467690 0.827161
vt 0.452138 0.830604
vt 0.423375 0.001721
vt 0.471132 0.827162
vt 0.452138 0.842719
vt 0.439478 0.827162
vt 0.455580 0.001721
vt 0.407276 0.850525
vt 0.452138 0.827162
vt 0.483243 0.001721
vt 0.407276 0.838411
vt 0.452138 0.001721
vt 0.483243 0.827162
vt 0.440550 0.842719
vt 0.439478 0.001721
vt 0.455580 0.827161
vt 0.440550 0.830604
vt 0.259970 0.656555
vt 0.259970 0.554970
vt 0.285366 0.580366
vt 0.234574 0.656555
vt 0.234574 0.554970
vt 0.209178 0.580366
vt 0.259970 0.631159
vt 0.285366 0.605762
vt 0.234574 0.631159
vt 0.209178 0.605762
vt 0.259970 0.580366
vt 0.234574 0.580366
vt 0.259970 0.605762
vt 0.234574 0.605762
vt 0.286595 0.787600
vt 0.293018 0.787600
vt 0.283932 0.837466
vt 0.295681 0.837466
vt 0.286595 0.787600
vt 0.293018 0.787600
vt 0.283932 0.837466
vt 0.295681 0.837466
vt 0.291240 0.134494
vt 0.137881 0.816793
vt 0.710649 0.301603
vt 0.320040 0.134494
vt 0.166681 0.816793
vt 0.387967 0.134494
vt 0.291240 0.430935
vt 0.692958 0.790104
vt 0.710649 0.598043
vt 0.320040 0.430935
vt 0.721759 0.790104
vt 0.387967 0.430934
vt 0.323482 0.430935
vt 0.137881 0.787992
vt 0.681849 0.301603
vt 0.352283 0.430935
vt 0.166681 0.787992
vt 0.416767 0.134494
vt 0.692958 0.818905
vt 0.323482 0.134494
vt 0.681849 0.598043
vt 0.721759 0.818905
vt 0.352283 0.134494
vt 0.416767 0.430934
vt 0.681849 0.298161
vt 0.390063 0.834969
vt 0.387967 0.434376
vt 0.710649 0.298161
vt 0.390063 0.806169
vt 0.320040 0.434376
vt 0.681849 0.001721
vt 0.535855 0.820420
vt 0.387967 0.730816
vt 0.710649 0.001721
vt 0.564655 0.820420
vt 0.320040 0.730816
vt 0.355724 0.134494
vt 0.418864 0.834969
vt 0.416767 0.434376
vt 0.384525 0.134494
vt 0.418864 0.806169
vt 0.291240 0.434376
vt 0.535855 0.791619
vt 0.355724 0.430935
vt 0.416767 0.730816
vt 0.564655 0.791619
vt 0.384525 0.430935
vt 0.291240 0.730816
vt 0.841499 0.809241
vt 0.841499 0.773758
vt 0.823757 0.809241
vt 0.823757 0.773758
vt 0.841499 0.804806
vt 0.823757 0.804806
vt 0.841499 0.800371
vt 0.823757 0.800371
vt 0.841499 0.795935
vt 0.823757 0.795935
vt 0.841499 0.791500
vt 0.823757 0.791500
vt 0.841499 0.787065
vt 0.823757 0.787065
vt 0.841499 0.782629
vt 0.823757 0.782629
vt 0.841499 0.778194
vt 0.823757 0.778194
vt 0.676041 0.843854
vt 0.676041 0.808371
vt 0.658299 0.843854
vt 0.658299 0.808371
vt 0.676041 0.839419
vt 0.658299 0.839419
vt 0.676041 0.834983
vt 0.658299 0.834983
vt 0.676041 0.830548
vt 0.658299 0.830548
vt 0.676041 0.826113
vt 0.658299 0.826113
vt 0.676041 0.821677
vt 0.658299 0.821677
vt 0.676041 0.817242
vt 0.658299 0.817242
vt 0.676041 0.812806
vt 0.658299 0.812806
vt 0.749767 0.698290
vt 0.740534 0.686470
vt 0.749948 0.686996
vt 0.740551 0.678812
vt 0.752710 0.675731
vt 0.740598 0.671153
vt 0.758115 0.665113
vt 0.740668 0.663494
vt 0.765952 0.655718
vt 0.740744 0.655835
vt 0.775987 0.648162
vt 0.740788 0.648191
vt 0.787401 0.643013
vt 0.788507 0.739394
vt 0.740606 0.640811
vt 0.740605 0.732153
vt 0.779652 0.737389
vt 0.740787 0.724767
vt 0.770962 0.733218
vt 0.740743 0.717118
vt 0.763122 0.726897
vt 0.740668 0.709454
vt 0.756654 0.718728
vt 0.740598 0.701791
vt 0.752105 0.709034
vt 0.740551 0.694130
vt 0.736884 0.769895
vt 0.355643 0.008308
vt 0.738224 0.759364
vt 0.345010 0.008249
vt 0.734260 0.749516
vt 0.334353 0.008126
vt 0.725999 0.742849
vt 0.323606 0.007866
vt 0.715536 0.741054
vt 0.312412 0.006704
vt 0.705525 0.744586
vt 0.302080 0.002476
vt 0.698512 0.752536
vt 0.697128 0.755993
vt 0.291240 0.001970
vt 0.419933 0.002388
vt 0.696737 0.766559
vt 0.409117 0.002827
vt 0.701528 0.776019
vt 0.398787 0.006982
vt 0.710336 0.781944
vt 0.387619 0.008074
vt 0.720915 0.782825
vt 0.376909 0.008270
vt 0.730582 0.778438
vt 0.366270 0.008320
vt 0.745958 0.698688
vt 0.128176 0.634612
vt 0.746041 0.686512
vt 0.127947 0.647950
vt 0.162697 0.648396
vt 0.741812 0.758902
vt 0.748917 0.674343
vt 0.127799 0.661296
vt 0.162585 0.661529
vt 0.737168 0.747363
vt 0.754637 0.662844
vt 0.127721 0.674652
vt 0.727489 0.739552
vt 0.162568 0.674672
vt 0.763000 0.652645
vt 0.127689 0.688020
vt 0.715230 0.737449
vt 0.162669 0.687824
vt 0.773750 0.644403
vt 0.127623 0.701388
vt 0.703501 0.741588
vt 0.162977 0.700968
vt 0.788306 0.742293
vt 0.786656 0.638964
vt 0.133251 0.558358
vt 0.127117 0.715025
vt 0.695347 0.751129
vt 0.163975 0.560317
vt 0.163975 0.714441
vt 0.693774 0.755172
vt 0.777948 0.740053
vt 0.132180 0.570004
vt 0.163487 0.571757
vt 0.693621 0.768194
vt 0.769028 0.736018
vt 0.130742 0.581694
vt 0.163707 0.583247
vt 0.698922 0.778630
vt 0.760625 0.729409
vt 0.129612 0.594662
vt 0.163714 0.596012
vt 0.709137 0.785358
vt 0.753575 0.720652
vt 0.128949 0.607964
vt 0.721532 0.786390
vt 0.163442 0.609074
vt 0.748576 0.710248
vt 0.128500 0.621284
vt 0.732859 0.781250
vt 0.163139 0.622162
vt 0.162884 0.635271
vt 0.740243 0.771241
vt 0.158708 0.648349
vt 0.158593 0.661509
vt 0.158571 0.674682
vt 0.158668 0.687878
vt 0.158972 0.701131
vt 0.160190 0.715365
vt 0.160910 0.560381
vt 0.160103 0.575866
vt 0.159803 0.584196
vt 0.159762 0.595954
vt 0.159473 0.608980
vt 0.159160 0.622075
vt 0.158899 0.635203
vt 0.134234 0.648037
vt 0.134091 0.661346
vt 0.134021 0.674673
vt 0.134001 0.688032
vt 0.133956 0.701475
vt 0.138355 0.558995
vt 0.133476 0.715888
vt 0.137326 0.574746
vt 0.136718 0.583204
vt 0.135837 0.595052
vt 0.135210 0.608215
vt 0.134775 0.621461
vt 0.134458 0.634741
vt 0.345233 0.122472
vt 0.291548 0.771667
vt 0.355463 0.122390
vt 0.285383 0.779898
vt 0.334977 0.122754
vt 0.292861 0.761466
vt 0.324618 0.123368
vt 0.288979 0.751943
vt 0.314017 0.125027
vt 0.280910 0.745566
vt 0.303812 0.128926
vt 0.270747 0.743990
vt 0.293157 0.131052
vt 0.417745 0.131052
vt 0.261122 0.747620
vt 0.259487 0.748916
vt 0.407108 0.128929
vt 0.253757 0.757461
vt 0.396918 0.125037
vt 0.252975 0.767715
vt 0.386325 0.123381
vt 0.257344 0.777026
vt 0.375955 0.122773
vt 0.265732 0.782977
vt 0.365692 0.122481
vt 0.275962 0.784024
vt 0.729731 0.678763
vt 0.729712 0.686469
vt 0.729786 0.671064
vt 0.729868 0.663379
vt 0.729969 0.655714
vt 0.730088 0.648078
vt 0.730255 0.732509
vt 0.730265 0.640455
vt 0.730078 0.724879
vt 0.729961 0.717238
vt 0.729861 0.709568
vt 0.729781 0.701878
vt 0.729729 0.694176
vt 0.714157 0.678669
vt 0.714125 0.686465
vt 0.714243 0.670889
vt 0.714380 0.663139
vt 0.714554 0.655436
vt 0.714734 0.647788
vt 0.714819 0.732821
vt 0.714844 0.640142
vt 0.714711 0.725168
vt 0.714533 0.717511
vt 0.714362 0.709801
vt 0.714231 0.702045
vt 0.714150 0.694262
vt 0.703985 0.678579
vt 0.703943 0.686459
vt 0.704103 0.670716
vt 0.704296 0.662889
vt 0.704568 0.655128
vt 0.704912 0.647508
vt 0.705263 0.640277
vt 0.705227 0.732686
vt 0.704876 0.725446
vt 0.704535 0.717814
vt 0.704268 0.710044
vt 0.704084 0.702209
vt 0.703975 0.694341
vt 0.699737 0.678534
vt 0.699692 0.686456
vt 0.699869 0.670628
vt 0.700084 0.662754
vt 0.700404 0.654943
vt 0.700850 0.647262
vt 0.701625 0.639945
vt 0.701586 0.733019
vt 0.700809 0.725691
vt 0.700365 0.717998
vt 0.700052 0.710175
vt 0.699847 0.702293
vt 0.699725 0.694381
vt 0.698302 0.678518
vt 0.698257 0.686455
vt 0.698440 0.670596
vt 0.698662 0.662705
vt 0.698998 0.654872
vt 0.699475 0.647156
vt 0.700343 0.639631
vt 0.700302 0.733334
vt 0.699432 0.725796
vt 0.698957 0.718067
vt 0.698628 0.710223
vt 0.698416 0.702322
vt 0.698290 0.694395
vt 0.596625 0.822813
vt 0.594984 0.809197
vt 0.601567 0.811244
vt 0.589077 0.812749
vt 0.584013 0.817426
vt 0.584136 0.824318
vt 0.585655 0.831042
vt 0.591684 0.834382
vt 0.598267 0.836428
vt 0.604174 0.832876
vt 0.609237 0.828199
vt 0.609115 0.821307
vt 0.607596 0.814584
vt 0.694856 0.718287
vt 0.694477 0.710369
vt 0.695439 0.646816
vt 0.696235 0.733912
vt 0.696287 0.639060
vt 0.694290 0.670501
vt 0.694517 0.662553
vt 0.694265 0.702413
vt 0.695386 0.726135
vt 0.694906 0.654651
vt 0.694113 0.694439
vt 0.694091 0.686454
vt 0.694128 0.678469
vt 0.355464 0.120216
vt 0.345197 0.120295
vt 0.334890 0.120563
vt 0.324427 0.121130
vt 0.313324 0.122721
vt 0.303156 0.126750
vt 0.418173 0.128746
vt 0.292728 0.128742
vt 0.407762 0.126757
vt 0.397610 0.122734
vt 0.386516 0.121142
vt 0.376042 0.120580
vt 0.365730 0.120303
vt 0.283428 0.777433
vt 0.288634 0.770484
vt 0.289742 0.761873
vt 0.286465 0.753832
vt 0.279653 0.748449
vt 0.271073 0.747119
vt 0.261572 0.751279
vt 0.262946 0.750190
vt 0.256729 0.758491
vt 0.256069 0.767148
vt 0.259757 0.775008
vt 0.266838 0.780032
vt 0.275476 0.780917
vt 0.735600 0.709505
vt 0.735528 0.701831
vt 0.735921 0.640684
vt 0.735916 0.732281
vt 0.735761 0.724790
vt 0.735603 0.663443
vt 0.735687 0.655786
vt 0.735481 0.694151
vt 0.735464 0.686470
vt 0.735482 0.678790
vt 0.735682 0.717166
vt 0.735766 0.648168
vt 0.735531 0.671113
vt 0.708963 0.670806
vt 0.709128 0.663021
vt 0.709106 0.709916
vt 0.708947 0.702124
vt 0.709664 0.640166
vt 0.709634 0.732797
vt 0.709559 0.725282
vt 0.709348 0.655296
vt 0.708853 0.694300
vt 0.708824 0.686462
vt 0.708861 0.678626
vt 0.709321 0.717649
vt 0.709589 0.647673
vt 0.345174 0.118830
vt 0.345000 0.009501
vt 0.334836 0.119087
vt 0.334333 0.009385
vt 0.324312 0.119607
vt 0.323555 0.009148
vt 0.312920 0.121027
vt 0.312104 0.008095
vt 0.302769 0.125410
vt 0.301821 0.003640
vt 0.418309 0.127270
vt 0.292592 0.127264
vt 0.419814 0.003584
vt 0.291353 0.003170
vt 0.408149 0.125420
vt 0.409369 0.003990
vt 0.398014 0.121042
vt 0.399085 0.008371
vt 0.386629 0.119621
vt 0.387663 0.009352
vt 0.376097 0.119101
vt 0.376921 0.009525
vt 0.365755 0.118839
vt 0.366272 0.009572
vt 0.355638 0.009560
vt 0.355465 0.118754
vt 0.203601 0.664927
vt 0.203618 0.556516
vt 0.196312 0.665713
vt 0.196325 0.555704
vt 0.186724 0.665971
vt 0.186731 0.555418
vt 0.177130 0.665684
vt 0.177143 0.555675
vt 0.169837 0.664873
vt 0.169854 0.556462
vt 0.310364 0.120341
vt 0.419451 0.005457
vt 0.291705 0.005050
vt 0.301450 0.005490
vt 0.309569 0.008741
vt 0.409728 0.005837
vt 0.401610 0.009031
vt 0.418274 0.125335
vt 0.292626 0.125326
vt 0.302295 0.123623
vt 0.400566 0.120358
vt 0.408621 0.123636
vt 0.345095 0.113420
vt 0.344960 0.015077
vt 0.334660 0.113630
vt 0.334257 0.014990
vt 0.324021 0.114004
vt 0.323420 0.014848
vt 0.314923 0.114330
vt 0.314207 0.014737
vt 0.396024 0.114355
vt 0.396942 0.014985
vt 0.386914 0.114016
vt 0.387770 0.015033
vt 0.376276 0.113642
vt 0.376961 0.015117
vt 0.365838 0.113426
vt 0.366277 0.015142
vt 0.355621 0.015127
vt 0.355467 0.113356
vt 0.204228 0.659760
vt 0.204229 0.561687
vt 0.196032 0.660133
vt 0.196025 0.561289
vt 0.186733 0.660322
vt 0.186722 0.561066
vt 0.177430 0.660100
vt 0.177423 0.561256
vt 0.169226 0.659702
vt 0.169227 0.561629
vt 0.399335 0.015145
vt 0.398403 0.114258
vt 0.312536 0.114228
vt 0.311810 0.014881
vt 0.697362 0.710266
vt 0.699120 0.639428
vt 0.699078 0.733539
vt 0.697397 0.662659
vt 0.697146 0.702350
vt 0.698204 0.725896
vt 0.697747 0.654807
vt 0.697015 0.694408
vt 0.697028 0.678503
vt 0.697705 0.718132
vt 0.698248 0.647057
vt 0.697170 0.670567
vt 0.696983 0.686454
vt 0.157330 0.562906
vt 0.157380 0.568448
vt 0.141901 0.561975
vt 0.141205 0.567569
vt 0.139256 0.571537
vt 0.158875 0.572530
vt 0.140373 0.561229
vt 0.158905 0.562366
vt 0.142740 0.634906
vt 0.151242 0.635065
vt 0.151040 0.648257
vt 0.142526 0.648149
vt 0.150919 0.661465
vt 0.142394 0.661409
vt 0.150884 0.674694
vt 0.142339 0.674693
vt 0.150949 0.687968
vt 0.142358 0.688023
vt 0.151153 0.701360
vt 0.142429 0.701480
vt 0.154358 0.555671
vt 0.151475 0.713107
vt 0.145775 0.555160
vt 0.142509 0.713279
vt 0.152644 0.579002
vt 0.144908 0.578648
vt 0.152541 0.584390
vt 0.144543 0.584053
vt 0.152245 0.595792
vt 0.143946 0.595486
vt 0.151867 0.608783
vt 0.143436 0.608519
vt 0.151521 0.621899
vt 0.143040 0.621687
vt 0.153081 0.561227
vt 0.146360 0.560811
vt 0.152595 0.569236
vt 0.145925 0.568879
vt 0.153611 0.558662
vt 0.146145 0.558206
vt 0.145226 0.575168
vt 0.152653 0.575528
vt 0.229221 0.764186
vt 0.780568 0.734835
vt 0.788714 0.646324
vt 0.788966 0.736939
vt 0.777821 0.651306
vt 0.768373 0.658290
vt 0.760987 0.667031
vt 0.752928 0.697992
vt 0.755051 0.708056
vt 0.753193 0.687434
vt 0.755844 0.676914
vt 0.759222 0.717158
vt 0.765218 0.724839
vt 0.772483 0.730842
vt 0.222280 0.747943
vt 0.231527 0.745020
vt 0.239817 0.750053
vt 0.246973 0.756599
vt 0.246759 0.766295
vt 0.244667 0.775766
vt 0.236163 0.780428
vt 0.226916 0.783352
vt 0.218626 0.778319
vt 0.211470 0.771772
vt 0.211684 0.762076
vt 0.213776 0.752606
vt 0.344922 0.091213
vt 0.344872 0.064528
vt 0.344878 0.037698
vt 0.334338 0.091280
vt 0.334226 0.064546
vt 0.334182 0.037686
vt 0.323718 0.091374
vt 0.323572 0.064584
vt 0.323472 0.037701
vt 0.314911 0.091445
vt 0.314752 0.064626
vt 0.314611 0.037753
vt 0.396029 0.091496
vt 0.396225 0.064732
vt 0.396444 0.037926
vt 0.387232 0.091425
vt 0.387423 0.064671
vt 0.387608 0.037846
vt 0.376619 0.091319
vt 0.376784 0.064608
vt 0.376919 0.037786
vt 0.366040 0.091233
vt 0.366147 0.064560
vt 0.366237 0.037748
vt 0.355560 0.037720
vt 0.355511 0.064533
vt 0.355482 0.091195
vt 0.203816 0.637303
vt 0.203720 0.610677
vt 0.203766 0.584080
vt 0.195718 0.637361
vt 0.195653 0.610686
vt 0.195683 0.584023
vt 0.186743 0.637390
vt 0.186728 0.610694
vt 0.186712 0.583999
vt 0.177772 0.637366
vt 0.177802 0.610703
vt 0.177737 0.584028
vt 0.169689 0.637309
vt 0.169735 0.610712
vt 0.169640 0.584086
vt 0.398773 0.037953
vt 0.398545 0.064749
vt 0.398352 0.091512
vt 0.312584 0.091460
vt 0.312427 0.064638
vt 0.312275 0.037773
vt 0.749485 0.692678
vt 0.350350 0.122399
vt 0.288995 0.776179
vt 0.355464 0.121295
vt 0.726837 0.740995
vt 0.750949 0.681311
vt 0.340111 0.122572
vt 0.292861 0.766651
vt 0.750657 0.674976
vt 0.755043 0.670283
vt 0.329819 0.122994
vt 0.291532 0.756455
vt 0.747832 0.686730
vt 0.761697 0.660189
vt 0.319361 0.123947
vt 0.285355 0.748235
vt 0.731862 0.780019
vt 0.770686 0.651636
vt 0.308916 0.127082
vt 0.275930 0.744124
vt 0.738772 0.770652
vt 0.781630 0.645177
vt 0.298533 0.130196
vt 0.265703 0.745188
vt 0.715364 0.739027
vt 0.784140 0.738670
vt 0.412377 0.130197
vt 0.256074 0.752823
vt 0.761766 0.728256
vt 0.775235 0.735569
vt 0.402011 0.127089
vt 0.252706 0.762538
vt 0.770003 0.734749
vt 0.766898 0.730321
vt 0.391579 0.123958
vt 0.254560 0.772652
vt 0.764357 0.654050
vt 0.759640 0.723055
vt 0.381119 0.123012
vt 0.261155 0.780541
vt 0.756233 0.663879
vt 0.754077 0.714066
vt 0.370815 0.122587
vt 0.270780 0.784159
vt 0.704388 0.742902
vt 0.750590 0.703776
vt 0.360576 0.122402
vt 0.280938 0.782567
vt 0.696704 0.751653
vt 0.695205 0.755432
vt 0.345005 0.008868
vt 0.334343 0.008748
vt 0.323580 0.008499
vt 0.312221 0.007366
vt 0.301942 0.003070
vt 0.291274 0.002579
vt 0.419895 0.002995
vt 0.409252 0.003420
vt 0.398973 0.007643
vt 0.387642 0.008705
vt 0.376915 0.008890
vt 0.366271 0.008939
vt 0.734277 0.774568
vt 0.360956 0.008320
vt 0.726028 0.781247
vt 0.371586 0.008305
vt 0.715569 0.783058
vt 0.382247 0.008202
vt 0.705554 0.779542
vt 0.393079 0.007798
vt 0.698530 0.771590
vt 0.403958 0.004551
vt 0.696266 0.761249
vt 0.414481 0.002106
vt 0.701510 0.748114
vt 0.296708 0.001721
vt 0.710305 0.742183
vt 0.307243 0.004235
vt 0.720882 0.741285
vt 0.318131 0.007558
vt 0.730554 0.745656
vt 0.328999 0.008025
vt 0.736869 0.754188
vt 0.339687 0.008197
vt 0.738225 0.764715
vt 0.350328 0.008285
vt 0.745691 0.692633
vt 0.128068 0.641280
vt 0.130627 0.647987
vt 0.747162 0.680396
vt 0.127880 0.654622
vt 0.130481 0.661318
vt 0.751468 0.668482
vt 0.127769 0.667972
vt 0.130406 0.674661
vt 0.758532 0.657567
vt 0.127718 0.681334
vt 0.130377 0.688026
vt 0.768134 0.648273
vt 0.127684 0.694707
vt 0.130302 0.701432
vt 0.779917 0.641238
vt 0.127455 0.708114
vt 0.135353 0.558731
vt 0.129741 0.715537
vt 0.783074 0.741431
vt 0.132833 0.564106
vt 0.134257 0.572070
vt 0.773324 0.738310
vt 0.131461 0.575780
vt 0.133304 0.582419
vt 0.764766 0.733028
vt 0.130117 0.588047
vt 0.132276 0.594832
vt 0.756900 0.725238
vt 0.129264 0.601310
vt 0.131621 0.608072
vt 0.750827 0.715608
vt 0.128724 0.614623
vt 0.131176 0.621360
vt 0.746984 0.704573
vt 0.128342 0.627947
vt 0.161331 0.635244
vt 0.737187 0.776715
vt 0.162996 0.628714
vt 0.727522 0.784540
vt 0.163278 0.615615
vt 0.715269 0.786662
vt 0.163581 0.602539
vt 0.163761 0.589504
vt 0.703549 0.782570
vt 0.163523 0.577449
vt 0.695604 0.773846
vt 0.163603 0.565918
vt 0.692958 0.761733
vt 0.698812 0.745755
vt 0.163350 0.707598
vt 0.709102 0.738772
vt 0.162777 0.694401
vt 0.721493 0.737721
vt 0.162593 0.681247
vt 0.732825 0.742842
vt 0.162556 0.668099
vt 0.162621 0.654962
vt 0.740224 0.752837
vt 0.162773 0.641831
vt 0.741812 0.765171
vt 0.788465 0.740947
vt 0.786936 0.640818
vt 0.779020 0.738977
vt 0.750192 0.709688
vt 0.747704 0.698501
vt 0.721262 0.784829
vt 0.735895 0.748306
vt 0.709662 0.783863
vt 0.774777 0.646119
vt 0.754985 0.719766
vt 0.740241 0.759104
vt 0.700019 0.777390
vt 0.694811 0.767099
vt 0.161142 0.648378
vt 0.161029 0.661521
vt 0.161011 0.674676
vt 0.161110 0.687845
vt 0.161429 0.701033
vt 0.162818 0.560455
vt 0.162570 0.714958
vt 0.162247 0.573539
vt 0.162155 0.583720
vt 0.162171 0.595990
vt 0.161894 0.609038
vt 0.161588 0.622129
vt 0.155379 0.635140
vt 0.158797 0.641774
vt 0.158641 0.654928
vt 0.158573 0.668093
vt 0.158604 0.681277
vt 0.158779 0.694494
vt 0.159302 0.707884
vt 0.161232 0.567922
vt 0.159793 0.580232
vt 0.159833 0.589610
vt 0.159633 0.602455
vt 0.159315 0.615523
vt 0.159024 0.628636
vt 0.138288 0.648093
vt 0.138150 0.661379
vt 0.138087 0.674685
vt 0.138084 0.688034
vt 0.138092 0.701494
vt 0.141818 0.556191
vt 0.138067 0.713541
vt 0.141031 0.577977
vt 0.140548 0.583733
vt 0.139811 0.595280
vt 0.139235 0.608370
vt 0.138817 0.621574
vt 0.130855 0.634667
vt 0.134598 0.628098
vt 0.134969 0.614832
vt 0.135484 0.601617
vt 0.136260 0.588664
vt 0.137072 0.579186
vt 0.137002 0.566585
vt 0.133864 0.708323
vt 0.133987 0.694736
vt 0.134001 0.681347
vt 0.134042 0.668007
vt 0.134147 0.654690
vt 0.134329 0.641387
vt 0.740542 0.682641
vt 0.740575 0.674982
vt 0.740635 0.667323
vt 0.740710 0.659664
vt 0.740777 0.652008
vt 0.740754 0.644402
vt 0.740753 0.728560
vt 0.740776 0.720947
vt 0.740709 0.713286
vt 0.740634 0.705623
vt 0.740575 0.697960
vt 0.740542 0.690300
vt 0.742000 0.686470
vt 0.282349 0.776071
vt 0.290277 0.771151
vt 0.291501 0.761644
vt 0.287883 0.752767
vt 0.280362 0.746823
vt 0.270889 0.745354
vt 0.261913 0.748743
vt 0.260400 0.749943
vt 0.255053 0.757910
vt 0.254324 0.767468
vt 0.258396 0.776146
vt 0.266214 0.781693
vt 0.275750 0.782669
vt 0.733695 0.709525
vt 0.738158 0.701810
vt 0.734063 0.732386
vt 0.734070 0.640578
vt 0.738362 0.724769
vt 0.733699 0.663422
vt 0.738308 0.655813
vt 0.738111 0.694140
vt 0.733556 0.686470
vt 0.738112 0.678801
vt 0.738305 0.717140
vt 0.738365 0.648190
vt 0.738159 0.671134
vt 0.703971 0.682518
vt 0.704051 0.674645
vt 0.704206 0.666797
vt 0.704438 0.658997
vt 0.704747 0.651293
vt 0.705111 0.643811
vt 0.705075 0.729148
vt 0.704712 0.721655
vt 0.704407 0.713941
vt 0.704182 0.706132
vt 0.704036 0.698278
vt 0.703966 0.690401
vt 0.706811 0.670768
vt 0.710677 0.663058
vt 0.706964 0.709970
vt 0.710507 0.702100
vt 0.707629 0.732714
vt 0.707662 0.640249
vt 0.711073 0.725244
vt 0.710882 0.655342
vt 0.710417 0.694288
vt 0.706663 0.686461
vt 0.710424 0.678640
vt 0.710857 0.717604
vt 0.711101 0.647711
vt 0.699683 0.682494
vt 0.699771 0.674577
vt 0.699944 0.666685
vt 0.700210 0.658836
vt 0.700587 0.651077
vt 0.701143 0.643519
vt 0.701101 0.729439
vt 0.700546 0.721869
vt 0.700173 0.714098
vt 0.699916 0.706239
vt 0.699754 0.698340
vt 0.699677 0.690419
vt 0.702521 0.647378
vt 0.703122 0.640162
vt 0.703084 0.732801
vt 0.701610 0.670665
vt 0.701816 0.662812
vt 0.701786 0.710119
vt 0.701589 0.702257
vt 0.702482 0.725575
vt 0.702116 0.655024
vt 0.701473 0.694364
vt 0.701440 0.686458
vt 0.701484 0.678553
vt 0.702080 0.717917
vt 0.698282 0.682486
vt 0.698373 0.674553
vt 0.698552 0.666646
vt 0.698828 0.658778
vt 0.699226 0.650996
vt 0.699820 0.643377
vt 0.699775 0.729582
vt 0.699182 0.721950
vt 0.698789 0.714155
vt 0.698522 0.706276
vt 0.698354 0.698362
vt 0.698275 0.690425
vt 0.700008 0.647198
vt 0.700850 0.639769
vt 0.700809 0.733196
vt 0.698994 0.670608
vt 0.699213 0.662724
vt 0.699180 0.710204
vt 0.698971 0.702311
vt 0.699966 0.725755
vt 0.699543 0.654900
vt 0.698846 0.694390
vt 0.698813 0.686456
vt 0.698858 0.678524
vt 0.699503 0.718040
vt 0.597732 0.809793
vt 0.592457 0.810428
vt 0.585903 0.815344
vt 0.583816 0.820231
vt 0.584796 0.828365
vt 0.587985 0.832615
vt 0.595519 0.835833
vt 0.600794 0.835197
vt 0.607348 0.830281
vt 0.609435 0.825395
vt 0.608455 0.817261
vt 0.605266 0.813011
vt 0.693736 0.718351
vt 0.605292 0.834367
vt 0.698193 0.710237
vt 0.694385 0.646722
vt 0.584989 0.831541
vt 0.699930 0.639545
vt 0.699888 0.733421
vt 0.693160 0.670473
vt 0.587959 0.811259
vt 0.698227 0.662689
vt 0.697980 0.702332
vt 0.699010 0.725830
vt 0.698568 0.654850
vt 0.697852 0.694400
vt 0.692958 0.686452
vt 0.602298 0.809531
vt 0.697864 0.678513
vt 0.591761 0.816328
vt 0.599809 0.815358
vt 0.588577 0.823783
vt 0.593442 0.830268
vt 0.601490 0.829298
vt 0.604673 0.821843
vt 0.696328 0.718206
vt 0.693401 0.710409
vt 0.610003 0.828526
vt 0.696896 0.646942
vt 0.695184 0.638964
vt 0.695128 0.734007
vt 0.590953 0.836095
vt 0.695779 0.670534
vt 0.693443 0.662512
vt 0.583248 0.817099
vt 0.693134 0.702439
vt 0.610965 0.821084
vt 0.694330 0.726229
vt 0.598366 0.837255
vt 0.693787 0.654587
vt 0.582286 0.824541
vt 0.693032 0.694451
vt 0.608262 0.814084
vt 0.695585 0.686453
vt 0.693047 0.678456
vt 0.594885 0.808371
vt 0.694195 0.674479
vt 0.694087 0.690442
vt 0.695137 0.650725
vt 0.695087 0.722220
vt 0.694098 0.682464
vt 0.694173 0.698433
vt 0.694692 0.658592
vt 0.695776 0.730020
vt 0.694353 0.706390
vt 0.694390 0.666527
vt 0.695827 0.642939
vt 0.694644 0.714340
vt 0.355464 0.119398
vt 0.345215 0.121376
vt 0.334932 0.121652
vt 0.324519 0.122245
vt 0.313676 0.123888
vt 0.303479 0.127818
vt 0.292904 0.129906
vt 0.417997 0.129908
vt 0.407440 0.127823
vt 0.397259 0.123900
vt 0.386424 0.122258
vt 0.375999 0.121670
vt 0.365711 0.121385
vt 0.360595 0.120240
vt 0.370875 0.120416
vt 0.381245 0.120813
vt 0.391924 0.121667
vt 0.402831 0.124964
vt 0.412811 0.128004
vt 0.298099 0.127999
vt 0.308095 0.124954
vt 0.319016 0.121654
vt 0.329692 0.120797
vt 0.340052 0.120402
vt 0.350333 0.120237
vt 0.284530 0.778823
vt 0.742017 0.678818
vt 0.287024 0.769831
vt 0.742064 0.671164
vt 0.288019 0.762097
vt 0.742134 0.663508
vt 0.285076 0.754876
vt 0.742210 0.655848
vt 0.278958 0.750042
vt 0.742249 0.648185
vt 0.271253 0.748847
vt 0.741970 0.732349
vt 0.262719 0.752586
vt 0.741971 0.640616
vt 0.263958 0.751604
vt 0.742249 0.724773
vt 0.258371 0.759060
vt 0.742210 0.717105
vt 0.257778 0.766835
vt 0.742134 0.709440
vt 0.261090 0.773894
vt 0.742064 0.701780
vt 0.267450 0.778406
vt 0.742017 0.694124
vt 0.275207 0.779200
vt 0.279676 0.779687
vt 0.271100 0.781031
vt 0.262974 0.777976
vt 0.257407 0.771316
vt 0.255842 0.762777
vt 0.258685 0.754575
vt 0.266814 0.748130
vt 0.275448 0.747231
vt 0.283405 0.750702
vt 0.288621 0.757642
vt 0.289742 0.766250
vt 0.286478 0.774294
vt 0.738227 0.709478
vt 0.733621 0.701846
vt 0.738377 0.640819
vt 0.738374 0.732145
vt 0.733877 0.724815
vt 0.738229 0.663469
vt 0.733788 0.655765
vt 0.733572 0.694159
vt 0.738095 0.686470
vt 0.733574 0.678781
vt 0.733782 0.717188
vt 0.733883 0.648143
vt 0.733624 0.671097
vt 0.735571 0.667277
vt 0.735819 0.644404
vt 0.735647 0.713338
vt 0.735509 0.674951
vt 0.735475 0.690311
vt 0.735734 0.651969
vt 0.735730 0.720986
vt 0.735476 0.682630
vt 0.735508 0.697991
vt 0.735651 0.659612
vt 0.735814 0.728557
vt 0.735568 0.705669
vt 0.710521 0.670832
vt 0.706988 0.662965
vt 0.710656 0.709880
vt 0.706794 0.702160
vt 0.711171 0.640122
vt 0.711142 0.732841
vt 0.707480 0.725343
vt 0.707230 0.655227
vt 0.706693 0.694318
vt 0.710389 0.686463
vt 0.706702 0.678606
vt 0.707201 0.717717
vt 0.707512 0.647611
vt 0.709666 0.643917
vt 0.709196 0.713792
vt 0.708893 0.674713
vt 0.708819 0.690382
vt 0.709459 0.651470
vt 0.709431 0.721480
vt 0.708823 0.682543
vt 0.708881 0.698215
vt 0.709221 0.659149
vt 0.709636 0.729041
vt 0.709008 0.706026
vt 0.709027 0.666907
vt 0.345184 0.119474
vt 0.344991 0.010690
vt 0.334859 0.119737
vt 0.334315 0.010580
vt 0.324361 0.120279
vt 0.323513 0.010368
vt 0.313051 0.121798
vt 0.313791 0.009786
vt 0.302926 0.125976
vt 0.309839 0.119799
vt 0.204316 0.665106
vt 0.418281 0.127894
vt 0.292620 0.127889
vt 0.419646 0.004473
vt 0.291516 0.004062
vt 0.407992 0.125984
vt 0.301309 0.006192
vt 0.196339 0.555271
vt 0.397883 0.121812
vt 0.397392 0.010047
vt 0.386581 0.120293
vt 0.387699 0.010569
vt 0.376073 0.119752
vt 0.376931 0.010717
vt 0.365744 0.119484
vt 0.366273 0.010759
vt 0.355640 0.008927
vt 0.355465 0.117606
vt 0.350321 0.009536
vt 0.350322 0.118774
vt 0.339673 0.009452
vt 0.340015 0.118935
vt 0.328969 0.009291
vt 0.329615 0.119305
vt 0.318051 0.008889
vt 0.318859 0.120058
vt 0.306811 0.005368
vt 0.307585 0.123610
vt 0.296657 0.002902
vt 0.297846 0.126626
vt 0.414524 0.003285
vt 0.413063 0.126633
vt 0.404382 0.005683
vt 0.403341 0.123622
vt 0.393152 0.009126
vt 0.392081 0.120072
vt 0.382269 0.009464
vt 0.381323 0.119320
vt 0.371592 0.009558
vt 0.370914 0.118947
vt 0.360955 0.009571
vt 0.360607 0.118777
vt 0.204260 0.557422
vt 0.196259 0.556761
vt 0.186730 0.556477
vt 0.177206 0.556731
vt 0.169209 0.557365
vt 0.200929 0.556127
vt 0.200913 0.665306
vt 0.191505 0.555475
vt 0.191495 0.665928
vt 0.181960 0.555461
vt 0.181950 0.665914
vt 0.172543 0.556083
vt 0.172526 0.665261
vt 0.310358 0.007917
vt 0.409865 0.006538
vt 0.177131 0.555242
vt 0.400829 0.008204
vt 0.292648 0.124606
vt 0.418253 0.124616
vt 0.186723 0.666418
vt 0.302548 0.124576
vt 0.399786 0.121192
vt 0.408369 0.124587
vt 0.311145 0.121176
vt 0.291840 0.005748
vt 0.419312 0.006152
vt 0.186732 0.554970
vt 0.301647 0.004510
vt 0.309036 0.009278
vt 0.204335 0.556340
vt 0.409537 0.004858
vt 0.402139 0.009570
vt 0.169139 0.556283
vt 0.418299 0.126353
vt 0.292602 0.126345
vt 0.302112 0.122932
vt 0.196325 0.666147
vt 0.401090 0.119817
vt 0.169120 0.665049
vt 0.408804 0.122946
vt 0.177116 0.666118
vt 0.413375 0.124822
vt 0.306866 0.121949
vt 0.414583 0.005145
vt 0.404058 0.121964
vt 0.306082 0.007063
vt 0.399162 0.118917
vt 0.296587 0.004766
vt 0.310971 0.010197
vt 0.405098 0.007378
vt 0.297533 0.124812
vt 0.345156 0.117679
vt 0.344909 0.024788
vt 0.334795 0.117926
vt 0.334192 0.024739
vt 0.324232 0.118407
vt 0.323420 0.024697
vt 0.314595 0.119281
vt 0.314488 0.024751
vt 0.396343 0.119298
vt 0.396616 0.024965
vt 0.386708 0.118422
vt 0.387719 0.024879
vt 0.376138 0.117940
vt 0.376971 0.024857
vt 0.365773 0.117689
vt 0.366271 0.024846
vt 0.355634 0.010746
vt 0.355472 0.103887
vt 0.204246 0.664023
vt 0.203927 0.571298
vt 0.196250 0.664657
vt 0.195797 0.571127
vt 0.186725 0.664912
vt 0.186716 0.571042
vt 0.177196 0.664628
vt 0.177634 0.571117
vt 0.169195 0.663966
vt 0.169490 0.571267
vt 0.400203 0.010475
vt 0.398280 0.104409
vt 0.311771 0.118898
vt 0.312133 0.024797
vt 0.312732 0.014798
vt 0.313456 0.114294
vt 0.397487 0.114324
vt 0.398413 0.015057
vt 0.399172 0.114195
vt 0.167719 0.659647
vt 0.400109 0.015227
vt 0.167719 0.561678
vt 0.172768 0.561476
vt 0.172768 0.659864
vt 0.182109 0.561113
vt 0.182119 0.660260
vt 0.191336 0.561129
vt 0.191346 0.660276
vt 0.200688 0.561524
vt 0.200687 0.659912
vt 0.360948 0.015139
vt 0.360649 0.113376
vt 0.371612 0.015135
vt 0.371043 0.113516
vt 0.382339 0.015084
vt 0.381557 0.113809
vt 0.393069 0.014974
vt 0.392176 0.114247
vt 0.311036 0.014958
vt 0.205736 0.561741
vt 0.311764 0.114165
vt 0.205736 0.659710
vt 0.318097 0.014756
vt 0.318767 0.114230
vt 0.328866 0.014927
vt 0.329381 0.113795
vt 0.339617 0.015040
vt 0.339891 0.113506
vt 0.350292 0.015107
vt 0.350285 0.113371
vt 0.695968 0.710315
vt 0.697705 0.733727
vt 0.697753 0.639246
vt 0.696008 0.662608
vt 0.695751 0.702380
vt 0.696845 0.726009
vt 0.696375 0.654732
vt 0.695612 0.694423
vt 0.695628 0.678486
vt 0.698527 0.718089
vt 0.699054 0.647123
vt 0.698003 0.670586
vt 0.697819 0.686455
vt 0.697518 0.714209
vt 0.698608 0.643242
vt 0.697274 0.666610
vt 0.697242 0.706310
vt 0.698560 0.729718
vt 0.697559 0.658723
vt 0.697071 0.698383
vt 0.696997 0.682479
vt 0.697928 0.722029
vt 0.697975 0.650917
vt 0.696989 0.690430
vt 0.697091 0.674531
vt 0.729724 0.682616
vt 0.729761 0.674913
vt 0.729831 0.667219
vt 0.729924 0.659543
vt 0.730032 0.651893
vt 0.730169 0.644270
vt 0.730159 0.728691
vt 0.730023 0.721062
vt 0.729916 0.713406
vt 0.729825 0.705725
vt 0.729758 0.698028
vt 0.729723 0.690323
vt 0.714127 0.682566
vt 0.714186 0.674777
vt 0.714298 0.667009
vt 0.714456 0.659281
vt 0.714640 0.651607
vt 0.714799 0.643973
vt 0.714774 0.728987
vt 0.714618 0.721344
vt 0.714436 0.713662
vt 0.714283 0.705928
vt 0.714176 0.698156
vt 0.714123 0.690364
vt 0.722010 0.670987
vt 0.722114 0.663273
vt 0.722103 0.709671
vt 0.722002 0.701952
vt 0.722522 0.732689
vt 0.722539 0.640275
vt 0.722373 0.725024
vt 0.722245 0.655589
vt 0.721939 0.694215
vt 0.721919 0.686468
vt 0.721943 0.678722
vt 0.722231 0.717361
vt 0.722389 0.647932
vt 0.157620 0.565417
vt 0.143480 0.561168
vt 0.142903 0.568400
vt 0.141305 0.564479
vt 0.140224 0.569454
vt 0.159386 0.574181
vt 0.141309 0.561451
vt 0.159703 0.562179
vt 0.138547 0.573147
vt 0.158140 0.570394
vt 0.139580 0.560949
vt 0.157968 0.562468
vt 0.142833 0.559064
vt 0.159840 0.567214
vt 0.138848 0.566047
vt 0.156244 0.575110
vt 0.138508 0.634823
vt 0.146995 0.634987
vt 0.155182 0.648307
vt 0.146787 0.648204
vt 0.155066 0.661489
vt 0.146660 0.661438
vt 0.155039 0.674688
vt 0.146617 0.674695
vt 0.155121 0.687924
vt 0.146659 0.688002
vt 0.155386 0.701250
vt 0.146797 0.701438
vt 0.155870 0.713205
vt 0.158144 0.557200
vt 0.150087 0.554970
vt 0.146996 0.713218
vt 0.156494 0.578690
vt 0.148778 0.578901
vt 0.156454 0.584403
vt 0.148545 0.584265
vt 0.156297 0.595892
vt 0.148100 0.595653
vt 0.155973 0.608893
vt 0.147655 0.608657
vt 0.155648 0.621995
vt 0.147285 0.621795
vt 0.155882 0.561923
vt 0.149729 0.560849
vt 0.155626 0.569083
vt 0.149262 0.569111
vt 0.156783 0.559931
vt 0.149896 0.558143
vt 0.141662 0.574399
vt 0.148940 0.575444
vt 0.152658 0.577396
vt 0.145044 0.577038
vt 0.146021 0.557301
vt 0.153847 0.557769
vt 0.146267 0.559161
vt 0.153371 0.559593
vt 0.146295 0.564494
vt 0.152712 0.564865
vt 0.142878 0.628292
vt 0.151373 0.628478
vt 0.143224 0.615094
vt 0.151687 0.615332
vt 0.143675 0.601974
vt 0.152057 0.602263
vt 0.144251 0.589224
vt 0.152417 0.589546
vt 0.144757 0.580733
vt 0.152610 0.581081
vt 0.152619 0.572829
vt 0.145526 0.572471
vt 0.142474 0.708106
vt 0.151320 0.707954
vt 0.142389 0.694729
vt 0.151031 0.694640
vt 0.142340 0.681349
vt 0.150903 0.681323
vt 0.142356 0.668047
vt 0.150890 0.668076
vt 0.142449 0.654777
vt 0.150969 0.654859
vt 0.142622 0.641525
vt 0.151132 0.641659
vt 0.227656 0.745890
vt 0.235081 0.746784
vt 0.244283 0.753682
vt 0.247222 0.760559
vt 0.245848 0.771978
vt 0.241362 0.777961
vt 0.230787 0.782481
vt 0.223362 0.781588
vt 0.214160 0.774689
vt 0.211221 0.767813
vt 0.212594 0.756394
vt 0.217080 0.750410
vt 0.780841 0.734091
vt 0.226792 0.784382
vt 0.788107 0.644806
vt 0.788742 0.738077
vt 0.776987 0.649883
vt 0.767275 0.657127
vt 0.759684 0.666163
vt 0.753920 0.697902
vt 0.221288 0.745622
vt 0.753716 0.708501
vt 0.754143 0.687565
vt 0.231651 0.743990
vt 0.754424 0.676381
vt 0.758060 0.717870
vt 0.764269 0.725773
vt 0.771796 0.731916
vt 0.780154 0.735990
vt 0.789090 0.736127
vt 0.789090 0.647410
vt 0.237155 0.782749
vt 0.778357 0.652228
vt 0.245497 0.776388
vt 0.769130 0.659100
vt 0.249265 0.766597
vt 0.761826 0.667595
vt 0.247926 0.756192
vt 0.751497 0.698129
vt 0.755915 0.707772
vt 0.212946 0.751984
vt 0.751722 0.687237
vt 0.756826 0.677288
vt 0.241331 0.748033
vt 0.760029 0.716668
vt 0.209178 0.761775
vt 0.765835 0.724239
vt 0.210517 0.772180
vt 0.772963 0.730103
vt 0.217112 0.780338
vt 0.776451 0.733087
vt 0.768726 0.728080
vt 0.762007 0.721206
vt 0.754191 0.682126
vt 0.756880 0.712770
vt 0.758097 0.671859
vt 0.752742 0.692750
vt 0.753691 0.703120
vt 0.764392 0.662464
vt 0.772849 0.654544
vt 0.783140 0.648546
vt 0.784757 0.736107
vt 0.224743 0.753708
vt 0.236057 0.755068
vt 0.240535 0.765547
vt 0.233700 0.774664
vt 0.222386 0.773303
vt 0.217908 0.762825
vt 0.344995 0.103933
vt 0.344887 0.077895
vt 0.344869 0.051127
vt 0.334465 0.104065
vt 0.334268 0.077929
vt 0.334198 0.051134
vt 0.323839 0.104257
vt 0.323633 0.077983
vt 0.323521 0.051163
vt 0.315000 0.104377
vt 0.314822 0.078034
vt 0.314687 0.051205
vt 0.395942 0.104413
vt 0.396130 0.078111
vt 0.396325 0.051342
vt 0.387100 0.104303
vt 0.387334 0.078049
vt 0.387510 0.051275
vt 0.376477 0.104092
vt 0.376711 0.077977
vt 0.376852 0.051212
vt 0.365950 0.103943
vt 0.366099 0.077920
vt 0.366192 0.051167
vt 0.355592 0.024823
vt 0.355532 0.051139
vt 0.355494 0.077891
vt 0.203965 0.650122
vt 0.203749 0.623982
vt 0.203718 0.597378
vt 0.195822 0.650272
vt 0.195674 0.624007
vt 0.195650 0.597367
vt 0.186739 0.650347
vt 0.186738 0.624023
vt 0.186717 0.597366
vt 0.177658 0.650262
vt 0.177805 0.624022
vt 0.177781 0.597382
vt 0.169528 0.650091
vt 0.169737 0.624011
vt 0.169706 0.597407
vt 0.398963 0.025021
vt 0.398647 0.051362
vt 0.398449 0.078127
vt 0.312659 0.104375
vt 0.312498 0.078048
vt 0.312359 0.051218
vt 0.350220 0.037708
vt 0.350192 0.064529
vt 0.350204 0.091197
vt 0.339532 0.037690
vt 0.339550 0.064535
vt 0.339635 0.091242
vt 0.328828 0.037689
vt 0.328900 0.064563
vt 0.329033 0.091325
vt 0.318332 0.037727
vt 0.318457 0.064608
vt 0.318613 0.091418
vt 0.311524 0.037779
vt 0.205277 0.584092
vt 0.311678 0.064642
vt 0.205232 0.610675
vt 0.311835 0.091464
vt 0.205330 0.637291
vt 0.392734 0.037888
vt 0.392528 0.064705
vt 0.392332 0.091470
vt 0.382264 0.037812
vt 0.382103 0.064638
vt 0.381922 0.091372
vt 0.371577 0.037765
vt 0.371465 0.064582
vt 0.371325 0.091271
vt 0.360898 0.037733
vt 0.360829 0.064544
vt 0.360759 0.091207
vt 0.200244 0.584052
vt 0.200201 0.610681
vt 0.200286 0.637331
vt 0.191148 0.584004
vt 0.191138 0.610690
vt 0.191179 0.637382
vt 0.182276 0.584007
vt 0.182317 0.610699
vt 0.182307 0.637385
vt 0.173169 0.584058
vt 0.173254 0.610708
vt 0.173211 0.637336
vt 0.399100 0.091516
vt 0.168178 0.637297
vt 0.399291 0.064754
vt 0.168224 0.610714
vt 0.399522 0.037962
vt 0.168125 0.584098
vt 0.397428 0.091506
vt 0.397622 0.064742
vt 0.397847 0.037942
vt 0.313204 0.037765
vt 0.313351 0.064633
vt 0.313510 0.091454
vt 0.350342 0.121330
vt 0.340082 0.121500
vt 0.329755 0.121909
vt 0.319187 0.122824
vt 0.308511 0.126023
vt 0.298313 0.129095
vt 0.412597 0.129098
vt 0.402415 0.126031
vt 0.391752 0.122836
vt 0.381183 0.121927
vt 0.733674 0.705687
vt 0.370845 0.121514
vt 0.360585 0.121333
vt 0.784863 0.735307
vt 0.231970 0.784264
vt 0.715401 0.785080
vt 0.731828 0.744078
vt 0.726866 0.783094
vt 0.748669 0.704197
vt 0.783750 0.740269
vt 0.721225 0.739286
vt 0.748933 0.680820
vt 0.735910 0.775772
vt 0.709630 0.740270
vt 0.765764 0.731780
vt 0.760014 0.658790
vt 0.699992 0.746777
vt 0.161478 0.628684
vt 0.161763 0.615580
vt 0.162070 0.602507
vt 0.162230 0.589550
vt 0.162083 0.578806
vt 0.162498 0.566928
vt 0.161805 0.707733
vt 0.161253 0.694437
vt 0.161070 0.681258
vt 0.161034 0.668097
vt 0.161101 0.654949
vt 0.161254 0.641810
vt 0.769330 0.649843
vt 0.758179 0.724215
vt 0.738751 0.753430
vt 0.704422 0.781230
vt 0.753141 0.669321
vt 0.740237 0.764971
vt 0.774428 0.737137
vt 0.747465 0.692651
vt 0.696756 0.772585
vt 0.694285 0.761251
vt 0.780705 0.643068
vt 0.752345 0.714884
vt 0.155272 0.641721
vt 0.155115 0.654896
vt 0.155041 0.668086
vt 0.155065 0.681300
vt 0.155226 0.694567
vt 0.155624 0.707858
vt 0.142219 0.571755
vt 0.156476 0.580982
vt 0.156410 0.589614
vt 0.156144 0.602373
vt 0.155807 0.615437
vt 0.155506 0.628564
vt 0.130980 0.628011
vt 0.131358 0.614712
vt 0.131892 0.601441
vt 0.132741 0.588319
vt 0.133808 0.577417
vt 0.134811 0.565360
vt 0.130146 0.708234
vt 0.130335 0.694720
vt 0.130366 0.681340
vt 0.130413 0.667987
vt 0.130522 0.654651
vt 0.130707 0.641325
vt 0.287895 0.775355
vt 0.291497 0.766475
vt 0.290260 0.756974
vt 0.284503 0.749313
vt 0.275720 0.745482
vt 0.266188 0.746473
vt 0.257215 0.753588
vt 0.254077 0.762642
vt 0.255805 0.772068
vt 0.261950 0.779420
vt 0.270920 0.782791
vt 0.280386 0.781308
vt 0.733957 0.728599
vt 0.733762 0.659591
vt 0.733612 0.698003
vt 0.733580 0.682625
vt 0.733847 0.721008
vt 0.733854 0.651948
vt 0.733579 0.690315
vt 0.733614 0.674939
vt 0.733756 0.713359
vt 0.733964 0.644362
vt 0.733678 0.667259
vt 0.706899 0.666861
vt 0.722057 0.667128
vt 0.722047 0.705813
vt 0.722446 0.728855
vt 0.722176 0.659429
vt 0.721964 0.698085
vt 0.721923 0.682594
vt 0.722301 0.721193
vt 0.722316 0.651760
vt 0.721921 0.690341
vt 0.721970 0.674853
vt 0.702790 0.643661
vt 0.706878 0.706071
vt 0.707604 0.729068
vt 0.707110 0.659086
vt 0.706743 0.698242
vt 0.706682 0.682533
vt 0.707347 0.721549
vt 0.707378 0.651400
vt 0.706677 0.690390
vt 0.706756 0.674684
vt 0.707083 0.713854
vt 0.707637 0.643891
vt 0.700327 0.643434
vt 0.701705 0.666732
vt 0.701679 0.706194
vt 0.702751 0.729297
vt 0.701957 0.658905
vt 0.701523 0.698314
vt 0.701454 0.682504
vt 0.702268 0.721775
vt 0.702306 0.651172
vt 0.701449 0.690411
vt 0.701539 0.674606
vt 0.701923 0.714031
vt 0.693541 0.714306
vt 0.608087 0.831691
vt 0.699083 0.666661
vt 0.699054 0.706262
vt 0.700283 0.729525
vt 0.699356 0.658800
vt 0.698889 0.698354
vt 0.698817 0.682489
vt 0.699703 0.721919
vt 0.699746 0.651028
vt 0.698810 0.690423
vt 0.698907 0.674562
vt 0.699318 0.714133
vt 0.694744 0.642907
vt 0.587602 0.834160
vt 0.693289 0.666408
vt 0.585164 0.813935
vt 0.693251 0.706507
vt 0.610964 0.824954
vt 0.694691 0.730052
vt 0.594668 0.837178
vt 0.693590 0.658624
vt 0.582286 0.820672
vt 0.693065 0.698367
vt 0.610045 0.817326
vt 0.692991 0.682371
vt 0.598583 0.808448
vt 0.694003 0.722381
vt 0.601941 0.836302
vt 0.694054 0.650564
vt 0.583206 0.828300
vt 0.692979 0.690533
vt 0.605649 0.811466
vt 0.693088 0.674544
vt 0.591310 0.809324
vt 0.587258 0.818812
vt 0.588477 0.828925
vt 0.597844 0.832926
vt 0.605993 0.826814
vt 0.604774 0.816701
vt 0.595406 0.812700
vt 0.695692 0.674505
vt 0.695589 0.690436
vt 0.696606 0.650827
vt 0.696560 0.722120
vt 0.695596 0.682471
vt 0.695673 0.698407
vt 0.696174 0.658660
vt 0.697221 0.729864
vt 0.695848 0.706349
vt 0.695880 0.666569
vt 0.697267 0.643095
vt 0.696132 0.714271
vt 0.360602 0.119421
vt 0.370897 0.119594
vt 0.381289 0.119978
vt 0.392040 0.120778
vt 0.403136 0.124179
vt 0.412959 0.127210
vt 0.297950 0.127204
vt 0.307790 0.124167
vt 0.318900 0.120765
vt 0.329648 0.119962
vt 0.340031 0.119581
vt 0.350327 0.119418
vt 0.741955 0.690297
vt 0.278979 0.778096
vt 0.741988 0.697952
vt 0.271277 0.779303
vt 0.742048 0.705610
vt 0.263979 0.776560
vt 0.742123 0.713272
vt 0.258979 0.770578
vt 0.742190 0.720940
vt 0.257573 0.762909
vt 0.742156 0.728603
vt 0.260127 0.755543
vt 0.742156 0.644358
vt 0.267428 0.749755
vt 0.742189 0.652016
vt 0.275182 0.748948
vt 0.742123 0.659678
vt 0.282328 0.752065
vt 0.742048 0.667336
vt 0.287012 0.758297
vt 0.741988 0.674991
vt 0.288020 0.766028
vt 0.741955 0.682644
vt 0.285088 0.773252
vt 0.738182 0.667301
vt 0.738362 0.644433
vt 0.738256 0.713311
vt 0.738121 0.674967
vt 0.738088 0.690305
vt 0.738331 0.651993
vt 0.738328 0.720963
vt 0.738089 0.682636
vt 0.738120 0.697975
vt 0.738258 0.659639
vt 0.738359 0.728528
vt 0.738180 0.705645
vt 0.711159 0.643931
vt 0.710730 0.713751
vt 0.710443 0.674733
vt 0.710373 0.690377
vt 0.710973 0.651515
vt 0.710946 0.721435
vt 0.710377 0.682550
vt 0.710432 0.698197
vt 0.710753 0.659191
vt 0.711130 0.729028
vt 0.710553 0.705995
vt 0.710571 0.666939
vt 0.350325 0.008903
vt 0.350314 0.117625
vt 0.339680 0.008817
vt 0.339987 0.117780
vt 0.328984 0.008650
vt 0.329558 0.118131
vt 0.318068 0.008213
vt 0.318893 0.118797
vt 0.307013 0.004823
vt 0.297417 0.124112
vt 0.191505 0.666366
vt 0.296681 0.002325
vt 0.405352 0.008053
vt 0.172434 0.555675
vt 0.414504 0.002709
vt 0.311023 0.118600
vt 0.205698 0.664014
vt 0.404184 0.005138
vt 0.296562 0.005472
vt 0.191515 0.555037
vt 0.393139 0.008453
vt 0.392047 0.118811
vt 0.382258 0.008825
vt 0.381379 0.118145
vt 0.371589 0.008924
vt 0.370943 0.117792
vt 0.360955 0.008939
vt 0.360617 0.117628
vt 0.200912 0.664284
vt 0.191463 0.664862
vt 0.181986 0.664847
vt 0.172530 0.664238
vt 0.400949 0.010780
vt 0.167757 0.557375
vt 0.305824 0.007738
vt 0.201039 0.555720
vt 0.404316 0.121294
vt 0.172416 0.665669
vt 0.414604 0.005849
vt 0.181950 0.555023
vt 0.306608 0.121278
vt 0.201021 0.665713
vt 0.413492 0.124124
vt 0.181940 0.666352
vt 0.413211 0.125786
vt 0.307219 0.122882
vt 0.414553 0.004160
vt 0.403706 0.122895
vt 0.306438 0.006116
vt 0.399167 0.010005
vt 0.296623 0.003780
vt 0.312817 0.119363
vt 0.404749 0.006431
vt 0.297698 0.125777
vt 0.312012 0.009732
vt 0.313588 0.104377
vt 0.398118 0.119380
vt 0.398032 0.024997
vt 0.399909 0.118620
vt 0.167741 0.663952
vt 0.399718 0.025041
vt 0.167975 0.571296
vt 0.172543 0.557105
vt 0.173061 0.650169
vt 0.181992 0.556527
vt 0.182245 0.650325
vt 0.191469 0.556541
vt 0.191233 0.650329
vt 0.200925 0.557151
vt 0.200424 0.650190
vt 0.360953 0.010758
vt 0.360708 0.103903
vt 0.371597 0.010747
vt 0.371204 0.104006
vt 0.382287 0.010663
vt 0.381775 0.104194
vt 0.393075 0.010388
vt 0.392228 0.104387
vt 0.310221 0.010498
vt 0.205714 0.557437
vt 0.311906 0.104372
vt 0.205480 0.650092
vt 0.318120 0.010156
vt 0.318712 0.104342
vt 0.328943 0.010493
vt 0.329166 0.104157
vt 0.339660 0.010642
vt 0.339739 0.103988
vt 0.350315 0.010723
vt 0.350236 0.103896
vt 0.698358 0.714173
vt 0.699410 0.643331
vt 0.698118 0.666634
vt 0.698088 0.706287
vt 0.699365 0.729629
vt 0.698398 0.658759
vt 0.697919 0.698369
vt 0.697847 0.682484
vt 0.698758 0.721977
vt 0.698802 0.650970
vt 0.697839 0.690427
vt 0.697939 0.674546
vt 0.722163 0.713518
vt 0.722463 0.644105
vt 0.155630 0.565074
vt 0.140026 0.565127
vt 0.158794 0.566192
vt 0.156237 0.560627
vt 0.157314 0.559219
vt 0.160600 0.567969
vt 0.137986 0.566726
vt 0.141322 0.576276
vt 0.156394 0.576991
vt 0.148851 0.577311
vt 0.142392 0.558289
vt 0.149953 0.557214
vt 0.143288 0.559828
vt 0.149837 0.559128
vt 0.143351 0.564364
vt 0.149508 0.564642
vt 0.138649 0.628195
vt 0.147130 0.628387
vt 0.139010 0.614963
vt 0.147460 0.615217
vt 0.139496 0.601801
vt 0.147868 0.602131
vt 0.140178 0.588973
vt 0.148337 0.589414
vt 0.140819 0.580287
vt 0.148686 0.580966
vt 0.155952 0.572451
vt 0.149073 0.572741
vt 0.138076 0.708164
vt 0.146901 0.708053
vt 0.138091 0.694740
vt 0.146715 0.694695
vt 0.138079 0.681351
vt 0.146626 0.681340
vt 0.138109 0.668028
vt 0.146628 0.668063
vt 0.138208 0.654734
vt 0.146713 0.654819
vt 0.138386 0.641456
vt 0.146881 0.641593
vt 0.783484 0.649609
vt 0.241833 0.780048
vt 0.773597 0.655345
vt 0.247984 0.771844
vt 0.765121 0.663242
vt 0.249265 0.761195
vt 0.754646 0.703032
vt 0.216610 0.748323
vt 0.753723 0.692662
vt 0.226473 0.744108
vt 0.759067 0.672231
vt 0.245235 0.751767
vt 0.757679 0.712287
vt 0.210459 0.756527
vt 0.755137 0.682485
vt 0.236653 0.745333
vt 0.762783 0.720734
vt 0.209178 0.767177
vt 0.769205 0.727344
vt 0.213208 0.776605
vt 0.776908 0.732383
vt 0.221790 0.783039
vt 0.775902 0.734209
vt 0.767899 0.729094
vt 0.760941 0.722042
vt 0.752728 0.681762
vt 0.755616 0.713358
vt 0.756717 0.671150
vt 0.751271 0.692720
vt 0.752293 0.703419
vt 0.763174 0.661441
vt 0.771870 0.653233
vt 0.782452 0.647040
vt 0.784476 0.737265
vt 0.242394 0.758556
vt 0.240684 0.772779
vt 0.227511 0.778409
vt 0.216048 0.769816
vt 0.217759 0.755593
vt 0.230932 0.749963
vt 0.350252 0.024807
vt 0.350201 0.051131
vt 0.350192 0.077889
vt 0.339555 0.024765
vt 0.339535 0.051128
vt 0.339580 0.077908
vt 0.328814 0.024714
vt 0.328860 0.051145
vt 0.328953 0.077954
vt 0.318236 0.024707
vt 0.318397 0.051186
vt 0.318524 0.078013
vt 0.311376 0.024814
vt 0.205438 0.571332
vt 0.311609 0.051222
vt 0.205229 0.597381
vt 0.311750 0.078052
vt 0.205262 0.623976
vt 0.392884 0.024913
vt 0.392623 0.051312
vt 0.392435 0.078085
vt 0.382338 0.024864
vt 0.382181 0.051241
vt 0.382021 0.078012
vt 0.371617 0.024852
vt 0.371522 0.051188
vt 0.371404 0.077946
vt 0.360931 0.024836
vt 0.360862 0.051151
vt 0.360796 0.077902
vt 0.200394 0.571220
vt 0.200200 0.597373
vt 0.200227 0.623994
vt 0.191210 0.571064
vt 0.191132 0.597365
vt 0.191154 0.624017
vt 0.182222 0.571060
vt 0.182301 0.597372
vt 0.182323 0.624024
vt 0.173031 0.571199
vt 0.173228 0.597395
vt 0.173255 0.624016
vt 0.399032 0.104406
vt 0.168017 0.650057
vt 0.399195 0.078133
vt 0.168226 0.624008
vt 0.399395 0.051368
vt 0.168193 0.597413
vt 0.397349 0.104412
vt 0.397527 0.078121
vt 0.397724 0.051354
vt 0.313071 0.024777
vt 0.313284 0.051213
vt 0.313423 0.078043
vt 0.181044 0.823381
vt 0.181839 0.823381
vt 0.182635 0.823381
vt 0.183431 0.823381
vt 0.184227 0.823381
vt 0.177065 0.823381
vt 0.177861 0.823381
vt 0.178657 0.823381
vt 0.179452 0.823381
vt 0.180248 0.823381
vt 0.181044 0.816083
vt 0.181839 0.816083
vt 0.182635 0.816083
vt 0.183431 0.816083
vt 0.184227 0.816083
vt 0.177065 0.816083
vt 0.177861 0.816083
vt 0.178657 0.816083
vt 0.179452 0.816083
vt 0.180248 0.816083
vt 0.181044 0.808786
vt 0.181839 0.808786
vt 0.182635 0.808786
vt 0.183431 0.808786
vt 0.184227 0.808786
vt 0.177065 0.808786
vt 0.177861 0.808786
vt 0.178657 0.808786
vt 0.179452 0.808786
vt 0.180248 0.808786
vt 0.181044 0.801489
vt 0.181839 0.801489
vt 0.182635 0.801489
vt 0.183431 0.801489
vt 0.184227 0.801489
vt 0.177065 0.801489
vt 0.177861 0.801489
vt 0.178657 0.801489
vt 0.179452 0.801489
vt 0.180248 0.801489
vt 0.181044 0.794191
vt 0.181839 0.794191
vt 0.182635 0.794191
vt 0.183431 0.794191
vt 0.184227 0.794191
vt 0.177065 0.794191
vt 0.177861 0.794191
vt 0.178657 0.794191
vt 0.179452 0.794191
vt 0.180248 0.794191
vt 0.181044 0.786894
vt 0.181839 0.786894
vt 0.182635 0.786894
vt 0.183431 0.786894
vt 0.184227 0.786894
vt 0.177065 0.786894
vt 0.177861 0.786894
vt 0.178657 0.786894
vt 0.179452 0.786894
vt 0.180248 0.786894
vt 0.181044 0.779597
vt 0.181839 0.779597
vt 0.182635 0.779597
vt 0.183431 0.779597
vt 0.184227 0.779597
vt 0.177065 0.779597
vt 0.177861 0.779597
vt 0.178657 0.779597
vt 0.179452 0.779597
vt 0.180248 0.779597
vt 0.181044 0.772299
vt 0.181839 0.772299
vt 0.182635 0.772299
vt 0.183431 0.772299
vt 0.184227 0.772299
vt 0.177065 0.772299
vt 0.177861 0.772299
vt 0.178657 0.772299
vt 0.179452 0.772299
vt 0.180248 0.772299
vt 0.181044 0.765002
vt 0.181839 0.765002
vt 0.182635 0.765002
vt 0.183431 0.765002
vt 0.184227 0.765002
vt 0.177065 0.765002
vt 0.177861 0.765002
vt 0.178657 0.765002
vt 0.179452 0.765002
vt 0.180248 0.765002
vt 0.181044 0.757705
vt 0.181044 0.889057
vt 0.181839 0.757705
vt 0.181839 0.889057
vt 0.182635 0.757705
vt 0.182635 0.889057
vt 0.183431 0.757705
vt 0.183431 0.889057
vt 0.184227 0.757705
vt 0.177065 0.757705
vt 0.184227 0.889057
vt 0.177065 0.889057
vt 0.177861 0.757705
vt 0.177861 0.889057
vt 0.178657 0.757705
vt 0.178657 0.889057
vt 0.179452 0.757705
vt 0.179452 0.889057
vt 0.180248 0.757705
vt 0.180248 0.889057
vt 0.181044 0.881760
vt 0.181839 0.881760
vt 0.182635 0.881760
vt 0.183431 0.881760
vt 0.184227 0.881760
vt 0.177065 0.881760
vt 0.177861 0.881760
vt 0.178657 0.881760
vt 0.179452 0.881760
vt 0.180248 0.881760
vt 0.181044 0.874462
vt 0.181839 0.874462
vt 0.182635 0.874462
vt 0.183431 0.874462
vt 0.184227 0.874462
vt 0.177065 0.874462
vt 0.177861 0.874462
vt 0.178657 0.874462
vt 0.179452 0.874462
vt 0.180248 0.874462
vt 0.181044 0.867165
vt 0.181839 0.867165
vt 0.182635 0.867165
vt 0.183431 0.867165
vt 0.184227 0.867165
vt 0.177065 0.867165
vt 0.177861 0.867165
vt 0.178657 0.867165
vt 0.179452 0.867165
vt 0.180248 0.867165
vt 0.181044 0.859868
vt 0.181839 0.859868
vt 0.182635 0.859868
vt 0.183431 0.859868
vt 0.184227 0.859868
vt 0.177065 0.859868
vt 0.177861 0.859868
vt 0.178657 0.859868
vt 0.179452 0.859868
vt 0.180248 0.859868
vt 0.181044 0.852570
vt 0.181839 0.852570
vt 0.182635 0.852570
vt 0.183431 0.852570
vt 0.184227 0.852570
vt 0.177065 0.852570
vt 0.177861 0.852570
vt 0.178657 0.852570
vt 0.179452 0.852570
vt 0.180248 0.852570
vt 0.181044 0.845273
vt 0.181839 0.845273
vt 0.182635 0.845273
vt 0.183431 0.845273
vt 0.184227 0.845273
vt 0.177065 0.845273
vt 0.177861 0.845273
vt 0.178657 0.845273
vt 0.179452 0.845273
vt 0.180248 0.845273
vt 0.181044 0.837976
vt 0.181839 0.837976
vt 0.182635 0.837976
vt 0.183431 0.837976
vt 0.184227 0.837976
vt 0.177065 0.837976
vt 0.177861 0.837976
vt 0.178657 0.837976
vt 0.179452 0.837976
vt 0.180248 0.837976
vt 0.181044 0.830678
vt 0.181839 0.830678
vt 0.182635 0.830678
vt 0.183431 0.830678
vt 0.184227 0.830678
vt 0.177065 0.830678
vt 0.177861 0.830678
vt 0.178657 0.830678
vt 0.179452 0.830678
vt 0.180248 0.830678
vt 0.870732 0.839434
vt 0.871528 0.839434
vt 0.872324 0.839434
vt 0.873120 0.839434
vt 0.873915 0.839434
vt 0.866754 0.839434
vt 0.867550 0.839434
vt 0.868345 0.839434
vt 0.869141 0.839434
vt 0.869937 0.839434
vt 0.870732 0.832137
vt 0.871528 0.832137
vt 0.872324 0.832137
vt 0.873120 0.832137
vt 0.873915 0.832137
vt 0.866754 0.832137
vt 0.867550 0.832137
vt 0.868345 0.832137
vt 0.869141 0.832137
vt 0.869937 0.832137
vt 0.870732 0.824839
vt 0.871528 0.824839
vt 0.872324 0.824839
vt 0.873120 0.824839
vt 0.873915 0.824839
vt 0.866754 0.824839
vt 0.867550 0.824839
vt 0.868345 0.824839
vt 0.869141 0.824839
vt 0.869937 0.824839
vt 0.870732 0.817542
vt 0.871528 0.817542
vt 0.872324 0.817542
vt 0.873120 0.817542
vt 0.873915 0.817542
vt 0.866754 0.817542
vt 0.867550 0.817542
vt 0.868345 0.817542
vt 0.869141 0.817542
vt 0.869937 0.817542
vt 0.870732 0.810245
vt 0.871528 0.810245
vt 0.872324 0.810245
vt 0.873120 0.810245
vt 0.873915 0.810245
vt 0.866754 0.810245
vt 0.867550 0.810245
vt 0.868345 0.810245
vt 0.869141 0.810245
vt 0.869937 0.810245
vt 0.870732 0.802947
vt 0.871528 0.802947
vt 0.872324 0.802947
vt 0.873120 0.802947
vt 0.873915 0.802947
vt 0.866754 0.802947
vt 0.867550 0.802947
vt 0.868345 0.802947
vt 0.869141 0.802947
vt 0.869937 0.802947
vt 0.870732 0.795650
vt 0.871528 0.795650
vt 0.872324 0.795650
vt 0.873120 0.795650
vt 0.873915 0.795650
vt 0.866754 0.795650
vt 0.867550 0.795650
vt 0.868345 0.795650
vt 0.869141 0.795650
vt 0.869937 0.795650
vt 0.870732 0.788353
vt 0.871528 0.788353
vt 0.872324 0.788353
vt 0.873120 0.788353
vt 0.873915 0.788353
vt 0.866754 0.788353
vt 0.867550 0.788353
vt 0.868345 0.788353
vt 0.869141 0.788353
vt 0.869937 0.788353
vt 0.870732 0.781056
vt 0.871528 0.781056
vt 0.872324 0.781056
vt 0.873120 0.781056
vt 0.873915 0.781056
vt 0.866754 0.781056
vt 0.867550 0.781056
vt 0.868345 0.781056
vt 0.869141 0.781056
vt 0.869937 0.781056
vt 0.870732 0.773758
vt 0.870732 0.905110
vt 0.871528 0.773758
vt 0.871528 0.905110
vt 0.872324 0.773758
vt 0.872324 0.905110
vt 0.873119 0.773758
vt 0.873119 0.905110
vt 0.873915 0.773758
vt 0.866754 0.773758
vt 0.873915 0.905110
vt 0.866754 0.905110
vt 0.867550 0.773758
vt 0.867550 0.905110
vt 0.868345 0.773758
vt 0.868345 0.905110
vt 0.869141 0.773758
vt 0.869141 0.905110
vt 0.869937 0.773758
vt 0.869937 0.905110
vt 0.870732 0.897813
vt 0.871528 0.897813
vt 0.872324 0.897813
vt 0.873120 0.897813
vt 0.873915 0.897813
vt 0.866754 0.897813
vt 0.867550 0.897813
vt 0.868345 0.897813
vt 0.869141 0.897813
vt 0.869937 0.897813
vt 0.870732 0.890515
vt 0.871528 0.890515
vt 0.872324 0.890515
vt 0.873120 0.890515
vt 0.873915 0.890515
vt 0.866754 0.890515
vt 0.867550 0.890515
vt 0.868345 0.890515
vt 0.869141 0.890515
vt 0.869937 0.890515
vt 0.870732 0.883218
vt 0.871528 0.883218
vt 0.872324 0.883218
vt 0.873120 0.883218
vt 0.873915 0.883218
vt 0.866754 0.883218
vt 0.867550 0.883218
vt 0.868345 0.883218
vt 0.869141 0.883218
vt 0.869937 0.883218
vt 0.870732 0.875921
vt 0.871528 0.875921
vt 0.872324 0.875921
vt 0.873120 0.875921
vt 0.873915 0.875921
vt 0.866754 0.875921
vt 0.867550 0.875921
vt 0.868345 0.875921
vt 0.869141 0.875921
vt 0.869937 0.875921
vt 0.870732 0.868623
vt 0.871528 0.868623
vt 0.872324 0.868623
vt 0.873120 0.868623
vt 0.873915 0.868623
vt 0.866754 0.868623
vt 0.867550 0.868623
vt 0.868345 0.868623
vt 0.869141 0.868623
vt 0.869937 0.868623
vt 0.870732 0.861326
vt 0.871528 0.861326
vt 0.872324 0.861326
vt 0.873120 0.861326
vt 0.873915 0.861326
vt 0.866754 0.861326
vt 0.867550 0.861326
vt 0.868345 0.861326
vt 0.869141 0.861326
vt 0.869937 0.861326
vt 0.870732 0.854029
vt 0.871528 0.854029
vt 0.872324 0.854029
vt 0.873120 0.854029
vt 0.873915 0.854029
vt 0.866754 0.854029
vt 0.867550 0.854029
vt 0.868345 0.854029
vt 0.869141 0.854029
vt 0.869937 0.854029
vt 0.870732 0.846731
vt 0.871528 0.846731
vt 0.872324 0.846731
vt 0.873120 0.846731
vt 0.873915 0.846731
vt 0.866754 0.846731
vt 0.867550 0.846731
vt 0.868345 0.846731
vt 0.869141 0.846731
vt 0.869937 0.846731
vt 0.191647 0.823381
vt 0.192443 0.823381
vt 0.193238 0.823381
vt 0.194034 0.823381
vt 0.194830 0.823381
vt 0.187668 0.823381
vt 0.188464 0.823381
vt 0.189260 0.823381
vt 0.190055 0.823381
vt 0.190851 0.823381
vt 0.191647 0.816083
vt 0.192443 0.816083
vt 0.193238 0.816083
vt 0.194034 0.816083
vt 0.194830 0.816083
vt 0.187668 0.816083
vt 0.188464 0.816083
vt 0.189260 0.816083
vt 0.190055 0.816083
vt 0.190851 0.816083
vt 0.191647 0.808786
vt 0.192443 0.808786
vt 0.193238 0.808786
vt 0.194034 0.808786
vt 0.194830 0.808786
vt 0.187668 0.808786
vt 0.188464 0.808786
vt 0.189260 0.808786
vt 0.190055 0.808786
vt 0.190851 0.808786
vt 0.191647 0.801489
vt 0.192443 0.801489
vt 0.193238 0.801489
vt 0.194034 0.801489
vt 0.194830 0.801489
vt 0.187668 0.801489
vt 0.188464 0.801489
vt 0.189260 0.801489
vt 0.190055 0.801489
vt 0.190851 0.801489
vt 0.191647 0.794191
vt 0.192443 0.794191
vt 0.193238 0.794191
vt 0.194034 0.794191
vt 0.194830 0.794191
vt 0.187668 0.794191
vt 0.188464 0.794191
vt 0.189260 0.794191
vt 0.190055 0.794191
vt 0.190851 0.794191
vt 0.191647 0.786894
vt 0.192443 0.786894
vt 0.193238 0.786894
vt 0.194034 0.786894
vt 0.194830 0.786894
vt 0.187668 0.786894
vt 0.188464 0.786894
vt 0.189260 0.786894
vt 0.190055 0.786894
vt 0.190851 0.786894
vt 0.191647 0.779597
vt 0.192443 0.779597
vt 0.193238 0.779597
vt 0.194034 0.779597
vt 0.194830 0.779597
vt 0.187668 0.779597
vt 0.188464 0.779597
vt 0.189260 0.779597
vt 0.190055 0.779597
vt 0.190851 0.779597
vt 0.191647 0.772299
vt 0.192443 0.772299
vt 0.193238 0.772299
vt 0.194034 0.772299
vt 0.194830 0.772299
vt 0.187668 0.772299
vt 0.188464 0.772299
vt 0.189260 0.772299
vt 0.190055 0.772299
vt 0.190851 0.772299
vt 0.191647 0.765002
vt 0.192443 0.765002
vt 0.193238 0.765002
vt 0.194034 0.765002
vt 0.194830 0.765002
vt 0.187668 0.765002
vt 0.188464 0.765002
vt 0.189260 0.765002
vt 0.190055 0.765002
vt 0.190851 0.765002
vt 0.191647 0.757705
vt 0.191647 0.889057
vt 0.192443 0.757705
vt 0.192443 0.889057
vt 0.193238 0.757705
vt 0.193238 0.889057
vt 0.194034 0.757705
vt 0.194034 0.889057
vt 0.194830 0.757705
vt 0.187668 0.757705
vt 0.194830 0.889057
vt 0.187668 0.889057
vt 0.188464 0.757705
vt 0.188464 0.889057
vt 0.189260 0.757705
vt 0.189260 0.889057
vt 0.190055 0.757705
vt 0.190055 0.889057
vt 0.190851 0.757705
vt 0.190851 0.889057
vt 0.191647 0.881759
vt 0.192443 0.881759
vt 0.193238 0.881759
vt 0.194034 0.881759
vt 0.194830 0.881760
vt 0.187668 0.881760
vt 0.188464 0.881759
vt 0.189260 0.881759
vt 0.190055 0.881759
vt 0.190851 0.881759
vt 0.191647 0.874462
vt 0.192443 0.874462
vt 0.193238 0.874462
vt 0.194034 0.874462
vt 0.194830 0.874462
vt 0.187668 0.874462
vt 0.188464 0.874462
vt 0.189260 0.874462
vt 0.190055 0.874462
vt 0.190851 0.874462
vt 0.191647 0.867165
vt 0.192443 0.867165
vt 0.193238 0.867165
vt 0.194034 0.867165
vt 0.194830 0.867165
vt 0.187668 0.867165
vt 0.188464 0.867165
vt 0.189260 0.867165
vt 0.190055 0.867165
vt 0.190851 0.867165
vt 0.191647 0.859868
vt 0.192443 0.859868
vt 0.193238 0.859868
vt 0.194034 0.859868
vt 0.194830 0.859867
vt 0.187668 0.859867
vt 0.188464 0.859868
vt 0.189260 0.859868
vt 0.190055 0.859868
vt 0.190851 0.859868
vt 0.191647 0.852570
vt 0.192443 0.852570
vt 0.193238 0.852570
vt 0.194034 0.852570
vt 0.194830 0.852570
vt 0.187668 0.852570
vt 0.188464 0.852570
vt 0.189260 0.852570
vt 0.190055 0.852570
vt 0.190851 0.852570
vt 0.191647 0.845273
vt 0.192443 0.845273
vt 0.193238 0.845273
vt 0.194034 0.845273
vt 0.194830 0.845273
vt 0.187668 0.845273
vt 0.188464 0.845273
vt 0.189260 0.845273
vt 0.190055 0.845273
vt 0.190851 0.845273
vt 0.191647 0.837976
vt 0.192443 0.837976
vt 0.193238 0.837976
vt 0.194034 0.837976
vt 0.194830 0.837976
vt 0.187668 0.837976
vt 0.188464 0.837976
vt 0.189260 0.837976
vt 0.190055 0.837976
vt 0.190851 0.837976
vt 0.191647 0.830678
vt 0.192443 0.830678
vt 0.193238 0.830678
vt 0.194034 0.830678
vt 0.194830 0.830678
vt 0.187668 0.830678
vt 0.188464 0.830678
vt 0.189260 0.830678
vt 0.190055 0.830678
vt 0.190851 0.830678
vt 0.202250 0.823381
vt 0.203046 0.823381
vt 0.203841 0.823381
vt 0.204637 0.823381
vt 0.205433 0.823381
vt 0.198271 0.823381
vt 0.199067 0.823381
vt 0.199863 0.823381
vt 0.200659 0.823381
vt 0.201454 0.823381
vt 0.202250 0.816083
vt 0.203046 0.816083
vt 0.203841 0.816083
vt 0.204637 0.816083
vt 0.205433 0.816083
vt 0.198271 0.816083
vt 0.199067 0.816083
vt 0.199863 0.816083
vt 0.200659 0.816083
vt 0.201454 0.816083
vt 0.202250 0.808786
vt 0.203046 0.808786
vt 0.203841 0.808786
vt 0.204637 0.808786
vt 0.205433 0.808786
vt 0.198271 0.808786
vt 0.199067 0.808786
vt 0.199863 0.808786
vt 0.200659 0.808786
vt 0.201454 0.808786
vt 0.202250 0.801489
vt 0.203046 0.801489
vt 0.203841 0.801489
vt 0.204637 0.801489
vt 0.205433 0.801489
vt 0.198271 0.801489
vt 0.199067 0.801489
vt 0.199863 0.801489
vt 0.200659 0.801489
vt 0.201454 0.801489
vt 0.202250 0.794191
vt 0.203046 0.794191
vt 0.203841 0.794191
vt 0.204637 0.794191
vt 0.205433 0.794191
vt 0.198271 0.794191
vt 0.199067 0.794191
vt 0.199863 0.794191
vt 0.200659 0.794191
vt 0.201454 0.794191
vt 0.202250 0.786894
vt 0.203046 0.786894
vt 0.203841 0.786894
vt 0.204637 0.786894
vt 0.205433 0.786894
vt 0.198271 0.786894
vt 0.199067 0.786894
vt 0.199863 0.786894
vt 0.200659 0.786894
vt 0.201454 0.786894
vt 0.202250 0.779597
vt 0.203046 0.779597
vt 0.203841 0.779597
vt 0.204637 0.779597
vt 0.205433 0.779597
vt 0.198271 0.779597
vt 0.199067 0.779597
vt 0.199863 0.779597
vt 0.200659 0.779597
vt 0.201454 0.779597
vt 0.202250 0.772299
vt 0.203046 0.772299
vt 0.203841 0.772299
vt 0.204637 0.772299
vt 0.205433 0.772299
vt 0.198271 0.772299
vt 0.199067 0.772299
vt 0.199863 0.772299
vt 0.200659 0.772299
vt 0.201454 0.772299
vt 0.202250 0.765002
vt 0.203046 0.765002
vt 0.203841 0.765002
vt 0.204637 0.765002
vt 0.205433 0.765002
vt 0.198271 0.765002
vt 0.199067 0.765002
vt 0.199863 0.765002
vt 0.200659 0.765002
vt 0.201454 0.765002
vt 0.202250 0.757705
vt 0.202250 0.889057
vt 0.203046 0.757705
vt 0.203046 0.889057
vt 0.203841 0.757705
vt 0.203841 0.889057
vt 0.204637 0.757705
vt 0.204637 0.889057
vt 0.205433 0.757705
vt 0.198271 0.757705
vt 0.205433 0.889057
vt 0.198271 0.889057
vt 0.199067 0.757705
vt 0.199067 0.889057
vt 0.199863 0.757705
vt 0.199863 0.889057
vt 0.200659 0.757705
vt 0.200659 0.889057
vt 0.201454 0.757705
vt 0.201454 0.889057
vt 0.202250 0.881760
vt 0.203046 0.881760
vt 0.203841 0.881760
vt 0.204637 0.881760
vt 0.205433 0.881760
vt 0.198271 0.881760
vt 0.199067 0.881760
vt 0.199863 0.881760
vt 0.200659 0.881760
vt 0.201454 0.881760
vt 0.202250 0.874462
vt 0.203046 0.874462
vt 0.203841 0.874462
vt 0.204637 0.874462
vt 0.205433 0.874462
vt 0.198271 0.874462
vt 0.199067 0.874462
vt 0.199863 0.874462
vt 0.200659 0.874462
vt 0.201454 0.874462
vt 0.202250 0.867165
vt 0.203046 0.867165
vt 0.203841 0.867165
vt 0.204637 0.867165
vt 0.205433 0.867165
vt 0.198271 0.867165
vt 0.199067 0.867165
vt 0.199863 0.867165
vt 0.200659 0.867165
vt 0.201454 0.867165
vt 0.202250 0.859867
vt 0.203046 0.859867
vt 0.203841 0.859867
vt 0.204637 0.859867
vt 0.205433 0.859868
vt 0.198271 0.859868
vt 0.199067 0.859867
vt 0.199863 0.859867
vt 0.200659 0.859867
vt 0.201454 0.859867
vt 0.202250 0.852570
vt 0.203046 0.852570
vt 0.203841 0.852570
vt 0.204637 0.852570
vt 0.205433 0.852570
vt 0.198271 0.852570
vt 0.199067 0.852570
vt 0.199863 0.852570
vt 0.200659 0.852570
vt 0.201454 0.852570
vt 0.202250 0.845273
vt 0.203046 0.845273
vt 0.203841 0.845273
vt 0.204637 0.845273
vt 0.205433 0.845273
vt 0.198271 0.845273
vt 0.199067 0.845273
vt 0.199863 0.845273
vt 0.200659 0.845273
vt 0.201454 0.845273
vt 0.202250 0.837975
vt 0.203046 0.837975
vt 0.203841 0.837975
vt 0.204637 0.837975
vt 0.205433 0.837975
vt 0.198271 0.837975
vt 0.199067 0.837975
vt 0.199863 0.837975
vt 0.200659 0.837975
vt 0.201454 0.837975
vt 0.202250 0.830678
vt 0.203046 0.830678
vt 0.203841 0.830678
vt 0.204637 0.830678
vt 0.205433 0.830678
vt 0.198271 0.830678
vt 0.199067 0.830678
vt 0.199863 0.830678
vt 0.200659 0.830678
vt 0.201454 0.830678
vt 0.881336 0.704640
vt 0.882131 0.704640
vt 0.882927 0.704640
vt 0.883723 0.704640
vt 0.884519 0.704640
vt 0.877357 0.704640
vt 0.878153 0.704640
vt 0.878949 0.704640
vt 0.879744 0.704640
vt 0.880540 0.704640
vt 0.881336 0.697343
vt 0.882131 0.697343
vt 0.882927 0.697343
vt 0.883723 0.697343
vt 0.884519 0.697343
vt 0.877357 0.697343
vt 0.878153 0.697343
vt 0.878949 0.697343
vt 0.879744 0.697343
vt 0.880540 0.697343
vt 0.881336 0.690045
vt 0.882131 0.690045
vt 0.882927 0.690045
vt 0.883723 0.690045
vt 0.884519 0.690045
vt 0.877357 0.690045
vt 0.878153 0.690045
vt 0.878949 0.690045
vt 0.879744 0.690045
vt 0.880540 0.690045
vt 0.881336 0.682748
vt 0.882131 0.682748
vt 0.882927 0.682748
vt 0.883723 0.682748
vt 0.884519 0.682748
vt 0.877357 0.682748
vt 0.878153 0.682748
vt 0.878949 0.682748
vt 0.879744 0.682748
vt 0.880540 0.682748
vt 0.881336 0.675451
vt 0.882131 0.675451
vt 0.882927 0.675451
vt 0.883723 0.675451
vt 0.884519 0.675451
vt 0.877357 0.675451
vt 0.878153 0.675451
vt 0.878949 0.675451
vt 0.879744 0.675451
vt 0.880540 0.675451
vt 0.881336 0.668153
vt 0.882131 0.668153
vt 0.882927 0.668153
vt 0.883723 0.668153
vt 0.884519 0.668153
vt 0.877357 0.668153
vt 0.878153 0.668153
vt 0.878949 0.668153
vt 0.879744 0.668153
vt 0.880540 0.668153
vt 0.881336 0.660856
vt 0.882131 0.660856
vt 0.882927 0.660856
vt 0.883723 0.660856
vt 0.884519 0.660856
vt 0.877357 0.660856
vt 0.878153 0.660856
vt 0.878949 0.660856
vt 0.879744 0.660856
vt 0.880540 0.660856
vt 0.881336 0.653559
vt 0.882131 0.653559
vt 0.882927 0.653559
vt 0.883723 0.653559
vt 0.884519 0.653559
vt 0.877357 0.653559
vt 0.878153 0.653559
vt 0.878949 0.653559
vt 0.879744 0.653559
vt 0.880540 0.653559
vt 0.881336 0.646261
vt 0.882131 0.646261
vt 0.882927 0.646261
vt 0.883723 0.646261
vt 0.884519 0.646261
vt 0.877357 0.646261
vt 0.878153 0.646261
vt 0.878949 0.646261
vt 0.879744 0.646261
vt 0.880540 0.646261
vt 0.881336 0.638964
vt 0.881336 0.770316
vt 0.882131 0.638964
vt 0.882131 0.770316
vt 0.882927 0.638964
vt 0.882927 0.770316
vt 0.883723 0.638964
vt 0.883723 0.770316
vt 0.884519 0.638964
vt 0.877357 0.638964
vt 0.884519 0.770316
vt 0.877357 0.770316
vt 0.878153 0.638964
vt 0.878153 0.770316
vt 0.878949 0.638964
vt 0.878949 0.770316
vt 0.879744 0.638964
vt 0.879744 0.770316
vt 0.880540 0.638964
vt 0.880540 0.770316
vt 0.881336 0.763019
vt 0.882131 0.763019
vt 0.882927 0.763019
vt 0.883723 0.763019
vt 0.884519 0.763019
vt 0.877357 0.763019
vt 0.878153 0.763019
vt 0.878949 0.763019
vt 0.879744 0.763019
vt 0.880540 0.763019
vt 0.881336 0.755722
vt 0.882131 0.755722
vt 0.882927 0.755722
vt 0.883723 0.755722
vt 0.884519 0.755722
vt 0.877357 0.755722
vt 0.878153 0.755722
vt 0.878949 0.755722
vt 0.879744 0.755722
vt 0.880540 0.755722
vt 0.881336 0.748424
vt 0.882131 0.748424
vt 0.882927 0.748424
vt 0.883723 0.748424
vt 0.884519 0.748424
vt 0.877357 0.748424
vt 0.878153 0.748424
vt 0.878949 0.748424
vt 0.879744 0.748424
vt 0.880540 0.748424
vt 0.881336 0.741127
vt 0.882131 0.741127
vt 0.882927 0.741127
vt 0.883723 0.741127
vt 0.884519 0.741127
vt 0.877357 0.741127
vt 0.878153 0.741127
vt 0.878949 0.741127
vt 0.879744 0.741127
vt 0.880540 0.741127
vt 0.881336 0.733829
vt 0.882131 0.733829
vt 0.882927 0.733829
vt 0.883723 0.733829
vt 0.884519 0.733829
vt 0.877357 0.733829
vt 0.878153 0.733829
vt 0.878949 0.733829
vt 0.879744 0.733829
vt 0.880540 0.733829
vt 0.881336 0.726532
vt 0.882131 0.726532
vt 0.882927 0.726532
vt 0.883723 0.726532
vt 0.884519 0.726532
vt 0.877357 0.726532
vt 0.878153 0.726532
vt 0.878949 0.726532
vt 0.879744 0.726532
vt 0.880540 0.726532
vt 0.881336 0.719235
vt 0.882131 0.719235
vt 0.882927 0.719235
vt 0.883723 0.719235
vt 0.884519 0.719235
vt 0.877357 0.719235
vt 0.878153 0.719235
vt 0.878949 0.719235
vt 0.879744 0.719235
vt 0.880540 0.719235
vt 0.881336 0.711938
vt 0.882131 0.711938
vt 0.882927 0.711938
vt 0.883723 0.711938
vt 0.884519 0.711937
vt 0.877357 0.711937
vt 0.878153 0.711938
vt 0.878949 0.711938
vt 0.879744 0.711938
vt 0.880540 0.711938
vt 0.807113 0.704640
vt 0.807909 0.704640
vt 0.808705 0.704640
vt 0.809500 0.704640
vt 0.810296 0.704640
vt 0.803135 0.704640
vt 0.803931 0.704640
vt 0.804726 0.704640
vt 0.805522 0.704640
vt 0.806318 0.704640
vt 0.807113 0.697343
vt 0.807909 0.697343
vt 0.808705 0.697343
vt 0.809500 0.697343
vt 0.810296 0.697343
vt 0.803135 0.697343
vt 0.803931 0.697343
vt 0.804726 0.697343
vt 0.805522 0.697343
vt 0.806318 0.697343
vt 0.807113 0.690045
vt 0.807909 0.690045
vt 0.808705 0.690045
vt 0.809500 0.690045
vt 0.810296 0.690045
vt 0.803135 0.690045
vt 0.803931 0.690045
vt 0.804726 0.690045
vt 0.805522 0.690045
vt 0.806318 0.690045
vt 0.807113 0.682748
vt 0.807909 0.682748
vt 0.808705 0.682748
vt 0.809500 0.682748
vt 0.810296 0.682748
vt 0.803135 0.682748
vt 0.803931 0.682748
vt 0.804726 0.682748
vt 0.805522 0.682748
vt 0.806318 0.682748
vt 0.807113 0.675451
vt 0.807909 0.675451
vt 0.808705 0.675451
vt 0.809500 0.675451
vt 0.810296 0.675451
vt 0.803135 0.675451
vt 0.803931 0.675451
vt 0.804726 0.675451
vt 0.805522 0.675451
vt 0.806318 0.675451
vt 0.807113 0.668153
vt 0.807909 0.668153
vt 0.808705 0.668153
vt 0.809500 0.668153
vt 0.810296 0.668153
vt 0.803135 0.668153
vt 0.803931 0.668153
vt 0.804726 0.668153
vt 0.805522 0.668153
vt 0.806318 0.668153
vt 0.807113 0.660856
vt 0.807909 0.660856
vt 0.808705 0.660856
vt 0.809500 0.660856
vt 0.810296 0.660856
vt 0.803135 0.660856
vt 0.803931 0.660856
vt 0.804726 0.660856
vt 0.805522 0.660856
vt 0.806318 0.660856
vt 0.807113 0.653558
vt 0.807909 0.653558
vt 0.808705 0.653558
vt 0.809500 0.653558
vt 0.810296 0.653558
vt 0.803135 0.653558
vt 0.803931 0.653558
vt 0.804726 0.653558
vt 0.805522 0.653558
vt 0.806318 0.653558
vt 0.807113 0.646261
vt 0.807909 0.646261
vt 0.808705 0.646261
vt 0.809500 0.646261
vt 0.810296 0.646261
vt 0.803135 0.646261
vt 0.803931 0.646261
vt 0.804726 0.646261
vt 0.805522 0.646261
vt 0.806318 0.646261
vt 0.807113 0.638964
vt 0.807113 0.770317
vt 0.807909 0.638964
vt 0.807909 0.770317
vt 0.808705 0.638964
vt 0.808705 0.770317
vt 0.809500 0.638964
vt 0.809500 0.770317
vt 0.810296 0.638964
vt 0.803135 0.638964
vt 0.810296 0.770317
vt 0.803135 0.770317
vt 0.803930 0.638964
vt 0.803930 0.770317
vt 0.804726 0.638964
vt 0.804726 0.770317
vt 0.805522 0.638964
vt 0.805522 0.770317
vt 0.806318 0.638964
vt 0.806318 0.770317
vt 0.807113 0.763019
vt 0.807909 0.763019
vt 0.808705 0.763019
vt 0.809500 0.763019
vt 0.810296 0.763019
vt 0.803135 0.763019
vt 0.803931 0.763019
vt 0.804726 0.763019
vt 0.805522 0.763019
vt 0.806318 0.763019
vt 0.807113 0.755722
vt 0.807909 0.755722
vt 0.808705 0.755722
vt 0.809500 0.755722
vt 0.810296 0.755722
vt 0.803135 0.755722
vt 0.803931 0.755722
vt 0.804726 0.755722
vt 0.805522 0.755722
vt 0.806318 0.755722
vt 0.807113 0.748424
vt 0.807909 0.748424
vt 0.808705 0.748424
vt 0.809500 0.748424
vt 0.810296 0.748424
vt 0.803135 0.748424
vt 0.803931 0.748424
vt 0.804726 0.748424
vt 0.805522 0.748424
vt 0.806318 0.748424
vt 0.807113 0.741127
vt 0.807909 0.741127
vt 0.808705 0.741127
vt 0.809500 0.741127
vt 0.810296 0.741127
vt 0.803135 0.741127
vt 0.803931 0.741127
vt 0.804726 0.741127
vt 0.805522 0.741127
vt 0.806318 0.741127
vt 0.807113 0.733830
vt 0.807909 0.733830
vt 0.808705 0.733830
vt 0.809500 0.733830
vt 0.810296 0.733830
vt 0.803135 0.733830
vt 0.803931 0.733830
vt 0.804726 0.733830
vt 0.805522 0.733830
vt 0.806318 0.733830
vt 0.807113 0.726532
vt 0.807909 0.726532
vt 0.808705 0.726532
vt 0.809500 0.726532
vt 0.810296 0.726532
vt 0.803135 0.726532
vt 0.803931 0.726532
vt 0.804726 0.726532
vt 0.805522 0.726532
vt 0.806318 0.726532
vt 0.807113 0.719235
vt 0.807909 0.719235
vt 0.808705 0.719235
vt 0.809500 0.719235
vt 0.810296 0.719235
vt 0.803135 0.719235
vt 0.803931 0.719235
vt 0.804726 0.719235
vt 0.805522 0.719235
vt 0.806318 0.719235
vt 0.807113 0.711938
vt 0.807909 0.711938
vt 0.808705 0.711938
vt 0.809500 0.711938
vt 0.810296 0.711938
vt 0.803135 0.711938
vt 0.803931 0.711938
vt 0.804726 0.711938
vt 0.805522 0.711938
vt 0.806318 0.711938
vt 0.796510 0.704640
vt 0.797306 0.704640
vt 0.798102 0.704640
vt 0.798897 0.704640
vt 0.799693 0.704640
vt 0.792532 0.704640
vt 0.793327 0.704640
vt 0.794123 0.704640
vt 0.794919 0.704640
vt 0.795714 0.704640
vt 0.796510 0.697343
vt 0.797306 0.697343
vt 0.798102 0.697343
vt 0.798897 0.697343
vt 0.799693 0.697343
vt 0.792532 0.697343
vt 0.793327 0.697343
vt 0.794123 0.697343
vt 0.794919 0.697343
vt 0.795714 0.697343
vt 0.796510 0.690045
vt 0.797306 0.690045
vt 0.798102 0.690045
vt 0.798897 0.690045
vt 0.799693 0.690045
vt 0.792532 0.690045
vt 0.793327 0.690045
vt 0.794123 0.690045
vt 0.794919 0.690045
vt 0.795714 0.690045
vt 0.796510 0.682748
vt 0.797306 0.682748
vt 0.798102 0.682748
vt 0.798897 0.682748
vt 0.799693 0.682748
vt 0.792532 0.682748
vt 0.793327 0.682748
vt 0.794123 0.682748
vt 0.794919 0.682748
vt 0.795714 0.682748
vt 0.796510 0.675451
vt 0.797306 0.675451
vt 0.798102 0.675451
vt 0.798897 0.675451
vt 0.799693 0.675451
vt 0.792532 0.675451
vt 0.793327 0.675451
vt 0.794123 0.675451
vt 0.794919 0.675451
vt 0.795714 0.675451
vt 0.796510 0.668153
vt 0.797306 0.668153
vt 0.798102 0.668153
vt 0.798897 0.668153
vt 0.799693 0.668153
vt 0.792532 0.668153
vt 0.793327 0.668153
vt 0.794123 0.668153
vt 0.794919 0.668153
vt 0.795714 0.668153
vt 0.796510 0.660856
vt 0.797306 0.660856
vt 0.798102 0.660856
vt 0.798897 0.660856
vt 0.799693 0.660856
vt 0.792532 0.660856
vt 0.793327 0.660856
vt 0.794123 0.660856
vt 0.794919 0.660856
vt 0.795714 0.660856
vt 0.796510 0.653559
vt 0.797306 0.653559
vt 0.798102 0.653559
vt 0.798897 0.653559
vt 0.799693 0.653559
vt 0.792532 0.653559
vt 0.793327 0.653559
vt 0.794123 0.653559
vt 0.794919 0.653559
vt 0.795714 0.653559
vt 0.796510 0.646261
vt 0.797306 0.646261
vt 0.798102 0.646261
vt 0.798897 0.646261
vt 0.799693 0.646261
vt 0.792532 0.646261
vt 0.793327 0.646261
vt 0.794123 0.646261
vt 0.794919 0.646261
vt 0.795714 0.646261
vt 0.796510 0.638964
vt 0.796510 0.770317
vt 0.797306 0.638964
vt 0.797306 0.770317
vt 0.798101 0.638964
vt 0.798101 0.770317
vt 0.798897 0.638964
vt 0.798897 0.770317
vt 0.799693 0.638964
vt 0.792531 0.638964
vt 0.799693 0.770317
vt 0.792531 0.770317
vt 0.793327 0.638964
vt 0.793327 0.770317
vt 0.794123 0.638964
vt 0.794123 0.770317
vt 0.794919 0.638964
vt 0.794919 0.770317
vt 0.795714 0.638964
vt 0.795714 0.770317
vt 0.796510 0.763019
vt 0.797306 0.763019
vt 0.798102 0.763019
vt 0.798897 0.763019
vt 0.799693 0.763019
vt 0.792532 0.763019
vt 0.793327 0.763019
vt 0.794123 0.763019
vt 0.794919 0.763019
vt 0.795714 0.763019
vt 0.796510 0.755722
vt 0.797306 0.755722
vt 0.798102 0.755722
vt 0.798897 0.755722
vt 0.799693 0.755722
vt 0.792532 0.755722
vt 0.793327 0.755722
vt 0.794123 0.755722
vt 0.794919 0.755722
vt 0.795714 0.755722
vt 0.796510 0.748424
vt 0.797306 0.748424
vt 0.798102 0.748424
vt 0.798897 0.748424
vt 0.799693 0.748424
vt 0.792532 0.748424
vt 0.793327 0.748424
vt 0.794123 0.748424
vt 0.794919 0.748424
vt 0.795714 0.748424
vt 0.796510 0.741127
vt 0.797306 0.741127
vt 0.798102 0.741127
vt 0.798897 0.741127
vt 0.799693 0.741127
vt 0.792532 0.741127
vt 0.793327 0.741127
vt 0.794123 0.741127
vt 0.794919 0.741127
vt 0.795714 0.741127
vt 0.796510 0.733830
vt 0.797306 0.733830
vt 0.798102 0.733830
vt 0.798897 0.733830
vt 0.799693 0.733830
vt 0.792532 0.733830
vt 0.793327 0.733830
vt 0.794123 0.733830
vt 0.794919 0.733830
vt 0.795714 0.733830
vt 0.796510 0.726532
vt 0.797306 0.726532
vt 0.798102 0.726532
vt 0.798897 0.726532
vt 0.799693 0.726532
vt 0.792532 0.726532
vt 0.793327 0.726532
vt 0.794123 0.726532
vt 0.794919 0.726532
vt 0.795714 0.726532
vt 0.796510 0.719235
vt 0.797306 0.719235
vt 0.798102 0.719235
vt 0.798897 0.719235
vt 0.799693 0.719235
vt 0.792532 0.719235
vt 0.793327 0.719235
vt 0.794123 0.719235
vt 0.794919 0.719235
vt 0.795714 0.719235
vt 0.796510 0.711938
vt 0.797306 0.711938
vt 0.798102 0.711938
vt 0.798897 0.711938
vt 0.799693 0.711938
vt 0.792532 0.711938
vt 0.793327 0.711938
vt 0.794123 0.711938
vt 0.794919 0.711938
vt 0.795714 0.711938
vt 0.781479 0.811411
vt 0.782274 0.811411
vt 0.783070 0.811411
vt 0.783866 0.811411
vt 0.784662 0.811411
vt 0.777500 0.811411
vt 0.778296 0.811411
vt 0.779092 0.811411
vt 0.779887 0.811411
vt 0.780683 0.811411
vt 0.781479 0.804114
vt 0.782274 0.804114
vt 0.783070 0.804114
vt 0.783866 0.804114
vt 0.784662 0.804114
vt 0.777500 0.804114
vt 0.778296 0.804114
vt 0.779092 0.804114
vt 0.779887 0.804114
vt 0.780683 0.804114
vt 0.781479 0.796816
vt 0.782274 0.796816
vt 0.783070 0.796816
vt 0.783866 0.796816
vt 0.784662 0.796816
vt 0.777500 0.796816
vt 0.778296 0.796816
vt 0.779092 0.796816
vt 0.779887 0.796816
vt 0.780683 0.796816
vt 0.781479 0.789519
vt 0.782274 0.789519
vt 0.783070 0.789519
vt 0.783866 0.789519
vt 0.784662 0.789519
vt 0.777500 0.789519
vt 0.778296 0.789519
vt 0.779092 0.789519
vt 0.779887 0.789519
vt 0.780683 0.789519
vt 0.781479 0.782222
vt 0.782274 0.782222
vt 0.783070 0.782222
vt 0.783866 0.782222
vt 0.784662 0.782222
vt 0.777500 0.782222
vt 0.778296 0.782222
vt 0.779092 0.782222
vt 0.779887 0.782222
vt 0.780683 0.782222
vt 0.781479 0.774924
vt 0.782274 0.774924
vt 0.783070 0.774924
vt 0.783866 0.774924
vt 0.784662 0.774924
vt 0.777500 0.774924
vt 0.778296 0.774924
vt 0.779092 0.774924
vt 0.779887 0.774924
vt 0.780683 0.774924
vt 0.781479 0.767627
vt 0.782274 0.767627
vt 0.783070 0.767627
vt 0.783866 0.767627
vt 0.784662 0.767627
vt 0.777500 0.767627
vt 0.778296 0.767627
vt 0.779092 0.767627
vt 0.779887 0.767627
vt 0.780683 0.767627
vt 0.781479 0.760330
vt 0.782274 0.760330
vt 0.783070 0.760330
vt 0.783866 0.760330
vt 0.784662 0.760330
vt 0.777500 0.760330
vt 0.778296 0.760330
vt 0.779092 0.760330
vt 0.779887 0.760330
vt 0.780683 0.760330
vt 0.781479 0.753032
vt 0.782274 0.753032
vt 0.783070 0.753032
vt 0.783866 0.753032
vt 0.784662 0.753032
vt 0.777500 0.753032
vt 0.778296 0.753032
vt 0.779092 0.753032
vt 0.779887 0.753032
vt 0.780683 0.753032
vt 0.781479 0.745735
vt 0.781479 0.877087
vt 0.782274 0.745735
vt 0.782274 0.877087
vt 0.783070 0.745735
vt 0.783070 0.877087
vt 0.783866 0.745735
vt 0.783866 0.877087
vt 0.784661 0.745735
vt 0.777500 0.745735
vt 0.784661 0.877087
vt 0.777500 0.877087
vt 0.778296 0.745735
vt 0.778296 0.877087
vt 0.779092 0.745735
vt 0.779092 0.877087
vt 0.779887 0.745735
vt 0.779887 0.877087
vt 0.780683 0.745735
vt 0.780683 0.877087
vt 0.781479 0.869790
vt 0.782274 0.869790
vt 0.783070 0.869790
vt 0.783866 0.869790
vt 0.784662 0.869790
vt 0.777500 0.869790
vt 0.778296 0.869790
vt 0.779092 0.869790
vt 0.779887 0.869790
vt 0.780683 0.869790
vt 0.781479 0.862493
vt 0.782274 0.862493
vt 0.783070 0.862493
vt 0.783866 0.862493
vt 0.784662 0.862493
vt 0.777500 0.862493
vt 0.778296 0.862493
vt 0.779092 0.862493
vt 0.779887 0.862493
vt 0.780683 0.862493
vt 0.781479 0.855195
vt 0.782274 0.855195
vt 0.783070 0.855195
vt 0.783866 0.855195
vt 0.784662 0.855195
vt 0.777500 0.855195
vt 0.778296 0.855195
vt 0.779092 0.855195
vt 0.779887 0.855195
vt 0.780683 0.855195
vt 0.781479 0.847898
vt 0.782274 0.847898
vt 0.783070 0.847898
vt 0.783866 0.847898
vt 0.784662 0.847898
vt 0.777500 0.847898
vt 0.778296 0.847898
vt 0.779092 0.847898
vt 0.779887 0.847898
vt 0.780683 0.847898
vt 0.781479 0.840600
vt 0.782274 0.840600
vt 0.783070 0.840600
vt 0.783866 0.840600
vt 0.784662 0.840600
vt 0.777500 0.840600
vt 0.778296 0.840600
vt 0.779092 0.840600
vt 0.779887 0.840600
vt 0.780683 0.840600
vt 0.781479 0.833303
vt 0.782274 0.833303
vt 0.783070 0.833303
vt 0.783866 0.833303
vt 0.784662 0.833303
vt 0.777500 0.833303
vt 0.778296 0.833303
vt 0.779092 0.833303
vt 0.779887 0.833303
vt 0.780683 0.833303
vt 0.781479 0.826006
vt 0.782274 0.826006
vt 0.783070 0.826006
vt 0.783866 0.826006
vt 0.784662 0.826006
vt 0.777500 0.826006
vt 0.778296 0.826006
vt 0.779092 0.826006
vt 0.779887 0.826006
vt 0.780683 0.826006
vt 0.781479 0.818708
vt 0.782274 0.818708
vt 0.783070 0.818708
vt 0.783866 0.818708
vt 0.784662 0.818708
vt 0.777500 0.818708
vt 0.778296 0.818708
vt 0.779092 0.818708
vt 0.779887 0.818708
vt 0.780683 0.818708
vt 0.817717 0.704640
vt 0.818512 0.704640
vt 0.819308 0.704640
vt 0.820104 0.704640
vt 0.820899 0.704640
vt 0.813738 0.704640
vt 0.814534 0.704640
vt 0.815329 0.704640
vt 0.816125 0.704640
vt 0.816921 0.704640
vt 0.817717 0.697343
vt 0.818512 0.697343
vt 0.819308 0.697343
vt 0.820104 0.697343
vt 0.820899 0.697343
vt 0.813738 0.697343
vt 0.814534 0.697343
vt 0.815329 0.697343
vt 0.816125 0.697343
vt 0.816921 0.697343
vt 0.817717 0.690046
vt 0.818512 0.690046
vt 0.819308 0.690046
vt 0.820104 0.690046
vt 0.820899 0.690045
vt 0.813738 0.690045
vt 0.814534 0.690046
vt 0.815329 0.690046
vt 0.816125 0.690046
vt 0.816921 0.690046
vt 0.817717 0.682748
vt 0.818512 0.682748
vt 0.819308 0.682748
vt 0.820104 0.682748
vt 0.820899 0.682748
vt 0.813738 0.682748
vt 0.814534 0.682748
vt 0.815329 0.682748
vt 0.816125 0.682748
vt 0.816921 0.682748
vt 0.817717 0.675451
vt 0.818512 0.675451
vt 0.819308 0.675451
vt 0.820104 0.675451
vt 0.820899 0.675451
vt 0.813738 0.675451
vt 0.814534 0.675451
vt 0.815329 0.675451
vt 0.816125 0.675451
vt 0.816921 0.675451
vt 0.817717 0.668153
vt 0.818512 0.668153
vt 0.819308 0.668153
vt 0.820104 0.668153
vt 0.820899 0.668153
vt 0.813738 0.668153
vt 0.814534 0.668153
vt 0.815329 0.668153
vt 0.816125 0.668153
vt 0.816921 0.668153
vt 0.817717 0.660856
vt 0.818512 0.660856
vt 0.819308 0.660856
vt 0.820104 0.660856
vt 0.820899 0.660856
vt 0.813738 0.660856
vt 0.814534 0.660856
vt 0.815329 0.660856
vt 0.816125 0.660856
vt 0.816921 0.660856
vt 0.817717 0.653559
vt 0.818512 0.653559
vt 0.819308 0.653559
vt 0.820104 0.653559
vt 0.820899 0.653559
vt 0.813738 0.653559
vt 0.814534 0.653559
vt 0.815329 0.653559
vt 0.816125 0.653559
vt 0.816921 0.653559
vt 0.817717 0.646261
vt 0.818512 0.646261
vt 0.819308 0.646261
vt 0.820104 0.646261
vt 0.820899 0.646261
vt 0.813738 0.646261
vt 0.814534 0.646261
vt 0.815329 0.646261
vt 0.816125 0.646261
vt 0.816921 0.646261
vt 0.817717 0.638964
vt 0.817717 0.770317
vt 0.818512 0.638964
vt 0.818512 0.770317
vt 0.819308 0.638964
vt 0.819308 0.770317
vt 0.820104 0.638964
vt 0.820104 0.770317
vt 0.820899 0.638964
vt 0.813738 0.638964
vt 0.820899 0.770317
vt 0.813738 0.770317
vt 0.814534 0.638964
vt 0.814534 0.770317
vt 0.815330 0.638964
vt 0.815330 0.770317
vt 0.816125 0.638964
vt 0.816125 0.770317
vt 0.816921 0.638964
vt 0.816921 0.770317
vt 0.817717 0.763019
vt 0.818512 0.763019
vt 0.819308 0.763019
vt 0.820104 0.763019
vt 0.820899 0.763019
vt 0.813738 0.763019
vt 0.814534 0.763019
vt 0.815329 0.763019
vt 0.816125 0.763019
vt 0.816921 0.763019
vt 0.817717 0.755722
vt 0.818512 0.755722
vt 0.819308 0.755722
vt 0.820104 0.755722
vt 0.820899 0.755722
vt 0.813738 0.755722
vt 0.814534 0.755722
vt 0.815329 0.755722
vt 0.816125 0.755722
vt 0.816921 0.755722
vt 0.817717 0.748424
vt 0.818512 0.748424
vt 0.819308 0.748424
vt 0.820104 0.748424
vt 0.820899 0.748424
vt 0.813738 0.748424
vt 0.814534 0.748424
vt 0.815329 0.748424
vt 0.816125 0.748424
vt 0.816921 0.748424
vt 0.817717 0.741127
vt 0.818512 0.741127
vt 0.819308 0.741127
vt 0.820104 0.741127
vt 0.820899 0.741127
vt 0.813738 0.741127
vt 0.814534 0.741127
vt 0.815329 0.741127
vt 0.816125 0.741127
vt 0.816921 0.741127
vt 0.817717 0.733830
vt 0.818512 0.733830
vt 0.819308 0.733830
vt 0.820104 0.733830
vt 0.820899 0.733830
vt 0.813738 0.733830
vt 0.814534 0.733830
vt 0.815329 0.733830
vt 0.816125 0.733830
vt 0.816921 0.733830
vt 0.817717 0.726532
vt 0.818512 0.726532
vt 0.819308 0.726532
vt 0.820104 0.726532
vt 0.820899 0.726532
vt 0.813738 0.726532
vt 0.814534 0.726532
vt 0.815329 0.726532
vt 0.816125 0.726532
vt 0.816921 0.726532
vt 0.817717 0.719235
vt 0.818512 0.719235
vt 0.819308 0.719235
vt 0.820104 0.719235
vt 0.820899 0.719235
vt 0.813738 0.719235
vt 0.814534 0.719235
vt 0.815329 0.719235
vt 0.816125 0.719235
vt 0.816921 0.719235
vt 0.817717 0.711938
vt 0.818512 0.711938
vt 0.819308 0.711938
vt 0.820104 0.711938
vt 0.820899 0.711938
vt 0.813738 0.711938
vt 0.814534 0.711938
vt 0.815329 0.711938
vt 0.816125 0.711938
vt 0.816921 0.711938
vt 0.891939 0.704640
vt 0.892735 0.704640
vt 0.893530 0.704640
vt 0.894326 0.704640
vt 0.895122 0.704640
vt 0.887960 0.704640
vt 0.888756 0.704640
vt 0.889552 0.704640
vt 0.890347 0.704640
vt 0.891143 0.704640
vt 0.891939 0.697343
vt 0.892735 0.697343
vt 0.893530 0.697343
vt 0.894326 0.697343
vt 0.895122 0.697343
vt 0.887960 0.697343
vt 0.888756 0.697343
vt 0.889552 0.697343
vt 0.890347 0.697343
vt 0.891143 0.697343
vt 0.891939 0.690045
vt 0.892735 0.690045
vt 0.893530 0.690045
vt 0.894326 0.690045
vt 0.895122 0.690045
vt 0.887960 0.690045
vt 0.888756 0.690045
vt 0.889552 0.690045
vt 0.890347 0.690045
vt 0.891143 0.690045
vt 0.891939 0.682748
vt 0.892735 0.682748
vt 0.893530 0.682748
vt 0.894326 0.682748
vt 0.895122 0.682748
vt 0.887960 0.682748
vt 0.888756 0.682748
vt 0.889552 0.682748
vt 0.890347 0.682748
vt 0.891143 0.682748
vt 0.891939 0.675451
vt 0.892735 0.675451
vt 0.893530 0.675451
vt 0.894326 0.675451
vt 0.895122 0.675451
vt 0.887960 0.675451
vt 0.888756 0.675451
vt 0.889552 0.675451
vt 0.890347 0.675451
vt 0.891143 0.675451
vt 0.891939 0.668153
vt 0.892735 0.668153
vt 0.893530 0.668153
vt 0.894326 0.668153
vt 0.895122 0.668153
vt 0.887960 0.668153
vt 0.888756 0.668153
vt 0.889552 0.668153
vt 0.890347 0.668153
vt 0.891143 0.668153
vt 0.891939 0.660856
vt 0.892735 0.660856
vt 0.893530 0.660856
vt 0.894326 0.660856
vt 0.895122 0.660856
vt 0.887960 0.660856
vt 0.888756 0.660856
vt 0.889552 0.660856
vt 0.890347 0.660856
vt 0.891143 0.660856
vt 0.891939 0.653558
vt 0.892735 0.653558
vt 0.893530 0.653558
vt 0.894326 0.653558
vt 0.895122 0.653558
vt 0.887960 0.653558
vt 0.888756 0.653558
vt 0.889552 0.653558
vt 0.890347 0.653558
vt 0.891143 0.653558
vt 0.891939 0.646261
vt 0.892735 0.646261
vt 0.893530 0.646261
vt 0.894326 0.646261
vt 0.895122 0.646261
vt 0.887960 0.646261
vt 0.888756 0.646261
vt 0.889552 0.646261
vt 0.890347 0.646261
vt 0.891143 0.646261
vt 0.891939 0.638964
vt 0.891939 0.770316
vt 0.892735 0.638964
vt 0.892735 0.770316
vt 0.893530 0.638964
vt 0.893530 0.770316
vt 0.894326 0.638964
vt 0.894326 0.770316
vt 0.895122 0.638964
vt 0.887960 0.638964
vt 0.895122 0.770316
vt 0.887960 0.770316
vt 0.888756 0.638964
vt 0.888756 0.770316
vt 0.889552 0.638964
vt 0.889552 0.770316
vt 0.890347 0.638964
vt 0.890347 0.770316
vt 0.891143 0.638964
vt 0.891143 0.770316
vt 0.891939 0.763019
vt 0.892735 0.763019
vt 0.893530 0.763019
vt 0.894326 0.763019
vt 0.895122 0.763019
vt 0.887960 0.763019
vt 0.888756 0.763019
vt 0.889552 0.763019
vt 0.890347 0.763019
vt 0.891143 0.763019
vt 0.891939 0.755721
vt 0.892735 0.755721
vt 0.893530 0.755721
vt 0.894326 0.755721
vt 0.895122 0.755721
vt 0.887960 0.755721
vt 0.888756 0.755721
vt 0.889552 0.755721
vt 0.890347 0.755721
vt 0.891143 0.755721
vt 0.891939 0.748424
vt 0.892735 0.748424
vt 0.893530 0.748424
vt 0.894326 0.748424
vt 0.895122 0.748424
vt 0.887960 0.748424
vt 0.888756 0.748424
vt 0.889552 0.748424
vt 0.890347 0.748424
vt 0.891143 0.748424
vt 0.891939 0.741127
vt 0.892735 0.741127
vt 0.893530 0.741127
vt 0.894326 0.741127
vt 0.895122 0.741127
vt 0.887960 0.741127
vt 0.888756 0.741127
vt 0.889552 0.741127
vt 0.890347 0.741127
vt 0.891143 0.741127
vt 0.891939 0.733829
vt 0.892735 0.733829
vt 0.893530 0.733829
vt 0.894326 0.733829
vt 0.895122 0.733829
vt 0.887960 0.733829
vt 0.888756 0.733829
vt 0.889552 0.733829
vt 0.890347 0.733829
vt 0.891143 0.733829
vt 0.891939 0.726532
vt 0.892735 0.726532
vt 0.893530 0.726532
vt 0.894326 0.726532
vt 0.895122 0.726532
vt 0.887960 0.726532
vt 0.888756 0.726532
vt 0.889552 0.726532
vt 0.890347 0.726532
vt 0.891143 0.726532
vt 0.891939 0.719235
vt 0.892735 0.719235
vt 0.893530 0.719235
vt 0.894326 0.719235
vt 0.895122 0.719235
vt 0.887960 0.719235
vt 0.888756 0.719235
vt 0.889552 0.719235
vt 0.890347 0.719235
vt 0.891143 0.719235
vt 0.891939 0.711937
vt 0.892735 0.711937
vt 0.893530 0.711937
vt 0.894326 0.711937
vt 0.895122 0.711937
vt 0.887960 0.711937
vt 0.888756 0.711937
vt 0.889552 0.711937
vt 0.890347 0.711937
vt 0.891143 0.711937
vt 0.306254 0.799934
vt 0.307050 0.799934
vt 0.307846 0.799934
vt 0.308641 0.799934
vt 0.309437 0.799934
vt 0.302276 0.799934
vt 0.303071 0.799934
vt 0.303867 0.799934
vt 0.304663 0.799934
vt 0.305458 0.799934
vt 0.306254 0.792637
vt 0.307050 0.792637
vt 0.307846 0.792637
vt 0.308641 0.792637
vt 0.309437 0.792637
vt 0.302276 0.792637
vt 0.303071 0.792637
vt 0.303867 0.792637
vt 0.304663 0.792637
vt 0.305458 0.792637
vt 0.306254 0.785339
vt 0.307050 0.785339
vt 0.307846 0.785339
vt 0.308641 0.785339
vt 0.309437 0.785339
vt 0.302276 0.785339
vt 0.303071 0.785339
vt 0.303867 0.785339
vt 0.304663 0.785339
vt 0.305458 0.785339
vt 0.306254 0.778042
vt 0.307050 0.778042
vt 0.307846 0.778042
vt 0.308641 0.778042
vt 0.309437 0.778042
vt 0.302276 0.778042
vt 0.303071 0.778042
vt 0.303867 0.778042
vt 0.304663 0.778042
vt 0.305458 0.778042
vt 0.306254 0.770745
vt 0.307050 0.770745
vt 0.307846 0.770745
vt 0.308641 0.770745
vt 0.309437 0.770745
vt 0.302276 0.770745
vt 0.303071 0.770745
vt 0.303867 0.770745
vt 0.304663 0.770745
vt 0.305458 0.770745
vt 0.306254 0.763447
vt 0.307050 0.763447
vt 0.307846 0.763447
vt 0.308641 0.763447
vt 0.309437 0.763447
vt 0.302276 0.763447
vt 0.303071 0.763447
vt 0.303867 0.763447
vt 0.304663 0.763447
vt 0.305458 0.763447
vt 0.306254 0.756150
vt 0.307050 0.756150
vt 0.307846 0.756150
vt 0.308641 0.756150
vt 0.309437 0.756150
vt 0.302276 0.756150
vt 0.303071 0.756150
vt 0.303867 0.756150
vt 0.304663 0.756150
vt 0.305458 0.756150
vt 0.306254 0.748853
vt 0.307050 0.748853
vt 0.307846 0.748853
vt 0.308641 0.748853
vt 0.309437 0.748853
vt 0.302276 0.748853
vt 0.303071 0.748853
vt 0.303867 0.748853
vt 0.304663 0.748853
vt 0.305458 0.748853
vt 0.306254 0.741555
vt 0.307050 0.741555
vt 0.307846 0.741555
vt 0.308641 0.741555
vt 0.309437 0.741555
vt 0.302276 0.741555
vt 0.303071 0.741555
vt 0.303867 0.741555
vt 0.304663 0.741555
vt 0.305458 0.741555
vt 0.306254 0.734258
vt 0.306254 0.865610
vt 0.307050 0.734258
vt 0.307050 0.865610
vt 0.307846 0.734258
vt 0.307846 0.865610
vt 0.308641 0.734258
vt 0.308641 0.865610
vt 0.309437 0.734258
vt 0.302276 0.734258
vt 0.309437 0.865610
vt 0.302276 0.865610
vt 0.303071 0.734258
vt 0.303071 0.865610
vt 0.303867 0.734258
vt 0.303867 0.865610
vt 0.304663 0.734258
vt 0.304663 0.865610
vt 0.305458 0.734258
vt 0.305458 0.865610
vt 0.306254 0.858313
vt 0.307050 0.858313
vt 0.307846 0.858313
vt 0.308641 0.858313
vt 0.309437 0.858313
vt 0.302276 0.858313
vt 0.303071 0.858313
vt 0.303867 0.858313
vt 0.304663 0.858313
vt 0.305458 0.858313
vt 0.306254 0.851016
vt 0.307050 0.851016
vt 0.307846 0.851016
vt 0.308641 0.851016
vt 0.309437 0.851016
vt 0.302276 0.851016
vt 0.303071 0.851016
vt 0.303867 0.851016
vt 0.304663 0.851016
vt 0.305458 0.851016
vt 0.306254 0.843718
vt 0.307050 0.843718
vt 0.307846 0.843718
vt 0.308641 0.843718
vt 0.309437 0.843718
vt 0.302276 0.843718
vt 0.303071 0.843718
vt 0.303867 0.843718
vt 0.304663 0.843718
vt 0.305458 0.843718
vt 0.306254 0.836421
vt 0.307050 0.836421
vt 0.307846 0.836421
vt 0.308641 0.836421
vt 0.309437 0.836421
vt 0.302276 0.836421
vt 0.303071 0.836421
vt 0.303867 0.836421
vt 0.304663 0.836421
vt 0.305458 0.836421
vt 0.306254 0.829124
vt 0.307050 0.829124
vt 0.307846 0.829124
vt 0.308641 0.829124
vt 0.309437 0.829124
vt 0.302276 0.829124
vt 0.303071 0.829124
vt 0.303867 0.829124
vt 0.304663 0.829124
vt 0.305458 0.829124
vt 0.306254 0.821826
vt 0.307050 0.821826
vt 0.307846 0.821826
vt 0.308641 0.821826
vt 0.309437 0.821826
vt 0.302276 0.821826
vt 0.303071 0.821826
vt 0.303867 0.821826
vt 0.304663 0.821826
vt 0.305458 0.821826
vt 0.306254 0.814529
vt 0.307050 0.814529
vt 0.307846 0.814529
vt 0.308641 0.814529
vt 0.309437 0.814529
vt 0.302276 0.814529
vt 0.303071 0.814529
vt 0.303867 0.814529
vt 0.304663 0.814529
vt 0.305458 0.814529
vt 0.306254 0.807231
vt 0.307050 0.807231
vt 0.307846 0.807231
vt 0.308641 0.807231
vt 0.309437 0.807231
vt 0.302276 0.807231
vt 0.303071 0.807231
vt 0.303867 0.807231
vt 0.304663 0.807231
vt 0.305458 0.807231
vt 0.860129 0.704640
vt 0.860925 0.704640
vt 0.861721 0.704640
vt 0.862516 0.704640
vt 0.863312 0.704640
vt 0.856151 0.704640
vt 0.856946 0.704640
vt 0.857742 0.704640
vt 0.858538 0.704640
vt 0.859334 0.704640
vt 0.860129 0.697343
vt 0.860925 0.697343
vt 0.861721 0.697343
vt 0.862516 0.697343
vt 0.863312 0.697343
vt 0.856151 0.697343
vt 0.856946 0.697343
vt 0.857742 0.697343
vt 0.858538 0.697343
vt 0.859334 0.697343
vt 0.860129 0.690045
vt 0.860925 0.690045
vt 0.861721 0.690045
vt 0.862516 0.690045
vt 0.863312 0.690045
vt 0.856151 0.690045
vt 0.856946 0.690045
vt 0.857742 0.690045
vt 0.858538 0.690045
vt 0.859334 0.690045
vt 0.860129 0.682748
vt 0.860925 0.682748
vt 0.861721 0.682748
vt 0.862516 0.682748
vt 0.863312 0.682748
vt 0.856151 0.682748
vt 0.856946 0.682748
vt 0.857742 0.682748
vt 0.858538 0.682748
vt 0.859334 0.682748
vt 0.860129 0.675451
vt 0.860925 0.675451
vt 0.861721 0.675451
vt 0.862516 0.675451
vt 0.863312 0.675451
vt 0.856151 0.675451
vt 0.856946 0.675451
vt 0.857742 0.675451
vt 0.858538 0.675451
vt 0.859334 0.675451
vt 0.860129 0.668153
vt 0.860925 0.668153
vt 0.861721 0.668153
vt 0.862516 0.668153
vt 0.863312 0.668153
vt 0.856151 0.668153
vt 0.856946 0.668153
vt 0.857742 0.668153
vt 0.858538 0.668153
vt 0.859334 0.668153
vt 0.860129 0.660856
vt 0.860925 0.660856
vt 0.861721 0.660856
vt 0.862516 0.660856
vt 0.863312 0.660856
vt 0.856151 0.660856
vt 0.856946 0.660856
vt 0.857742 0.660856
vt 0.858538 0.660856
vt 0.859334 0.660856
vt 0.860129 0.653559
vt 0.860925 0.653559
vt 0.861721 0.653559
vt 0.862516 0.653559
vt 0.863312 0.653559
vt 0.856151 0.653559
vt 0.856946 0.653559
vt 0.857742 0.653559
vt 0.858538 0.653559
vt 0.859334 0.653559
vt 0.860129 0.646261
vt 0.860925 0.646261
vt 0.861721 0.646261
vt 0.862516 0.646261
vt 0.863312 0.646261
vt 0.856151 0.646261
vt 0.856946 0.646261
vt 0.857742 0.646261
vt 0.858538 0.646261
vt 0.859334 0.646261
vt 0.860129 0.638964
vt 0.860129 0.770316
vt 0.860925 0.638964
vt 0.860925 0.770316
vt 0.861721 0.638964
vt 0.861721 0.770316
vt 0.862516 0.638964
vt 0.862516 0.770316
vt 0.863312 0.638964
vt 0.856151 0.638964
vt 0.863312 0.770316
vt 0.856151 0.770316
vt 0.856946 0.638964
vt 0.856946 0.770316
vt 0.857742 0.638964
vt 0.857742 0.770316
vt 0.858538 0.638964
vt 0.858538 0.770316
vt 0.859334 0.638964
vt 0.859334 0.770316
vt 0.860129 0.763019
vt 0.860925 0.763019
vt 0.861721 0.763019
vt 0.862516 0.763019
vt 0.863312 0.763019
vt 0.856151 0.763019
vt 0.856946 0.763019
vt 0.857742 0.763019
vt 0.858538 0.763019
vt 0.859334 0.763019
vt 0.860129 0.755722
vt 0.860925 0.755722
vt 0.861721 0.755722
vt 0.862516 0.755722
vt 0.863312 0.755722
vt 0.856151 0.755722
vt 0.856946 0.755722
vt 0.857742 0.755722
vt 0.858538 0.755722
vt 0.859334 0.755722
vt 0.860129 0.748424
vt 0.860925 0.748424
vt 0.861721 0.748424
vt 0.862516 0.748424
vt 0.863312 0.748424
vt 0.856151 0.748424
vt 0.856946 0.748424
vt 0.857742 0.748424
vt 0.858538 0.748424
vt 0.859334 0.748424
vt 0.860129 0.741127
vt 0.860925 0.741127
vt 0.861721 0.741127
vt 0.862516 0.741127
vt 0.863312 0.741127
vt 0.856151 0.741127
vt 0.856946 0.741127
vt 0.857742 0.741127
vt 0.858538 0.741127
vt 0.859334 0.741127
vt 0.860129 0.733830
vt 0.860925 0.733830
vt 0.861721 0.733830
vt 0.862516 0.733830
vt 0.863312 0.733830
vt 0.856151 0.733830
vt 0.856946 0.733830
vt 0.857742 0.733830
vt 0.858538 0.733830
vt 0.859334 0.733830
vt 0.860129 0.726532
vt 0.860925 0.726532
vt 0.861721 0.726532
vt 0.862516 0.726532
vt 0.863312 0.726532
vt 0.856151 0.726532
vt 0.856946 0.726532
vt 0.857742 0.726532
vt 0.858538 0.726532
vt 0.859334 0.726532
vt 0.860129 0.719235
vt 0.860925 0.719235
vt 0.861721 0.719235
vt 0.862516 0.719235
vt 0.863312 0.719235
vt 0.856151 0.719235
vt 0.856946 0.719235
vt 0.857742 0.719235
vt 0.858538 0.719235
vt 0.859334 0.719235
vt 0.860129 0.711938
vt 0.860925 0.711938
vt 0.861721 0.711938
vt 0.862516 0.711938
vt 0.863312 0.711938
vt 0.856151 0.711938
vt 0.856946 0.711938
vt 0.857742 0.711938
vt 0.858538 0.711938
vt 0.859334 0.711938
vt 0.683461 0.788634
vt 0.684257 0.788634
vt 0.685053 0.788634
vt 0.685848 0.788634
vt 0.686644 0.788634
vt 0.679483 0.788634
vt 0.680278 0.788634
vt 0.681074 0.788634
vt 0.681870 0.788634
vt 0.682665 0.788634
vt 0.683461 0.781336
vt 0.684257 0.781336
vt 0.685053 0.781336
vt 0.685848 0.781336
vt 0.686644 0.781336
vt 0.679483 0.781336
vt 0.680278 0.781336
vt 0.681074 0.781336
vt 0.681870 0.781336
vt 0.682665 0.781336
vt 0.683461 0.774039
vt 0.684257 0.774039
vt 0.685053 0.774039
vt 0.685848 0.774039
vt 0.686644 0.774039
vt 0.679483 0.774039
vt 0.680278 0.774039
vt 0.681074 0.774039
vt 0.681870 0.774039
vt 0.682665 0.774039
vt 0.683461 0.766742
vt 0.684257 0.766742
vt 0.685053 0.766742
vt 0.685848 0.766742
vt 0.686644 0.766742
vt 0.679483 0.766742
vt 0.680278 0.766742
vt 0.681074 0.766742
vt 0.681870 0.766742
vt 0.682665 0.766742
vt 0.683461 0.759444
vt 0.684257 0.759444
vt 0.685053 0.759444
vt 0.685848 0.759444
vt 0.686644 0.759444
vt 0.679483 0.759444
vt 0.680278 0.759444
vt 0.681074 0.759444
vt 0.681870 0.759444
vt 0.682665 0.759444
vt 0.683461 0.752147
vt 0.684257 0.752147
vt 0.685053 0.752147
vt 0.685848 0.752147
vt 0.686644 0.752147
vt 0.679483 0.752147
vt 0.680278 0.752147
vt 0.681074 0.752147
vt 0.681870 0.752147
vt 0.682665 0.752147
vt 0.683461 0.744850
vt 0.684257 0.744850
vt 0.685053 0.744850
vt 0.685848 0.744850
vt 0.686644 0.744850
vt 0.679483 0.744850
vt 0.680278 0.744850
vt 0.681074 0.744850
vt 0.681870 0.744850
vt 0.682665 0.744850
vt 0.683461 0.737552
vt 0.684257 0.737552
vt 0.685053 0.737552
vt 0.685848 0.737552
vt 0.686644 0.737552
vt 0.679483 0.737552
vt 0.680278 0.737552
vt 0.681074 0.737552
vt 0.681870 0.737552
vt 0.682665 0.737552
vt 0.683461 0.730255
vt 0.684257 0.730255
vt 0.685053 0.730255
vt 0.685848 0.730255
vt 0.686644 0.730255
vt 0.679483 0.730255
vt 0.680278 0.730255
vt 0.681074 0.730255
vt 0.681870 0.730255
vt 0.682665 0.730255
vt 0.683461 0.722957
vt 0.683461 0.854310
vt 0.684257 0.722957
vt 0.684257 0.854310
vt 0.685053 0.722957
vt 0.685053 0.854310
vt 0.685848 0.722957
vt 0.685848 0.854310
vt 0.686644 0.722957
vt 0.679483 0.722957
vt 0.686644 0.854310
vt 0.679483 0.854310
vt 0.680278 0.722957
vt 0.680278 0.854310
vt 0.681074 0.722957
vt 0.681074 0.854310
vt 0.681870 0.722957
vt 0.681870 0.854310
vt 0.682665 0.722957
vt 0.682665 0.854310
vt 0.683461 0.847013
vt 0.684257 0.847013
vt 0.685053 0.847013
vt 0.685848 0.847013
vt 0.686644 0.847013
vt 0.679483 0.847013
vt 0.680278 0.847013
vt 0.681074 0.847013
vt 0.681870 0.847013
vt 0.682665 0.847013
vt 0.683461 0.839715
vt 0.684257 0.839715
vt 0.685053 0.839715
vt 0.685848 0.839715
vt 0.686644 0.839715
vt 0.679483 0.839715
vt 0.680278 0.839715
vt 0.681074 0.839715
vt 0.681870 0.839715
vt 0.682665 0.839715
vt 0.683461 0.832418
vt 0.684257 0.832418
vt 0.685053 0.832418
vt 0.685848 0.832418
vt 0.686644 0.832418
vt 0.679483 0.832418
vt 0.680278 0.832418
vt 0.681074 0.832418
vt 0.681870 0.832418
vt 0.682665 0.832418
vt 0.683461 0.825120
vt 0.684257 0.825120
vt 0.685053 0.825120
vt 0.685848 0.825120
vt 0.686644 0.825120
vt 0.679483 0.825120
vt 0.680278 0.825120
vt 0.681074 0.825120
vt 0.681870 0.825120
vt 0.682665 0.825120
vt 0.683461 0.817823
vt 0.684257 0.817823
vt 0.685053 0.817823
vt 0.685848 0.817823
vt 0.686644 0.817823
vt 0.679483 0.817823
vt 0.680278 0.817823
vt 0.681074 0.817823
vt 0.681870 0.817823
vt 0.682665 0.817823
vt 0.683461 0.810526
vt 0.684257 0.810526
vt 0.685053 0.810526
vt 0.685848 0.810526
vt 0.686644 0.810526
vt 0.679483 0.810526
vt 0.680278 0.810526
vt 0.681074 0.810526
vt 0.681870 0.810526
vt 0.682665 0.810526
vt 0.683461 0.803228
vt 0.684257 0.803228
vt 0.685053 0.803228
vt 0.685848 0.803228
vt 0.686644 0.803228
vt 0.679483 0.803228
vt 0.680278 0.803228
vt 0.681074 0.803228
vt 0.681870 0.803228
vt 0.682665 0.803228
vt 0.683461 0.795931
vt 0.684257 0.795931
vt 0.685053 0.795931
vt 0.685848 0.795931
vt 0.686644 0.795931
vt 0.679483 0.795931
vt 0.680278 0.795931
vt 0.681074 0.795931
vt 0.681870 0.795931
vt 0.682665 0.795931
vt 0.316857 0.799934
vt 0.317653 0.799934
vt 0.318449 0.799934
vt 0.319245 0.799934
vt 0.320040 0.799934
vt 0.312879 0.799934
vt 0.313675 0.799934
vt 0.314470 0.799934
vt 0.315266 0.799934
vt 0.316062 0.799934
vt 0.316857 0.792637
vt 0.317653 0.792637
vt 0.318449 0.792637
vt 0.319245 0.792637
vt 0.320040 0.792637
vt 0.312879 0.792637
vt 0.313675 0.792637
vt 0.314470 0.792637
vt 0.315266 0.792637
vt 0.316062 0.792637
vt 0.316857 0.785339
vt 0.317653 0.785339
vt 0.318449 0.785339
vt 0.319245 0.785339
vt 0.320040 0.785339
vt 0.312879 0.785339
vt 0.313675 0.785339
vt 0.314470 0.785339
vt 0.315266 0.785339
vt 0.316062 0.785339
vt 0.316857 0.778042
vt 0.317653 0.778042
vt 0.318449 0.778042
vt 0.319245 0.778042
vt 0.320040 0.778042
vt 0.312879 0.778042
vt 0.313675 0.778042
vt 0.314470 0.778042
vt 0.315266 0.778042
vt 0.316062 0.778042
vt 0.316857 0.770745
vt 0.317653 0.770745
vt 0.318449 0.770745
vt 0.319245 0.770745
vt 0.320040 0.770745
vt 0.312879 0.770745
vt 0.313675 0.770745
vt 0.314470 0.770745
vt 0.315266 0.770745
vt 0.316062 0.770745
vt 0.316857 0.763447
vt 0.317653 0.763447
vt 0.318449 0.763447
vt 0.319245 0.763447
vt 0.320040 0.763447
vt 0.312879 0.763447
vt 0.313675 0.763447
vt 0.314470 0.763447
vt 0.315266 0.763447
vt 0.316062 0.763447
vt 0.316857 0.756150
vt 0.317653 0.756150
vt 0.318449 0.756150
vt 0.319245 0.756150
vt 0.320040 0.756150
vt 0.312879 0.756150
vt 0.313675 0.756150
vt 0.314470 0.756150
vt 0.315266 0.756150
vt 0.316062 0.756150
vt 0.316857 0.748853
vt 0.317653 0.748853
vt 0.318449 0.748853
vt 0.319245 0.748853
vt 0.320040 0.748853
vt 0.312879 0.748853
vt 0.313675 0.748853
vt 0.314470 0.748853
vt 0.315266 0.748853
vt 0.316062 0.748853
vt 0.316857 0.741555
vt 0.317653 0.741555
vt 0.318449 0.741555
vt 0.319245 0.741555
vt 0.320040 0.741555
vt 0.312879 0.741555
vt 0.313675 0.741555
vt 0.314470 0.741555
vt 0.315266 0.741555
vt 0.316062 0.741555
vt 0.316857 0.734258
vt 0.316857 0.865610
vt 0.317653 0.734258
vt 0.317653 0.865610
vt 0.318449 0.734258
vt 0.318449 0.865610
vt 0.319245 0.734258
vt 0.319245 0.865610
vt 0.320040 0.734258
vt 0.312879 0.734258
vt 0.320040 0.865610
vt 0.312879 0.865610
vt 0.313675 0.734258
vt 0.313675 0.865610
vt 0.314470 0.734258
vt 0.314470 0.865610
vt 0.315266 0.734258
vt 0.315266 0.865610
vt 0.316062 0.734258
vt 0.316062 0.865610
vt 0.316857 0.858313
vt 0.317653 0.858313
vt 0.318449 0.858313
vt 0.319245 0.858313
vt 0.320040 0.858313
vt 0.312879 0.858313
vt 0.313675 0.858313
vt 0.314470 0.858313
vt 0.315266 0.858313
vt 0.316062 0.858313
vt 0.316857 0.851016
vt 0.317653 0.851016
vt 0.318449 0.851016
vt 0.319245 0.851016
vt 0.320040 0.851016
vt 0.312879 0.851016
vt 0.313675 0.851016
vt 0.314470 0.851016
vt 0.315266 0.851016
vt 0.316062 0.851016
vt 0.316857 0.843718
vt 0.317653 0.843718
vt 0.318449 0.843718
vt 0.319245 0.843718
vt 0.320040 0.843718
vt 0.312879 0.843718
vt 0.313675 0.843718
vt 0.314470 0.843718
vt 0.315266 0.843718
vt 0.316062 0.843718
vt 0.316857 0.836421
vt 0.317653 0.836421
vt 0.318449 0.836421
vt 0.319245 0.836421
vt 0.320040 0.836421
vt 0.312879 0.836421
vt 0.313675 0.836421
vt 0.314470 0.836421
vt 0.315266 0.836421
vt 0.316062 0.836421
vt 0.316857 0.829124
vt 0.317653 0.829124
vt 0.318449 0.829124
vt 0.319245 0.829124
vt 0.320040 0.829124
vt 0.312879 0.829124
vt 0.313675 0.829124
vt 0.314470 0.829124
vt 0.315266 0.829124
vt 0.316062 0.829124
vt 0.316857 0.821826
vt 0.317653 0.821826
vt 0.318449 0.821826
vt 0.319245 0.821826
vt 0.320040 0.821826
vt 0.312879 0.821826
vt 0.313675 0.821826
vt 0.314470 0.821826
vt 0.315266 0.821826
vt 0.316062 0.821826
vt 0.316857 0.814529
vt 0.317653 0.814529
vt 0.318449 0.814529
vt 0.319245 0.814529
vt 0.320040 0.814529
vt 0.312879 0.814529
vt 0.313675 0.814529
vt 0.314470 0.814529
vt 0.315266 0.814529
vt 0.316062 0.814529
vt 0.316857 0.807232
vt 0.317653 0.807232
vt 0.318449 0.807232
vt 0.319245 0.807232
vt 0.320040 0.807232
vt 0.312879 0.807232
vt 0.313675 0.807232
vt 0.314470 0.807232
vt 0.315266 0.807232
vt 0.316062 0.807232
vt 0.760272 0.811411
vt 0.761068 0.811411
vt 0.761864 0.811411
vt 0.762659 0.811411
vt 0.763455 0.811411
vt 0.756294 0.811411
vt 0.757089 0.811411
vt 0.757885 0.811411
vt 0.758681 0.811411
vt 0.759477 0.811411
vt 0.760272 0.804114
vt 0.761068 0.804114
vt 0.761864 0.804114
vt 0.762659 0.804114
vt 0.763455 0.804114
vt 0.756294 0.804114
vt 0.757089 0.804114
vt 0.757885 0.804114
vt 0.758681 0.804114
vt 0.759477 0.804114
vt 0.760272 0.796816
vt 0.761068 0.796816
vt 0.761864 0.796816
vt 0.762659 0.796816
vt 0.763455 0.796816
vt 0.756294 0.796816
vt 0.757089 0.796816
vt 0.757885 0.796816
vt 0.758681 0.796816
vt 0.759477 0.796816
vt 0.760272 0.789519
vt 0.761068 0.789519
vt 0.761864 0.789519
vt 0.762659 0.789519
vt 0.763455 0.789519
vt 0.756294 0.789519
vt 0.757089 0.789519
vt 0.757885 0.789519
vt 0.758681 0.789519
vt 0.759477 0.789519
vt 0.760272 0.782222
vt 0.761068 0.782222
vt 0.761864 0.782222
vt 0.762659 0.782222
vt 0.763455 0.782222
vt 0.756294 0.782222
vt 0.757090 0.782222
vt 0.757885 0.782222
vt 0.758681 0.782222
vt 0.759477 0.782222
vt 0.760272 0.774924
vt 0.761068 0.774924
vt 0.761864 0.774924
vt 0.762659 0.774924
vt 0.763455 0.774924
vt 0.756294 0.774924
vt 0.757090 0.774924
vt 0.757885 0.774924
vt 0.758681 0.774924
vt 0.759477 0.774924
vt 0.760272 0.767627
vt 0.761068 0.767627
vt 0.761864 0.767627
vt 0.762659 0.767627
vt 0.763455 0.767627
vt 0.756294 0.767627
vt 0.757090 0.767627
vt 0.757885 0.767627
vt 0.758681 0.767627
vt 0.759477 0.767627
vt 0.760272 0.760330
vt 0.761068 0.760330
vt 0.761864 0.760330
vt 0.762659 0.760330
vt 0.763455 0.760330
vt 0.756294 0.760330
vt 0.757090 0.760330
vt 0.757885 0.760330
vt 0.758681 0.760330
vt 0.759477 0.760330
vt 0.760272 0.753032
vt 0.761068 0.753032
vt 0.761864 0.753032
vt 0.762659 0.753032
vt 0.763455 0.753032
vt 0.756294 0.753032
vt 0.757090 0.753032
vt 0.757885 0.753032
vt 0.758681 0.753032
vt 0.759477 0.753032
vt 0.760272 0.745735
vt 0.760272 0.877087
vt 0.761068 0.745735
vt 0.761068 0.877087
vt 0.761864 0.745735
vt 0.761864 0.877087
vt 0.762660 0.745735
vt 0.762659 0.877087
vt 0.763455 0.745735
vt 0.756294 0.745735
vt 0.763455 0.877087
vt 0.756294 0.877087
vt 0.757090 0.745735
vt 0.757090 0.877087
vt 0.757885 0.745735
vt 0.757885 0.877087
vt 0.758681 0.745735
vt 0.758681 0.877087
vt 0.759477 0.745735
vt 0.759477 0.877087
vt 0.760272 0.869790
vt 0.761068 0.869790
vt 0.761864 0.869790
vt 0.762659 0.869790
vt 0.763455 0.869790
vt 0.756294 0.869790
vt 0.757089 0.869790
vt 0.757885 0.869790
vt 0.758681 0.869790
vt 0.759477 0.869790
vt 0.760272 0.862493
vt 0.761068 0.862493
vt 0.761864 0.862493
vt 0.762659 0.862493
vt 0.763455 0.862493
vt 0.756294 0.862493
vt 0.757089 0.862493
vt 0.757885 0.862493
vt 0.758681 0.862493
vt 0.759477 0.862493
vt 0.760272 0.855195
vt 0.761068 0.855195
vt 0.761864 0.855195
vt 0.762659 0.855195
vt 0.763455 0.855195
vt 0.756294 0.855195
vt 0.757089 0.855195
vt 0.757885 0.855195
vt 0.758681 0.855195
vt 0.759477 0.855195
vt 0.760272 0.847898
vt 0.761068 0.847898
vt 0.761864 0.847898
vt 0.762659 0.847898
vt 0.763455 0.847898
vt 0.756294 0.847898
vt 0.757089 0.847898
vt 0.757885 0.847898
vt 0.758681 0.847898
vt 0.759477 0.847898
vt 0.760272 0.840601
vt 0.761068 0.840601
vt 0.761864 0.840601
vt 0.762659 0.840601
vt 0.763455 0.840601
vt 0.756294 0.840601
vt 0.757089 0.840601
vt 0.757885 0.840601
vt 0.758681 0.840601
vt 0.759477 0.840601
vt 0.760272 0.833303
vt 0.761068 0.833303
vt 0.761864 0.833303
vt 0.762659 0.833303
vt 0.763455 0.833303
vt 0.756294 0.833303
vt 0.757089 0.833303
vt 0.757885 0.833303
vt 0.758681 0.833303
vt 0.759477 0.833303
vt 0.760272 0.826006
vt 0.761068 0.826006
vt 0.761864 0.826006
vt 0.762659 0.826006
vt 0.763455 0.826006
vt 0.756294 0.826006
vt 0.757089 0.826006
vt 0.757885 0.826006
vt 0.758681 0.826006
vt 0.759477 0.826006
vt 0.760272 0.818708
vt 0.761068 0.818708
vt 0.761864 0.818708
vt 0.762659 0.818708
vt 0.763455 0.818708
vt 0.756294 0.818708
vt 0.757089 0.818708
vt 0.757885 0.818708
vt 0.758681 0.818708
vt 0.759477 0.818708
vt 0.870732 0.704640
vt 0.871528 0.704640
vt 0.872324 0.704640
vt 0.873120 0.704640
vt 0.873915 0.704640
vt 0.866754 0.704640
vt 0.867550 0.704640
vt 0.868345 0.704640
vt 0.869141 0.704640
vt 0.869937 0.704640
vt 0.870732 0.697343
vt 0.871528 0.697343
vt 0.872324 0.697343
vt 0.873120 0.697343
vt 0.873915 0.697343
vt 0.866754 0.697343
vt 0.867550 0.697343
vt 0.868345 0.697343
vt 0.869141 0.697343
vt 0.869937 0.697343
vt 0.870732 0.690045
vt 0.871528 0.690045
vt 0.872324 0.690045
vt 0.873120 0.690045
vt 0.873915 0.690045
vt 0.866754 0.690045
vt 0.867550 0.690045
vt 0.868345 0.690045
vt 0.869141 0.690045
vt 0.869937 0.690045
vt 0.870732 0.682748
vt 0.871528 0.682748
vt 0.872324 0.682748
vt 0.873120 0.682748
vt 0.873915 0.682748
vt 0.866754 0.682748
vt 0.867550 0.682748
vt 0.868345 0.682748
vt 0.869141 0.682748
vt 0.869937 0.682748
vt 0.870732 0.675451
vt 0.871528 0.675451
vt 0.872324 0.675451
vt 0.873120 0.675451
vt 0.873915 0.675451
vt 0.866754 0.675451
vt 0.867550 0.675451
vt 0.868345 0.675451
vt 0.869141 0.675451
vt 0.869937 0.675451
vt 0.870732 0.668153
vt 0.871528 0.668153
vt 0.872324 0.668153
vt 0.873120 0.668153
vt 0.873915 0.668153
vt 0.866754 0.668153
vt 0.867550 0.668153
vt 0.868345 0.668153
vt 0.869141 0.668153
vt 0.869937 0.668153
vt 0.870732 0.660856
vt 0.871528 0.660856
vt 0.872324 0.660856
vt 0.873120 0.660856
vt 0.873915 0.660856
vt 0.866754 0.660856
vt 0.867550 0.660856
vt 0.868345 0.660856
vt 0.869141 0.660856
vt 0.869937 0.660856
vt 0.870732 0.653559
vt 0.871528 0.653559
vt 0.872324 0.653559
vt 0.873120 0.653559
vt 0.873915 0.653559
vt 0.866754 0.653559
vt 0.867550 0.653559
vt 0.868345 0.653559
vt 0.869141 0.653559
vt 0.869937 0.653559
vt 0.870732 0.646261
vt 0.871528 0.646261
vt 0.872324 0.646261
vt 0.873120 0.646261
vt 0.873915 0.646261
vt 0.866754 0.646261
vt 0.867550 0.646261
vt 0.868345 0.646261
vt 0.869141 0.646261
vt 0.869937 0.646261
vt 0.870732 0.638964
vt 0.870732 0.770316
vt 0.871528 0.638964
vt 0.871528 0.770316
vt 0.872324 0.638964
vt 0.872324 0.770316
vt 0.873119 0.638964
vt 0.873119 0.770316
vt 0.873915 0.638964
vt 0.866754 0.638964
vt 0.873915 0.770316
vt 0.866754 0.770316
vt 0.867550 0.638964
vt 0.867550 0.770316
vt 0.868345 0.638964
vt 0.868345 0.770316
vt 0.869141 0.638964
vt 0.869141 0.770316
vt 0.869937 0.638964
vt 0.869937 0.770316
vt 0.870732 0.763019
vt 0.871528 0.763019
vt 0.872324 0.763019
vt 0.873120 0.763019
vt 0.873915 0.763019
vt 0.866754 0.763019
vt 0.867550 0.763019
vt 0.868345 0.763019
vt 0.869141 0.763019
vt 0.869937 0.763019
vt 0.870732 0.755722
vt 0.871528 0.755722
vt 0.872324 0.755722
vt 0.873120 0.755722
vt 0.873915 0.755722
vt 0.866754 0.755722
vt 0.867550 0.755722
vt 0.868345 0.755722
vt 0.869141 0.755722
vt 0.869937 0.755722
vt 0.870732 0.748424
vt 0.871528 0.748424
vt 0.872324 0.748424
vt 0.873120 0.748424
vt 0.873915 0.748424
vt 0.866754 0.748424
vt 0.867550 0.748424
vt 0.868345 0.748424
vt 0.869141 0.748424
vt 0.869937 0.748424
vt 0.870732 0.741127
vt 0.871528 0.741127
vt 0.872324 0.741127
vt 0.873120 0.741127
vt 0.873915 0.741127
vt 0.866754 0.741127
vt 0.867550 0.741127
vt 0.868345 0.741127
vt 0.869141 0.741127
vt 0.869937 0.741127
vt 0.870732 0.733830
vt 0.871528 0.733830
vt 0.872324 0.733830
vt 0.873120 0.733830
vt 0.873915 0.733830
vt 0.866754 0.733830
vt 0.867550 0.733830
vt 0.868345 0.733830
vt 0.869141 0.733830
vt 0.869937 0.733830
vt 0.870732 0.726532
vt 0.871528 0.726532
vt 0.872324 0.726532
vt 0.873120 0.726532
vt 0.873915 0.726532
vt 0.866754 0.726532
vt 0.867550 0.726532
vt 0.868345 0.726532
vt 0.869141 0.726532
vt 0.869937 0.726532
vt 0.870732 0.719235
vt 0.871528 0.719235
vt 0.872324 0.719235
vt 0.873120 0.719235
vt 0.873915 0.719235
vt 0.866754 0.719235
vt 0.867550 0.719235
vt 0.868345 0.719235
vt 0.869141 0.719235
vt 0.869937 0.719235
vt 0.870732 0.711938
vt 0.871528 0.711938
vt 0.872324 0.711938
vt 0.873120 0.711938
vt 0.873915 0.711938
vt 0.866754 0.711938
vt 0.867550 0.711938
vt 0.868345 0.711938
vt 0.869141 0.711938
vt 0.869937 0.711938
vt 0.838923 0.704640
vt 0.839719 0.704640
vt 0.840514 0.704640
vt 0.841310 0.704640
vt 0.842106 0.704640
vt 0.834944 0.704640
vt 0.835740 0.704640
vt 0.836536 0.704640
vt 0.837332 0.704640
vt 0.838127 0.704640
vt 0.838923 0.697343
vt 0.839719 0.697343
vt 0.840514 0.697343
vt 0.841310 0.697343
vt 0.842106 0.697343
vt 0.834944 0.697343
vt 0.835740 0.697343
vt 0.836536 0.697343
vt 0.837332 0.697343
vt 0.838127 0.697343
vt 0.838923 0.690045
vt 0.839719 0.690045
vt 0.840514 0.690045
vt 0.841310 0.690045
vt 0.842106 0.690045
vt 0.834944 0.690045
vt 0.835740 0.690045
vt 0.836536 0.690045
vt 0.837332 0.690045
vt 0.838127 0.690045
vt 0.838923 0.682748
vt 0.839719 0.682748
vt 0.840514 0.682748
vt 0.841310 0.682748
vt 0.842106 0.682748
vt 0.834944 0.682748
vt 0.835740 0.682748
vt 0.836536 0.682748
vt 0.837332 0.682748
vt 0.838127 0.682748
vt 0.838923 0.675451
vt 0.839719 0.675451
vt 0.840514 0.675451
vt 0.841310 0.675451
vt 0.842106 0.675451
vt 0.834944 0.675451
vt 0.835740 0.675451
vt 0.836536 0.675451
vt 0.837332 0.675451
vt 0.838127 0.675451
vt 0.838923 0.668153
vt 0.839719 0.668153
vt 0.840514 0.668153
vt 0.841310 0.668153
vt 0.842106 0.668153
vt 0.834944 0.668153
vt 0.835740 0.668153
vt 0.836536 0.668153
vt 0.837332 0.668153
vt 0.838127 0.668153
vt 0.838923 0.660856
vt 0.839719 0.660856
vt 0.840514 0.660856
vt 0.841310 0.660856
vt 0.842106 0.660856
vt 0.834944 0.660856
vt 0.835740 0.660856
vt 0.836536 0.660856
vt 0.837332 0.660856
vt 0.838127 0.660856
vt 0.838923 0.653558
vt 0.839719 0.653558
vt 0.840514 0.653558
vt 0.841310 0.653558
vt 0.842106 0.653558
vt 0.834944 0.653558
vt 0.835740 0.653558
vt 0.836536 0.653558
vt 0.837332 0.653558
vt 0.838127 0.653558
vt 0.838923 0.646261
vt 0.839719 0.646261
vt 0.840514 0.646261
vt 0.841310 0.646261
vt 0.842106 0.646261
vt 0.834944 0.646261
vt 0.835740 0.646261
vt 0.836536 0.646261
vt 0.837332 0.646261
vt 0.838127 0.646261
vt 0.838923 0.638964
vt 0.838923 0.770316
vt 0.839719 0.638964
vt 0.839719 0.770316
vt 0.840514 0.638964
vt 0.840514 0.770316
vt 0.841310 0.638964
vt 0.841310 0.770316
vt 0.842106 0.638964
vt 0.834944 0.638964
vt 0.842106 0.770316
vt 0.834944 0.770316
vt 0.835740 0.638964
vt 0.835740 0.770316
vt 0.836536 0.638964
vt 0.836536 0.770316
vt 0.837332 0.638964
vt 0.837331 0.770316
vt 0.838127 0.638964
vt 0.838127 0.770316
vt 0.838923 0.763019
vt 0.839719 0.763019
vt 0.840514 0.763019
vt 0.841310 0.763019
vt 0.842106 0.763019
vt 0.834944 0.763019
vt 0.835740 0.763019
vt 0.836536 0.763019
vt 0.837331 0.763019
vt 0.838127 0.763019
vt 0.838923 0.755722
vt 0.839719 0.755722
vt 0.840514 0.755722
vt 0.841310 0.755722
vt 0.842106 0.755722
vt 0.834944 0.755722
vt 0.835740 0.755722
vt 0.836536 0.755722
vt 0.837331 0.755722
vt 0.838127 0.755722
vt 0.838923 0.748424
vt 0.839719 0.748424
vt 0.840514 0.748424
vt 0.841310 0.748424
vt 0.842106 0.748424
vt 0.834944 0.748424
vt 0.835740 0.748424
vt 0.836536 0.748424
vt 0.837331 0.748424
vt 0.838127 0.748424
vt 0.838923 0.741127
vt 0.839719 0.741127
vt 0.840514 0.741127
vt 0.841310 0.741127
vt 0.842106 0.741127
vt 0.834944 0.741127
vt 0.835740 0.741127
vt 0.836536 0.741127
vt 0.837331 0.741127
vt 0.838127 0.741127
vt 0.838923 0.733830
vt 0.839719 0.733830
vt 0.840514 0.733830
vt 0.841310 0.733830
vt 0.842106 0.733830
vt 0.834944 0.733830
vt 0.835740 0.733830
vt 0.836536 0.733830
vt 0.837331 0.733830
vt 0.838127 0.733830
vt 0.838923 0.726532
vt 0.839719 0.726532
vt 0.840514 0.726532
vt 0.841310 0.726532
vt 0.842106 0.726532
vt 0.834944 0.726532
vt 0.835740 0.726532
vt 0.836536 0.726532
vt 0.837331 0.726532
vt 0.838127 0.726532
vt 0.838923 0.719235
vt 0.839719 0.719235
vt 0.840514 0.719235
vt 0.841310 0.719235
vt 0.842106 0.719235
vt 0.834944 0.719235
vt 0.835740 0.719235
vt 0.836536 0.719235
vt 0.837332 0.719235
vt 0.838127 0.719235
vt 0.838923 0.711938
vt 0.839719 0.711938
vt 0.840514 0.711938
vt 0.841310 0.711938
vt 0.842106 0.711938
vt 0.834944 0.711938
vt 0.835740 0.711938
vt 0.836536 0.711938
vt 0.837332 0.711938
vt 0.838127 0.711938
vt 0.849526 0.704640
vt 0.850322 0.704640
vt 0.851118 0.704640
vt 0.851913 0.704640
vt 0.852709 0.704640
vt 0.845548 0.704640
vt 0.846343 0.704640
vt 0.847139 0.704640
vt 0.847935 0.704640
vt 0.848730 0.704640
vt 0.849526 0.697343
vt 0.850322 0.697343
vt 0.851118 0.697343
vt 0.851913 0.697343
vt 0.852709 0.697343
vt 0.845548 0.697343
vt 0.846343 0.697343
vt 0.847139 0.697343
vt 0.847935 0.697343
vt 0.848730 0.697343
vt 0.849526 0.690045
vt 0.850322 0.690045
vt 0.851118 0.690045
vt 0.851913 0.690045
vt 0.852709 0.690045
vt 0.845548 0.690045
vt 0.846343 0.690045
vt 0.847139 0.690045
vt 0.847935 0.690045
vt 0.848730 0.690045
vt 0.849526 0.682748
vt 0.850322 0.682748
vt 0.851118 0.682748
vt 0.851913 0.682748
vt 0.852709 0.682748
vt 0.845548 0.682748
vt 0.846343 0.682748
vt 0.847139 0.682748
vt 0.847935 0.682748
vt 0.848730 0.682748
vt 0.849526 0.675451
vt 0.850322 0.675451
vt 0.851118 0.675451
vt 0.851913 0.675451
vt 0.852709 0.675451
vt 0.845548 0.675451
vt 0.846343 0.675451
vt 0.847139 0.675451
vt 0.847935 0.675451
vt 0.848730 0.675451
vt 0.849526 0.668153
vt 0.850322 0.668153
vt 0.851118 0.668153
vt 0.851913 0.668153
vt 0.852709 0.668153
vt 0.845548 0.668153
vt 0.846343 0.668153
vt 0.847139 0.668153
vt 0.847935 0.668153
vt 0.848730 0.668153
vt 0.849526 0.660856
vt 0.850322 0.660856
vt 0.851118 0.660856
vt 0.851913 0.660856
vt 0.852709 0.660856
vt 0.845548 0.660856
vt 0.846343 0.660856
vt 0.847139 0.660856
vt 0.847935 0.660856
vt 0.848730 0.660856
vt 0.849526 0.653559
vt 0.850322 0.653559
vt 0.851118 0.653559
vt 0.851913 0.653559
vt 0.852709 0.653559
vt 0.845548 0.653559
vt 0.846343 0.653559
vt 0.847139 0.653559
vt 0.847935 0.653559
vt 0.848730 0.653559
vt 0.849526 0.646261
vt 0.850322 0.646261
vt 0.851118 0.646261
vt 0.851913 0.646261
vt 0.852709 0.646261
vt 0.845548 0.646261
vt 0.846343 0.646261
vt 0.847139 0.646261
vt 0.847935 0.646261
vt 0.848730 0.646261
vt 0.849526 0.638964
vt 0.849526 0.770317
vt 0.850322 0.638964
vt 0.850322 0.770317
vt 0.851117 0.638964
vt 0.851118 0.770317
vt 0.851913 0.638964
vt 0.851913 0.770317
vt 0.852709 0.638964
vt 0.845548 0.638964
vt 0.852709 0.770317
vt 0.845548 0.770317
vt 0.846343 0.638964
vt 0.846343 0.770317
vt 0.847139 0.638964
vt 0.847139 0.770317
vt 0.847935 0.638964
vt 0.847935 0.770317
vt 0.848730 0.638964
vt 0.848731 0.770317
vt 0.849526 0.763019
vt 0.850322 0.763019
vt 0.851118 0.763019
vt 0.851913 0.763019
vt 0.852709 0.763019
vt 0.845548 0.763019
vt 0.846343 0.763019
vt 0.847139 0.763019
vt 0.847935 0.763019
vt 0.848730 0.763019
vt 0.849526 0.755722
vt 0.850322 0.755722
vt 0.851118 0.755722
vt 0.851913 0.755722
vt 0.852709 0.755722
vt 0.845548 0.755722
vt 0.846343 0.755722
vt 0.847139 0.755722
vt 0.847935 0.755722
vt 0.848730 0.755722
vt 0.849526 0.748425
vt 0.850322 0.748425
vt 0.851118 0.748425
vt 0.851913 0.748425
vt 0.852709 0.748425
vt 0.845548 0.748425
vt 0.846343 0.748425
vt 0.847139 0.748425
vt 0.847935 0.748425
vt 0.848730 0.748425
vt 0.849526 0.741127
vt 0.850322 0.741127
vt 0.851118 0.741127
vt 0.851913 0.741127
vt 0.852709 0.741127
vt 0.845548 0.741127
vt 0.846343 0.741127
vt 0.847139 0.741127
vt 0.847935 0.741127
vt 0.848730 0.741127
vt 0.849526 0.733830
vt 0.850322 0.733830
vt 0.851118 0.733830
vt 0.851913 0.733830
vt 0.852709 0.733830
vt 0.845548 0.733830
vt 0.846343 0.733830
vt 0.847139 0.733830
vt 0.847935 0.733830
vt 0.848730 0.733830
vt 0.849526 0.726532
vt 0.850322 0.726532
vt 0.851118 0.726532
vt 0.851913 0.726532
vt 0.852709 0.726532
vt 0.845548 0.726532
vt 0.846343 0.726532
vt 0.847139 0.726532
vt 0.847935 0.726532
vt 0.848730 0.726532
vt 0.849526 0.719235
vt 0.850322 0.719235
vt 0.851118 0.719235
vt 0.851913 0.719235
vt 0.852709 0.719235
vt 0.845548 0.719235
vt 0.846343 0.719235
vt 0.847139 0.719235
vt 0.847935 0.719235
vt 0.848730 0.719235
vt 0.849526 0.711938
vt 0.850322 0.711938
vt 0.851118 0.711938
vt 0.851913 0.711938
vt 0.852709 0.711938
vt 0.845548 0.711938
vt 0.846343 0.711938
vt 0.847139 0.711938
vt 0.847935 0.711938
vt 0.848730 0.711938
vt 0.770876 0.811411
vt 0.771671 0.811411
vt 0.772467 0.811411
vt 0.773263 0.811411
vt 0.774058 0.811411
vt 0.766897 0.811411
vt 0.767693 0.811411
vt 0.768488 0.811411
vt 0.769284 0.811411
vt 0.770080 0.811411
vt 0.770876 0.804114
vt 0.771671 0.804114
vt 0.772467 0.804114
vt 0.773263 0.804114
vt 0.774058 0.804114
vt 0.766897 0.804114
vt 0.767693 0.804114
vt 0.768488 0.804114
vt 0.769284 0.804114
vt 0.770080 0.804114
vt 0.770876 0.796816
vt 0.771671 0.796816
vt 0.772467 0.796816
vt 0.773263 0.796816
vt 0.774058 0.796816
vt 0.766897 0.796816
vt 0.767693 0.796816
vt 0.768488 0.796816
vt 0.769284 0.796816
vt 0.770080 0.796816
vt 0.770876 0.789519
vt 0.771671 0.789519
vt 0.772467 0.789519
vt 0.773263 0.789519
vt 0.774058 0.789519
vt 0.766897 0.789519
vt 0.767693 0.789519
vt 0.768488 0.789519
vt 0.769284 0.789519
vt 0.770080 0.789519
vt 0.770876 0.782222
vt 0.771671 0.782222
vt 0.772467 0.782222
vt 0.773263 0.782222
vt 0.774058 0.782222
vt 0.766897 0.782222
vt 0.767693 0.782222
vt 0.768488 0.782222
vt 0.769284 0.782222
vt 0.770080 0.782222
vt 0.770876 0.774924
vt 0.771671 0.774924
vt 0.772467 0.774924
vt 0.773263 0.774924
vt 0.774058 0.774924
vt 0.766897 0.774924
vt 0.767693 0.774924
vt 0.768488 0.774924
vt 0.769284 0.774924
vt 0.770080 0.774924
vt 0.770876 0.767627
vt 0.771671 0.767627
vt 0.772467 0.767627
vt 0.773263 0.767627
vt 0.774058 0.767627
vt 0.766897 0.767627
vt 0.767693 0.767627
vt 0.768488 0.767627
vt 0.769284 0.767627
vt 0.770080 0.767627
vt 0.770876 0.760330
vt 0.771671 0.760330
vt 0.772467 0.760330
vt 0.773263 0.760330
vt 0.774058 0.760330
vt 0.766897 0.760330
vt 0.767693 0.760330
vt 0.768488 0.760330
vt 0.769284 0.760330
vt 0.770080 0.760330
vt 0.770876 0.753032
vt 0.771671 0.753032
vt 0.772467 0.753032
vt 0.773263 0.753032
vt 0.774058 0.753032
vt 0.766897 0.753032
vt 0.767693 0.753032
vt 0.768488 0.753032
vt 0.769284 0.753032
vt 0.770080 0.753032
vt 0.770876 0.745735
vt 0.770876 0.877087
vt 0.771671 0.745735
vt 0.771671 0.877087
vt 0.772467 0.745735
vt 0.772467 0.877087
vt 0.773263 0.745735
vt 0.773263 0.877087
vt 0.774058 0.745735
vt 0.766897 0.745735
vt 0.774058 0.877087
vt 0.766897 0.877087
vt 0.767693 0.745735
vt 0.767693 0.877087
vt 0.768488 0.745735
vt 0.768488 0.877087
vt 0.769284 0.745735
vt 0.769284 0.877087
vt 0.770080 0.745735
vt 0.770080 0.877087
vt 0.770876 0.869790
vt 0.771671 0.869790
vt 0.772467 0.869790
vt 0.773263 0.869790
vt 0.774058 0.869790
vt 0.766897 0.869790
vt 0.767693 0.869790
vt 0.768488 0.869790
vt 0.769284 0.869790
vt 0.770080 0.869790
vt 0.770876 0.862493
vt 0.771671 0.862493
vt 0.772467 0.862493
vt 0.773263 0.862493
vt 0.774058 0.862493
vt 0.766897 0.862493
vt 0.767693 0.862493
vt 0.768488 0.862493
vt 0.769284 0.862493
vt 0.770080 0.862493
vt 0.770876 0.855195
vt 0.771671 0.855195
vt 0.772467 0.855195
vt 0.773263 0.855195
vt 0.774058 0.855195
vt 0.766897 0.855195
vt 0.767693 0.855195
vt 0.768488 0.855195
vt 0.769284 0.855195
vt 0.770080 0.855195
vt 0.770876 0.847898
vt 0.771671 0.847898
vt 0.772467 0.847898
vt 0.773263 0.847898
vt 0.774058 0.847898
vt 0.766897 0.847898
vt 0.767693 0.847898
vt 0.768488 0.847898
vt 0.769284 0.847898
vt 0.770080 0.847898
vt 0.770876 0.840600
vt 0.771671 0.840600
vt 0.772467 0.840600
vt 0.773263 0.840600
vt 0.774058 0.840600
vt 0.766897 0.840600
vt 0.767693 0.840600
vt 0.768488 0.840600
vt 0.769284 0.840600
vt 0.770080 0.840600
vt 0.770876 0.833303
vt 0.771671 0.833303
vt 0.772467 0.833303
vt 0.773263 0.833303
vt 0.774058 0.833303
vt 0.766897 0.833303
vt 0.767693 0.833303
vt 0.768488 0.833303
vt 0.769284 0.833303
vt 0.770080 0.833303
vt 0.770876 0.826006
vt 0.771671 0.826006
vt 0.772467 0.826006
vt 0.773263 0.826006
vt 0.774058 0.826006
vt 0.766897 0.826006
vt 0.767693 0.826006
vt 0.768488 0.826006
vt 0.769284 0.826006
vt 0.770080 0.826006
vt 0.770876 0.818708
vt 0.771671 0.818708
vt 0.772467 0.818708
vt 0.773263 0.818708
vt 0.774058 0.818708
vt 0.766897 0.818708
vt 0.767693 0.818708
vt 0.768488 0.818708
vt 0.769284 0.818708
vt 0.770080 0.818708
vt 0.828320 0.704640
vt 0.829115 0.704640
vt 0.829911 0.704640
vt 0.830707 0.704640
vt 0.831502 0.704640
vt 0.824341 0.704640
vt 0.825137 0.704640
vt 0.825933 0.704640
vt 0.826728 0.704640
vt 0.827524 0.704640
vt 0.828320 0.697343
vt 0.829115 0.697343
vt 0.829911 0.697343
vt 0.830707 0.697343
vt 0.831502 0.697343
vt 0.824341 0.697343
vt 0.825137 0.697343
vt 0.825933 0.697343
vt 0.826728 0.697343
vt 0.827524 0.697343
vt 0.828320 0.690045
vt 0.829115 0.690045
vt 0.829911 0.690045
vt 0.830707 0.690045
vt 0.831502 0.690045
vt 0.824341 0.690045
vt 0.825137 0.690045
vt 0.825933 0.690045
vt 0.826728 0.690045
vt 0.827524 0.690045
vt 0.828320 0.682748
vt 0.829115 0.682748
vt 0.829911 0.682748
vt 0.830707 0.682748
vt 0.831502 0.682748
vt 0.824341 0.682748
vt 0.825137 0.682748
vt 0.825933 0.682748
vt 0.826728 0.682748
vt 0.827524 0.682748
vt 0.828320 0.675451
vt 0.829115 0.675451
vt 0.829911 0.675451
vt 0.830707 0.675451
vt 0.831503 0.675451
vt 0.824341 0.675451
vt 0.825137 0.675451
vt 0.825933 0.675451
vt 0.826728 0.675451
vt 0.827524 0.675451
vt 0.828320 0.668153
vt 0.829115 0.668153
vt 0.829911 0.668153
vt 0.830707 0.668153
vt 0.831503 0.668153
vt 0.824341 0.668153
vt 0.825137 0.668153
vt 0.825933 0.668153
vt 0.826728 0.668153
vt 0.827524 0.668153
vt 0.828320 0.660856
vt 0.829115 0.660856
vt 0.829911 0.660856
vt 0.830707 0.660856
vt 0.831503 0.660856
vt 0.824341 0.660856
vt 0.825137 0.660856
vt 0.825933 0.660856
vt 0.826728 0.660856
vt 0.827524 0.660856
vt 0.828320 0.653559
vt 0.829115 0.653559
vt 0.829911 0.653559
vt 0.830707 0.653559
vt 0.831503 0.653559
vt 0.824341 0.653559
vt 0.825137 0.653559
vt 0.825933 0.653559
vt 0.826728 0.653559
vt 0.827524 0.653559
vt 0.828320 0.646261
vt 0.829115 0.646261
vt 0.829911 0.646261
vt 0.830707 0.646261
vt 0.831503 0.646261
vt 0.824341 0.646261
vt 0.825137 0.646261
vt 0.825933 0.646261
vt 0.826728 0.646261
vt 0.827524 0.646261
vt 0.828320 0.638964
vt 0.828320 0.770317
vt 0.829115 0.638964
vt 0.829115 0.770317
vt 0.829911 0.638964
vt 0.829911 0.770317
vt 0.830707 0.638964
vt 0.830707 0.770317
vt 0.831503 0.638964
vt 0.824341 0.638964
vt 0.831502 0.770317
vt 0.824341 0.770317
vt 0.825137 0.638964
vt 0.825137 0.770317
vt 0.825933 0.638964
vt 0.825933 0.770317
vt 0.826728 0.638964
vt 0.826728 0.770317
vt 0.827524 0.638964
vt 0.827524 0.770317
vt 0.828320 0.763019
vt 0.829115 0.763019
vt 0.829911 0.763019
vt 0.830707 0.763019
vt 0.831502 0.763019
vt 0.824341 0.763019
vt 0.825137 0.763019
vt 0.825933 0.763019
vt 0.826728 0.763019
vt 0.827524 0.763019
vt 0.828320 0.755722
vt 0.829115 0.755722
vt 0.829911 0.755722
vt 0.830707 0.755722
vt 0.831502 0.755722
vt 0.824341 0.755722
vt 0.825137 0.755722
vt 0.825933 0.755722
vt 0.826728 0.755722
vt 0.827524 0.755722
vt 0.828320 0.748425
vt 0.829115 0.748425
vt 0.829911 0.748425
vt 0.830707 0.748425
vt 0.831502 0.748425
vt 0.824341 0.748425
vt 0.825137 0.748425
vt 0.825933 0.748425
vt 0.826728 0.748425
vt 0.827524 0.748425
vt 0.828320 0.741127
vt 0.829115 0.741127
vt 0.829911 0.741127
vt 0.830707 0.741127
vt 0.831502 0.741127
vt 0.824341 0.741127
vt 0.825137 0.741127
vt 0.825933 0.741127
vt 0.826728 0.741127
vt 0.827524 0.741127
vt 0.828320 0.733830
vt 0.829115 0.733830
vt 0.829911 0.733830
vt 0.830707 0.733830
vt 0.831502 0.733830
vt 0.824341 0.733830
vt 0.825137 0.733830
vt 0.825933 0.733830
vt 0.826728 0.733830
vt 0.827524 0.733830
vt 0.828320 0.726532
vt 0.829115 0.726532
vt 0.829911 0.726532
vt 0.830707 0.726532
vt 0.831502 0.726532
vt 0.824341 0.726532
vt 0.825137 0.726532
vt 0.825933 0.726532
vt 0.826728 0.726532
vt 0.827524 0.726532
vt 0.828320 0.719235
vt 0.829115 0.719235
vt 0.829911 0.719235
vt 0.830707 0.719235
vt 0.831502 0.719235
vt 0.824341 0.719235
vt 0.825137 0.719235
vt 0.825933 0.719235
vt 0.826728 0.719235
vt 0.827524 0.719235
vt 0.828320 0.711938
vt 0.829115 0.711938
vt 0.829911 0.711938
vt 0.830707 0.711938
vt 0.831502 0.711938
vt 0.824341 0.711938
vt 0.825137 0.711938
vt 0.825933 0.711938
vt 0.826728 0.711938
vt 0.827524 0.711938
vt 0.749669 0.811411
vt 0.750465 0.811411
vt 0.751261 0.811411
vt 0.752056 0.811411
vt 0.752852 0.811411
vt 0.745691 0.811411
vt 0.746486 0.811411
vt 0.747282 0.811411
vt 0.748078 0.811411
vt 0.748873 0.811411
vt 0.749669 0.804114
vt 0.750465 0.804114
vt 0.751261 0.804114
vt 0.752056 0.804114
vt 0.752852 0.804114
vt 0.745691 0.804114
vt 0.746486 0.804114
vt 0.747282 0.804114
vt 0.748078 0.804114
vt 0.748873 0.804114
vt 0.749669 0.796816
vt 0.750465 0.796816
vt 0.751261 0.796816
vt 0.752056 0.796816
vt 0.752852 0.796816
vt 0.745691 0.796816
vt 0.746486 0.796816
vt 0.747282 0.796816
vt 0.748078 0.796816
vt 0.748873 0.796816
vt 0.749669 0.789519
vt 0.750465 0.789519
vt 0.751261 0.789519
vt 0.752056 0.789519
vt 0.752852 0.789519
vt 0.745691 0.789519
vt 0.746486 0.789519
vt 0.747282 0.789519
vt 0.748078 0.789519
vt 0.748873 0.789519
vt 0.749669 0.782222
vt 0.750465 0.782222
vt 0.751261 0.782222
vt 0.752056 0.782222
vt 0.752852 0.782222
vt 0.745691 0.782222
vt 0.746486 0.782222
vt 0.747282 0.782222
vt 0.748078 0.782222
vt 0.748873 0.782222
vt 0.749669 0.774924
vt 0.750465 0.774924
vt 0.751261 0.774924
vt 0.752056 0.774924
vt 0.752852 0.774924
vt 0.745691 0.774924
vt 0.746486 0.774924
vt 0.747282 0.774924
vt 0.748078 0.774924
vt 0.748873 0.774924
vt 0.749669 0.767627
vt 0.750465 0.767627
vt 0.751261 0.767627
vt 0.752056 0.767627
vt 0.752852 0.767627
vt 0.745691 0.767627
vt 0.746486 0.767627
vt 0.747282 0.767627
vt 0.748078 0.767627
vt 0.748873 0.767627
vt 0.749669 0.760330
vt 0.750465 0.760330
vt 0.751261 0.760330
vt 0.752056 0.760330
vt 0.752852 0.760330
vt 0.745691 0.760330
vt 0.746486 0.760330
vt 0.747282 0.760330
vt 0.748078 0.760330
vt 0.748873 0.760330
vt 0.749669 0.753032
vt 0.750465 0.753032
vt 0.751261 0.753032
vt 0.752056 0.753032
vt 0.752852 0.753032
vt 0.745691 0.753032
vt 0.746486 0.753032
vt 0.747282 0.753032
vt 0.748078 0.753032
vt 0.748873 0.753032
vt 0.749669 0.745735
vt 0.749669 0.877087
vt 0.750465 0.745735
vt 0.750465 0.877087
vt 0.751261 0.745735
vt 0.751261 0.877087
vt 0.752056 0.745735
vt 0.752056 0.877087
vt 0.752852 0.745735
vt 0.745691 0.745735
vt 0.752852 0.877087
vt 0.745691 0.877087
vt 0.746486 0.745735
vt 0.746486 0.877087
vt 0.747282 0.745735
vt 0.747282 0.877087
vt 0.748078 0.745735
vt 0.748078 0.877087
vt 0.748873 0.745735
vt 0.748873 0.877087
vt 0.749669 0.869790
vt 0.750465 0.869790
vt 0.751261 0.869790
vt 0.752056 0.869790
vt 0.752852 0.869790
vt 0.745691 0.869790
vt 0.746486 0.869790
vt 0.747282 0.869790
vt 0.748078 0.869790
vt 0.748873 0.869790
vt 0.749669 0.862493
vt 0.750465 0.862493
vt 0.751261 0.862493
vt 0.752056 0.862493
vt 0.752852 0.862493
vt 0.745691 0.862493
vt 0.746486 0.862493
vt 0.747282 0.862493
vt 0.748078 0.862493
vt 0.748873 0.862493
vt 0.749669 0.855195
vt 0.750465 0.855195
vt 0.751261 0.855195
vt 0.752056 0.855195
vt 0.752852 0.855195
vt 0.745691 0.855195
vt 0.746486 0.855195
vt 0.747282 0.855195
vt 0.748078 0.855195
vt 0.748873 0.855195
vt 0.749669 0.847898
vt 0.750465 0.847898
vt 0.751261 0.847898
vt 0.752056 0.847898
vt 0.752852 0.847898
vt 0.745691 0.847898
vt 0.746486 0.847898
vt 0.747282 0.847898
vt 0.748078 0.847898
vt 0.748873 0.847898
vt 0.749669 0.840601
vt 0.750465 0.840601
vt 0.751261 0.840601
vt 0.752056 0.840601
vt 0.752852 0.840600
vt 0.745691 0.840600
vt 0.746486 0.840601
vt 0.747282 0.840601
vt 0.748078 0.840601
vt 0.748873 0.840601
vt 0.749669 0.833303
vt 0.750465 0.833303
vt 0.751261 0.833303
vt 0.752056 0.833303
vt 0.752852 0.833303
vt 0.745691 0.833303
vt 0.746486 0.833303
vt 0.747282 0.833303
vt 0.748078 0.833303
vt 0.748873 0.833303
vt 0.749669 0.826006
vt 0.750465 0.826006
vt 0.751261 0.826006
vt 0.752056 0.826006
vt 0.752852 0.826006
vt 0.745691 0.826006
vt 0.746486 0.826006
vt 0.747282 0.826006
vt 0.748078 0.826006
vt 0.748873 0.826006
vt 0.749669 0.818708
vt 0.750465 0.818708
vt 0.751261 0.818708
vt 0.752056 0.818708
vt 0.752852 0.818709
vt 0.745691 0.818709
vt 0.746486 0.818708
vt 0.747282 0.818708
vt 0.748078 0.818708
vt 0.748873 0.818708
vt 0.644203 0.623632
vt 0.644203 0.632282
vt 0.648529 0.623632
vt 0.648529 0.632282
vt 0.644203 0.623632
vt 0.644203 0.632282
vt 0.644203 0.623632
vt 0.644203 0.632282
vt 0.644203 0.627957
vt 0.648529 0.627957
vt 0.644203 0.627957
vt 0.644924 0.627957
vt 0.644203 0.624703
vt 0.644203 0.624703
vt 0.644203 0.631212
vt 0.644203 0.631212
vt 0.644203 0.627957
vt 0.644203 0.624703
vt 0.644203 0.631212
vt 0.647447 0.632282
vt 0.646366 0.632282
vt 0.645285 0.632282
vt 0.644917 0.626921
vt 0.644864 0.625882
vt 0.644708 0.624834
vt 0.645285 0.623632
vt 0.646366 0.623632
vt 0.647447 0.623632
vt 0.648529 0.626876
vt 0.648529 0.625795
vt 0.648529 0.624714
vt 0.644203 0.624703
vt 0.644203 0.624703
vt 0.644203 0.624703
vt 0.644203 0.631212
vt 0.644203 0.631212
vt 0.644203 0.631212
vt 0.644203 0.627144
vt 0.644203 0.626330
vt 0.644203 0.625517
vt 0.644203 0.624703
vt 0.644203 0.624703
vt 0.644203 0.624703
vt 0.644203 0.631212
vt 0.644203 0.631212
vt 0.644203 0.631212
vt 0.644708 0.631081
vt 0.644864 0.630032
vt 0.644917 0.628994
vt 0.648529 0.631201
vt 0.648529 0.630120
vt 0.648529 0.629039
vt 0.644203 0.630398
vt 0.644203 0.629585
vt 0.644203 0.628771
vt 0.647459 0.627957
vt 0.646456 0.627957
vt 0.645589 0.627957
vt 0.644203 0.627144
vt 0.644203 0.626330
vt 0.644203 0.625517
vt 0.644203 0.623632
vt 0.644203 0.623632
vt 0.644203 0.623632
vt 0.644203 0.632282
vt 0.644203 0.632282
vt 0.644203 0.632282
vt 0.644203 0.626876
vt 0.644203 0.625795
vt 0.644203 0.624714
vt 0.644203 0.623632
vt 0.644203 0.623632
vt 0.644203 0.623632
vt 0.644203 0.632282
vt 0.644203 0.632282
vt 0.644203 0.632282
vt 0.644203 0.630398
vt 0.644203 0.629585
vt 0.644203 0.628771
vt 0.644203 0.631201
vt 0.644203 0.630120
vt 0.644203 0.629039
vt 0.644508 0.627957
vt 0.644294 0.627957
vt 0.644215 0.627957
vt 0.644205 0.624851
vt 0.644219 0.624696
vt 0.644248 0.624360
vt 0.644203 0.624435
vt 0.644203 0.624168
vt 0.644203 0.623900
vt 0.644203 0.632015
vt 0.644203 0.631747
vt 0.644203 0.631480
vt 0.644205 0.631064
vt 0.644219 0.631219
vt 0.644248 0.631555
vt 0.644203 0.624353
vt 0.644203 0.624694
vt 0.644203 0.624851
vt 0.644203 0.627957
vt 0.644203 0.627957
vt 0.644203 0.627957
vt 0.644203 0.631562
vt 0.644203 0.631221
vt 0.644203 0.631064
vt 0.647458 0.629038
vt 0.647457 0.630119
vt 0.647453 0.631201
vt 0.646454 0.629034
vt 0.646441 0.630113
vt 0.646409 0.631196
vt 0.645583 0.629021
vt 0.645546 0.630091
vt 0.645446 0.631177
vt 0.647453 0.624714
vt 0.647457 0.625796
vt 0.647458 0.626877
vt 0.646409 0.624719
vt 0.646441 0.625802
vt 0.646454 0.626881
vt 0.645446 0.624738
vt 0.645546 0.625823
vt 0.645583 0.626894
vt 0.644215 0.627082
vt 0.644213 0.626233
vt 0.644209 0.625452
vt 0.644292 0.627022
vt 0.644279 0.626123
vt 0.644248 0.625311
vt 0.644502 0.626965
vt 0.644464 0.625993
vt 0.644369 0.625078
vt 0.644204 0.624570
vt 0.644203 0.624471
vt 0.644203 0.624440
vt 0.644205 0.624359
vt 0.644203 0.624220
vt 0.644203 0.624174
vt 0.644207 0.624039
vt 0.644203 0.623936
vt 0.644203 0.623905
vt 0.644203 0.631475
vt 0.644203 0.631443
vt 0.644204 0.631344
vt 0.644203 0.631741
vt 0.644203 0.631695
vt 0.644205 0.631556
vt 0.644203 0.632010
vt 0.644203 0.631979
vt 0.644207 0.631876
vt 0.644203 0.625451
vt 0.644203 0.626233
vt 0.644203 0.627081
vt 0.644203 0.625306
vt 0.644203 0.626115
vt 0.644203 0.627016
vt 0.644203 0.625053
vt 0.644203 0.625965
vt 0.644203 0.626948
vt 0.644203 0.624440
vt 0.644203 0.624471
vt 0.644203 0.624570
vt 0.644203 0.624174
vt 0.644203 0.624220
vt 0.644203 0.624358
vt 0.644203 0.623905
vt 0.644203 0.623936
vt 0.644203 0.624039
vt 0.644203 0.631344
vt 0.644203 0.631443
vt 0.644203 0.631475
vt 0.644203 0.631556
vt 0.644203 0.631695
vt 0.644203 0.631741
vt 0.644203 0.631876
vt 0.644203 0.631979
vt 0.644203 0.632010
vt 0.644209 0.630463
vt 0.644213 0.629681
vt 0.644215 0.628833
vt 0.644248 0.630604
vt 0.644279 0.629792
vt 0.644292 0.628893
vt 0.644369 0.630836
vt 0.644464 0.629921
vt 0.644502 0.628950
vt 0.644203 0.628833
vt 0.644203 0.629682
vt 0.644203 0.630464
vt 0.644203 0.628898
vt 0.644203 0.629800
vt 0.644203 0.630609
vt 0.644203 0.628967
vt 0.644203 0.629950
vt 0.644203 0.630862
vt 0.644203 0.623632
vt 0.644203 0.632282
vt 0.648529 0.623632
vt 0.648529 0.632282
vt 0.644203 0.623632
vt 0.644203 0.632282
vt 0.644203 0.623632
vt 0.644203 0.632282
vt 0.644203 0.627957
vt 0.648529 0.627957
vt 0.644203 0.627957
vt 0.644924 0.627957
vt 0.644203 0.624703
vt 0.644203 0.624703
vt 0.644203 0.631212
vt 0.644203 0.631212
vt 0.644203 0.627957
vt 0.644203 0.624703
vt 0.644203 0.631212
vt 0.647447 0.632282
vt 0.646366 0.632282
vt 0.645285 0.632282
vt 0.644917 0.626921
vt 0.644864 0.625882
vt 0.644708 0.624834
vt 0.645285 0.623632
vt 0.646366 0.623632
vt 0.647447 0.623632
vt 0.648529 0.626876
vt 0.648529 0.625795
vt 0.648529 0.624714
vt 0.644203 0.624703
vt 0.644203 0.624703
vt 0.644203 0.624703
vt 0.644203 0.631212
vt 0.644203 0.631212
vt 0.644203 0.631212
vt 0.644203 0.627144
vt 0.644203 0.626330
vt 0.644203 0.625517
vt 0.644203 0.624703
vt 0.644203 0.624703
vt 0.644203 0.624703
vt 0.644203 0.631212
vt 0.644203 0.631212
vt 0.644203 0.631212
vt 0.644708 0.631081
vt 0.644864 0.630032
vt 0.644917 0.628994
vt 0.648529 0.631201
vt 0.648529 0.630120
vt 0.648529 0.629039
vt 0.644203 0.630398
vt 0.644203 0.629585
vt 0.644203 0.628771
vt 0.647459 0.627957
vt 0.646456 0.627957
vt 0.645589 0.627957
vt 0.644203 0.627144
vt 0.644203 0.626330
vt 0.644203 0.625517
vt 0.644203 0.623632
vt 0.644203 0.623632
vt 0.644203 0.623632
vt 0.644203 0.632282
vt 0.644203 0.632282
vt 0.644203 0.632282
vt 0.644203 0.626876
vt 0.644203 0.625795
vt 0.644203 0.624714
vt 0.644203 0.623632
vt 0.644203 0.623632
vt 0.644203 0.623632
vt 0.644203 0.632282
vt 0.644203 0.632282
vt 0.644203 0.632282
vt 0.644203 0.630398
vt 0.644203 0.629585
vt 0.644203 0.628771
vt 0.644203 0.631201
vt 0.644203 0.630120
vt 0.644203 0.629039
vt 0.644508 0.627957
vt 0.644294 0.627957
vt 0.644215 0.627957
vt 0.644205 0.624851
vt 0.644219 0.624696
vt 0.644248 0.624360
vt 0.644203 0.624435
vt 0.644203 0.624168
vt 0.644203 0.623900
vt 0.644203 0.632015
vt 0.644203 0.631747
vt 0.644203 0.631480
vt 0.644205 0.631064
vt 0.644219 0.631219
vt 0.644248 0.631555
vt 0.644203 0.624353
vt 0.644203 0.624694
vt 0.644203 0.624851
vt 0.644203 0.627957
vt 0.644203 0.627957
vt 0.644203 0.627957
vt 0.644203 0.631562
vt 0.644203 0.631221
vt 0.644203 0.631064
vt 0.647458 0.629038
vt 0.647457 0.630119
vt 0.647453 0.631201
vt 0.646454 0.629034
vt 0.646441 0.630113
vt 0.646409 0.631196
vt 0.645583 0.629021
vt 0.645546 0.630091
vt 0.645446 0.631177
vt 0.647453 0.624714
vt 0.647457 0.625796
vt 0.647458 0.626877
vt 0.646409 0.624719
vt 0.646441 0.625802
vt 0.646454 0.626881
vt 0.645446 0.624738
vt 0.645546 0.625823
vt 0.645583 0.626894
vt 0.644215 0.627082
vt 0.644213 0.626233
vt 0.644209 0.625452
vt 0.644292 0.627022
vt 0.644279 0.626123
vt 0.644248 0.625311
vt 0.644502 0.626965
vt 0.644464 0.625993
vt 0.644369 0.625078
vt 0.644204 0.624570
vt 0.644203 0.624471
vt 0.644203 0.624440
vt 0.644205 0.624359
vt 0.644203 0.624220
vt 0.644203 0.624174
vt 0.644207 0.624039
vt 0.644203 0.623936
vt 0.644203 0.623905
vt 0.644203 0.631475
vt 0.644203 0.631443
vt 0.644204 0.631344
vt 0.644203 0.631741
vt 0.644203 0.631695
vt 0.644205 0.631556
vt 0.644203 0.632010
vt 0.644203 0.631979
vt 0.644207 0.631876
vt 0.644203 0.625451
vt 0.644203 0.626233
vt 0.644203 0.627081
vt 0.644203 0.625306
vt 0.644203 0.626115
vt 0.644203 0.627016
vt 0.644203 0.625053
vt 0.644203 0.625965
vt 0.644203 0.626948
vt 0.644203 0.624440
vt 0.644203 0.624471
vt 0.644203 0.624570
vt 0.644203 0.624174
vt 0.644203 0.624220
vt 0.644203 0.624358
vt 0.644203 0.623905
vt 0.644203 0.623936
vt 0.644203 0.624039
vt 0.644203 0.631344
vt 0.644203 0.631443
vt 0.644203 0.631475
vt 0.644203 0.631556
vt 0.644203 0.631695
vt 0.644203 0.631741
vt 0.644203 0.631876
vt 0.644203 0.631979
vt 0.644203 0.632010
vt 0.644209 0.630463
vt 0.644213 0.629681
vt 0.644215 0.628833
vt 0.644248 0.630604
vt 0.644279 0.629792
vt 0.644292 0.628893
vt 0.644369 0.630836
vt 0.644464 0.629921
vt 0.644502 0.628950
vt 0.644203 0.628833
vt 0.644203 0.629682
vt 0.644203 0.630464
vt 0.644203 0.628898
vt 0.644203 0.629800
vt 0.644203 0.630609
vt 0.644203 0.628967
vt 0.644203 0.629950
vt 0.644203 0.630862
vt 0.636436 0.623632
vt 0.636436 0.632283
vt 0.640762 0.623632
vt 0.640762 0.632283
vt 0.636436 0.623632
vt 0.636436 0.632283
vt 0.636436 0.623632
vt 0.636436 0.632283
vt 0.636436 0.627957
vt 0.640762 0.627957
vt 0.636436 0.627957
vt 0.637157 0.627957
vt 0.636436 0.624703
vt 0.636436 0.624703
vt 0.636436 0.631212
vt 0.636436 0.631212
vt 0.636436 0.627957
vt 0.636436 0.624703
vt 0.636436 0.631212
vt 0.639680 0.632283
vt 0.638599 0.632283
vt 0.637518 0.632283
vt 0.637150 0.626921
vt 0.637097 0.625882
vt 0.636940 0.624834
vt 0.637518 0.623632
vt 0.638599 0.623632
vt 0.639680 0.623632
vt 0.640762 0.626876
vt 0.640762 0.625795
vt 0.640762 0.624714
vt 0.636436 0.624703
vt 0.636436 0.624703
vt 0.636436 0.624703
vt 0.636436 0.631212
vt 0.636436 0.631212
vt 0.636436 0.631212
vt 0.636436 0.627144
vt 0.636436 0.626330
vt 0.636436 0.625517
vt 0.636436 0.624703
vt 0.636436 0.624703
vt 0.636436 0.624703
vt 0.636436 0.631212
vt 0.636436 0.631212
vt 0.636436 0.631212
vt 0.636940 0.631081
vt 0.637097 0.630033
vt 0.637150 0.628994
vt 0.640762 0.631201
vt 0.640762 0.630120
vt 0.640762 0.629039
vt 0.636436 0.630398
vt 0.636436 0.629585
vt 0.636436 0.628771
vt 0.639692 0.627957
vt 0.638689 0.627957
vt 0.637822 0.627957
vt 0.636436 0.627144
vt 0.636436 0.626330
vt 0.636436 0.625517
vt 0.636436 0.623632
vt 0.636436 0.623632
vt 0.636436 0.623632
vt 0.636436 0.632283
vt 0.636436 0.632283
vt 0.636436 0.632283
vt 0.636436 0.626876
vt 0.636436 0.625795
vt 0.636436 0.624714
vt 0.636436 0.623632
vt 0.636436 0.623632
vt 0.636436 0.623632
vt 0.636436 0.632283
vt 0.636436 0.632283
vt 0.636436 0.632283
vt 0.636436 0.630398
vt 0.636436 0.629585
vt 0.636436 0.628771
vt 0.636436 0.631201
vt 0.636436 0.630120
vt 0.636436 0.629039
vt 0.636741 0.627957
vt 0.636527 0.627957
vt 0.636448 0.627957
vt 0.636438 0.624851
vt 0.636451 0.624696
vt 0.636482 0.624360
vt 0.636436 0.624435
vt 0.636436 0.624168
vt 0.636436 0.623900
vt 0.636436 0.632015
vt 0.636436 0.631747
vt 0.636436 0.631480
vt 0.636438 0.631064
vt 0.636451 0.631219
vt 0.636481 0.631555
vt 0.636436 0.624353
vt 0.636436 0.624694
vt 0.636436 0.624851
vt 0.636436 0.627957
vt 0.636436 0.627957
vt 0.636436 0.627957
vt 0.636436 0.631562
vt 0.636436 0.631221
vt 0.636436 0.631064
vt 0.639691 0.629038
vt 0.639690 0.630119
vt 0.639686 0.631201
vt 0.638687 0.629034
vt 0.638674 0.630113
vt 0.638642 0.631196
vt 0.637816 0.629021
vt 0.637779 0.630091
vt 0.637679 0.631177
vt 0.639686 0.624714
vt 0.639690 0.625796
vt 0.639691 0.626877
vt 0.638642 0.624719
vt 0.638674 0.625802
vt 0.638687 0.626881
vt 0.637679 0.624738
vt 0.637779 0.625823
vt 0.637816 0.626894
vt 0.636447 0.627082
vt 0.636446 0.626233
vt 0.636442 0.625452
vt 0.636525 0.627022
vt 0.636512 0.626123
vt 0.636482 0.625311
vt 0.636735 0.626965
vt 0.636697 0.625993
vt 0.636602 0.625078
vt 0.636437 0.624570
vt 0.636436 0.624471
vt 0.636436 0.624440
vt 0.636438 0.624359
vt 0.636436 0.624220
vt 0.636436 0.624174
vt 0.636440 0.624039
vt 0.636436 0.623936
vt 0.636436 0.623905
vt 0.636436 0.631475
vt 0.636436 0.631444
vt 0.636437 0.631345
vt 0.636436 0.631741
vt 0.636436 0.631695
vt 0.636438 0.631556
vt 0.636436 0.632010
vt 0.636436 0.631979
vt 0.636440 0.631876
vt 0.636436 0.625451
vt 0.636436 0.626233
vt 0.636436 0.627081
vt 0.636436 0.625306
vt 0.636436 0.626115
vt 0.636436 0.627017
vt 0.636436 0.625053
vt 0.636436 0.625965
vt 0.636436 0.626948
vt 0.636436 0.624440
vt 0.636436 0.624471
vt 0.636436 0.624570
vt 0.636436 0.624174
vt 0.636436 0.624220
vt 0.636436 0.624358
vt 0.636436 0.623905
vt 0.636436 0.623936
vt 0.636436 0.624039
vt 0.636436 0.631345
vt 0.636436 0.631444
vt 0.636436 0.631475
vt 0.636436 0.631556
vt 0.636436 0.631695
vt 0.636436 0.631741
vt 0.636436 0.631876
vt 0.636436 0.631979
vt 0.636436 0.632010
vt 0.636442 0.630463
vt 0.636446 0.629681
vt 0.636447 0.628833
vt 0.636481 0.630604
vt 0.636512 0.629792
vt 0.636525 0.628893
vt 0.636602 0.630837
vt 0.636697 0.629921
vt 0.636735 0.628950
vt 0.636436 0.628833
vt 0.636436 0.629682
vt 0.636436 0.630464
vt 0.636436 0.628898
vt 0.636436 0.629800
vt 0.636436 0.630609
vt 0.636436 0.628967
vt 0.636436 0.629950
vt 0.636436 0.630862
vt 0.636436 0.623632
vt 0.636436 0.632283
vt 0.640762 0.623632
vt 0.640762 0.632283
vt 0.636436 0.623632
vt 0.636436 0.632283
vt 0.636436 0.623632
vt 0.636436 0.632283
vt 0.636436 0.627957
vt 0.640762 0.627957
vt 0.636436 0.627957
vt 0.637157 0.627957
vt 0.636436 0.624703
vt 0.636436 0.624703
vt 0.636436 0.631212
vt 0.636436 0.631212
vt 0.636436 0.627957
vt 0.636436 0.624703
vt 0.636436 0.631212
vt 0.639680 0.632283
vt 0.638599 0.632283
vt 0.637518 0.632283
vt 0.637150 0.626921
vt 0.637097 0.625882
vt 0.636940 0.624834
vt 0.637518 0.623632
vt 0.638599 0.623632
vt 0.639680 0.623632
vt 0.640762 0.626876
vt 0.640762 0.625795
vt 0.640762 0.624714
vt 0.636436 0.624703
vt 0.636436 0.624703
vt 0.636436 0.624703
vt 0.636436 0.631212
vt 0.636436 0.631212
vt 0.636436 0.631212
vt 0.636436 0.627144
vt 0.636436 0.626330
vt 0.636436 0.625517
vt 0.636436 0.624703
vt 0.636436 0.624703
vt 0.636436 0.624703
vt 0.636436 0.631212
vt 0.636436 0.631212
vt 0.636436 0.631212
vt 0.636940 0.631081
vt 0.637097 0.630033
vt 0.637150 0.628994
vt 0.640762 0.631201
vt 0.640762 0.630120
vt 0.640762 0.629039
vt 0.636436 0.630398
vt 0.636436 0.629585
vt 0.636436 0.628771
vt 0.639692 0.627957
vt 0.638689 0.627957
vt 0.637822 0.627957
vt 0.636436 0.627144
vt 0.636436 0.626330
vt 0.636436 0.625517
vt 0.636436 0.623632
vt 0.636436 0.623632
vt 0.636436 0.623632
vt 0.636436 0.632283
vt 0.636436 0.632283
vt 0.636436 0.632283
vt 0.636436 0.626876
vt 0.636436 0.625795
vt 0.636436 0.624714
vt 0.636436 0.623632
vt 0.636436 0.623632
vt 0.636436 0.623632
vt 0.636436 0.632283
vt 0.636436 0.632283
vt 0.636436 0.632283
vt 0.636436 0.630398
vt 0.636436 0.629585
vt 0.636436 0.628771
vt 0.636436 0.631201
vt 0.636436 0.630120
vt 0.636436 0.629039
vt 0.636741 0.627957
vt 0.636527 0.627957
vt 0.636448 0.627957
vt 0.636438 0.624851
vt 0.636451 0.624696
vt 0.636482 0.624360
vt 0.636436 0.624435
vt 0.636436 0.624168
vt 0.636436 0.623900
vt 0.636436 0.632015
vt 0.636436 0.631747
vt 0.636436 0.631480
vt 0.636438 0.631064
vt 0.636451 0.631219
vt 0.636481 0.631555
vt 0.636436 0.624353
vt 0.636436 0.624694
vt 0.636436 0.624851
vt 0.636436 0.627957
vt 0.636436 0.627957
vt 0.636436 0.627957
vt 0.636436 0.631562
vt 0.636436 0.631221
vt 0.636436 0.631064
vt 0.639691 0.629038
vt 0.639690 0.630119
vt 0.639686 0.631201
vt 0.638687 0.629034
vt 0.638674 0.630113
vt 0.638642 0.631196
vt 0.637816 0.629021
vt 0.637779 0.630091
vt 0.637679 0.631177
vt 0.639686 0.624714
vt 0.639690 0.625796
vt 0.639691 0.626877
vt 0.638642 0.624719
vt 0.638674 0.625802
vt 0.638687 0.626881
vt 0.637679 0.624738
vt 0.637779 0.625823
vt 0.637816 0.626894
vt 0.636447 0.627082
vt 0.636446 0.626233
vt 0.636442 0.625452
vt 0.636525 0.627022
vt 0.636512 0.626123
vt 0.636482 0.625311
vt 0.636735 0.626965
vt 0.636697 0.625993
vt 0.636602 0.625078
vt 0.636437 0.624570
vt 0.636436 0.624471
vt 0.636436 0.624440
vt 0.636438 0.624359
vt 0.636436 0.624220
vt 0.636436 0.624174
vt 0.636440 0.624039
vt 0.636436 0.623936
vt 0.636436 0.623905
vt 0.636436 0.631475
vt 0.636436 0.631444
vt 0.636437 0.631345
vt 0.636436 0.631741
vt 0.636436 0.631695
vt 0.636438 0.631556
vt 0.636436 0.632010
vt 0.636436 0.631979
vt 0.636440 0.631876
vt 0.636436 0.625451
vt 0.636436 0.626233
vt 0.636436 0.627081
vt 0.636436 0.625306
vt 0.636436 0.626115
vt 0.636436 0.627017
vt 0.636436 0.625053
vt 0.636436 0.625965
vt 0.636436 0.626948
vt 0.636436 0.624440
vt 0.636436 0.624471
vt 0.636436 0.624570
vt 0.636436 0.624174
vt 0.636436 0.624220
vt 0.636436 0.624358
vt 0.636436 0.623905
vt 0.636436 0.623936
vt 0.636436 0.624039
vt 0.636436 0.631345
vt 0.636436 0.631444
vt 0.636436 0.631475
vt 0.636436 0.631556
vt 0.636436 0.631695
vt 0.636436 0.631741
vt 0.636436 0.631876
vt 0.636436 0.631979
vt 0.636436 0.632010
vt 0.636442 0.630463
vt 0.636446 0.629681
vt 0.636447 0.628833
vt 0.636481 0.630604
vt 0.636512 0.629792
vt 0.636525 0.628893
vt 0.636602 0.630837
vt 0.636697 0.629921
vt 0.636735 0.628950
vt 0.636436 0.628833
vt 0.636436 0.629682
vt 0.636436 0.630464
vt 0.636436 0.628898
vt 0.636436 0.629800
vt 0.636436 0.630609
vt 0.636436 0.628967
vt 0.636436 0.629950
vt 0.636436 0.630862
vt 0.632995 0.633793
vt 0.632995 0.623632
vt 0.678121 0.621033
vt 0.627914 0.633793
vt 0.677302 0.614553
vt 0.627914 0.623632
vt 0.632995 0.632523
vt 0.678121 0.620554
vt 0.627914 0.632523
vt 0.677782 0.614553
vt 0.632995 0.631253
vt 0.677782 0.620214
vt 0.627914 0.631253
vt 0.678121 0.614214
vt 0.632995 0.629983
vt 0.677302 0.620214
vt 0.627914 0.629983
vt 0.678121 0.613734
vt 0.632995 0.628713
vt 0.676963 0.620554
vt 0.627914 0.628713
vt 0.677782 0.613395
vt 0.632995 0.627443
vt 0.676963 0.621033
vt 0.627914 0.627443
vt 0.677302 0.613395
vt 0.632995 0.626172
vt 0.677302 0.621373
vt 0.676963 0.613734
vt 0.627914 0.626172
vt 0.632995 0.624902
vt 0.677782 0.621373
vt 0.676963 0.614214
vt 0.627914 0.624902
s 1
usemtl maquina_portico
f 1/1/1 2/3/1 4/6/2 3/5/2
f 3/5/2 4/6/2 6/8/3 5/7/3
f 5/7/3 6/8/3 8/10/4 7/9/4
f 7/9/4 8/10/4 10/12/5 9/11/5
f 9/11/5 10/12/5 12/14/6 11/13/6
f 11/13/6 12/14/6 14/16/7 13/15/7
f 13/15/7 14/16/7 16/18/8 15/17/8
f 15/17/8 16/18/8 2/4/1 1/2/1
f 23/35/5 18/21/9 20/26/10 24/36/11
f 23/35/5 17/19/12 21/29/13 25/38/14
f 18/21/9 23/35/5 25/38/14 22/32/15
f 17/19/12 23/35/5 24/36/11 19/23/16
f 32/56/1 33/57/17 29/47/18 27/42/19
f 32/56/1 34/59/20 30/50/21 26/40/22
f 27/42/19 31/53/23 34/59/20 32/56/1
f 26/40/22 28/44/24 33/57/17 32/56/1
f 17/20/12 19/24/16 28/45/24 26/41/22
f 20/27/10 18/22/9 27/43/19 29/48/18
f 19/25/16 24/37/11 33/58/17 28/46/24
f 22/33/15 25/39/14 34/60/20 31/54/23
f 18/22/9 22/34/15 31/55/23 27/43/19
f 21/30/13 17/20/12 26/41/22 30/51/21
f 24/37/11 20/28/10 29/49/18 33/58/17
f 25/39/14 21/31/13 30/52/21 34/60/20
f 35/61/25 57/84/26 78/106/27 56/83/28
f 36/62/29 58/85/30 57/84/26 35/61/25
f 37/63/31 59/86/32 58/85/30 36/62/29
f 38/64/33 60/87/34 59/86/32 37/63/31
f 39/65/35 61/88/36 60/87/34 38/64/33
f 40/66/37 62/89/38 61/88/36 39/65/35
f 41/67/39 63/90/40 62/89/38 40/66/37
f 42/68/41 64/91/42 63/90/40 41/67/39
f 43/69/43 65/92/44 64/91/42 42/68/41
f 44/70/45 66/93/46 65/92/44 43/69/43
f 45/71/47 67/94/48 66/93/46 44/70/45
f 46/72/49 68/95/50 67/94/48 45/71/47
f 47/73/51 69/96/52 68/95/50 46/72/49
f 48/74/53 70/97/54 69/96/52 47/73/51
f 49/75/55 71/98/56 70/97/54 48/74/53
f 50/76/57 72/99/58 71/98/56 49/75/55
f 51/77/59 73/100/60 72/99/58 50/76/57
f 52/79/61 74/102/62 73/101/60 51/78/59
f 53/80/63 75/103/64 74/102/62 52/79/61
f 54/81/65 76/104/66 75/103/64 53/80/63
f 55/82/67 77/105/68 76/104/66 54/81/65
f 56/83/28 78/106/27 77/105/68 55/82/67
f 57/84/26 79/107/69 100/129/70 78/106/27
f 58/85/30 80/108/71 79/107/69 57/84/26
f 59/86/32 81/109/72 80/108/71 58/85/30
f 60/87/34 82/110/73 81/109/72 59/86/32
f 61/88/36 83/111/74 82/110/73 60/87/34
f 62/89/38 84/112/75 83/111/74 61/88/36
f 63/90/40 85/113/76 84/112/75 62/89/38
f 64/91/42 86/114/77 85/113/76 63/90/40
f 65/92/44 87/115/78 86/114/77 64/91/42
f 66/93/46 88/116/79 87/115/78 65/92/44
f 67/94/48 89/117/80 88/116/79 66/93/46
f 68/95/50 90/118/81 89/117/80 67/94/48
f 69/96/52 91/119/82 90/118/81 68/95/50
f 70/97/54 92/120/83 91/119/82 69/96/52
f 71/98/56 93/121/84 92/120/83 70/97/54
f 72/99/58 94/122/85 93/121/84 71/98/56
f 73/100/60 95/123/86 94/122/85 72/99/58
f 74/102/62 96/125/87 95/124/86 73/101/60
f 75/103/64 97/126/88 96/125/87 74/102/62
f 76/104/66 98/127/89 97/126/88 75/103/64
f 77/105/68 99/128/90 98/127/89 76/104/66
f 78/106/27 100/129/70 99/128/90 77/105/68
f 79/107/69 101/130/91 122/152/92 100/129/70
f 80/108/71 102/131/93 101/130/91 79/107/69
f 81/109/72 103/132/94 102/131/93 80/108/71
f 82/110/73 104/133/95 103/132/94 81/109/72
f 83/111/74 105/134/96 104/133/95 82/110/73
f 84/112/75 106/135/97 105/134/96 83/111/74
f 85/113/76 107/136/98 106/135/97 84/112/75
f 86/114/77 108/137/99 107/136/98 85/113/76
f 87/115/78 109/138/100 108/137/99 86/114/77
f 88/116/79 110/139/101 109/138/100 87/115/78
f 89/117/80 111/140/102 110/139/101 88/116/79
f 90/118/81 112/141/103 111/140/102 89/117/80
f 91/119/82 113/142/104 112/141/103 90/118/81
f 92/120/83 114/143/105 113/142/104 91/119/82
f 93/121/84 115/144/106 114/143/105 92/120/83
f 94/122/85 116/145/107 115/144/106 93/121/84
f 95/123/86 117/146/108 116/145/107 94/122/85
f 96/125/87 118/148/109 117/147/108 95/124/86
f 97/126/88 119/149/110 118/148/109 96/125/87
f 98/127/89 120/150/111 119/149/110 97/126/88
f 99/128/90 121/151/112 120/150/111 98/127/89
f 100/129/70 122/152/92 121/151/112 99/128/90
f 101/130/91 123/153/113 144/175/114 122/152/92
f 102/131/93 124/154/115 123/153/113 101/130/91
f 103/132/94 125/155/116 124/154/115 102/131/93
f 104/133/95 126/156/117 125/155/116 103/132/94
f 105/134/96 127/157/118 126/156/117 104/133/95
f 106/135/97 128/158/119 127/157/118 105/134/96
f 107/136/98 129/159/120 128/158/119 106/135/97
f 108/137/99 130/160/121 129/159/120 107/136/98
f 109/138/100 131/161/122 130/160/121 108/137/99
f 110/139/101 132/162/123 131/161/122 109/138/100
f 111/140/102 133/163/124 132/162/123 110/139/101
f 112/141/103 134/164/125 133/163/124 111/140/102
f 113/142/104 135/165/126 134/164/125 112/141/103
f 114/143/105 136/166/127 135/165/126 113/142/104
f 115/144/106 137/167/128 136/166/127 114/143/105
f 116/145/107 138/168/129 137/167/128 115/144/106
f 117/146/108 139/169/130 138/168/129 116/145/107
f 118/148/109 140/171/131 139/170/130 117/147/108
f 119/149/110 141/172/132 140/171/131 118/148/109
f 120/150/111 142/173/133 141/172/132 119/149/110
f 121/151/112 143/174/134 142/173/133 120/150/111
f 122/152/92 144/175/114 143/174/134 121/151/112
f 123/153/113 145/176/135 166/198/136 144/175/114
f 124/154/115 146/177/137 145/176/135 123/153/113
f 125/155/116 147/178/138 146/177/137 124/154/115
f 126/156/117 148/179/139 147/178/138 125/155/116
f 127/157/118 149/180/140 148/179/139 126/156/117
f 128/158/119 150/181/141 149/180/140 127/157/118
f 129/159/120 151/182/142 150/181/141 128/158/119
f 130/160/121 152/183/143 151/182/142 129/159/120
f 131/161/122 153/184/144 152/183/143 130/160/121
f 132/162/123 154/185/145 153/184/144 131/161/122
f 133/163/124 155/186/146 154/185/145 132/162/123
f 134/164/125 156/187/147 155/186/146 133/163/124
f 135/165/126 157/188/148 156/187/147 134/164/125
f 136/166/127 158/189/149 157/188/148 135/165/126
f 137/167/128 159/190/150 158/189/149 136/166/127
f 138/168/129 160/191/151 159/190/150 137/167/128
f 139/169/130 161/192/152 160/191/151 138/168/129
f 140/171/131 162/194/153 161/193/152 139/170/130
f 141/172/132 163/195/154 162/194/153 140/171/131
f 142/173/133 164/196/155 163/195/154 141/172/132
f 143/174/134 165/197/156 164/196/155 142/173/133
f 144/175/114 166/198/136 165/197/156 143/174/134
f 145/176/135 167/199/157 188/221/158 166/198/136
f 146/177/137 168/200/159 167/199/157 145/176/135
f 147/178/138 169/201/160 168/200/159 146/177/137
f 148/179/139 170/202/161 169/201/160 147/178/138
f 149/180/140 171/203/162 170/202/161 148/179/139
f 150/181/141 172/204/163 171/203/162 149/180/140
f 151/182/142 173/205/164 172/204/163 150/181/141
f 152/183/143 174/206/165 173/205/164 151/182/142
f 153/184/144 175/207/166 174/206/165 152/183/143
f 154/185/145 176/208/167 175/207/166 153/184/144
f 155/186/146 177/209/168 176/208/167 154/185/145
f 156/187/147 178/210/169 177/209/168 155/186/146
f 157/188/148 179/211/170 178/210/169 156/187/147
f 158/189/149 180/212/171 179/211/170 157/188/148
f 159/190/150 181/213/172 180/212/171 158/189/149
f 160/191/151 182/214/173 181/213/172 159/190/150
f 161/192/152 183/215/174 182/214/173 160/191/151
f 162/194/153 184/217/175 183/216/174 161/193/152
f 163/195/154 185/218/176 184/217/175 162/194/153
f 164/196/155 186/219/177 185/218/176 163/195/154
f 165/197/156 187/220/178 186/219/177 164/196/155
f 166/198/136 188/221/158 187/220/178 165/197/156
f 167/199/157 189/222/179 210/244/180 188/221/158
f 168/200/159 190/223/181 189/222/179 167/199/157
f 169/201/160 191/224/182 190/223/181 168/200/159
f 170/202/161 192/225/183 191/224/182 169/201/160
f 171/203/162 193/226/184 192/225/183 170/202/161
f 172/204/163 194/227/185 193/226/184 171/203/162
f 173/205/164 195/228/186 194/227/185 172/204/163
f 174/206/165 196/229/187 195/228/186 173/205/164
f 175/207/166 197/230/188 196/229/187 174/206/165
f 176/208/167 198/231/189 197/230/188 175/207/166
f 177/209/168 199/232/190 198/231/189 176/208/167
f 178/210/169 200/233/191 199/232/190 177/209/168
f 179/211/170 201/234/192 200/233/191 178/210/169
f 180/212/171 202/235/193 201/234/192 179/211/170
f 181/213/172 203/236/194 202/235/193 180/212/171
f 182/214/173 204/237/195 203/236/194 181/213/172
f 183/215/174 205/238/196 204/237/195 182/214/173
f 184/217/175 206/240/197 205/239/196 183/216/174
f 185/218/176 207/241/198 206/240/197 184/217/175
f 186/219/177 208/242/199 207/241/198 185/218/176
f 187/220/178 209/243/200 208/242/199 186/219/177
f 188/221/158 210/244/180 209/243/200 187/220/178
f 189/222/179 211/245/201 232/267/202 210/244/180
f 190/223/181 212/246/203 211/245/201 189/222/179
f 191/224/182 213/247/204 212/246/203 190/223/181
f 192/225/183 214/248/205 213/247/204 191/224/182
f 193/226/184 215/249/206 214/248/205 192/225/183
f 194/227/185 216/250/207 215/249/206 193/226/184
f 195/228/186 217/251/208 216/250/207 194/227/185
f 196/229/187 218/252/209 217/251/208 195/228/186
f 197/230/188 219/253/210 218/252/209 196/229/187
f 198/231/189 220/254/211 219/253/210 197/230/188
f 199/232/190 221/255/212 220/254/211 198/231/189
f 200/233/191 222/256/213 221/255/212 199/232/190
f 201/234/192 223/257/214 222/256/213 200/233/191
f 202/235/193 224/258/215 223/257/214 201/234/192
f 203/236/194 225/259/216 224/258/215 202/235/193
f 204/237/195 226/260/217 225/259/216 203/236/194
f 205/238/196 227/261/218 226/260/217 204/237/195
f 206/240/197 228/263/219 227/262/218 205/239/196
f 207/241/198 229/264/220 228/263/219 206/240/197
f 208/242/199 230/265/221 229/264/220 207/241/198
f 209/243/200 231/266/222 230/265/221 208/242/199
f 210/244/180 232/267/202 231/266/222 209/243/200
f 211/245/201 233/268/223 254/290/224 232/267/202
f 212/246/203 234/269/225 233/268/223 211/245/201
f 213/247/204 235/270/226 234/269/225 212/246/203
f 214/248/205 236/271/227 235/270/226 213/247/204
f 215/249/206 237/272/228 236/271/227 214/248/205
f 216/250/207 238/273/229 237/272/228 215/249/206
f 217/251/208 239/274/230 238/273/229 216/250/207
f 218/252/209 240/275/231 239/274/230 217/251/208
f 219/253/210 241/276/232 240/275/231 218/252/209
f 220/254/211 242/277/233 241/276/232 219/253/210
f 221/255/212 243/278/234 242/277/233 220/254/211
f 222/256/213 244/279/235 243/278/234 221/255/212
f 223/257/214 245/280/236 244/279/235 222/256/213
f 224/258/215 246/281/237 245/280/236 223/257/214
f 225/259/216 247/282/238 246/281/237 224/258/215
f 226/260/217 248/283/239 247/282/238 225/259/216
f 227/261/218 249/284/240 248/283/239 226/260/217
f 228/263/219 250/286/241 249/285/240 227/262/218
f 229/264/220 251/287/242 250/286/241 228/263/219
f 230/265/221 252/288/243 251/287/242 229/264/220
f 231/266/222 253/289/244 252/288/243 230/265/221
f 232/267/202 254/290/224 253/289/244 231/266/222
f 233/268/223 255/291/245 276/313/246 254/290/224
f 234/269/225 256/292/247 255/291/245 233/268/223
f 235/270/226 257/293/248 256/292/247 234/269/225
f 236/271/227 258/294/249 257/293/248 235/270/226
f 237/272/228 259/295/250 258/294/249 236/271/227
f 238/273/229 260/296/251 259/295/250 237/272/228
f 239/274/230 261/297/252 260/296/251 238/273/229
f 240/275/231 262/298/253 261/297/252 239/274/230
f 241/276/232 263/299/254 262/298/253 240/275/231
f 242/277/233 264/300/255 263/299/254 241/276/232
f 243/278/234 265/301/256 264/300/255 242/277/233
f 244/279/235 266/302/257 265/301/256 243/278/234
f 245/280/236 267/303/258 266/302/257 244/279/235
f 246/281/237 268/304/259 267/303/258 245/280/236
f 247/282/238 269/305/260 268/304/259 246/281/237
f 248/283/239 270/306/261 269/305/260 247/282/238
f 249/284/240 271/307/262 270/306/261 248/283/239
f 250/286/241 272/309/263 271/308/262 249/285/240
f 251/287/242 273/310/264 272/309/263 250/286/241
f 252/288/243 274/311/265 273/310/264 251/287/242
f 253/289/244 275/312/266 274/311/265 252/288/243
f 254/290/224 276/313/246 275/312/266 253/289/244
f 255/291/245 277/314/267 298/336/268 276/313/246
f 256/292/247 278/315/269 277/314/267 255/291/245
f 257/293/248 279/316/270 278/315/269 256/292/247
f 258/294/249 280/317/271 279/316/270 257/293/248
f 259/295/250 281/318/272 280/317/271 258/294/249
f 260/296/251 282/319/273 281/318/272 259/295/250
f 261/297/252 283/320/274 282/319/273 260/296/251
f 262/298/253 284/321/275 283/320/274 261/297/252
f 263/299/254 285/322/276 284/321/275 262/298/253
f 264/300/255 286/323/277 285/322/276 263/299/254
f 265/301/256 287/324/278 286/323/277 264/300/255
f 266/302/257 288/325/279 287/324/278 265/301/256
f 267/303/258 289/326/280 288/325/279 266/302/257
f 268/304/259 290/327/281 289/326/280 267/303/258
f 269/305/260 291/328/282 290/327/281 268/304/259
f 270/306/261 292/329/283 291/328/282 269/305/260
f 271/307/262 293/330/284 292/329/283 270/306/261
f 272/309/263 294/332/285 293/331/284 271/308/262
f 273/310/264 295/333/286 294/332/285 272/309/263
f 274/311/265 296/334/287 295/333/286 273/310/264
f 275/312/266 297/335/288 296/334/287 274/311/265
f 276/313/246 298/336/268 297/335/288 275/312/266
f 277/314/267 299/337/289 320/359/290 298/336/268
f 278/315/269 300/338/291 299/337/289 277/314/267
f 279/316/270 301/339/292 300/338/291 278/315/269
f 280/317/271 302/340/293 301/339/292 279/316/270
f 281/318/272 303/341/294 302/340/293 280/317/271
f 282/319/273 304/342/295 303/341/294 281/318/272
f 283/320/274 305/343/296 304/342/295 282/319/273
f 284/321/275 306/344/297 305/343/296 283/320/274
f 285/322/276 307/345/298 306/344/297 284/321/275
f 286/323/277 308/346/299 307/345/298 285/322/276
f 287/324/278 309/347/300 308/346/299 286/323/277
f 288/325/279 310/348/301 309/347/300 287/324/278
f 289/326/280 311/349/302 310/348/301 288/325/279
f 290/327/281 312/350/303 311/349/302 289/326/280
f 291/328/282 313/351/304 312/350/303 290/327/281
f 292/329/283 314/352/305 313/351/304 291/328/282
f 293/330/284 315/353/306 314/352/305 292/329/283
f 294/332/285 316/355/307 315/354/306 293/331/284
f 295/333/286 317/356/308 316/355/307 294/332/285
f 296/334/287 318/357/309 317/356/308 295/333/286
f 297/335/288 319/358/310 318/357/309 296/334/287
f 298/336/268 320/359/290 319/358/310 297/335/288
f 299/337/289 321/360/311 342/382/312 320/359/290
f 300/338/291 322/361/313 321/360/311 299/337/289
f 301/339/292 323/362/314 322/361/313 300/338/291
f 302/340/293 324/363/315 323/362/314 301/339/292
f 303/341/294 325/364/316 324/363/315 302/340/293
f 304/342/295 326/365/317 325/364/316 303/341/294
f 305/343/296 327/366/318 326/365/317 304/342/295
f 306/344/297 328/367/319 327/366/318 305/343/296
f 307/345/298 329/368/320 328/367/319 306/344/297
f 308/346/299 330/369/321 329/368/320 307/345/298
f 309/347/300 331/370/322 330/369/321 308/346/299
f 310/348/301 332/371/323 331/370/322 309/347/300
f 311/349/302 333/372/324 332/371/323 310/348/301
f 312/350/303 334/373/325 333/372/324 311/349/302
f 313/351/304 335/374/326 334/373/325 312/350/303
f 314/352/305 336/375/327 335/374/326 313/351/304
f 315/353/306 337/376/328 336/375/327 314/352/305
f 316/355/307 338/378/329 337/377/328 315/354/306
f 317/356/308 339/379/330 338/378/329 316/355/307
f 318/357/309 340/380/331 339/379/330 317/356/308
f 319/358/310 341/381/332 340/380/331 318/357/309
f 320/359/290 342/382/312 341/381/332 319/358/310
f 321/360/311 343/383/333 364/405/334 342/382/312
f 322/361/313 344/384/335 343/383/333 321/360/311
f 323/362/314 345/385/336 344/384/335 322/361/313
f 324/363/315 346/386/337 345/385/336 323/362/314
f 325/364/316 347/387/338 346/386/337 324/363/315
f 326/365/317 348/388/339 347/387/338 325/364/316
f 327/366/318 349/389/340 348/388/339 326/365/317
f 328/367/319 350/390/341 349/389/340 327/366/318
f 329/368/320 351/391/342 350/390/341 328/367/319
f 330/369/321 352/392/343 351/391/342 329/368/320
f 331/370/322 353/393/344 352/392/343 330/369/321
f 332/371/323 354/394/345 353/393/344 331/370/322
f 333/372/324 355/395/346 354/394/345 332/371/323
f 334/373/325 356/396/347 355/395/346 333/372/324
f 335/374/326 357/397/348 356/396/347 334/373/325
f 336/375/327 358/398/349 357/397/348 335/374/326
f 337/376/328 359/399/350 358/398/349 336/375/327
f 338/378/329 360/401/351 359/400/350 337/377/328
f 339/379/330 361/402/352 360/401/351 338/378/329
f 340/380/331 362/403/353 361/402/352 339/379/330
f 341/381/332 363/404/354 362/403/353 340/380/331
f 342/382/312 364/405/334 363/404/354 341/381/332
f 343/383/333 365/406/355 386/428/356 364/405/334
f 344/384/335 366/407/357 365/406/355 343/383/333
f 345/385/336 367/408/358 366/407/357 344/384/335
f 346/386/337 368/409/359 367/408/358 345/385/336
f 347/387/338 369/410/360 368/409/359 346/386/337
f 348/388/339 370/411/361 369/410/360 347/387/338
f 349/389/340 371/412/362 370/411/361 348/388/339
f 350/390/341 372/413/363 371/412/362 349/389/340
f 351/391/342 373/414/364 372/413/363 350/390/341
f 352/392/343 374/415/365 373/414/364 351/391/342
f 353/393/344 375/416/366 374/415/365 352/392/343
f 354/394/345 376/417/367 375/416/366 353/393/344
f 355/395/346 377/418/368 376/417/367 354/394/345
f 356/396/347 378/419/369 377/418/368 355/395/346
f 357/397/348 379/420/370 378/419/369 356/396/347
f 358/398/349 380/421/371 379/420/370 357/397/348
f 359/399/350 381/422/372 380/421/371 358/398/349
f 360/401/351 382/424/373 381/423/372 359/400/350
f 361/402/352 383/425/374 382/424/373 360/401/351
f 362/403/353 384/426/375 383/425/374 361/402/352
f 363/404/354 385/427/376 384/426/375 362/403/353
f 364/405/334 386/428/356 385/427/376 363/404/354
f 365/406/355 387/429/377 408/451/378 386/428/356
f 366/407/357 388/430/379 387/429/377 365/406/355
f 367/408/358 389/431/380 388/430/379 366/407/357
f 368/409/359 390/432/381 389/431/380 367/408/358
f 369/410/360 391/433/382 390/432/381 368/409/359
f 370/411/361 392/434/383 391/433/382 369/410/360
f 371/412/362 393/435/384 392/434/383 370/411/361
f 372/413/363 394/436/385 393/435/384 371/412/362
f 373/414/364 395/437/386 394/436/385 372/413/363
f 374/415/365 396/438/387 395/437/386 373/414/364
f 375/416/366 397/439/388 396/438/387 374/415/365
f 376/417/367 398/440/389 397/439/388 375/416/366
f 377/418/368 399/441/390 398/440/389 376/417/367
f 378/419/369 400/442/391 399/441/390 377/418/368
f 379/420/370 401/443/392 400/442/391 378/419/369
f 380/421/371 402/444/393 401/443/392 379/420/370
f 381/422/372 403/445/394 402/444/393 380/421/371
f 382/424/373 404/447/395 403/446/394 381/423/372
f 383/425/374 405/448/396 404/447/395 382/424/373
f 384/426/375 406/449/397 405/448/396 383/425/374
f 385/427/376 407/450/398 406/449/397 384/426/375
f 386/428/356 408/451/378 407/450/398 385/427/376
f 387/429/377 409/452/399 430/474/400 408/451/378
f 388/430/379 410/453/401 409/452/399 387/429/377
f 389/431/380 411/454/402 410/453/401 388/430/379
f 390/432/381 412/455/403 411/454/402 389/431/380
f 391/433/382 413/456/404 412/455/403 390/432/381
f 392/434/383 414/457/405 413/456/404 391/433/382
f 393/435/384 415/458/406 414/457/405 392/434/383
f 394/436/385 416/459/407 415/458/406 393/435/384
f 395/437/386 417/460/408 416/459/407 394/436/385
f 396/438/387 418/461/409 417/460/408 395/437/386
f 397/439/388 419/462/410 418/461/409 396/438/387
f 398/440/389 420/463/411 419/462/410 397/439/388
f 399/441/390 421/464/412 420/463/411 398/440/389
f 400/442/391 422/465/413 421/464/412 399/441/390
f 401/443/392 423/466/414 422/465/413 400/442/391
f 402/444/393 424/467/415 423/466/414 401/443/392
f 403/445/394 425/468/416 424/467/415 402/444/393
f 404/447/395 426/470/417 425/469/416 403/446/394
f 405/448/396 427/471/418 426/470/417 404/447/395
f 406/449/397 428/472/419 427/471/418 405/448/396
f 407/450/398 429/473/420 428/472/419 406/449/397
f 408/451/378 430/474/400 429/473/420 407/450/398
f 435/485/421 449/514/5 459/531/5 447/509/422
f 449/514/5 436/487/423 445/505/424 459/531/5
f 459/531/5 445/505/424 434/483/425 446/507/426
f 447/509/422 459/531/5 446/507/426 433/481/427
f 440/495/428 455/525/5 460/532/5 454/522/429
f 455/525/5 439/493/430 448/511/431 460/532/5
f 460/532/5 448/511/431 436/487/423 449/514/5
f 454/522/429 460/532/5 449/514/5 435/485/421
f 441/497/432 458/530/5 461/533/5 456/526/433
f 458/530/5 442/499/434 451/517/435 461/533/5
f 461/533/5 451/517/435 438/491/436 452/519/5
f 456/526/433 461/533/5 452/519/5 437/489/437
f 437/489/437 452/519/5 462/534/5 450/515/438
f 452/519/5 438/491/436 453/520/439 462/534/5
f 462/534/5 453/520/439 439/493/430 455/525/5
f 450/515/438 462/534/5 455/525/5 440/495/428
f 431/475/440 444/503/441 463/535/5 443/501/442
f 444/503/441 432/478/443 457/528/444 463/535/5
f 463/535/5 457/528/444 442/499/434 458/530/5
f 443/501/442 463/535/5 458/530/5 441/497/432
f 468/546/445 480/570/446 492/592/1 482/575/1
f 482/575/1 492/592/1 478/566/447 469/548/448
f 492/592/1 479/568/449 467/544/450 478/566/447
f 480/570/446 466/542/451 479/568/449 492/592/1
f 473/556/452 487/583/453 493/593/1 488/586/1
f 488/586/1 493/593/1 481/572/454 472/554/455
f 493/593/1 482/575/1 469/548/448 481/572/454
f 487/583/453 468/546/445 482/575/1 493/593/1
f 474/558/456 489/587/457 494/594/1 491/591/1
f 491/591/1 494/594/1 484/578/458 475/560/459
f 494/594/1 485/580/1 471/552/460 484/578/458
f 489/587/457 470/550/461 485/580/1 494/594/1
f 470/550/461 483/576/462 495/595/1 485/580/1
f 485/580/1 495/595/1 486/581/463 471/552/460
f 495/595/1 488/586/1 472/554/455 486/581/463
f 483/576/462 473/556/452 488/586/1 495/595/1
f 464/536/464 476/562/465 496/596/1 477/564/466
f 477/564/466 496/596/1 490/589/467 465/539/468
f 496/596/1 491/591/1 475/560/459 490/589/467
f 476/562/465 474/558/456 491/591/1 496/596/1
f 441/498/432 456/527/433 565/745/457 542/695/456
f 568/751/444 524/658/443 465/540/468 490/590/467
f 431/476/440 443/502/442 545/701/465 521/649/464
f 554/719/422 526/663/427 466/543/451 480/571/446
f 436/488/423 448/512/431 555/721/454 532/675/448
f 564/742/429 530/671/421 468/547/445 487/584/453
f 434/484/425 445/506/424 549/709/447 527/665/450
f 552/715/426 528/667/425 467/545/450 479/569/449
f 433/482/427 446/508/426 551/713/449 525/661/451
f 531/673/423 556/724/431 481/573/454 469/549/448
f 439/494/430 453/521/439 561/735/463 538/687/455
f 445/506/424 436/488/423 532/675/448 549/709/447
f 440/496/428 454/523/429 563/739/453 540/691/452
f 562/737/439 536/683/436 471/553/460 486/582/463
f 442/500/434 457/529/444 567/749/467 544/699/459
f 537/685/430 562/737/439 486/582/463 472/555/455
f 438/492/436 451/518/435 559/731/458 535/681/460
f 448/513/431 439/494/430 538/687/455 555/722/454
f 435/486/421 447/510/422 553/717/446 529/669/445
f 450/516/438 440/496/428 540/691/452 557/727/462
f 437/490/437 450/516/438 557/727/462 533/677/461
f 443/502/442 441/498/432 542/695/456 545/701/465
f 432/479/443 444/504/441 547/705/466 523/655/468
f 451/518/435 442/500/434 544/699/459 559/731/458
f 519/646/469 518/644/470 517/641/471 520/647/472
f 524/659/443 548/707/441 477/565/466 465/541/468
f 543/697/434 568/751/444 490/590/467 475/561/459
f 534/679/437 558/729/438 483/577/462 470/551/461
f 541/693/432 566/747/433 489/588/457 474/559/456
f 530/671/421 554/719/422 480/571/446 468/547/445
f 539/689/428 564/743/429 487/585/453 473/557/452
f 536/683/436 560/733/435 484/579/458 471/553/460
f 453/521/439 438/492/436 535/681/460 561/735/463
f 560/733/435 543/697/434 475/561/459 484/579/458
f 456/527/433 437/490/437 533/677/461 565/745/457
f 558/729/438 539/689/428 473/557/452 483/577/462
f 566/747/433 534/679/437 470/551/461 489/588/457
f 556/725/431 537/685/430 472/555/455 481/574/454
f 454/524/429 435/486/421 529/669/445 563/740/453
f 526/663/427 552/715/426 479/569/449 466/543/451
f 447/510/422 433/482/427 525/661/451 553/717/446
f 528/667/425 550/711/424 478/567/447 467/545/450
f 446/508/426 434/484/425 527/665/450 551/713/449
f 550/711/424 531/673/423 469/549/448 478/567/447
f 457/529/444 432/480/443 523/656/468 567/749/467
f 522/652/440 546/703/442 476/563/465 464/537/464
f 444/504/441 431/477/440 521/650/464 547/705/466
f 546/703/442 541/693/432 474/559/456 476/563/465
f 524/660/443 568/752/444 519/645/469 515/637/473
f 554/720/422 530/672/421 503/610/474 578/774/475
f 527/666/450 549/710/447 585/788/476 583/783/477
f 543/698/434 560/734/435 570/755/478 518/643/470
f 545/702/465 542/696/456 511/628/479 591/799/480
f 540/692/452 563/741/453 508/622/481 505/614/482
f 550/712/424 528/668/425 584/785/483 586/790/484
f 535/682/460 559/732/458 569/754/485 498/599/486
f 544/700/459 567/750/467 520/648/472 517/642/471
f 541/694/432 546/704/442 592/801/487 512/630/488
f 555/723/454 538/688/455 499/602/489 573/761/490
f 560/734/435 536/684/436 497/597/491 570/755/478
f 521/651/464 545/702/465 591/799/480 589/795/492
f 537/686/430 556/726/431 574/766/493 500/604/494
f 564/744/429 539/690/428 506/616/495 507/619/496
f 551/714/449 527/666/450 583/783/477 581/780/497
f 568/752/444 543/698/434 518/643/470 519/645/469
f 546/704/442 522/654/440 590/798/498 592/801/487
f 532/676/448 555/723/454 573/761/490 576/770/499
f 528/668/425 552/716/426 582/782/500 584/785/483
f 561/736/463 535/682/460 498/599/486 502/608/501
f 565/746/457 533/678/461 510/626/502 514/634/503
f 536/684/436 562/738/439 501/606/504 497/597/491
f 547/706/466 521/651/464 589/795/492 587/792/505
f 548/707/441 522/653/440 464/538/464 477/565/466
f 515/635/473 519/646/469 520/647/472 516/638/506
f 513/631/507 512/629/488 511/627/479 514/633/503
f 509/623/508 513/631/507 514/633/503 510/625/502
f 507/617/496 506/615/495 505/613/482 508/620/481
f 503/609/474 507/618/496 508/621/481 504/611/509
f 501/605/504 500/603/494 499/601/489 502/607/501
f 497/598/491 501/605/504 502/607/501 498/600/486
f 570/756/478 497/598/491 498/600/486 569/753/485
f 518/644/470 570/756/478 569/753/485 517/641/471
f 572/759/510 509/623/508 510/625/502 571/757/511
f 506/615/495 572/759/510 571/757/511 505/613/482
f 574/764/493 575/767/512 576/769/499 573/762/490
f 500/603/494 574/765/493 573/763/490 499/601/489
f 578/773/475 503/609/474 504/611/509 577/771/513
f 580/777/514 578/773/475 577/771/513 579/775/515
f 582/781/500 580/777/514 579/775/515 581/779/497
f 584/786/483 582/781/500 581/779/497 583/784/477
f 586/789/484 584/786/483 583/784/477 585/787/476
f 575/767/512 586/789/484 585/787/476 576/769/499
f 588/793/516 515/636/473 516/639/506 587/791/505
f 590/797/498 588/793/516 587/791/505 589/796/492
f 592/802/487 590/797/498 589/796/492 591/800/480
f 512/629/488 592/802/487 591/800/480 511/627/479
f 559/732/458 544/700/459 517/642/471 569/754/485
f 531/674/423 550/712/424 586/790/484 575/768/512
f 530/672/421 564/744/429 507/619/496 503/610/474
f 529/670/445 553/718/446 577/772/513 504/612/509
f 567/750/467 523/657/468 516/640/506 520/648/472
f 549/710/447 532/676/448 576/770/499 585/788/476
f 563/741/453 529/670/445 504/612/509 508/622/481
f 558/730/438 534/680/437 509/624/508 572/760/510
f 526/664/427 554/720/422 578/774/475 580/778/514
f 566/748/433 541/694/432 512/630/488 513/632/507
f 533/678/461 557/728/462 571/758/511 510/626/502
f 548/708/441 524/660/443 515/637/473 588/794/516
f 562/738/439 537/686/430 500/604/494 501/606/504
f 553/718/446 525/662/451 579/776/515 577/772/513
f 539/690/428 558/730/438 572/760/510 506/616/495
f 523/657/468 547/706/466 587/792/505 516/640/506
f 542/696/456 565/746/457 514/634/503 511/628/479
f 557/728/462 540/692/452 505/614/482 571/758/511
f 538/688/455 561/736/463 502/608/501 499/602/489
f 552/716/426 526/664/427 580/778/514 582/782/500
f 522/654/440 548/708/441 588/794/516 590/798/498
f 525/662/451 551/714/449 581/780/497 579/776/515
f 534/680/437 566/748/433 513/632/507 509/624/508
f 556/726/431 531/674/423 575/768/512 574/766/493
f 610/830/517 641/869/518 609/828/519 593/803/520
f 641/869/518 611/831/521 594/805/522 609/828/519
f 611/831/521 642/870/523 612/832/524 594/805/522
f 642/870/523 613/834/7 595/807/525 612/832/524
f 613/834/7 643/871/526 614/835/527 595/807/525
f 643/871/526 615/837/528 596/809/529 614/835/527
f 615/837/528 644/872/530 616/838/531 596/809/529
f 644/872/530 617/840/532 597/811/533 616/838/531
f 617/841/532 645/873/534 618/842/535 597/812/533
f 645/873/534 619/844/536 598/814/537 618/842/535
f 619/844/536 646/874/538 620/845/539 598/814/537
f 646/874/538 621/847/3 599/816/540 620/845/539
f 593/804/520 634/862/541 647/875/542 624/851/543
f 624/851/543 647/875/542 633/861/544 600/819/545
f 647/875/542 632/860/546 608/827/547 633/861/544
f 634/862/541 602/821/548 632/860/546 647/875/542
f 621/847/3 648/876/549 622/848/550 599/816/540
f 648/876/549 623/850/551 600/818/545 622/848/550
f 623/850/551 649/877/552 624/852/543 600/818/545
f 649/877/552 610/830/517 593/803/520 624/852/543
f 601/820/553 626/854/554 650/878/5 625/853/555
f 602/821/548 625/853/555 650/878/5 632/860/546
f 608/827/547 632/860/546 650/878/5 631/859/556
f 607/826/557 631/859/556 650/878/5 630/858/558
f 606/825/559 630/858/558 650/878/5 629/857/560
f 605/824/561 629/857/560 650/878/5 628/856/562
f 604/823/563 628/856/562 650/878/5 627/855/564
f 603/822/565 627/855/564 650/878/5 626/854/554
f 594/806/522 635/863/566 651/879/567 609/829/519
f 609/829/519 651/879/567 634/862/541 593/804/520
f 651/879/567 625/853/555 602/821/548 634/862/541
f 635/863/566 601/820/553 625/853/555 651/879/567
f 596/810/529 637/865/568 652/880/569 614/836/527
f 614/836/527 652/880/569 636/864/570 595/808/525
f 652/880/569 627/855/564 603/822/565 636/864/570
f 637/865/568 604/823/563 627/855/564 652/880/569
f 599/817/540 639/867/571 653/881/572 620/846/539
f 620/846/539 653/881/572 638/866/573 598/815/537
f 653/881/572 630/858/558 606/825/559 638/866/573
f 639/867/571 607/826/557 630/858/558 653/881/572
f 597/813/533 640/868/574 654/882/575 616/839/531
f 616/839/531 654/882/575 637/865/568 596/810/529
f 654/882/575 628/856/562 604/823/563 637/865/568
f 640/868/574 605/824/561 628/856/562 654/882/575
f 600/819/545 633/861/544 655/883/576 622/849/550
f 622/849/550 655/883/576 639/867/571 599/817/540
f 655/883/576 631/859/556 607/826/557 639/867/571
f 633/861/544 608/827/547 631/859/556 655/883/576
f 595/808/525 636/864/570 656/884/577 612/833/524
f 612/833/524 656/884/577 635/863/566 594/806/522
f 656/884/577 626/854/554 601/820/553 635/863/566
f 636/864/570 603/822/565 626/854/554 656/884/577
f 598/815/537 638/866/573 657/885/578 618/843/535
f 618/843/535 657/885/578 640/868/574 597/813/533
f 657/885/578 629/857/560 605/824/561 640/868/574
f 638/866/573 606/825/559 629/857/560 657/885/578
f 675/913/517 706/952/518 674/911/519 658/886/520
f 706/952/518 676/914/521 659/888/522 674/911/519
f 676/914/521 707/953/523 677/915/524 659/888/522
f 707/953/523 678/917/7 660/890/525 677/915/524
f 678/917/7 708/954/526 679/918/527 660/890/525
f 708/954/526 680/920/528 661/892/529 679/918/527
f 680/920/528 709/955/530 681/921/579 661/892/529
f 709/955/530 682/923/532 662/894/533 681/921/579
f 682/924/532 710/956/534 683/925/580 662/895/533
f 710/956/534 684/927/536 663/897/537 683/925/580
f 684/927/536 711/957/538 685/928/581 663/897/537
f 711/957/538 686/930/3 664/899/540 685/928/581
f 658/887/520 699/945/541 712/958/582 689/934/543
f 689/934/543 712/958/582 698/944/544 665/902/545
f 712/958/582 697/943/546 673/910/547 698/944/544
f 699/945/541 667/904/548 697/943/546 712/958/582
f 686/930/3 713/959/549 687/931/583 664/899/540
f 713/959/549 688/933/551 665/901/545 687/931/583
f 688/933/551 714/960/552 689/935/543 665/901/545
f 714/960/552 675/913/517 658/886/520 689/935/543
f 666/903/553 691/937/554 715/961/5 690/936/555
f 667/904/548 690/936/555 715/961/5 697/943/546
f 673/910/547 697/943/546 715/961/5 696/942/556
f 672/909/557 696/942/556 715/961/5 695/941/558
f 671/908/559 695/941/558 715/961/5 694/940/584
f 670/907/561 694/940/584 715/961/5 693/939/562
f 669/906/563 693/939/562 715/961/5 692/938/564
f 668/905/565 692/938/564 715/961/5 691/937/554
f 659/889/522 700/946/566 716/962/585 674/912/519
f 674/912/519 716/962/585 699/945/541 658/887/520
f 716/962/585 690/936/555 667/904/548 699/945/541
f 700/946/566 666/903/553 690/936/555 716/962/585
f 661/893/529 702/948/568 717/963/569 679/919/527
f 679/919/527 717/963/569 701/947/570 660/891/525
f 717/963/569 692/938/564 668/905/565 701/947/570
f 702/948/568 669/906/563 692/938/564 717/963/569
f 664/900/540 704/950/586 718/964/587 685/929/581
f 685/929/581 718/964/587 703/949/573 663/898/537
f 718/964/587 695/941/558 671/908/559 703/949/573
f 704/950/586 672/909/557 695/941/558 718/964/587
f 662/896/533 705/951/588 719/965/589 681/922/579
f 681/922/579 719/965/589 702/948/568 661/893/529
f 719/965/589 693/939/562 669/906/563 702/948/568
f 705/951/588 670/907/561 693/939/562 719/965/589
f 665/902/545 698/944/544 720/966/590 687/932/583
f 687/932/583 720/966/590 704/950/586 664/900/540
f 720/966/590 696/942/556 672/909/557 704/950/586
f 698/944/544 673/910/547 696/942/556 720/966/590
f 660/891/525 701/947/570 721/967/577 677/916/524
f 677/916/524 721/967/577 700/946/566 659/889/522
f 721/967/577 691/937/554 666/903/553 700/946/566
f 701/947/570 668/905/565 691/937/554 721/967/577
f 663/898/537 703/949/573 722/968/591 683/926/580
f 683/926/580 722/968/591 705/951/588 662/896/533
f 722/968/591 694/940/584 670/907/561 705/951/588
f 703/949/573 671/908/559 694/940/584 722/968/591
f 740/996/517 771/1035/518 739/994/519 723/969/520
f 771/1035/518 741/997/521 724/971/522 739/994/519
f 741/997/521 772/1036/523 742/998/524 724/971/522
f 772/1036/523 743/1000/7 725/973/525 742/998/524
f 743/1000/7 773/1037/526 744/1001/527 725/973/525
f 773/1037/526 745/1003/528 726/975/529 744/1001/527
f 745/1003/528 774/1038/530 746/1004/531 726/975/529
f 774/1038/530 747/1006/532 727/977/533 746/1004/531
f 747/1007/532 775/1039/534 748/1008/535 727/978/533
f 775/1039/534 749/1010/536 728/980/537 748/1008/535
f 749/1010/536 776/1040/538 750/1011/539 728/980/537
f 776/1040/538 751/1013/3 729/982/540 750/1011/539
f 723/970/520 764/1028/592 777/1041/542 754/1017/543
f 754/1017/543 777/1041/542 763/1027/544 730/985/545
f 777/1041/542 762/1026/546 738/993/547 763/1027/544
f 764/1028/592 732/987/548 762/1026/546 777/1041/542
f 751/1013/3 778/1042/549 752/1014/550 729/982/540
f 778/1042/549 753/1016/551 730/984/545 752/1014/550
f 753/1016/551 779/1043/552 754/1018/543 730/984/545
f 779/1043/552 740/996/517 723/969/520 754/1018/543
f 731/986/553 756/1020/554 780/1044/5 755/1019/555
f 732/987/548 755/1019/555 780/1044/5 762/1026/546
f 738/993/547 762/1026/546 780/1044/5 761/1025/556
f 737/992/557 761/1025/556 780/1044/5 760/1024/558
f 736/991/559 760/1024/558 780/1044/5 759/1023/584
f 735/990/561 759/1023/584 780/1044/5 758/1022/562
f 734/989/563 758/1022/562 780/1044/5 757/1021/564
f 733/988/565 757/1021/564 780/1044/5 756/1020/554
f 724/972/522 765/1029/566 781/1045/567 739/995/519
f 739/995/519 781/1045/567 764/1028/592 723/970/520
f 781/1045/567 755/1019/555 732/987/548 764/1028/592
f 765/1029/566 731/986/553 755/1019/555 781/1045/567
f 726/976/529 767/1031/568 782/1046/569 744/1002/527
f 744/1002/527 782/1046/569 766/1030/570 725/974/525
f 782/1046/569 757/1021/564 733/988/565 766/1030/570
f 767/1031/568 734/989/563 757/1021/564 782/1046/569
f 729/983/540 769/1033/586 783/1047/572 750/1012/539
f 750/1012/539 783/1047/572 768/1032/573 728/981/537
f 783/1047/572 760/1024/558 736/991/559 768/1032/573
f 769/1033/586 737/992/557 760/1024/558 783/1047/572
f 727/979/533 770/1034/574 784/1048/593 746/1005/531
f 746/1005/531 784/1048/593 767/1031/568 726/976/529
f 784/1048/593 758/1022/562 734/989/563 767/1031/568
f 770/1034/574 735/990/561 758/1022/562 784/1048/593
f 730/985/545 763/1027/544 785/1049/576 752/1015/550
f 752/1015/550 785/1049/576 769/1033/586 729/983/540
f 785/1049/576 761/1025/556 737/992/557 769/1033/586
f 763/1027/544 738/993/547 761/1025/556 785/1049/576
f 725/974/525 766/1030/570 786/1050/577 742/999/524
f 742/999/524 786/1050/577 765/1029/566 724/972/522
f 786/1050/577 756/1020/554 731/986/553 765/1029/566
f 766/1030/570 733/988/565 756/1020/554 786/1050/577
f 728/981/537 768/1032/573 787/1051/594 748/1009/535
f 748/1009/535 787/1051/594 770/1034/574 727/979/533
f 787/1051/594 759/1023/584 735/990/561 770/1034/574
f 768/1032/573 736/991/559 759/1023/584 787/1051/594
f 805/1079/517 836/1118/518 804/1077/519 788/1052/520
f 836/1118/518 806/1080/521 789/1054/522 804/1077/519
f 806/1080/521 837/1119/523 807/1081/524 789/1054/522
f 837/1119/523 808/1083/7 790/1056/525 807/1081/524
f 808/1083/7 838/1120/526 809/1084/527 790/1056/525
f 838/1120/526 810/1086/528 791/1058/529 809/1084/527
f 810/1086/528 839/1121/530 811/1087/579 791/1058/529
f 839/1121/530 812/1089/532 792/1060/533 811/1087/579
f 812/1090/532 840/1122/534 813/1091/580 792/1061/533
f 840/1122/534 814/1093/536 793/1063/537 813/1091/580
f 814/1093/536 841/1123/538 815/1094/581 793/1063/537
f 841/1123/538 816/1096/3 794/1065/540 815/1094/581
f 788/1053/520 829/1111/541 842/1124/582 819/1100/543
f 819/1100/543 842/1124/582 828/1110/544 795/1068/545
f 842/1124/582 827/1109/546 803/1076/547 828/1110/544
f 829/1111/541 797/1070/548 827/1109/546 842/1124/582
f 816/1096/3 843/1125/549 817/1097/583 794/1065/540
f 843/1125/549 818/1099/551 795/1067/545 817/1097/583
f 818/1099/551 844/1126/552 819/1101/543 795/1067/545
f 844/1126/552 805/1079/517 788/1052/520 819/1101/543
f 796/1069/553 821/1103/554 845/1127/5 820/1102/555
f 797/1070/548 820/1102/555 845/1127/5 827/1109/546
f 803/1076/547 827/1109/546 845/1127/5 826/1108/556
f 802/1075/557 826/1108/556 845/1127/5 825/1107/558
f 801/1074/559 825/1107/558 845/1127/5 824/1106/584
f 800/1073/561 824/1106/584 845/1127/5 823/1105/562
f 799/1072/563 823/1105/562 845/1127/5 822/1104/564
f 798/1071/565 822/1104/564 845/1127/5 821/1103/554
f 789/1055/522 830/1112/566 846/1128/585 804/1078/519
f 804/1078/519 846/1128/585 829/1111/541 788/1053/520
f 846/1128/585 820/1102/555 797/1070/548 829/1111/541
f 830/1112/566 796/1069/553 820/1102/555 846/1128/585
f 791/1059/529 832/1114/568 847/1129/569 809/1085/527
f 809/1085/527 847/1129/569 831/1113/570 790/1057/525
f 847/1129/569 822/1104/564 798/1071/565 831/1113/570
f 832/1114/568 799/1072/563 822/1104/564 847/1129/569
f 794/1066/540 834/1116/586 848/1130/587 815/1095/581
f 815/1095/581 848/1130/587 833/1115/573 793/1064/537
f 848/1130/587 825/1107/558 801/1074/559 833/1115/573
f 834/1116/586 802/1075/557 825/1107/558 848/1130/587
f 792/1062/533 835/1117/588 849/1131/589 811/1088/579
f 811/1088/579 849/1131/589 832/1114/568 791/1059/529
f 849/1131/589 823/1105/562 799/1072/563 832/1114/568
f 835/1117/588 800/1073/561 823/1105/562 849/1131/589
f 795/1068/545 828/1110/544 850/1132/590 817/1098/583
f 817/1098/583 850/1132/590 834/1116/586 794/1066/540
f 850/1132/590 826/1108/556 802/1075/557 834/1116/586
f 828/1110/544 803/1076/547 826/1108/556 850/1132/590
f 790/1057/525 831/1113/570 851/1133/577 807/1082/524
f 807/1082/524 851/1133/577 830/1112/566 789/1055/522
f 851/1133/577 821/1103/554 796/1069/553 830/1112/566
f 831/1113/570 798/1071/565 821/1103/554 851/1133/577
f 793/1064/537 833/1115/573 852/1134/591 813/1092/580
f 813/1092/580 852/1134/591 835/1117/588 792/1062/533
f 852/1134/591 824/1106/584 800/1073/561 835/1117/588
f 833/1115/573 801/1074/559 824/1106/584 852/1134/591
f 870/1162/517 901/1201/518 869/1160/519 853/1135/520
f 901/1201/518 871/1163/521 854/1137/522 869/1160/519
f 871/1163/521 902/1202/523 872/1164/524 854/1137/522
f 902/1202/523 873/1166/7 855/1139/525 872/1164/524
f 873/1166/7 903/1203/526 874/1167/527 855/1139/525
f 903/1203/526 875/1169/528 856/1141/529 874/1167/527
f 875/1169/528 904/1204/530 876/1170/531 856/1141/529
f 904/1204/530 877/1172/532 857/1143/533 876/1170/531
f 877/1173/532 905/1205/534 878/1174/535 857/1144/533
f 905/1205/534 879/1176/536 858/1146/537 878/1174/535
f 879/1176/536 906/1206/538 880/1177/581 858/1146/537
f 906/1206/538 881/1179/3 859/1148/540 880/1177/581
f 853/1136/520 894/1194/541 907/1207/542 884/1183/543
f 884/1183/543 907/1207/542 893/1193/544 860/1151/545
f 907/1207/542 892/1192/546 868/1159/595 893/1193/544
f 894/1194/541 862/1153/548 892/1192/546 907/1207/542
f 881/1179/3 908/1208/549 882/1180/550 859/1148/540
f 908/1208/549 883/1182/551 860/1150/545 882/1180/550
f 883/1182/551 909/1209/552 884/1184/543 860/1150/545
f 909/1209/552 870/1162/517 853/1135/520 884/1184/543
f 861/1152/553 886/1186/554 910/1210/5 885/1185/555
f 862/1153/548 885/1185/555 910/1210/5 892/1192/546
f 868/1159/595 892/1192/546 910/1210/5 891/1191/596
f 867/1158/557 891/1191/596 910/1210/5 890/1190/558
f 866/1157/559 890/1190/558 910/1210/5 889/1189/584
f 865/1156/561 889/1189/584 910/1210/5 888/1188/562
f 864/1155/563 888/1188/562 910/1210/5 887/1187/564
f 863/1154/565 887/1187/564 910/1210/5 886/1186/554
f 854/1138/522 895/1195/566 911/1211/585 869/1161/519
f 869/1161/519 911/1211/585 894/1194/541 853/1136/520
f 911/1211/585 885/1185/555 862/1153/548 894/1194/541
f 895/1195/566 861/1152/553 885/1185/555 911/1211/585
f 856/1142/529 897/1197/568 912/1212/569 874/1168/527
f 874/1168/527 912/1212/569 896/1196/570 855/1140/525
f 912/1212/569 887/1187/564 863/1154/565 896/1196/570
f 897/1197/568 864/1155/563 887/1187/564 912/1212/569
f 859/1149/540 899/1199/586 913/1213/587 880/1178/581
f 880/1178/581 913/1213/587 898/1198/573 858/1147/537
f 913/1213/587 890/1190/558 866/1157/559 898/1198/573
f 899/1199/586 867/1158/557 890/1190/558 913/1213/587
f 857/1145/533 900/1200/574 914/1214/589 876/1171/531
f 876/1171/531 914/1214/589 897/1197/568 856/1142/529
f 914/1214/589 888/1188/562 864/1155/563 897/1197/568
f 900/1200/574 865/1156/561 888/1188/562 914/1214/589
f 860/1151/545 893/1193/544 915/1215/576 882/1181/550
f 882/1181/550 915/1215/576 899/1199/586 859/1149/540
f 915/1215/576 891/1191/596 867/1158/557 899/1199/586
f 893/1193/544 868/1159/595 891/1191/596 915/1215/576
f 855/1140/525 896/1196/570 916/1216/577 872/1165/524
f 872/1165/524 916/1216/577 895/1195/566 854/1138/522
f 916/1216/577 886/1186/554 861/1152/553 895/1195/566
f 896/1196/570 863/1154/565 886/1186/554 916/1216/577
f 858/1147/537 898/1198/573 917/1217/591 878/1175/535
f 878/1175/535 917/1217/591 900/1200/574 857/1145/533
f 917/1217/591 889/1189/584 865/1156/561 900/1200/574
f 898/1198/573 866/1157/559 889/1189/584 917/1217/591
f 935/1245/517 966/1284/518 934/1243/519 918/1218/520
f 966/1284/518 936/1246/521 919/1220/522 934/1243/519
f 936/1246/521 967/1285/523 937/1247/524 919/1220/522
f 967/1285/523 938/1249/7 920/1222/525 937/1247/524
f 938/1249/7 968/1286/526 939/1250/527 920/1222/525
f 968/1286/526 940/1252/528 921/1224/529 939/1250/527
f 940/1252/528 969/1287/530 941/1253/531 921/1224/529
f 969/1287/530 942/1255/532 922/1226/533 941/1253/531
f 942/1256/532 970/1288/534 943/1257/535 922/1227/533
f 970/1288/534 944/1259/536 923/1229/537 943/1257/535
f 944/1259/536 971/1289/538 945/1260/581 923/1229/537
f 971/1289/538 946/1262/3 924/1231/540 945/1260/581
f 918/1219/520 959/1277/541 972/1290/542 949/1266/543
f 949/1266/543 972/1290/542 958/1276/544 925/1234/545
f 972/1290/542 957/1275/546 933/1242/595 958/1276/544
f 959/1277/541 927/1236/548 957/1275/546 972/1290/542
f 946/1262/3 973/1291/549 947/1263/550 924/1231/540
f 973/1291/549 948/1265/551 925/1233/545 947/1263/550
f 948/1265/551 974/1292/552 949/1267/543 925/1233/545
f 974/1292/552 935/1245/517 918/1218/520 949/1267/543
f 926/1235/553 951/1269/554 975/1293/5 950/1268/555
f 927/1236/548 950/1268/555 975/1293/5 957/1275/546
f 933/1242/595 957/1275/546 975/1293/5 956/1274/596
f 932/1241/557 956/1274/596 975/1293/5 955/1273/558
f 931/1240/559 955/1273/558 975/1293/5 954/1272/584
f 930/1239/561 954/1272/584 975/1293/5 953/1271/562
f 929/1238/563 953/1271/562 975/1293/5 952/1270/564
f 928/1237/565 952/1270/564 975/1293/5 951/1269/554
f 919/1221/522 960/1278/566 976/1294/585 934/1244/519
f 934/1244/519 976/1294/585 959/1277/541 918/1219/520
f 976/1294/585 950/1268/555 927/1236/548 959/1277/541
f 960/1278/566 926/1235/553 950/1268/555 976/1294/585
f 921/1225/529 962/1280/568 977/1295/569 939/1251/527
f 939/1251/527 977/1295/569 961/1279/570 920/1223/525
f 977/1295/569 952/1270/564 928/1237/565 961/1279/570
f 962/1280/568 929/1238/563 952/1270/564 977/1295/569
f 924/1232/540 964/1282/586 978/1296/587 945/1261/581
f 945/1261/581 978/1296/587 963/1281/573 923/1230/537
f 978/1296/587 955/1273/558 931/1240/559 963/1281/573
f 964/1282/586 932/1241/557 955/1273/558 978/1296/587
f 922/1228/533 965/1283/574 979/1297/589 941/1254/531
f 941/1254/531 979/1297/589 962/1280/568 921/1225/529
f 979/1297/589 953/1271/562 929/1238/563 962/1280/568
f 965/1283/574 930/1239/561 953/1271/562 979/1297/589
f 925/1234/545 958/1276/544 980/1298/576 947/1264/550
f 947/1264/550 980/1298/576 964/1282/586 924/1232/540
f 980/1298/576 956/1274/596 932/1241/557 964/1282/586
f 958/1276/544 933/1242/595 956/1274/596 980/1298/576
f 920/1223/525 961/1279/570 981/1299/577 937/1248/524
f 937/1248/524 981/1299/577 960/1278/566 919/1221/522
f 981/1299/577 951/1269/554 926/1235/553 960/1278/566
f 961/1279/570 928/1237/565 951/1269/554 981/1299/577
f 923/1230/537 963/1281/573 982/1300/591 943/1258/535
f 943/1258/535 982/1300/591 965/1283/574 922/1228/533
f 982/1300/591 954/1272/584 930/1239/561 965/1283/574
f 963/1281/573 931/1240/559 954/1272/584 982/1300/591
f 992/1310/14 1012/1330/14 1031/1349/5 1014/1332/5
f 1012/1330/14 986/1304/597 1002/1320/598 1031/1349/5
f 1031/1349/5 1002/1320/598 984/1302/599 1011/1329/5
f 1014/1332/5 1031/1349/5 1011/1329/5 994/1312/5
f 985/1303/600 1005/1323/14 1032/1350/5 1004/1322/601
f 1005/1323/14 992/1310/14 1014/1332/5 1032/1350/5
f 1032/1350/5 1014/1332/5 994/1312/5 1003/1321/5
f 1004/1322/601 1032/1350/5 1003/1321/5 983/1301/602
f 991/1309/603 1015/1333/604 1033/1351/5 1023/1341/5
f 1015/1333/604 996/1314/605 1024/1342/5 1033/1351/5
f 1033/1351/5 1024/1342/5 983/1301/602 1003/1321/5
f 1023/1341/5 1033/1351/5 1003/1321/5 994/1312/5
f 996/1314/605 1006/1324/606 1034/1352/5 1024/1342/5
f 1006/1324/606 995/1313/607 1025/1343/5 1034/1352/5
f 1034/1352/5 1025/1343/5 987/1305/608 1016/1334/609
f 1024/1342/5 1034/1352/5 1016/1334/609 983/1301/602
f 997/1315/610 1007/1325/611 1035/1353/5 1026/1344/5
f 1007/1325/611 998/1316/612 1027/1345/5 1035/1353/5
f 1035/1353/5 1027/1345/5 984/1302/599 1017/1335/613
f 1026/1344/5 1035/1353/5 1017/1335/613 988/1306/614
f 1000/1318/615 1008/1326/616 1036/1354/5 1028/1346/5
f 1008/1326/616 999/1317/617 1029/1347/5 1036/1354/5
f 1036/1354/5 1029/1347/5 993/1311/618 1018/1336/619
f 1028/1346/5 1036/1354/5 1018/1336/619 989/1307/620
f 995/1313/607 1009/1327/621 1037/1355/5 1025/1343/5
f 1009/1327/621 1000/1318/615 1028/1346/5 1037/1355/5
f 1037/1355/5 1028/1346/5 989/1307/620 1019/1337/622
f 1025/1343/5 1037/1355/5 1019/1337/622 987/1305/608
f 1001/1319/623 1010/1328/624 1038/1356/5 1030/1348/5
f 1010/1328/624 997/1315/610 1026/1344/5 1038/1356/5
f 1038/1356/5 1026/1344/5 988/1306/614 1020/1338/625
f 1030/1348/5 1038/1356/5 1020/1338/625 990/1308/626
f 998/1316/612 1021/1339/627 1039/1357/5 1027/1345/5
f 1021/1339/627 991/1309/603 1023/1341/5 1039/1357/5
f 1039/1357/5 1023/1341/5 994/1312/5 1011/1329/5
f 1027/1345/5 1039/1357/5 1011/1329/5 984/1302/599
f 999/1317/617 1013/1331/628 1040/1358/5 1029/1347/5
f 1013/1331/628 1001/1319/623 1030/1348/5 1040/1358/5
f 1040/1358/5 1030/1348/5 990/1308/626 1022/1340/629
f 1029/1347/5 1040/1358/5 1022/1340/629 993/1311/618
f 1050/1368/20 1072/1390/1 1089/1407/1 1070/1388/20
f 1070/1388/20 1089/1407/1 1060/1378/630 1044/1362/631
f 1089/1407/1 1069/1387/1 1042/1360/632 1060/1378/630
f 1072/1390/1 1052/1370/1 1069/1387/1 1089/1407/1
f 1043/1361/633 1062/1380/634 1090/1408/1 1063/1381/20
f 1063/1381/20 1090/1408/1 1072/1390/1 1050/1368/20
f 1090/1408/1 1061/1379/1 1052/1370/1 1072/1390/1
f 1062/1380/634 1041/1359/635 1061/1379/1 1090/1408/1
f 1049/1367/636 1081/1399/1 1091/1409/1 1073/1391/637
f 1073/1391/637 1091/1409/1 1082/1400/1 1054/1372/638
f 1091/1409/1 1061/1379/1 1041/1359/635 1082/1400/1
f 1081/1399/1 1052/1370/1 1061/1379/1 1091/1409/1
f 1054/1372/638 1082/1400/1 1092/1410/1 1064/1382/639
f 1064/1382/639 1092/1410/1 1083/1401/1 1053/1371/640
f 1092/1410/1 1074/1392/641 1045/1363/642 1083/1401/1
f 1082/1400/1 1041/1359/635 1074/1392/641 1092/1410/1
f 1055/1373/643 1084/1402/1 1093/1411/1 1065/1383/644
f 1065/1383/644 1093/1411/1 1085/1403/1 1056/1374/645
f 1093/1411/1 1075/1393/646 1042/1360/632 1085/1403/1
f 1084/1402/1 1046/1364/647 1075/1393/646 1093/1411/1
f 1058/1376/648 1086/1404/1 1094/1412/1 1066/1384/649
f 1066/1384/649 1094/1412/1 1087/1405/1 1057/1375/650
f 1094/1412/1 1076/1394/651 1051/1369/652 1087/1405/1
f 1086/1404/1 1047/1365/653 1076/1394/651 1094/1412/1
f 1053/1371/640 1083/1401/1 1095/1413/1 1067/1385/654
f 1067/1385/654 1095/1413/1 1086/1404/1 1058/1376/648
f 1095/1413/1 1077/1395/655 1047/1365/653 1086/1404/1
f 1083/1401/1 1045/1363/642 1077/1395/655 1095/1413/1
f 1059/1377/656 1088/1406/1 1096/1414/1 1068/1386/657
f 1068/1386/657 1096/1414/1 1084/1402/1 1055/1373/643
f 1096/1414/1 1078/1396/658 1046/1364/647 1084/1402/1
f 1088/1406/1 1048/1366/659 1078/1396/658 1096/1414/1
f 1056/1374/645 1085/1403/1 1097/1415/1 1079/1397/660
f 1079/1397/660 1097/1415/1 1081/1399/1 1049/1367/636
f 1097/1415/1 1069/1387/1 1052/1370/1 1081/1399/1
f 1085/1403/1 1042/1360/632 1069/1387/1 1097/1415/1
f 1057/1375/650 1087/1405/1 1098/1416/1 1071/1389/661
f 1071/1389/661 1098/1416/1 1088/1406/1 1059/1377/656
f 1098/1416/1 1080/1398/662 1048/1366/659 1088/1406/1
f 1087/1405/1 1051/1369/652 1080/1398/662 1098/1416/1
f 1002/1320/598 986/1304/597 1044/1362/631 1060/1378/630
f 984/1302/599 1002/1320/598 1060/1378/630 1042/1360/632
f 1004/1322/601 983/1301/602 1041/1359/635 1062/1380/634
f 985/1303/600 1004/1322/601 1062/1380/634 1043/1361/633
f 992/1310/14 1005/1323/14 1063/1381/20 1050/1368/20
f 1005/1323/14 985/1303/600 1043/1361/633 1063/1381/20
f 995/1313/607 1006/1324/606 1064/1382/639 1053/1371/640
f 1006/1324/606 996/1314/605 1054/1372/638 1064/1382/639
f 998/1316/612 1007/1325/611 1065/1383/644 1056/1374/645
f 1007/1325/611 997/1315/610 1055/1373/643 1065/1383/644
f 999/1317/617 1008/1326/616 1066/1384/649 1057/1375/650
f 1008/1326/616 1000/1318/615 1058/1376/648 1066/1384/649
f 1000/1318/615 1009/1327/621 1067/1385/654 1058/1376/648
f 1009/1327/621 995/1313/607 1053/1371/640 1067/1385/654
f 997/1315/610 1010/1328/624 1068/1386/657 1055/1373/643
f 1010/1328/624 1001/1319/623 1059/1377/656 1068/1386/657
f 986/1304/597 1012/1330/14 1070/1388/20 1044/1362/631
f 1012/1330/14 992/1310/14 1050/1368/20 1070/1388/20
f 1001/1319/623 1013/1331/628 1071/1389/661 1059/1377/656
f 1013/1331/628 999/1317/617 1057/1375/650 1071/1389/661
f 1015/1333/604 991/1309/603 1049/1367/636 1073/1391/637
f 996/1314/605 1015/1333/604 1073/1391/637 1054/1372/638
f 1016/1334/609 987/1305/608 1045/1363/642 1074/1392/641
f 983/1301/602 1016/1334/609 1074/1392/641 1041/1359/635
f 1017/1335/613 984/1302/599 1042/1360/632 1075/1393/646
f 988/1306/614 1017/1335/613 1075/1393/646 1046/1364/647
f 1018/1336/619 993/1311/618 1051/1369/652 1076/1394/651
f 989/1307/620 1018/1336/619 1076/1394/651 1047/1365/653
f 1019/1337/622 989/1307/620 1047/1365/653 1077/1395/655
f 987/1305/608 1019/1337/622 1077/1395/655 1045/1363/642
f 1020/1338/625 988/1306/614 1046/1364/647 1078/1396/658
f 990/1308/626 1020/1338/625 1078/1396/658 1048/1366/659
f 1021/1339/627 998/1316/612 1056/1374/645 1079/1397/660
f 991/1309/603 1021/1339/627 1079/1397/660 1049/1367/636
f 1022/1340/629 990/1308/626 1048/1366/659 1080/1398/662
f 993/1311/618 1022/1340/629 1080/1398/662 1051/1369/652
f 1099/1417/517 1125/1460/517 1163/1509/552 1123/1457/552
f 1125/1460/517 1100/1418/520 1124/1458/663 1163/1509/552
f 1163/1509/552 1124/1458/663 1102/1422/545 1126/1461/551
f 1123/1457/552 1163/1509/552 1126/1461/551 1101/1420/551
f 1101/1421/551 1126/1462/551 1164/1510/549 1127/1463/549
f 1126/1462/551 1102/1423/545 1128/1464/550 1164/1510/549
f 1164/1510/549 1128/1464/550 1104/1426/540 1129/1466/3
f 1127/1463/549 1164/1510/549 1129/1466/3 1103/1425/3
f 1103/1425/3 1129/1466/3 1165/1511/538 1130/1467/538
f 1129/1466/3 1104/1426/540 1131/1468/539 1165/1511/538
f 1165/1511/538 1131/1468/539 1106/1430/537 1132/1470/536
f 1130/1467/538 1165/1511/538 1132/1470/536 1105/1428/536
f 1105/1429/536 1132/1471/536 1166/1512/534 1133/1472/534
f 1132/1471/536 1106/1431/537 1134/1473/580 1166/1512/534
f 1166/1512/534 1134/1473/580 1108/1434/533 1135/1475/532
f 1133/1472/534 1166/1512/534 1135/1475/532 1107/1433/532
f 1107/1433/532 1135/1475/532 1167/1513/530 1136/1476/530
f 1135/1475/532 1108/1434/533 1137/1477/579 1167/1513/530
f 1167/1513/530 1137/1477/579 1110/1438/529 1138/1479/528
f 1136/1476/530 1167/1513/530 1138/1479/528 1109/1436/528
f 1109/1437/528 1138/1480/528 1168/1514/526 1139/1481/526
f 1138/1480/528 1110/1439/529 1140/1482/527 1168/1514/526
f 1168/1514/526 1140/1482/527 1112/1442/525 1141/1484/7
f 1139/1481/526 1168/1514/526 1141/1484/7 1111/1441/7
f 1100/1419/520 1146/1491/664 1169/1515/665 1156/1502/541
f 1146/1491/664 1114/1448/522 1155/1501/566 1169/1515/665
f 1169/1515/665 1155/1501/566 1122/1456/553 1154/1500/555
f 1156/1502/541 1169/1515/665 1154/1500/555 1116/1450/548
f 1111/1441/7 1141/1484/7 1170/1516/523 1142/1485/523
f 1141/1484/7 1112/1442/525 1143/1486/524 1170/1516/523
f 1170/1516/523 1143/1486/524 1114/1446/522 1144/1488/521
f 1142/1485/523 1170/1516/523 1144/1488/521 1113/1444/521
f 1113/1445/521 1144/1489/521 1171/1517/518 1145/1490/518
f 1144/1489/521 1114/1447/522 1146/1492/664 1171/1517/518
f 1171/1517/518 1146/1492/664 1100/1418/520 1125/1460/517
f 1145/1490/518 1171/1517/518 1125/1460/517 1099/1417/517
f 1115/1449/547 1147/1493/546 1172/1518/5 1148/1494/556
f 1116/1450/548 1154/1500/555 1172/1518/5 1147/1493/546
f 1122/1456/553 1153/1499/554 1172/1518/5 1154/1500/555
f 1121/1455/565 1152/1498/564 1172/1518/5 1153/1499/554
f 1120/1454/563 1151/1497/562 1172/1518/5 1152/1498/564
f 1119/1453/666 1150/1496/584 1172/1518/5 1151/1497/562
f 1118/1452/559 1149/1495/558 1172/1518/5 1150/1496/584
f 1117/1451/557 1148/1494/556 1172/1518/5 1149/1495/558
f 1102/1424/545 1124/1459/663 1173/1519/667 1157/1503/544
f 1124/1459/663 1100/1419/520 1156/1502/541 1173/1519/667
f 1173/1519/667 1156/1502/541 1116/1450/548 1147/1493/546
f 1157/1503/544 1173/1519/667 1147/1493/546 1115/1449/547
f 1106/1432/537 1131/1469/539 1174/1520/587 1159/1505/573
f 1131/1469/539 1104/1427/540 1158/1504/586 1174/1520/587
f 1174/1520/587 1158/1504/586 1117/1451/557 1149/1495/558
f 1159/1505/573 1174/1520/587 1149/1495/558 1118/1452/559
f 1112/1443/525 1140/1483/527 1175/1521/668 1161/1507/669
f 1140/1483/527 1110/1440/529 1160/1506/568 1175/1521/668
f 1175/1521/668 1160/1506/568 1120/1454/563 1152/1498/564
f 1161/1507/669 1175/1521/668 1152/1498/564 1121/1455/565
f 1108/1435/533 1134/1474/580 1176/1522/594 1162/1508/574
f 1134/1474/580 1106/1432/537 1159/1505/573 1176/1522/594
f 1176/1522/594 1159/1505/573 1118/1452/559 1150/1496/584
f 1162/1508/574 1176/1522/594 1150/1496/584 1119/1453/666
f 1114/1448/522 1143/1487/524 1177/1523/670 1155/1501/566
f 1143/1487/524 1112/1443/525 1161/1507/669 1177/1523/670
f 1177/1523/670 1161/1507/669 1121/1455/565 1153/1499/554
f 1155/1501/566 1177/1523/670 1153/1499/554 1122/1456/553
f 1104/1427/540 1128/1465/550 1178/1524/590 1158/1504/586
f 1128/1465/550 1102/1424/545 1157/1503/544 1178/1524/590
f 1178/1524/590 1157/1503/544 1115/1449/547 1148/1494/556
f 1158/1504/586 1178/1524/590 1148/1494/556 1117/1451/557
f 1110/1440/529 1137/1478/579 1179/1525/589 1160/1506/568
f 1137/1478/579 1108/1435/533 1162/1508/574 1179/1525/589
f 1179/1525/589 1162/1508/574 1119/1453/666 1151/1497/562
f 1160/1506/568 1179/1525/589 1151/1497/562 1120/1454/563
f 1189/1535/14 1209/1555/14 1228/1574/5 1211/1557/5
f 1209/1555/14 1183/1529/597 1199/1545/598 1228/1574/5
f 1228/1574/5 1199/1545/598 1181/1527/599 1208/1554/5
f 1211/1557/5 1228/1574/5 1208/1554/5 1191/1537/5
f 1182/1528/600 1202/1548/14 1229/1575/5 1201/1547/601
f 1202/1548/14 1189/1535/14 1211/1557/5 1229/1575/5
f 1229/1575/5 1211/1557/5 1191/1537/5 1200/1546/5
f 1201/1547/601 1229/1575/5 1200/1546/5 1180/1526/602
f 1188/1534/603 1212/1558/604 1230/1576/5 1220/1566/5
f 1212/1558/604 1193/1539/605 1221/1567/5 1230/1576/5
f 1230/1576/5 1221/1567/5 1180/1526/602 1200/1546/5
f 1220/1566/5 1230/1576/5 1200/1546/5 1191/1537/5
f 1193/1539/605 1203/1549/606 1231/1577/5 1221/1567/5
f 1203/1549/606 1192/1538/607 1222/1568/5 1231/1577/5
f 1231/1577/5 1222/1568/5 1184/1530/608 1213/1559/609
f 1221/1567/5 1231/1577/5 1213/1559/609 1180/1526/602
f 1194/1540/610 1204/1550/611 1232/1578/5 1223/1569/5
f 1204/1550/611 1195/1541/612 1224/1570/5 1232/1578/5
f 1232/1578/5 1224/1570/5 1181/1527/599 1214/1560/613
f 1223/1569/5 1232/1578/5 1214/1560/613 1185/1531/614
f 1197/1543/615 1205/1551/616 1233/1579/5 1225/1571/5
f 1205/1551/616 1196/1542/617 1226/1572/5 1233/1579/5
f 1233/1579/5 1226/1572/5 1190/1536/618 1215/1561/619
f 1225/1571/5 1233/1579/5 1215/1561/619 1186/1532/620
f 1192/1538/607 1206/1552/621 1234/1580/5 1222/1568/5
f 1206/1552/621 1197/1543/615 1225/1571/5 1234/1580/5
f 1234/1580/5 1225/1571/5 1186/1532/620 1216/1562/622
f 1222/1568/5 1234/1580/5 1216/1562/622 1184/1530/608
f 1198/1544/623 1207/1553/624 1235/1581/5 1227/1573/5
f 1207/1553/624 1194/1540/610 1223/1569/5 1235/1581/5
f 1235/1581/5 1223/1569/5 1185/1531/614 1217/1563/625
f 1227/1573/5 1235/1581/5 1217/1563/625 1187/1533/626
f 1195/1541/612 1218/1564/627 1236/1582/5 1224/1570/5
f 1218/1564/627 1188/1534/603 1220/1566/5 1236/1582/5
f 1236/1582/5 1220/1566/5 1191/1537/5 1208/1554/5
f 1224/1570/5 1236/1582/5 1208/1554/5 1181/1527/599
f 1196/1542/617 1210/1556/628 1237/1583/5 1226/1572/5
f 1210/1556/628 1198/1544/623 1227/1573/5 1237/1583/5
f 1237/1583/5 1227/1573/5 1187/1533/626 1219/1565/629
f 1226/1572/5 1237/1583/5 1219/1565/629 1190/1536/618
f 1247/1593/20 1269/1615/1 1286/1632/1 1267/1613/20
f 1267/1613/20 1286/1632/1 1257/1603/630 1241/1587/631
f 1286/1632/1 1266/1612/1 1239/1585/632 1257/1603/630
f 1269/1615/1 1249/1595/1 1266/1612/1 1286/1632/1
f 1240/1586/633 1259/1605/634 1287/1633/1 1260/1606/20
f 1260/1606/20 1287/1633/1 1269/1615/1 1247/1593/20
f 1287/1633/1 1258/1604/1 1249/1595/1 1269/1615/1
f 1259/1605/634 1238/1584/635 1258/1604/1 1287/1633/1
f 1246/1592/636 1278/1624/1 1288/1634/1 1270/1616/637
f 1270/1616/637 1288/1634/1 1279/1625/1 1251/1597/638
f 1288/1634/1 1258/1604/1 1238/1584/635 1279/1625/1
f 1278/1624/1 1249/1595/1 1258/1604/1 1288/1634/1
f 1251/1597/638 1279/1625/1 1289/1635/1 1261/1607/639
f 1261/1607/639 1289/1635/1 1280/1626/1 1250/1596/640
f 1289/1635/1 1271/1617/641 1242/1588/642 1280/1626/1
f 1279/1625/1 1238/1584/635 1271/1617/641 1289/1635/1
f 1252/1598/643 1281/1627/1 1290/1636/1 1262/1608/644
f 1262/1608/644 1290/1636/1 1282/1628/1 1253/1599/645
f 1290/1636/1 1272/1618/646 1239/1585/632 1282/1628/1
f 1281/1627/1 1243/1589/647 1272/1618/646 1290/1636/1
f 1255/1601/648 1283/1629/1 1291/1637/1 1263/1609/649
f 1263/1609/649 1291/1637/1 1284/1630/1 1254/1600/650
f 1291/1637/1 1273/1619/651 1248/1594/652 1284/1630/1
f 1283/1629/1 1244/1590/653 1273/1619/651 1291/1637/1
f 1250/1596/640 1280/1626/1 1292/1638/1 1264/1610/671
f 1264/1610/671 1292/1638/1 1283/1629/1 1255/1601/648
f 1292/1638/1 1274/1620/655 1244/1590/653 1283/1629/1
f 1280/1626/1 1242/1588/642 1274/1620/655 1292/1638/1
f 1256/1602/656 1285/1631/1 1293/1639/1 1265/1611/657
f 1265/1611/657 1293/1639/1 1281/1627/1 1252/1598/643
f 1293/1639/1 1275/1621/658 1243/1589/647 1281/1627/1
f 1285/1631/1 1245/1591/659 1275/1621/658 1293/1639/1
f 1253/1599/645 1282/1628/1 1294/1640/1 1276/1622/660
f 1276/1622/660 1294/1640/1 1278/1624/1 1246/1592/636
f 1294/1640/1 1266/1612/1 1249/1595/1 1278/1624/1
f 1282/1628/1 1239/1585/632 1266/1612/1 1294/1640/1
f 1254/1600/650 1284/1630/1 1295/1641/1 1268/1614/661
f 1268/1614/661 1295/1641/1 1285/1631/1 1256/1602/656
f 1295/1641/1 1277/1623/662 1245/1591/659 1285/1631/1
f 1284/1630/1 1248/1594/652 1277/1623/662 1295/1641/1
f 1199/1545/598 1183/1529/597 1241/1587/631 1257/1603/630
f 1181/1527/599 1199/1545/598 1257/1603/630 1239/1585/632
f 1201/1547/601 1180/1526/602 1238/1584/635 1259/1605/634
f 1182/1528/600 1201/1547/601 1259/1605/634 1240/1586/633
f 1189/1535/14 1202/1548/14 1260/1606/20 1247/1593/20
f 1202/1548/14 1182/1528/600 1240/1586/633 1260/1606/20
f 1192/1538/607 1203/1549/606 1261/1607/639 1250/1596/640
f 1203/1549/606 1193/1539/605 1251/1597/638 1261/1607/639
f 1195/1541/612 1204/1550/611 1262/1608/644 1253/1599/645
f 1204/1550/611 1194/1540/610 1252/1598/643 1262/1608/644
f 1196/1542/617 1205/1551/616 1263/1609/649 1254/1600/650
f 1205/1551/616 1197/1543/615 1255/1601/648 1263/1609/649
f 1197/1543/615 1206/1552/621 1264/1610/671 1255/1601/648
f 1206/1552/621 1192/1538/607 1250/1596/640 1264/1610/671
f 1194/1540/610 1207/1553/624 1265/1611/657 1252/1598/643
f 1207/1553/624 1198/1544/623 1256/1602/656 1265/1611/657
f 1183/1529/597 1209/1555/14 1267/1613/20 1241/1587/631
f 1209/1555/14 1189/1535/14 1247/1593/20 1267/1613/20
f 1198/1544/623 1210/1556/628 1268/1614/661 1256/1602/656
f 1210/1556/628 1196/1542/617 1254/1600/650 1268/1614/661
f 1212/1558/604 1188/1534/603 1246/1592/636 1270/1616/637
f 1193/1539/605 1212/1558/604 1270/1616/637 1251/1597/638
f 1213/1559/609 1184/1530/608 1242/1588/642 1271/1617/641
f 1180/1526/602 1213/1559/609 1271/1617/641 1238/1584/635
f 1214/1560/613 1181/1527/599 1239/1585/632 1272/1618/646
f 1185/1531/614 1214/1560/613 1272/1618/646 1243/1589/647
f 1215/1561/619 1190/1536/618 1248/1594/652 1273/1619/651
f 1186/1532/620 1215/1561/619 1273/1619/651 1244/1590/653
f 1216/1562/622 1186/1532/620 1244/1590/653 1274/1620/655
f 1184/1530/608 1216/1562/622 1274/1620/655 1242/1588/642
f 1217/1563/625 1185/1531/614 1243/1589/647 1275/1621/658
f 1187/1533/626 1217/1563/625 1275/1621/658 1245/1591/659
f 1218/1564/627 1195/1541/612 1253/1599/645 1276/1622/660
f 1188/1534/603 1218/1564/627 1276/1622/660 1246/1592/636
f 1219/1565/629 1187/1533/626 1245/1591/659 1277/1623/662
f 1190/1536/618 1219/1565/629 1277/1623/662 1248/1594/652
f 1296/1642/517 1322/1685/517 1360/1734/552 1320/1682/552
f 1322/1685/517 1297/1643/520 1321/1683/663 1360/1734/552
f 1360/1734/552 1321/1683/663 1299/1647/545 1323/1686/551
f 1320/1682/552 1360/1734/552 1323/1686/551 1298/1645/551
f 1298/1646/551 1323/1687/551 1361/1735/549 1324/1688/549
f 1323/1687/551 1299/1648/545 1325/1689/550 1361/1735/549
f 1361/1735/549 1325/1689/550 1301/1651/540 1326/1691/3
f 1324/1688/549 1361/1735/549 1326/1691/3 1300/1650/3
f 1300/1650/3 1326/1691/3 1362/1736/538 1327/1692/538
f 1326/1691/3 1301/1651/540 1328/1693/539 1362/1736/538
f 1362/1736/538 1328/1693/539 1303/1655/537 1329/1695/536
f 1327/1692/538 1362/1736/538 1329/1695/536 1302/1653/536
f 1302/1654/536 1329/1696/536 1363/1737/534 1330/1697/534
f 1329/1696/536 1303/1656/537 1331/1698/580 1363/1737/534
f 1363/1737/534 1331/1698/580 1305/1659/533 1332/1700/532
f 1330/1697/534 1363/1737/534 1332/1700/532 1304/1658/532
f 1304/1658/532 1332/1700/532 1364/1738/530 1333/1701/530
f 1332/1700/532 1305/1659/533 1334/1702/579 1364/1738/530
f 1364/1738/530 1334/1702/579 1307/1663/529 1335/1704/528
f 1333/1701/530 1364/1738/530 1335/1704/528 1306/1661/528
f 1306/1662/528 1335/1705/528 1365/1739/526 1336/1706/526
f 1335/1705/528 1307/1664/529 1337/1707/527 1365/1739/526
f 1365/1739/526 1337/1707/527 1309/1667/525 1338/1709/7
f 1336/1706/526 1365/1739/526 1338/1709/7 1308/1666/7
f 1297/1644/520 1343/1716/664 1366/1740/665 1353/1727/541
f 1343/1716/664 1311/1673/522 1352/1726/566 1366/1740/665
f 1366/1740/665 1352/1726/566 1319/1681/553 1351/1725/555
f 1353/1727/541 1366/1740/665 1351/1725/555 1313/1675/548
f 1308/1666/7 1338/1709/7 1367/1741/523 1339/1710/523
f 1338/1709/7 1309/1667/525 1340/1711/524 1367/1741/523
f 1367/1741/523 1340/1711/524 1311/1671/522 1341/1713/521
f 1339/1710/523 1367/1741/523 1341/1713/521 1310/1669/521
f 1310/1670/521 1341/1714/521 1368/1742/518 1342/1715/518
f 1341/1714/521 1311/1672/522 1343/1717/664 1368/1742/518
f 1368/1742/518 1343/1717/664 1297/1643/520 1322/1685/517
f 1342/1715/518 1368/1742/518 1322/1685/517 1296/1642/517
f 1312/1674/547 1344/1718/546 1369/1743/5 1345/1719/556
f 1313/1675/548 1351/1725/555 1369/1743/5 1344/1718/546
f 1319/1681/553 1350/1724/554 1369/1743/5 1351/1725/555
f 1318/1680/565 1349/1723/564 1369/1743/5 1350/1724/554
f 1317/1679/563 1348/1722/562 1369/1743/5 1349/1723/564
f 1316/1678/666 1347/1721/584 1369/1743/5 1348/1722/562
f 1315/1677/559 1346/1720/558 1369/1743/5 1347/1721/584
f 1314/1676/557 1345/1719/556 1369/1743/5 1346/1720/558
f 1299/1649/545 1321/1684/663 1370/1744/667 1354/1728/544
f 1321/1684/663 1297/1644/520 1353/1727/541 1370/1744/667
f 1370/1744/667 1353/1727/541 1313/1675/548 1344/1718/546
f 1354/1728/544 1370/1744/667 1344/1718/546 1312/1674/547
f 1303/1657/537 1328/1694/539 1371/1745/587 1356/1730/573
f 1328/1694/539 1301/1652/540 1355/1729/586 1371/1745/587
f 1371/1745/587 1355/1729/586 1314/1676/557 1346/1720/558
f 1356/1730/573 1371/1745/587 1346/1720/558 1315/1677/559
f 1309/1668/525 1337/1708/527 1372/1746/668 1358/1732/672
f 1337/1708/527 1307/1665/529 1357/1731/568 1372/1746/668
f 1372/1746/668 1357/1731/568 1317/1679/563 1349/1723/564
f 1358/1732/672 1372/1746/668 1349/1723/564 1318/1680/565
f 1305/1660/533 1331/1699/580 1373/1747/594 1359/1733/574
f 1331/1699/580 1303/1657/537 1356/1730/573 1373/1747/594
f 1373/1747/594 1356/1730/573 1315/1677/559 1347/1721/584
f 1359/1733/574 1373/1747/594 1347/1721/584 1316/1678/666
f 1311/1673/522 1340/1712/524 1374/1748/670 1352/1726/566
f 1340/1712/524 1309/1668/525 1358/1732/672 1374/1748/670
f 1374/1748/670 1358/1732/672 1318/1680/565 1350/1724/554
f 1352/1726/566 1374/1748/670 1350/1724/554 1319/1681/553
f 1301/1652/540 1325/1690/550 1375/1749/576 1355/1729/586
f 1325/1690/550 1299/1649/545 1354/1728/544 1375/1749/576
f 1375/1749/576 1354/1728/544 1312/1674/547 1345/1719/556
f 1355/1729/586 1375/1749/576 1345/1719/556 1314/1676/557
f 1307/1665/529 1334/1703/579 1376/1750/589 1357/1731/568
f 1334/1703/579 1305/1660/533 1359/1733/574 1376/1750/589
f 1376/1750/589 1359/1733/574 1316/1678/666 1348/1722/562
f 1357/1731/568 1376/1750/589 1348/1722/562 1317/1679/563
f 1385/1776/673 1378/1754/673 1380/1760/673 1386/1777/673
f 1400/1807/674 1392/1792/674 1384/1772/674 1387/1780/674
f 1387/1779/675 1384/1773/675 1382/1766/675 1388/1781/675
f 1398/1804/676 1396/1802/676 1378/1755/676 1385/1775/676
f 1389/1784/532 1383/1769/532 1381/1763/532 1394/1798/532
f 1391/1789/517 1380/1761/517 1378/1756/517 1396/1801/517
f 1393/1795/676 1398/1804/676 1385/1775/676 1377/1751/676
f 1383/1770/677 1387/1779/677 1388/1781/677 1381/1764/677
f 1389/1783/674 1400/1807/674 1387/1780/674 1383/1771/674
f 1377/1752/678 1385/1776/678 1386/1777/678 1379/1757/678
f 1379/1758/674 1386/1778/674 1399/1805/674 1390/1786/674
f 1391/1789/679 1392/1793/679 1404/1818/679 1403/1815/679
f 1381/1765/676 1388/1782/676 1397/1803/676 1394/1797/676
f 1394/1797/676 1397/1803/676 1398/1804/676 1393/1795/676
f 1384/1774/517 1392/1793/517 1395/1799/517 1382/1767/517
f 1392/1793/517 1391/1789/517 1396/1801/517 1395/1799/517
f 1379/1759/532 1390/1787/532 1393/1796/532 1377/1753/532
f 1390/1787/532 1389/1784/532 1394/1798/532 1393/1796/532
f 1388/1782/676 1382/1768/676 1395/1800/676 1397/1803/676
f 1397/1803/676 1395/1800/676 1396/1802/676 1398/1804/676
f 1386/1778/674 1380/1762/674 1391/1790/674 1399/1805/674
f 1399/1806/680 1391/1791/680 1403/1816/680 1405/1822/680
f 1402/1812/674 1405/1821/674 1406/1823/674 1401/1809/674
f 1405/1821/674 1403/1817/674 1404/1819/674 1406/1823/674
f 1392/1794/681 1400/1808/681 1406/1824/681 1404/1820/681
f 1389/1784/682 1390/1787/682 1402/1813/682 1401/1810/682
f 1390/1788/683 1399/1806/683 1405/1822/683 1402/1814/683
f 1400/1808/684 1389/1785/684 1401/1811/684 1406/1824/684
f 1415/1850/673 1416/1851/673 1410/1834/673 1408/1828/673
f 1430/1881/685 1417/1854/685 1414/1846/685 1422/1866/685
f 1417/1853/675 1418/1855/675 1412/1840/675 1414/1847/675
f 1428/1878/686 1415/1849/686 1408/1829/686 1426/1876/686
f 1419/1858/532 1424/1872/532 1411/1837/532 1413/1843/532
f 1421/1863/517 1426/1875/517 1408/1830/517 1410/1835/517
f 1423/1869/686 1407/1825/686 1415/1849/686 1428/1878/686
f 1413/1844/677 1411/1838/677 1418/1855/677 1417/1853/677
f 1419/1857/685 1413/1845/685 1417/1854/685 1430/1881/685
f 1407/1826/678 1409/1831/678 1416/1851/678 1415/1850/678
f 1409/1832/685 1420/1860/685 1429/1879/685 1416/1852/685
f 1421/1863/687 1433/1889/687 1434/1892/687 1422/1867/687
f 1411/1839/686 1424/1871/686 1427/1877/686 1418/1856/686
f 1424/1871/686 1423/1869/686 1428/1878/686 1427/1877/686
f 1414/1848/517 1412/1841/517 1425/1873/517 1422/1867/517
f 1422/1867/517 1425/1873/517 1426/1875/517 1421/1863/517
f 1409/1833/532 1407/1827/532 1423/1870/532 1420/1861/532
f 1420/1861/532 1423/1870/532 1424/1872/532 1419/1858/532
f 1418/1856/686 1427/1877/686 1425/1874/686 1412/1842/686
f 1427/1877/686 1428/1878/686 1426/1876/686 1425/1874/686
f 1416/1852/685 1429/1879/685 1421/1864/685 1410/1836/685
f 1429/1880/688 1435/1896/688 1433/1890/688 1421/1865/688
f 1432/1886/685 1431/1883/685 1436/1897/685 1435/1895/685
f 1435/1895/685 1436/1897/685 1434/1893/685 1433/1891/685
f 1422/1868/689 1434/1894/689 1436/1898/689 1430/1882/689
f 1419/1858/690 1431/1884/690 1432/1887/690 1420/1861/690
f 1420/1862/691 1432/1888/691 1435/1896/691 1429/1880/691
f 1430/1882/692 1436/1898/692 1431/1885/692 1419/1859/692
f 1445/1924/675 1446/1925/675 1440/1908/675 1438/1902/675
f 1460/1955/674 1447/1928/674 1444/1920/674 1452/1940/674
f 1447/1927/673 1448/1929/673 1442/1914/673 1444/1921/673
f 1458/1952/676 1445/1923/676 1438/1903/676 1456/1950/676
f 1449/1932/532 1454/1946/532 1441/1911/532 1443/1917/532
f 1451/1937/517 1456/1949/517 1438/1904/517 1440/1909/517
f 1453/1943/676 1437/1899/676 1445/1923/676 1458/1952/676
f 1443/1918/693 1441/1912/693 1448/1929/693 1447/1927/693
f 1449/1931/674 1443/1919/674 1447/1928/674 1460/1955/674
f 1437/1900/677 1439/1905/677 1446/1925/677 1445/1924/677
f 1439/1906/674 1450/1934/674 1459/1953/674 1446/1926/674
f 1451/1937/679 1463/1963/679 1464/1966/679 1452/1941/679
f 1441/1913/676 1454/1945/676 1457/1951/676 1448/1930/676
f 1454/1945/676 1453/1943/676 1458/1952/676 1457/1951/676
f 1444/1922/517 1442/1915/517 1455/1947/517 1452/1941/517
f 1452/1941/517 1455/1947/517 1456/1949/517 1451/1937/517
f 1439/1907/532 1437/1901/532 1453/1944/532 1450/1935/532
f 1450/1935/532 1453/1944/532 1454/1946/532 1449/1932/532
f 1448/1930/676 1457/1951/676 1455/1948/676 1442/1916/676
f 1457/1951/676 1458/1952/676 1456/1950/676 1455/1948/676
f 1446/1926/674 1459/1953/674 1451/1938/674 1440/1910/674
f 1459/1954/681 1465/1970/681 1463/1964/681 1451/1939/681
f 1462/1960/674 1461/1957/674 1466/1971/674 1465/1969/674
f 1465/1969/674 1466/1971/674 1464/1967/674 1463/1965/674
f 1452/1942/680 1464/1968/680 1466/1972/680 1460/1956/680
f 1449/1932/682 1461/1958/682 1462/1961/682 1450/1935/682
f 1450/1936/684 1462/1962/684 1465/1970/684 1459/1954/684
f 1460/1956/683 1466/1972/683 1461/1959/683 1449/1933/683
f 1475/1998/675 1468/1976/675 1470/1982/675 1476/1999/675
f 1490/2029/685 1482/2014/685 1474/1994/685 1477/2002/685
f 1477/2001/673 1474/1995/673 1472/1988/673 1478/2003/673
f 1488/2026/686 1486/2024/686 1468/1977/686 1475/1997/686
f 1479/2006/532 1473/1991/532 1471/1985/532 1484/2020/532
f 1481/2011/517 1470/1983/517 1468/1978/517 1486/2023/517
f 1483/2017/686 1488/2026/686 1475/1997/686 1467/1973/686
f 1473/1992/693 1477/2001/693 1478/2003/693 1471/1986/693
f 1479/2005/685 1490/2029/685 1477/2002/685 1473/1993/685
f 1467/1974/677 1475/1998/677 1476/1999/677 1469/1979/677
f 1469/1980/685 1476/2000/685 1489/2027/685 1480/2008/685
f 1481/2011/687 1482/2015/687 1494/2040/687 1493/2037/687
f 1471/1987/686 1478/2004/686 1487/2025/686 1484/2019/686
f 1484/2019/686 1487/2025/686 1488/2026/686 1483/2017/686
f 1474/1996/517 1482/2015/517 1485/2021/517 1472/1989/517
f 1482/2015/517 1481/2011/517 1486/2023/517 1485/2021/517
f 1469/1981/532 1480/2009/532 1483/2018/532 1467/1975/532
f 1480/2009/532 1479/2006/532 1484/2020/532 1483/2018/532
f 1478/2004/686 1472/1990/686 1485/2022/686 1487/2025/686
f 1487/2025/686 1485/2022/686 1486/2024/686 1488/2026/686
f 1476/2000/685 1470/1984/685 1481/2012/685 1489/2027/685
f 1489/2028/689 1481/2013/689 1493/2038/689 1495/2044/689
f 1492/2034/685 1495/2043/685 1496/2045/685 1491/2031/685
f 1495/2043/685 1493/2039/685 1494/2041/685 1496/2045/685
f 1482/2016/688 1490/2030/688 1496/2046/688 1494/2042/688
f 1479/2006/690 1480/2009/690 1492/2035/690 1491/2032/690
f 1480/2010/692 1489/2028/692 1495/2044/692 1492/2036/692
f 1490/2030/691 1479/2007/691 1491/2033/691 1496/2046/691
f 1497/2047/7 1498/2051/7 1500/2056/7 1499/2052/7
f 1499/2053/694 1500/2055/694 1504/2065/694 1503/2062/694
f 1503/2063/3 1504/2066/3 1502/2061/3 1501/2057/3
f 1501/2058/695 1502/2060/695 1498/2050/695 1497/2048/695
f 1499/2054/532 1503/2064/532 1501/2059/532 1497/2049/532
f 1498/2050/5 1502/2060/5 1508/2076/5 1505/2067/5
f 1507/2073/517 1506/2070/517 1505/2068/517 1508/2077/517
f 1504/2065/1 1500/2055/1 1506/2071/1 1507/2074/1
f 1502/2061/3 1504/2066/3 1507/2075/3 1508/2078/3
f 1500/2056/7 1498/2051/7 1505/2069/7 1506/2072/7
f 1510/2082/3 1512/2088/3 1511/2085/3 1509/2079/3
f 1514/2094/7 1513/2091/7 1515/2097/7 1516/2100/7
f 1512/2089/1 1510/2083/1 1514/2095/1 1516/2101/1
f 1511/2086/517 1512/2090/517 1516/2102/517 1515/2098/517
f 1509/2080/5 1511/2087/5 1515/2099/5 1513/2092/5
f 1510/2084/532 1509/2081/532 1513/2093/532 1514/2096/532
f 1517/2103/517 1543/2144/517 1581/2196/696 1541/2141/696
f 1543/2144/517 1518/2105/697 1542/2142/698 1581/2196/696
f 1581/2196/696 1542/2142/698 1520/2109/699 1544/2146/700
f 1541/2141/696 1581/2196/696 1544/2146/700 1519/2108/700
f 1519/2108/700 1544/2146/700 1582/2197/701 1545/2147/701
f 1544/2146/700 1520/2109/699 1546/2148/702 1582/2197/701
f 1582/2197/701 1546/2148/702 1522/2113/703 1547/2150/5
f 1545/2147/701 1582/2197/701 1547/2150/5 1521/2111/5
f 1521/2112/5 1547/2151/5 1583/2198/704 1548/2152/704
f 1547/2151/5 1522/2114/703 1549/2153/705 1583/2198/704
f 1583/2198/704 1549/2153/705 1524/2117/706 1550/2155/14
f 1548/2152/704 1583/2198/704 1550/2155/14 1523/2116/14
f 1523/2116/14 1550/2155/14 1584/2199/707 1551/2156/707
f 1550/2155/14 1524/2117/706 1552/2158/708 1584/2199/707
f 1584/2200/707 1552/2159/708 1526/2120/709 1553/2161/532
f 1551/2157/707 1584/2200/707 1553/2161/532 1525/2119/532
f 1525/2119/532 1553/2161/532 1585/2201/710 1554/2162/710
f 1553/2161/532 1526/2120/709 1555/2163/711 1585/2201/710
f 1585/2201/710 1555/2163/711 1528/2124/712 1556/2165/20
f 1554/2162/710 1585/2201/710 1556/2165/20 1527/2122/20
f 1527/2123/20 1556/2166/20 1586/2202/713 1557/2167/713
f 1556/2166/20 1528/2125/712 1558/2168/714 1586/2202/713
f 1586/2202/713 1558/2168/714 1530/2128/715 1559/2170/1
f 1557/2167/713 1586/2202/713 1559/2170/1 1529/2127/1
f 1518/2107/697 1564/2178/716 1587/2203/717 1574/2189/718
f 1564/2178/716 1532/2132/719 1573/2188/720 1587/2203/717
f 1587/2203/717 1573/2188/720 1540/2140/721 1572/2187/722
f 1574/2189/718 1587/2203/717 1572/2187/722 1534/2134/723
f 1529/2127/1 1559/2170/1 1588/2204/724 1560/2171/724
f 1559/2170/1 1530/2128/715 1561/2173/725 1588/2204/724
f 1588/2205/724 1561/2174/725 1532/2131/719 1562/2176/726
f 1560/2172/724 1588/2205/724 1562/2176/726 1531/2130/726
f 1531/2130/726 1562/2176/726 1589/2206/727 1563/2177/727
f 1562/2176/726 1532/2131/719 1564/2179/716 1589/2206/727
f 1589/2206/727 1564/2179/716 1518/2106/697 1543/2145/517
f 1563/2177/727 1589/2206/727 1543/2145/517 1517/2104/517
f 1533/2133/728 1565/2180/729 1590/2207/7 1566/2181/730
f 1534/2134/723 1572/2187/722 1590/2207/7 1565/2180/729
f 1540/2140/721 1571/2186/731 1590/2207/7 1572/2187/722
f 1539/2139/732 1570/2185/733 1590/2207/7 1571/2186/731
f 1538/2138/734 1569/2184/735 1590/2207/7 1570/2185/733
f 1537/2137/736 1568/2183/737 1590/2207/7 1569/2184/735
f 1536/2136/738 1567/2182/739 1590/2207/7 1568/2183/737
f 1535/2135/740 1566/2181/730 1590/2207/7 1567/2182/739
f 1520/2110/699 1542/2143/698 1591/2208/741 1575/2190/742
f 1542/2143/698 1518/2107/697 1574/2189/718 1591/2208/741
f 1591/2208/741 1574/2189/718 1534/2134/723 1565/2180/729
f 1575/2190/742 1591/2208/741 1565/2180/729 1533/2133/728
f 1524/2118/706 1549/2154/705 1592/2209/743 1577/2192/744
f 1549/2154/705 1522/2115/703 1576/2191/745 1592/2209/743
f 1592/2209/743 1576/2191/745 1535/2135/740 1567/2182/739
f 1577/2192/744 1592/2209/743 1567/2182/739 1536/2136/738
f 1530/2129/715 1558/2169/714 1593/2210/746 1579/2194/747
f 1558/2169/714 1528/2126/712 1578/2193/748 1593/2210/746
f 1593/2210/746 1578/2193/748 1538/2138/734 1570/2185/733
f 1579/2194/747 1593/2210/746 1570/2185/733 1539/2139/732
f 1526/2121/709 1552/2160/708 1594/2211/749 1580/2195/750
f 1552/2160/708 1524/2118/706 1577/2192/744 1594/2211/749
f 1594/2211/749 1577/2192/744 1536/2136/738 1568/2183/737
f 1580/2195/750 1594/2211/749 1568/2183/737 1537/2137/736
f 1532/2132/719 1561/2175/725 1595/2212/751 1573/2188/720
f 1561/2175/725 1530/2129/715 1579/2194/747 1595/2212/751
f 1595/2212/751 1579/2194/747 1539/2139/732 1571/2186/731
f 1573/2188/720 1595/2212/751 1571/2186/731 1540/2140/721
f 1522/2115/703 1546/2149/702 1596/2213/752 1576/2191/745
f 1546/2149/702 1520/2110/699 1575/2190/742 1596/2213/752
f 1596/2213/752 1575/2190/742 1533/2133/728 1566/2181/730
f 1576/2191/745 1596/2213/752 1566/2181/730 1535/2135/740
f 1528/2126/712 1555/2164/711 1597/2214/753 1578/2193/748
f 1555/2164/711 1526/2121/709 1580/2195/750 1597/2214/753
f 1597/2214/753 1580/2195/750 1537/2137/736 1569/2184/735
f 1578/2193/748 1597/2214/753 1569/2184/735 1538/2138/734
f 1598/2215/517 1622/2253/727 1662/2308/727 1624/2256/517
f 1624/2256/517 1662/2308/727 1623/2254/716 1599/2217/697
f 1662/2308/727 1625/2258/726 1601/2221/719 1623/2254/716
f 1622/2253/727 1600/2220/726 1625/2258/726 1662/2308/727
f 1600/2220/726 1626/2259/724 1663/2309/724 1625/2258/726
f 1625/2258/726 1663/2309/724 1627/2261/754 1601/2221/719
f 1663/2310/724 1628/2264/1 1603/2224/715 1627/2262/754
f 1626/2260/724 1602/2223/1 1628/2264/1 1663/2310/724
f 1602/2223/1 1629/2265/713 1664/2311/713 1628/2264/1
f 1628/2264/1 1664/2311/713 1630/2266/755 1603/2224/715
f 1664/2311/713 1631/2268/20 1605/2228/712 1630/2266/755
f 1629/2265/713 1604/2226/20 1631/2268/20 1664/2311/713
f 1604/2227/20 1632/2270/710 1665/2312/710 1631/2269/20
f 1631/2269/20 1665/2312/710 1633/2271/711 1605/2229/712
f 1665/2312/710 1634/2273/532 1607/2232/756 1633/2271/711
f 1632/2270/710 1606/2231/532 1634/2273/532 1665/2312/710
f 1606/2231/532 1635/2274/707 1666/2313/707 1634/2273/532
f 1634/2273/532 1666/2313/707 1636/2276/708 1607/2232/756
f 1666/2314/707 1637/2279/14 1609/2235/706 1636/2277/708
f 1635/2275/707 1608/2234/14 1637/2279/14 1666/2314/707
f 1608/2234/14 1638/2280/704 1667/2315/704 1637/2279/14
f 1637/2279/14 1667/2315/704 1639/2281/705 1609/2235/706
f 1667/2315/704 1640/2283/5 1611/2239/757 1639/2281/705
f 1638/2280/704 1610/2237/5 1640/2283/5 1667/2315/704
f 1599/2219/697 1655/2301/758 1668/2316/759 1645/2290/698
f 1645/2290/698 1668/2316/759 1654/2300/760 1613/2244/699
f 1668/2316/759 1653/2299/761 1621/2252/728 1654/2300/760
f 1655/2301/758 1615/2246/762 1653/2299/761 1668/2316/759
f 1610/2238/5 1641/2285/701 1669/2317/701 1640/2284/5
f 1640/2284/5 1669/2317/701 1642/2286/763 1611/2240/757
f 1669/2317/701 1643/2288/700 1613/2243/699 1642/2286/763
f 1641/2285/701 1612/2242/700 1643/2288/700 1669/2317/701
f 1612/2242/700 1644/2289/696 1670/2318/696 1643/2288/700
f 1643/2288/700 1670/2318/696 1645/2291/698 1613/2243/699
f 1670/2318/696 1624/2257/517 1599/2218/697 1645/2291/698
f 1644/2289/696 1598/2216/517 1624/2257/517 1670/2318/696
f 1614/2245/764 1647/2293/731 1671/2319/7 1646/2292/722
f 1615/2246/762 1646/2292/722 1671/2319/7 1653/2299/761
f 1621/2252/728 1653/2299/761 1671/2319/7 1652/2298/730
f 1620/2251/765 1652/2298/730 1671/2319/7 1651/2297/739
f 1619/2250/738 1651/2297/739 1671/2319/7 1650/2296/737
f 1618/2249/736 1650/2296/737 1671/2319/7 1649/2295/766
f 1617/2248/767 1649/2295/766 1671/2319/7 1648/2294/733
f 1616/2247/768 1648/2294/733 1671/2319/7 1647/2293/731
f 1601/2222/719 1656/2302/720 1672/2320/769 1623/2255/716
f 1623/2255/716 1672/2320/769 1655/2301/758 1599/2219/697
f 1672/2320/769 1646/2292/722 1615/2246/762 1655/2301/758
f 1656/2302/720 1614/2245/764 1646/2292/722 1672/2320/769
f 1605/2230/712 1658/2304/748 1673/2321/770 1630/2267/755
f 1630/2267/755 1673/2321/770 1657/2303/747 1603/2225/715
f 1673/2321/770 1648/2294/733 1616/2247/768 1657/2303/747
f 1658/2304/748 1617/2248/767 1648/2294/733 1673/2321/770
f 1611/2241/757 1660/2306/771 1674/2322/772 1639/2282/705
f 1639/2282/705 1674/2322/772 1659/2305/744 1609/2236/706
f 1674/2322/772 1651/2297/739 1619/2250/738 1659/2305/744
f 1660/2306/771 1620/2251/765 1651/2297/739 1674/2322/772
f 1607/2233/756 1661/2307/750 1675/2323/753 1633/2272/711
f 1633/2272/711 1675/2323/753 1658/2304/748 1605/2230/712
f 1675/2323/753 1649/2295/766 1617/2248/767 1658/2304/748
f 1661/2307/750 1618/2249/736 1649/2295/766 1675/2323/753
f 1613/2244/699 1654/2300/760 1676/2324/773 1642/2287/763
f 1642/2287/763 1676/2324/773 1660/2306/771 1611/2241/757
f 1676/2324/773 1652/2298/730 1620/2251/765 1660/2306/771
f 1654/2300/760 1621/2252/728 1652/2298/730 1676/2324/773
f 1603/2225/715 1657/2303/747 1677/2325/774 1627/2263/754
f 1627/2263/754 1677/2325/774 1656/2302/720 1601/2222/719
f 1677/2325/774 1647/2293/731 1614/2245/764 1656/2302/720
f 1657/2303/747 1616/2247/768 1647/2293/731 1677/2325/774
f 1609/2236/706 1659/2305/744 1678/2326/775 1636/2278/708
f 1636/2278/708 1678/2326/775 1661/2307/750 1607/2233/756
f 1678/2326/775 1650/2296/737 1618/2249/736 1661/2307/750
f 1659/2305/744 1619/2250/738 1650/2296/737 1678/2326/775
f 1679/2327/532 1703/2365/707 1743/2420/707 1705/2370/532
f 1705/2370/532 1743/2420/707 1704/2367/708 1680/2328/709
f 1743/2421/707 1706/2371/14 1682/2331/706 1704/2368/708
f 1703/2366/707 1681/2330/14 1706/2371/14 1743/2421/707
f 1681/2330/14 1707/2372/704 1744/2422/704 1706/2371/14
f 1706/2371/14 1744/2422/704 1708/2373/776 1682/2331/706
f 1744/2422/704 1709/2375/5 1684/2335/703 1708/2373/776
f 1707/2372/704 1683/2333/5 1709/2375/5 1744/2422/704
f 1683/2334/5 1710/2377/701 1745/2423/701 1709/2376/5
f 1709/2376/5 1745/2423/701 1711/2378/763 1684/2336/703
f 1745/2423/701 1712/2380/700 1686/2339/699 1711/2378/763
f 1710/2377/701 1685/2338/700 1712/2380/700 1745/2423/701
f 1685/2338/700 1713/2381/696 1746/2424/696 1712/2380/700
f 1712/2380/700 1746/2424/696 1714/2382/698 1686/2339/699
f 1746/2424/696 1715/2384/517 1688/2343/697 1714/2382/698
f 1713/2381/696 1687/2341/517 1715/2384/517 1746/2424/696
f 1687/2342/517 1716/2386/727 1747/2425/727 1715/2385/517
f 1715/2385/517 1747/2425/727 1717/2387/777 1688/2344/697
f 1747/2425/727 1718/2389/726 1690/2347/719 1717/2387/777
f 1716/2386/727 1689/2346/726 1718/2389/726 1747/2425/727
f 1689/2346/726 1719/2390/724 1748/2426/724 1718/2389/726
f 1718/2389/726 1748/2426/724 1720/2392/725 1690/2347/719
f 1748/2427/724 1721/2395/1 1692/2350/715 1720/2393/725
f 1719/2391/724 1691/2349/1 1721/2395/1 1748/2427/724
f 1680/2329/709 1736/2413/750 1749/2428/778 1726/2402/711
f 1726/2402/711 1749/2428/778 1735/2412/779 1694/2356/712
f 1749/2428/778 1734/2411/780 1702/2364/767 1735/2412/779
f 1736/2413/750 1696/2358/736 1734/2411/780 1749/2428/778
f 1691/2349/1 1722/2396/713 1750/2429/713 1721/2395/1
f 1721/2395/1 1750/2429/713 1723/2397/755 1692/2350/715
f 1750/2429/713 1724/2399/20 1694/2354/712 1723/2397/755
f 1722/2396/713 1693/2352/20 1724/2399/20 1750/2429/713
f 1693/2353/20 1725/2401/710 1751/2430/710 1724/2400/20
f 1724/2400/20 1751/2430/710 1726/2403/711 1694/2355/712
f 1751/2430/710 1705/2370/532 1680/2328/709 1726/2403/711
f 1725/2401/710 1679/2327/532 1705/2370/532 1751/2430/710
f 1695/2357/738 1728/2405/739 1752/2431/7 1727/2404/781
f 1696/2358/736 1727/2404/781 1752/2431/7 1734/2411/780
f 1702/2364/767 1734/2411/780 1752/2431/7 1733/2410/733
f 1701/2363/768 1733/2410/733 1752/2431/7 1732/2409/731
f 1700/2362/764 1732/2409/731 1752/2431/7 1731/2408/722
f 1699/2361/723 1731/2408/722 1752/2431/7 1730/2407/761
f 1698/2360/728 1730/2407/761 1752/2431/7 1729/2406/730
f 1697/2359/740 1729/2406/730 1752/2431/7 1728/2405/739
f 1682/2332/706 1737/2414/744 1753/2432/775 1704/2369/708
f 1704/2369/708 1753/2432/775 1736/2413/750 1680/2329/709
f 1753/2432/775 1727/2404/781 1696/2358/736 1736/2413/750
f 1737/2414/744 1695/2357/738 1727/2404/781 1753/2432/775
f 1686/2340/699 1739/2416/760 1754/2433/752 1711/2379/763
f 1711/2379/763 1754/2433/752 1738/2415/745 1684/2337/703
f 1754/2433/752 1729/2406/730 1697/2359/740 1738/2415/745
f 1739/2416/760 1698/2360/728 1729/2406/730 1754/2433/752
f 1692/2351/715 1741/2418/782 1755/2434/751 1720/2394/725
f 1720/2394/725 1755/2434/751 1740/2417/783 1690/2348/719
f 1755/2434/751 1732/2409/731 1700/2362/764 1740/2417/783
f 1741/2418/782 1701/2363/768 1732/2409/731 1755/2434/751
f 1688/2345/697 1742/2419/784 1756/2435/785 1714/2383/698
f 1714/2383/698 1756/2435/785 1739/2416/760 1686/2340/699
f 1756/2435/785 1730/2407/761 1698/2360/728 1739/2416/760
f 1742/2419/784 1699/2361/723 1730/2407/761 1756/2435/785
f 1694/2356/712 1735/2412/779 1757/2436/786 1723/2398/755
f 1723/2398/755 1757/2436/786 1741/2418/782 1692/2351/715
f 1757/2436/786 1733/2410/733 1701/2363/768 1741/2418/782
f 1735/2412/779 1702/2364/767 1733/2410/733 1757/2436/786
f 1684/2337/703 1738/2415/745 1758/2437/743 1708/2374/776
f 1708/2374/776 1758/2437/743 1737/2414/744 1682/2332/706
f 1758/2437/743 1728/2405/739 1695/2357/738 1737/2414/744
f 1738/2415/745 1697/2359/740 1728/2405/739 1758/2437/743
f 1690/2348/719 1740/2417/783 1759/2438/787 1717/2388/777
f 1717/2388/777 1759/2438/787 1742/2419/784 1688/2345/697
f 1759/2438/787 1731/2408/722 1699/2361/723 1742/2419/784
f 1740/2417/783 1700/2362/764 1731/2408/722 1759/2438/787
f 1760/2439/532 1786/2480/532 1824/2532/710 1784/2477/710
f 1786/2480/532 1761/2440/709 1785/2478/788 1824/2532/710
f 1824/2532/710 1785/2478/788 1763/2444/712 1787/2481/20
f 1784/2477/710 1824/2532/710 1787/2481/20 1762/2442/20
f 1762/2443/20 1787/2482/20 1825/2533/713 1788/2483/713
f 1787/2482/20 1763/2445/712 1789/2484/755 1825/2533/713
f 1825/2533/713 1789/2484/755 1765/2448/715 1790/2486/1
f 1788/2483/713 1825/2533/713 1790/2486/1 1764/2447/1
f 1764/2447/1 1790/2486/1 1826/2534/724 1791/2487/724
f 1790/2486/1 1765/2448/715 1792/2489/725 1826/2534/724
f 1826/2535/724 1792/2490/725 1767/2451/719 1793/2492/726
f 1791/2488/724 1826/2535/724 1793/2492/726 1766/2450/726
f 1766/2450/726 1793/2492/726 1827/2536/727 1794/2493/727
f 1793/2492/726 1767/2451/719 1795/2494/716 1827/2536/727
f 1827/2536/727 1795/2494/716 1769/2455/697 1796/2496/517
f 1794/2493/727 1827/2536/727 1796/2496/517 1768/2453/517
f 1768/2454/517 1796/2497/517 1828/2537/696 1797/2498/696
f 1796/2497/517 1769/2456/697 1798/2499/698 1828/2537/696
f 1828/2537/696 1798/2499/698 1771/2459/699 1799/2501/700
f 1797/2498/696 1828/2537/696 1799/2501/700 1770/2458/700
f 1770/2458/700 1799/2501/700 1829/2538/701 1800/2502/701
f 1799/2501/700 1771/2459/699 1801/2503/763 1829/2538/701
f 1829/2538/701 1801/2503/763 1773/2463/757 1802/2505/5
f 1800/2502/701 1829/2538/701 1802/2505/5 1772/2461/5
f 1761/2441/709 1807/2513/708 1830/2539/775 1817/2525/750
f 1807/2513/708 1775/2468/706 1816/2524/744 1830/2539/775
f 1830/2539/775 1816/2524/744 1783/2476/738 1815/2523/737
f 1817/2525/750 1830/2539/775 1815/2523/737 1777/2470/736
f 1772/2462/5 1802/2506/5 1831/2540/704 1803/2507/704
f 1802/2506/5 1773/2464/757 1804/2508/705 1831/2540/704
f 1831/2540/704 1804/2508/705 1775/2467/706 1805/2510/14
f 1803/2507/704 1831/2540/704 1805/2510/14 1774/2466/14
f 1774/2466/14 1805/2510/14 1832/2541/707 1806/2511/707
f 1805/2510/14 1775/2467/706 1807/2514/708 1832/2541/707
f 1832/2542/707 1807/2515/708 1761/2440/709 1786/2480/532
f 1806/2512/707 1832/2542/707 1786/2480/532 1760/2439/532
f 1776/2469/789 1808/2516/790 1833/2543/7 1809/2517/733
f 1777/2470/736 1815/2523/737 1833/2543/7 1808/2516/790
f 1783/2476/738 1814/2522/739 1833/2543/7 1815/2523/737
f 1782/2475/740 1813/2521/730 1833/2543/7 1814/2522/739
f 1781/2474/728 1812/2520/761 1833/2543/7 1813/2521/730
f 1780/2473/723 1811/2519/722 1833/2543/7 1812/2520/761
f 1779/2472/764 1810/2518/731 1833/2543/7 1811/2519/722
f 1778/2471/768 1809/2517/733 1833/2543/7 1810/2518/731
f 1763/2446/712 1785/2479/788 1834/2544/753 1818/2526/748
f 1785/2479/788 1761/2441/709 1817/2525/750 1834/2544/753
f 1834/2544/753 1817/2525/750 1777/2470/736 1808/2516/790
f 1818/2526/748 1834/2544/753 1808/2516/790 1776/2469/789
f 1767/2452/719 1792/2491/725 1835/2545/751 1820/2528/720
f 1792/2491/725 1765/2449/715 1819/2527/747 1835/2545/751
f 1835/2545/751 1819/2527/747 1778/2471/768 1810/2518/731
f 1820/2528/720 1835/2545/751 1810/2518/731 1779/2472/764
f 1773/2465/757 1801/2504/763 1836/2546/773 1822/2530/791
f 1801/2504/763 1771/2460/699 1821/2529/760 1836/2546/773
f 1836/2546/773 1821/2529/760 1781/2474/728 1813/2521/730
f 1822/2530/791 1836/2546/773 1813/2521/730 1782/2475/740
f 1769/2457/697 1795/2495/716 1837/2547/792 1823/2531/758
f 1795/2495/716 1767/2452/719 1820/2528/720 1837/2547/792
f 1837/2547/792 1820/2528/720 1779/2472/764 1811/2519/722
f 1823/2531/758 1837/2547/792 1811/2519/722 1780/2473/723
f 1775/2468/706 1804/2509/705 1838/2548/793 1816/2524/744
f 1804/2509/705 1773/2465/757 1822/2530/791 1838/2548/793
f 1838/2548/793 1822/2530/791 1782/2475/740 1814/2522/739
f 1816/2524/744 1838/2548/793 1814/2522/739 1783/2476/738
f 1765/2449/715 1789/2485/755 1839/2549/770 1819/2527/747
f 1789/2485/755 1763/2446/712 1818/2526/748 1839/2549/770
f 1839/2549/770 1818/2526/748 1776/2469/789 1809/2517/733
f 1819/2527/747 1839/2549/770 1809/2517/733 1778/2471/768
f 1771/2460/699 1798/2500/698 1840/2550/785 1821/2529/760
f 1798/2500/698 1769/2457/697 1823/2531/758 1840/2550/785
f 1840/2550/785 1823/2531/758 1780/2473/723 1812/2520/761
f 1821/2529/760 1840/2550/785 1812/2520/761 1781/2474/728
f 1841/2551/3 1843/2556/3 1844/2560/3 1842/2555/3
f 1843/2557/694 1847/2566/694 1848/2569/694 1844/2559/694
f 1847/2567/7 1845/2561/7 1846/2565/7 1848/2570/7
f 1845/2562/695 1841/2552/695 1842/2554/695 1846/2564/695
f 1843/2558/532 1841/2553/532 1845/2563/532 1847/2568/532
f 1842/2554/5 1849/2571/5 1852/2580/5 1846/2564/5
f 1851/2577/517 1852/2581/517 1849/2572/517 1850/2574/517
f 1848/2569/1 1851/2578/1 1850/2575/1 1844/2559/1
f 1846/2565/7 1852/2582/7 1851/2579/7 1848/2570/7
f 1844/2560/3 1850/2576/3 1849/2573/3 1842/2555/3
f 1854/2586/7 1853/2583/7 1855/2589/7 1856/2592/7
f 1858/2598/3 1860/2604/3 1859/2601/3 1857/2595/3
f 1856/2593/1 1860/2605/1 1858/2599/1 1854/2587/1
f 1855/2590/517 1859/2602/517 1860/2606/517 1856/2594/517
f 1853/2584/5 1857/2596/5 1859/2603/5 1855/2591/5
f 1854/2588/532 1858/2600/532 1857/2597/532 1853/2585/532
f 1861/2607/517 1885/2645/696 1925/2700/696 1887/2648/517
f 1887/2648/517 1925/2700/696 1886/2646/794 1862/2609/795
f 1925/2700/696 1888/2650/700 1864/2613/796 1886/2646/794
f 1885/2645/696 1863/2612/700 1888/2650/700 1925/2700/696
f 1863/2612/700 1889/2651/701 1926/2701/701 1888/2650/700
f 1888/2650/700 1926/2701/701 1890/2652/797 1864/2613/796
f 1926/2701/701 1891/2654/5 1866/2617/798 1890/2652/797
f 1889/2651/701 1865/2615/5 1891/2654/5 1926/2701/701
f 1865/2616/5 1892/2656/704 1927/2702/704 1891/2655/5
f 1891/2655/5 1927/2702/704 1893/2657/799 1866/2618/798
f 1927/2702/704 1894/2659/14 1868/2621/800 1893/2657/799
f 1892/2656/704 1867/2620/14 1894/2659/14 1927/2702/704
f 1867/2620/14 1895/2660/707 1928/2703/707 1894/2659/14
f 1894/2659/14 1928/2703/707 1896/2662/801 1868/2621/800
f 1928/2704/707 1897/2665/532 1870/2624/802 1896/2663/801
f 1895/2661/707 1869/2623/532 1897/2665/532 1928/2704/707
f 1869/2623/532 1898/2666/710 1929/2705/710 1897/2665/532
f 1897/2665/532 1929/2705/710 1899/2667/803 1870/2624/802
f 1929/2705/710 1900/2669/20 1872/2628/804 1899/2667/803
f 1898/2666/710 1871/2626/20 1900/2669/20 1929/2705/710
f 1871/2627/20 1901/2671/713 1930/2706/713 1900/2670/20
f 1900/2670/20 1930/2706/713 1902/2672/805 1872/2629/804
f 1930/2706/713 1903/2674/1 1874/2632/806 1902/2672/805
f 1901/2671/713 1873/2631/1 1903/2674/1 1930/2706/713
f 1862/2611/795 1918/2693/807 1931/2707/808 1908/2682/809
f 1908/2682/809 1931/2707/808 1917/2692/810 1876/2636/811
f 1931/2707/808 1916/2691/812 1884/2644/813 1917/2692/810
f 1918/2693/807 1878/2638/814 1916/2691/812 1931/2707/808
f 1873/2631/1 1904/2675/724 1932/2708/724 1903/2674/1
f 1903/2674/1 1932/2708/724 1905/2677/815 1874/2632/806
f 1932/2709/724 1906/2680/726 1876/2635/811 1905/2678/815
f 1904/2676/724 1875/2634/726 1906/2680/726 1932/2709/724
f 1875/2634/726 1907/2681/727 1933/2710/727 1906/2680/726
f 1906/2680/726 1933/2710/727 1908/2683/809 1876/2635/811
f 1933/2710/727 1887/2649/517 1862/2610/795 1908/2683/809
f 1907/2681/727 1861/2608/517 1887/2649/517 1933/2710/727
f 1877/2637/816 1910/2685/817 1934/2711/3 1909/2684/818
f 1878/2638/814 1909/2684/818 1934/2711/3 1916/2691/812
f 1884/2644/813 1916/2691/812 1934/2711/3 1915/2690/819
f 1883/2643/820 1915/2690/819 1934/2711/3 1914/2689/821
f 1882/2642/822 1914/2689/821 1934/2711/3 1913/2688/823
f 1881/2641/824 1913/2688/823 1934/2711/3 1912/2687/825
f 1880/2640/826 1912/2687/825 1934/2711/3 1911/2686/827
f 1879/2639/828 1911/2686/827 1934/2711/3 1910/2685/817
f 1864/2614/796 1919/2694/829 1935/2712/830 1886/2647/794
f 1886/2647/794 1935/2712/830 1918/2693/807 1862/2611/795
f 1935/2712/830 1909/2684/818 1878/2638/814 1918/2693/807
f 1919/2694/829 1877/2637/816 1909/2684/818 1935/2712/830
f 1868/2622/800 1921/2696/831 1936/2713/832 1893/2658/799
f 1893/2658/799 1936/2713/832 1920/2695/833 1866/2619/798
f 1936/2713/832 1911/2686/827 1879/2639/828 1920/2695/833
f 1921/2696/831 1880/2640/826 1911/2686/827 1936/2713/832
f 1874/2633/806 1923/2698/834 1937/2714/835 1902/2673/805
f 1902/2673/805 1937/2714/835 1922/2697/836 1872/2630/804
f 1937/2714/835 1914/2689/821 1882/2642/822 1922/2697/836
f 1923/2698/834 1883/2643/820 1914/2689/821 1937/2714/835
f 1870/2625/802 1924/2699/837 1938/2715/838 1896/2664/801
f 1896/2664/801 1938/2715/838 1921/2696/831 1868/2622/800
f 1938/2715/838 1912/2687/825 1880/2640/826 1921/2696/831
f 1924/2699/837 1881/2641/824 1912/2687/825 1938/2715/838
f 1876/2636/811 1917/2692/810 1939/2716/839 1905/2679/815
f 1905/2679/815 1939/2716/839 1923/2698/834 1874/2633/806
f 1939/2716/839 1915/2690/819 1883/2643/820 1923/2698/834
f 1917/2692/810 1884/2644/813 1915/2690/819 1939/2716/839
f 1866/2619/798 1920/2695/833 1940/2717/840 1890/2653/797
f 1890/2653/797 1940/2717/840 1919/2694/829 1864/2614/796
f 1940/2717/840 1910/2685/817 1877/2637/816 1919/2694/829
f 1920/2695/833 1879/2639/828 1910/2685/817 1940/2717/840
f 1872/2630/804 1922/2697/836 1941/2718/841 1899/2668/803
f 1899/2668/803 1941/2718/841 1924/2699/837 1870/2625/802
f 1941/2718/841 1913/2688/823 1881/2641/824 1924/2699/837
f 1922/2697/836 1882/2642/822 1913/2688/823 1941/2718/841
f 1942/2719/517 1968/2760/517 2006/2812/727 1966/2757/727
f 1968/2760/517 1943/2721/842 1967/2758/809 2006/2812/727
f 2006/2812/727 1967/2758/809 1945/2725/811 1969/2762/726
f 1966/2757/727 2006/2812/727 1969/2762/726 1944/2724/726
f 1944/2724/726 1969/2762/726 2007/2813/724 1970/2763/724
f 1969/2762/726 1945/2725/811 1971/2765/815 2007/2813/724
f 2007/2814/724 1971/2766/815 1947/2728/806 1972/2768/1
f 1970/2764/724 2007/2814/724 1972/2768/1 1946/2727/1
f 1946/2727/1 1972/2768/1 2008/2815/713 1973/2769/713
f 1972/2768/1 1947/2728/806 1974/2770/805 2008/2815/713
f 2008/2815/713 1974/2770/805 1949/2732/804 1975/2772/20
f 1973/2769/713 2008/2815/713 1975/2772/20 1948/2730/20
f 1948/2731/20 1975/2773/20 2009/2816/710 1976/2774/710
f 1975/2773/20 1949/2733/804 1977/2775/803 2009/2816/710
f 2009/2816/710 1977/2775/803 1951/2736/802 1978/2777/532
f 1976/2774/710 2009/2816/710 1978/2777/532 1950/2735/532
f 1950/2735/532 1978/2777/532 2010/2817/707 1979/2778/707
f 1978/2777/532 1951/2736/802 1980/2780/801 2010/2817/707
f 2010/2818/707 1980/2781/801 1953/2739/843 1981/2783/14
f 1979/2779/707 2010/2818/707 1981/2783/14 1952/2738/14
f 1952/2738/14 1981/2783/14 2011/2819/704 1982/2784/704
f 1981/2783/14 1953/2739/843 1983/2785/799 2011/2819/704
f 2011/2819/704 1983/2785/799 1955/2743/798 1984/2787/5
f 1982/2784/704 2011/2819/704 1984/2787/5 1954/2741/5
f 1943/2723/842 1989/2794/844 2012/2820/845 1999/2805/846
f 1989/2794/844 1957/2748/796 1998/2804/847 2012/2820/845
f 2012/2820/845 1998/2804/847 1965/2756/816 1997/2803/818
f 1999/2805/846 2012/2820/845 1997/2803/818 1959/2750/814
f 1954/2742/5 1984/2788/5 2013/2821/701 1985/2789/701
f 1984/2788/5 1955/2744/798 1986/2790/797 2013/2821/701
f 2013/2821/701 1986/2790/797 1957/2747/796 1987/2792/700
f 1985/2789/701 2013/2821/701 1987/2792/700 1956/2746/700
f 1956/2746/700 1987/2792/700 2014/2822/696 1988/2793/696
f 1987/2792/700 1957/2747/796 1989/2795/844 2014/2822/696
f 2014/2822/696 1989/2795/844 1943/2722/842 1968/2761/517
f 1988/2793/696 2014/2822/696 1968/2761/517 1942/2720/517
f 1958/2749/813 1990/2796/812 2015/2823/3 1991/2797/819
f 1959/2750/814 1997/2803/818 2015/2823/3 1990/2796/812
f 1965/2756/816 1996/2802/817 2015/2823/3 1997/2803/818
f 1964/2755/848 1995/2801/827 2015/2823/3 1996/2802/817
f 1963/2754/826 1994/2800/849 2015/2823/3 1995/2801/827
f 1962/2753/824 1993/2799/850 2015/2823/3 1994/2800/849
f 1961/2752/851 1992/2798/821 2015/2823/3 1993/2799/850
f 1960/2751/852 1991/2797/819 2015/2823/3 1992/2798/821
f 1945/2726/811 1967/2759/809 2016/2824/808 2000/2806/810
f 1967/2759/809 1943/2723/842 1999/2805/846 2016/2824/808
f 2016/2824/808 1999/2805/846 1959/2750/814 1990/2796/812
f 2000/2806/810 2016/2824/808 1990/2796/812 1958/2749/813
f 1949/2734/804 1974/2771/805 2017/2825/835 2002/2808/836
f 1974/2771/805 1947/2729/806 2001/2807/834 2017/2825/835
f 2017/2825/835 2001/2807/834 1960/2751/852 1992/2798/821
f 2002/2808/836 2017/2825/835 1992/2798/821 1961/2752/851
f 1955/2745/798 1983/2786/799 2018/2826/832 2004/2810/853
f 1983/2786/799 1953/2740/843 2003/2809/831 2018/2826/832
f 2018/2826/832 2003/2809/831 1963/2754/826 1995/2801/827
f 2004/2810/853 2018/2826/832 1995/2801/827 1964/2755/848
f 1951/2737/802 1977/2776/803 2019/2827/854 2005/2811/855
f 1977/2776/803 1949/2734/804 2002/2808/836 2019/2827/854
f 2019/2827/854 2002/2808/836 1961/2752/851 1993/2799/850
f 2005/2811/855 2019/2827/854 1993/2799/850 1962/2753/824
f 1957/2748/796 1986/2791/797 2020/2828/856 1998/2804/847
f 1986/2791/797 1955/2745/798 2004/2810/853 2020/2828/856
f 2020/2828/856 2004/2810/853 1964/2755/848 1996/2802/817
f 1998/2804/847 2020/2828/856 1996/2802/817 1965/2756/816
f 1947/2729/806 1971/2767/815 2021/2829/857 2001/2807/834
f 1971/2767/815 1945/2726/811 2000/2806/810 2021/2829/857
f 2021/2829/857 2000/2806/810 1958/2749/813 1991/2797/819
f 2001/2807/834 2021/2829/857 1991/2797/819 1960/2751/852
f 1953/2740/843 1980/2782/801 2022/2830/858 2003/2809/831
f 1980/2782/801 1951/2737/802 2005/2811/855 2022/2830/858
f 2022/2830/858 2005/2811/855 1962/2753/824 1994/2800/849
f 2003/2809/831 2022/2830/858 1994/2800/849 1963/2754/826
f 2023/2831/532 2049/2874/532 2087/2924/707 2047/2869/707
f 2049/2874/532 2024/2832/802 2048/2871/801 2087/2924/707
f 2087/2925/707 2048/2872/801 2026/2835/843 2050/2875/14
f 2047/2870/707 2087/2925/707 2050/2875/14 2025/2834/14
f 2025/2834/14 2050/2875/14 2088/2926/704 2051/2876/704
f 2050/2875/14 2026/2835/843 2052/2877/799 2088/2926/704
f 2088/2926/704 2052/2877/799 2028/2839/798 2053/2879/5
f 2051/2876/704 2088/2926/704 2053/2879/5 2027/2837/5
f 2027/2838/5 2053/2880/5 2089/2927/701 2054/2881/701
f 2053/2880/5 2028/2840/798 2055/2882/797 2089/2927/701
f 2089/2927/701 2055/2882/797 2030/2843/859 2056/2884/700
f 2054/2881/701 2089/2927/701 2056/2884/700 2029/2842/700
f 2029/2842/700 2056/2884/700 2090/2928/696 2057/2885/696
f 2056/2884/700 2030/2843/859 2058/2886/794 2090/2928/696
f 2090/2928/696 2058/2886/794 2032/2847/795 2059/2888/517
f 2057/2885/696 2090/2928/696 2059/2888/517 2031/2845/517
f 2031/2846/517 2059/2889/517 2091/2929/727 2060/2890/727
f 2059/2889/517 2032/2848/795 2061/2891/860 2091/2929/727
f 2091/2929/727 2061/2891/860 2034/2851/861 2062/2893/726
f 2060/2890/727 2091/2929/727 2062/2893/726 2033/2850/726
f 2033/2850/726 2062/2893/726 2092/2930/724 2063/2894/724
f 2062/2893/726 2034/2851/861 2064/2896/815 2092/2930/724
f 2092/2931/724 2064/2897/815 2036/2854/806 2065/2899/1
f 2063/2895/724 2092/2931/724 2065/2899/1 2035/2853/1
f 2024/2833/802 2070/2906/862 2093/2932/863 2080/2917/837
f 2070/2906/862 2038/2860/864 2079/2916/865 2093/2932/863
f 2093/2932/863 2079/2916/865 2046/2868/851 2078/2915/850
f 2080/2917/837 2093/2932/863 2078/2915/850 2040/2862/866
f 2035/2853/1 2065/2899/1 2094/2933/713 2066/2900/713
f 2065/2899/1 2036/2854/806 2067/2901/805 2094/2933/713
f 2094/2933/713 2067/2901/805 2038/2858/864 2068/2903/20
f 2066/2900/713 2094/2933/713 2068/2903/20 2037/2856/20
f 2037/2857/20 2068/2904/20 2095/2934/710 2069/2905/710
f 2068/2904/20 2038/2859/864 2070/2907/862 2095/2934/710
f 2095/2934/710 2070/2907/862 2024/2832/802 2049/2874/532
f 2069/2905/710 2095/2934/710 2049/2874/532 2023/2831/532
f 2039/2861/867 2071/2908/868 2096/2935/3 2072/2909/827
f 2040/2862/866 2078/2915/850 2096/2935/3 2071/2908/868
f 2046/2868/851 2077/2914/821 2096/2935/3 2078/2915/850
f 2045/2867/820 2076/2913/819 2096/2935/3 2077/2914/821
f 2044/2866/813 2075/2912/812 2096/2935/3 2076/2913/819
f 2043/2865/869 2074/2911/818 2096/2935/3 2075/2912/812
f 2042/2864/870 2073/2910/817 2096/2935/3 2074/2911/818
f 2041/2863/848 2072/2909/827 2096/2935/3 2073/2910/817
f 2026/2836/843 2048/2873/801 2097/2936/871 2081/2918/831
f 2048/2873/801 2024/2833/802 2080/2917/837 2097/2936/871
f 2097/2936/871 2080/2917/837 2040/2862/866 2071/2908/868
f 2081/2918/831 2097/2936/871 2071/2908/868 2039/2861/867
f 2030/2844/859 2055/2883/797 2098/2937/856 2083/2920/872
f 2055/2883/797 2028/2841/798 2082/2919/833 2098/2937/856
f 2098/2937/856 2082/2919/833 2041/2863/848 2073/2910/817
f 2083/2920/872 2098/2937/856 2073/2910/817 2042/2864/870
f 2036/2855/806 2064/2898/815 2099/2938/839 2085/2922/834
f 2064/2898/815 2034/2852/861 2084/2921/810 2099/2938/839
f 2099/2938/839 2084/2921/810 2044/2866/813 2076/2913/819
f 2085/2922/834 2099/2938/839 2076/2913/819 2045/2867/820
f 2032/2849/795 2058/2887/794 2100/2939/830 2086/2923/807
f 2058/2887/794 2030/2844/859 2083/2920/872 2100/2939/830
f 2100/2939/830 2083/2920/872 2042/2864/870 2074/2911/818
f 2086/2923/807 2100/2939/830 2074/2911/818 2043/2865/869
f 2038/2860/864 2067/2902/805 2101/2940/873 2079/2916/865
f 2067/2902/805 2036/2855/806 2085/2922/834 2101/2940/873
f 2101/2940/873 2085/2922/834 2045/2867/820 2077/2914/821
f 2079/2916/865 2101/2940/873 2077/2914/821 2046/2868/851
f 2028/2841/798 2052/2878/799 2102/2941/832 2082/2919/833
f 2052/2878/799 2026/2836/843 2081/2918/831 2102/2941/832
f 2102/2941/832 2081/2918/831 2039/2861/867 2072/2909/827
f 2082/2919/833 2102/2941/832 2072/2909/827 2041/2863/848
f 2034/2852/861 2061/2892/860 2103/2942/874 2084/2921/810
f 2061/2892/860 2032/2849/795 2086/2923/807 2103/2942/874
f 2103/2942/874 2086/2923/807 2043/2865/869 2075/2912/812
f 2084/2921/810 2103/2942/874 2075/2912/812 2044/2866/813
f 2104/2943/532 2128/2981/710 2168/3036/710 2130/2984/532
f 2130/2984/532 2168/3036/710 2129/2982/862 2105/2944/802
f 2168/3036/710 2131/2985/20 2107/2948/864 2129/2982/862
f 2128/2981/710 2106/2946/20 2131/2985/20 2168/3036/710
f 2106/2947/20 2132/2987/713 2169/3037/713 2131/2986/20
f 2131/2986/20 2169/3037/713 2133/2988/805 2107/2949/864
f 2169/3037/713 2134/2990/1 2109/2952/806 2133/2988/805
f 2132/2987/713 2108/2951/1 2134/2990/1 2169/3037/713
f 2108/2951/1 2135/2991/724 2170/3038/724 2134/2990/1
f 2134/2990/1 2170/3038/724 2136/2993/815 2109/2952/806
f 2170/3039/724 2137/2996/726 2111/2955/811 2136/2994/815
f 2135/2992/724 2110/2954/726 2137/2996/726 2170/3039/724
f 2110/2954/726 2138/2997/727 2171/3040/727 2137/2996/726
f 2137/2996/726 2171/3040/727 2139/2998/809 2111/2955/811
f 2171/3040/727 2140/3000/517 2113/2959/842 2139/2998/809
f 2138/2997/727 2112/2957/517 2140/3000/517 2171/3040/727
f 2112/2958/517 2141/3002/696 2172/3041/696 2140/3001/517
f 2140/3001/517 2172/3041/696 2142/3003/844 2113/2960/842
f 2172/3041/696 2143/3005/700 2115/2963/796 2142/3003/844
f 2141/3002/696 2114/2962/700 2143/3005/700 2172/3041/696
f 2114/2962/700 2144/3006/701 2173/3042/701 2143/3005/700
f 2143/3005/700 2173/3042/701 2145/3007/797 2115/2963/796
f 2173/3042/701 2146/3009/5 2117/2967/798 2145/3007/797
f 2144/3006/701 2116/2965/5 2146/3009/5 2173/3042/701
f 2105/2945/802 2161/3029/837 2174/3043/838 2151/3017/875
f 2151/3017/875 2174/3043/838 2160/3028/831 2119/2972/843
f 2174/3043/838 2159/3027/876 2127/2980/826 2160/3028/831
f 2161/3029/837 2121/2974/866 2159/3027/876 2174/3043/838
f 2116/2966/5 2147/3011/704 2175/3044/704 2146/3010/5
f 2146/3010/5 2175/3044/704 2148/3012/799 2117/2968/798
f 2175/3044/704 2149/3014/14 2119/2971/843 2148/3012/799
f 2147/3011/704 2118/2970/14 2149/3014/14 2175/3044/704
f 2118/2970/14 2150/3015/707 2176/3045/707 2149/3014/14
f 2149/3014/14 2176/3045/707 2151/3018/875 2119/2971/843
f 2176/3046/707 2130/2984/532 2105/2944/802 2151/3019/875
f 2150/3016/707 2104/2943/532 2130/2984/532 2176/3046/707
f 2120/2973/822 2153/3021/821 2177/3047/3 2152/3020/850
f 2121/2974/866 2152/3020/850 2177/3047/3 2159/3027/876
f 2127/2980/826 2159/3027/876 2177/3047/3 2158/3026/827
f 2126/2979/828 2158/3026/827 2177/3047/3 2157/3025/817
f 2125/2978/877 2157/3025/817 2177/3047/3 2156/3024/818
f 2124/2977/814 2156/3024/818 2177/3047/3 2155/3023/812
f 2123/2976/878 2155/3023/812 2177/3047/3 2154/3022/819
f 2122/2975/852 2154/3022/819 2177/3047/3 2153/3021/821
f 2107/2950/864 2162/3030/836 2178/3048/863 2129/2983/862
f 2129/2983/862 2178/3048/863 2161/3029/837 2105/2945/802
f 2178/3048/863 2152/3020/850 2121/2974/866 2161/3029/837
f 2162/3030/836 2120/2973/822 2152/3020/850 2178/3048/863
f 2111/2956/811 2164/3032/810 2179/3049/839 2136/2995/815
f 2136/2995/815 2179/3049/839 2163/3031/834 2109/2953/806
f 2179/3049/839 2154/3022/819 2122/2975/852 2163/3031/834
f 2164/3032/810 2123/2976/878 2154/3022/819 2179/3049/839
f 2117/2969/798 2166/3034/833 2180/3050/856 2145/3008/797
f 2145/3008/797 2180/3050/856 2165/3033/829 2115/2964/796
f 2180/3050/856 2157/3025/817 2125/2978/877 2165/3033/829
f 2166/3034/833 2126/2979/828 2157/3025/817 2180/3050/856
f 2113/2961/842 2167/3035/846 2181/3051/879 2139/2999/809
f 2139/2999/809 2181/3051/879 2164/3032/810 2111/2956/811
f 2181/3051/879 2155/3023/812 2123/2976/878 2164/3032/810
f 2167/3035/846 2124/2977/814 2155/3023/812 2181/3051/879
f 2119/2972/843 2160/3028/831 2182/3052/832 2148/3013/799
f 2148/3013/799 2182/3052/832 2166/3034/833 2117/2969/798
f 2182/3052/832 2158/3026/827 2126/2979/828 2166/3034/833
f 2160/3028/831 2127/2980/826 2158/3026/827 2182/3052/832
f 2109/2953/806 2163/3031/834 2183/3053/835 2133/2989/805
f 2133/2989/805 2183/3053/835 2162/3030/836 2107/2950/864
f 2183/3053/835 2153/3021/821 2120/2973/822 2162/3030/836
f 2163/3031/834 2122/2975/852 2153/3021/821 2183/3053/835
f 2115/2964/796 2165/3033/829 2184/3054/880 2142/3004/844
f 2142/3004/844 2184/3054/880 2167/3035/846 2113/2961/842
f 2184/3054/880 2156/3024/818 2124/2977/814 2167/3035/846
f 2165/3033/829 2125/2978/877 2156/3024/818 2184/3054/880
f 2196/3069/517 2198/3073/517 2208/3093/517 2203/3083/517
f 2187/3057/532 2191/3061/532 2189/3059/532 2185/3055/532
f 2192/3062/517 2188/3058/517 2186/3056/517 2190/3060/517
f 2200/3077/5 2199/3075/5 2194/3065/5 2193/3063/5
f 2196/3070/1 2195/3067/1 2197/3071/1 2198/3074/1
f 2214/3105/1 2206/3089/1 2207/3091/1 2215/3107/1
f 2216/3109/5 2212/3101/5 2202/3081/5 2201/3079/5
f 2210/3097/5 2209/3095/5 2213/3103/5 2211/3099/5
f 2204/3085/1 2203/3084/1 2208/3094/1 2205/3087/1
f 2185/3055/532 2189/3059/532 2210/3098/532 2211/3100/532
f 2197/3072/532 2195/3068/532 2214/3106/532 2215/3108/532
f 2190/3060/517 2186/3056/517 2202/3082/517 2212/3102/517
f 2191/3061/532 2187/3057/532 2204/3086/532 2205/3088/532
f 2188/3058/517 2192/3062/517 2207/3092/517 2206/3090/517
f 2200/3078/517 2193/3064/517 2213/3104/517 2209/3096/517
f 2194/3066/532 2199/3076/532 2216/3110/532 2201/3080/532
f 2220/3120/532 2218/3114/532 2217/3111/532 2219/3117/532
f 2223/3129/517 2224/3132/517 2221/3123/517 2222/3126/517
f 2217/3112/1 2221/3124/1 2224/3133/1 2219/3118/1
f 2220/3121/5 2223/3130/5 2222/3127/5 2218/3115/5
f 2219/3119/3 2224/3134/3 2223/3131/3 2220/3122/3
f 2218/3116/7 2222/3128/7 2221/3125/7 2217/3113/7
f 2225/3135/7 2227/3141/7 2228/3143/7 2226/3138/7
f 2227/3141/5 2231/3147/5 2232/3148/5 2228/3143/5
f 2231/3147/3 2229/3145/3 2230/3146/3 2232/3148/3
f 2229/3145/1 2225/3136/1 2226/3139/1 2230/3146/1
f 2227/3142/532 2225/3137/532 2229/3145/532 2231/3147/532
f 2232/3148/517 2230/3146/517 2226/3140/517 2228/3144/517
f 2233/3149/881 2234/3150/881 2236/3152/881 2235/3151/881
f 2237/3153/882 2239/3155/882 2240/3156/882 2238/3154/882
f 2233/3149/883 2235/3151/883 2239/3155/883 2237/3153/883
f 2234/3150/884 2233/3149/884 2237/3153/884 2238/3154/884
f 2236/3152/885 2234/3150/885 2238/3154/885 2240/3156/885
f 2235/3151/886 2236/3152/886 2240/3156/886 2239/3155/886
f 2241/3157/7 2242/3160/7 2244/3166/7 2243/3163/7
f 2243/3164/1 2244/3167/1 2248/3178/1 2247/3175/1
f 2247/3176/3 2248/3179/3 2246/3172/3 2245/3169/3
f 2245/3170/5 2246/3173/5 2242/3161/5 2241/3158/5
f 2243/3165/532 2247/3177/532 2245/3171/532 2241/3159/532
f 2248/3180/517 2244/3168/517 2242/3162/517 2246/3174/517
f 2249/3181/3 2251/3187/3 2252/3190/3 2250/3184/3
f 2251/3188/1 2255/3199/1 2256/3202/1 2252/3191/1
f 2255/3200/7 2253/3193/7 2254/3196/7 2256/3203/7
f 2253/3194/5 2249/3182/5 2250/3185/5 2254/3197/5
f 2251/3189/532 2249/3183/532 2253/3195/532 2255/3201/532
f 2256/3204/517 2254/3198/517 2250/3186/517 2252/3192/517
f 2257/3205/887 2258/3207/887 2260/3210/887 2259/3209/887
f 2259/3209/888 2260/3210/888 2262/3212/888 2261/3211/888
f 2261/3211/889 2262/3212/889 2264/3214/889 2263/3213/889
f 2263/3213/890 2264/3214/890 2266/3216/890 2265/3215/890
f 2265/3215/891 2266/3216/891 2268/3218/891 2267/3217/891
f 2267/3217/892 2268/3218/892 2270/3220/892 2269/3219/892
f 2269/3219/893 2270/3220/893 2272/3222/893 2271/3221/893
f 2271/3221/894 2272/3222/894 2258/3208/894 2257/3206/894
f 2273/3223/895 2275/3227/895 2276/3228/895 2274/3225/895
f 2275/3227/896 2277/3229/896 2278/3230/896 2276/3228/896
f 2277/3229/897 2279/3231/897 2280/3232/897 2278/3230/897
f 2279/3231/898 2281/3233/898 2282/3234/898 2280/3232/898
f 2281/3233/899 2283/3235/899 2284/3236/899 2282/3234/899
f 2283/3235/900 2285/3237/900 2286/3238/900 2284/3236/900
f 2285/3237/901 2287/3239/901 2288/3240/901 2286/3238/901
f 2287/3239/902 2273/3224/902 2274/3226/902 2288/3240/902
f 2470/3488/903 2721/3752/904 3575/4738/905 3060/4165/906
f 2721/3752/904 2374/3373/907 2720/3750/908 3575/4738/905
f 3575/4738/905 2720/3750/908 2373/3371/909 3038/4142/910
f 3060/4165/906 3575/4738/905 3038/4142/910 2471/3489/911
f 2471/3489/911 3038/4142/910 3576/4739/912 3059/4164/913
f 3038/4142/910 2373/3371/909 2724/3755/914 3576/4739/912
f 3576/4739/912 2724/3755/914 2375/3375/915 3039/4143/916
f 3059/4164/913 3576/4739/912 3039/4143/916 2472/3490/917
f 2472/3490/917 3039/4143/916 3577/4740/918 3058/4163/919
f 3039/4143/916 2375/3375/915 2727/3759/920 3577/4740/918
f 3577/4740/918 2727/3759/920 2376/3377/921 3040/4144/922
f 3058/4163/919 3577/4740/918 3040/4144/922 2473/3491/923
f 2473/3491/923 3040/4144/922 3578/4741/924 3057/4162/925
f 3040/4144/922 2376/3377/921 2730/3763/926 3578/4741/924
f 3578/4741/924 2730/3763/926 2377/3379/927 3041/4145/928
f 3057/4162/925 3578/4741/924 3041/4145/928 2474/3492/929
f 2474/3492/929 3041/4145/928 3579/4742/930 3056/4161/931
f 3041/4145/928 2377/3379/927 2733/3767/932 3579/4742/930
f 3579/4742/930 2733/3767/932 2378/3381/933 3042/4146/934
f 3056/4161/931 3579/4742/930 3042/4146/934 2475/3493/935
f 2475/3493/935 3042/4146/934 3580/4743/936 3055/4160/937
f 3042/4146/934 2378/3381/933 2736/3771/938 3580/4743/936
f 3580/4743/936 2736/3771/938 2379/3383/939 3043/4147/940
f 3055/4160/937 3580/4743/936 3043/4147/940 2476/3495/941
f 2476/3494/941 3043/4148/940 3581/4744/942 3054/4159/943
f 3043/4148/940 2379/3384/939 2739/3775/944 3581/4744/942
f 3581/4744/942 2739/3775/944 2380/3387/945 3044/4149/946
f 3054/4159/943 3581/4744/942 3044/4149/946 2477/3496/947
f 2477/3496/947 3044/4149/946 3582/4745/948 3053/4158/949
f 3044/4149/946 2380/3387/945 2742/3779/950 3582/4745/948
f 3582/4745/948 2742/3779/950 2381/3389/951 3045/4150/952
f 3053/4158/949 3582/4745/948 3045/4150/952 2478/3497/953
f 2478/3497/953 3045/4150/952 3583/4746/954 3052/4157/955
f 3045/4150/952 2381/3389/951 2745/3783/956 3583/4746/954
f 3583/4746/954 2745/3783/956 2382/3391/957 3046/4151/958
f 3052/4157/955 3583/4746/954 3046/4151/958 2479/3498/959
f 2479/3498/959 3046/4151/958 3584/4747/960 3051/4156/961
f 3046/4151/958 2382/3391/957 2748/3787/962 3584/4747/960
f 3584/4747/960 2748/3787/962 2383/3393/963 3047/4152/964
f 3051/4156/961 3584/4747/960 3047/4152/964 2480/3499/965
f 2495/3515/966 3108/4227/967 3585/4748/968 3086/4204/969
f 3108/4227/967 2494/3514/970 2899/3985/971 3585/4748/968
f 3585/4748/968 2899/3985/971 2394/3407/972 3318/4458/973
f 3086/4204/969 3585/4748/968 3318/4458/973 2395/3408/974
f 2480/3499/965 3047/4152/964 3586/4749/975 3050/4155/976
f 3047/4152/964 2383/3393/963 2751/3791/977 3586/4749/975
f 3586/4749/975 2751/3791/977 2384/3395/978 3048/4153/979
f 3050/4155/976 3586/4749/975 3048/4153/979 2481/3500/980
f 2481/3500/980 3048/4153/979 3587/4750/981 3049/4154/982
f 3048/4153/979 2384/3395/978 2754/3795/983 3587/4750/981
f 3587/4750/981 2754/3795/983 2374/3373/907 2721/3752/904
f 3049/4154/982 3587/4750/981 2721/3752/904 2470/3488/903
f 2648/3678/984 3472/4629/985 3588/4751/986 3450/4597/987
f 3472/4629/985 2647/3676/988 3437/4580/989 3588/4751/986
f 3588/4752/986 3437/4581/989 2666/3696/990 3431/4574/991
f 3450/4599/987 3588/4752/986 3431/4574/991 2665/3695/992
f 2322/3287/993 2769/3815/994 3589/4753/995 2821/3903/996
f 2769/3815/994 2323/3289/997 2819/3901/998 3589/4753/995
f 3589/4753/995 2819/3901/998 2345/3337/999 2805/3876/1000
f 2821/3903/996 3589/4753/995 2805/3876/1000 2343/3334/1001
f 2315/3271/1002 2776/3829/1003 3590/4754/1004 2820/3902/1005
f 2776/3829/1003 2316/3273/1006 2722/3753/1007 3590/4754/1004
f 3590/4754/1004 2722/3753/1007 2331/3305/1008 2812/3890/1009
f 2820/3902/1005 3590/4754/1004 2812/3890/1009 2329/3302/1010
f 2323/3289/997 2768/3813/1011 3591/4755/1012 2819/3901/998
f 2768/3813/1011 2324/3291/1013 2731/3765/1014 3591/4755/1012
f 3591/4755/1012 2731/3765/1014 2347/3341/1015 2804/3874/1016
f 2819/3901/998 3591/4755/1012 2804/3874/1016 2345/3337/999
f 2289/3241/1017 2753/3794/1018 3592/4756/1019 2818/3900/1020
f 2753/3794/1018 2311/3265/1021 2817/3899/1022 3592/4756/1019
f 3592/4756/1019 2817/3899/1022 2346/3339/1023 2801/3869/1024
f 2818/3900/1020 3592/4756/1019 2801/3869/1024 2325/3293/1025
f 2303/3257/1026 2738/3774/1027 3593/4757/1028 2816/3898/1029
f 2738/3774/1027 2301/3254/1030 2815/3896/1031 3593/4757/1028
f 3593/4757/1028 2815/3896/1031 2336/3315/1032 2791/3854/1033
f 2816/3898/1029 3593/4757/1028 2791/3854/1033 2338/3323/1034
f 2316/3273/1006 2775/3827/1035 3594/4758/1036 2722/3753/1007
f 2775/3827/1035 2317/3275/1037 2737/3773/1038 3594/4758/1036
f 3594/4758/1036 2737/3773/1038 2333/3309/1039 2811/3888/1040
f 2722/3753/1007 3594/4758/1036 2811/3888/1040 2331/3305/1008
f 2293/3245/1041 2723/3754/1042 3595/4759/1043 2725/3757/1044
f 2723/3754/1042 2291/3243/1045 2728/3761/1046 3595/4759/1043
f 3595/4759/1043 2728/3761/1046 2326/3295/1047 2781/3838/1048
f 2725/3757/1044 3595/4759/1043 2781/3838/1048 2328/3299/1049
f 2324/3291/1013 2767/3811/1050 3596/4760/1051 2731/3765/1014
f 2767/3811/1050 2313/3267/1052 2734/3769/1053 3596/4760/1051
f 3596/4760/1051 2734/3769/1053 2348/3344/1054 2803/3872/1055
f 2731/3765/1014 3596/4760/1051 2803/3872/1055 2347/3341/1015
f 2317/3275/1037 2774/3825/1056 3597/4761/1057 2737/3773/1038
f 2774/3825/1056 2318/3277/1058 2752/3793/1059 3597/4761/1057
f 3597/4761/1057 2752/3793/1059 2335/3313/1060 2810/3886/1061
f 2737/3773/1038 3597/4761/1057 2810/3886/1061 2333/3309/1039
f 2307/3261/1062 2744/3782/1063 3598/4762/1064 2740/3777/1065
f 2744/3782/1063 2305/3259/1066 2743/3781/1067 3598/4762/1064
f 3598/4762/1064 2743/3781/1067 2340/3327/1068 2795/3860/1069
f 2740/3777/1065 3598/4762/1064 2795/3860/1069 2342/3331/1070
f 2297/3249/1071 2729/3762/1072 3599/4763/1073 2746/3785/1074
f 2729/3762/1072 2295/3247/1075 2749/3789/1076 3599/4763/1073
f 3599/4763/1073 2749/3789/1076 2330/3303/1077 2785/3844/1078
f 2746/3785/1074 3599/4763/1073 2785/3844/1078 2332/3307/1079
f 2318/3277/1058 2773/3823/1080 3600/4764/1081 2752/3793/1059
f 2773/3823/1080 2319/3279/1082 2755/3797/1083 3600/4764/1081
f 3600/4764/1081 2755/3797/1083 2337/3319/1084 2809/3884/1085
f 2752/3793/1059 3600/4764/1081 2809/3884/1085 2335/3313/1060
f 2359/3356/1086 2837/3920/1087 3601/4765/1088 2850/3933/1089
f 2837/3920/1087 2347/3342/1015 2803/3873/1055 3601/4765/1088
f 3601/4765/1088 2803/3873/1055 2348/3343/1054 2802/3871/1090
f 2850/3933/1089 3601/4765/1088 2802/3871/1090 2360/3357/1091
f 2358/3355/1092 2836/3919/1093 3602/4766/1094 2849/3932/1095
f 2836/3919/1093 2345/3338/999 2804/3875/1016 3602/4766/1094
f 3602/4766/1094 2804/3875/1016 2347/3342/1015 2837/3920/1087
f 2849/3932/1095 3602/4766/1094 2837/3920/1087 2359/3356/1086
f 2357/3354/1096 2835/3918/1097 3603/4767/1098 2848/3931/1099
f 2835/3918/1097 2343/3333/1001 2805/3877/1000 3603/4767/1098
f 3603/4767/1098 2805/3877/1000 2345/3338/999 2836/3919/1093
f 2848/3931/1099 3603/4767/1098 2836/3919/1093 2358/3355/1092
f 2356/3353/1100 2834/3917/1101 3604/4768/1102 2847/3930/1103
f 2834/3917/1101 2341/3329/1104 2806/3878/1105 3604/4768/1102
f 3604/4768/1102 2806/3878/1105 2343/3333/1001 2835/3918/1097
f 2847/3930/1103 3604/4768/1102 2835/3918/1097 2357/3354/1096
f 2355/3352/1106 2833/3916/1107 3605/4769/1108 2846/3929/1109
f 2833/3916/1107 2339/3325/1110 2807/3880/1111 3605/4769/1108
f 3605/4769/1108 2807/3880/1111 2341/3329/1104 2834/3917/1101
f 2846/3929/1109 3605/4769/1108 2834/3917/1101 2356/3353/1100
f 2354/3351/1112 2832/3914/1113 3606/4770/1114 2845/3928/1115
f 2832/3914/1113 2337/3320/1084 2808/3882/1116 3606/4770/1114
f 3606/4770/1114 2808/3882/1116 2339/3325/1110 2833/3916/1107
f 2845/3928/1115 3606/4770/1114 2833/3916/1107 2355/3352/1106
f 2353/3349/1117 2831/3913/1118 3607/4771/1119 2844/3927/1120
f 2831/3913/1118 2335/3314/1060 2809/3885/1085 3607/4771/1119
f 3607/4771/1119 2809/3885/1085 2337/3321/1084 2832/3915/1113
f 2844/3927/1120 3607/4771/1119 2832/3915/1113 2354/3350/1112
f 2352/3348/1121 2830/3912/1122 3608/4772/1123 2843/3926/1124
f 2830/3912/1122 2333/3310/1039 2810/3887/1061 3608/4772/1123
f 3608/4772/1123 2810/3887/1061 2335/3314/1060 2831/3913/1118
f 2843/3926/1124 3608/4772/1123 2831/3913/1118 2353/3349/1117
f 2351/3347/1125 2829/3911/1126 3609/4773/1127 2842/3925/1128
f 2829/3911/1126 2331/3306/1008 2811/3889/1040 3609/4773/1127
f 3609/4773/1127 2811/3889/1040 2333/3310/1039 2830/3912/1122
f 2842/3925/1128 3609/4773/1127 2830/3912/1122 2352/3348/1121
f 2350/3346/1129 2828/3910/1130 3610/4774/1131 2841/3924/1132
f 2828/3910/1130 2329/3301/1010 2812/3891/1009 3610/4774/1131
f 3610/4774/1131 2812/3891/1009 2331/3306/1008 2829/3911/1126
f 2841/3924/1132 3610/4774/1131 2829/3911/1126 2351/3347/1125
f 2349/3345/1133 2827/3909/1134 3611/4775/1135 2840/3923/1136
f 2827/3909/1134 2327/3297/1137 2813/3892/1138 3611/4775/1135
f 3611/4775/1135 2813/3892/1138 2329/3301/1010 2828/3910/1130
f 2840/3923/1136 3611/4775/1135 2828/3910/1130 2350/3346/1129
f 2360/3357/1091 2802/3871/1090 3612/4776/1139 2839/3922/1140
f 2802/3871/1090 2348/3343/1054 2814/3894/1141 3612/4776/1139
f 3612/4776/1139 2814/3894/1141 2327/3297/1137 2827/3909/1134
f 2839/3922/1140 3612/4776/1139 2827/3909/1134 2349/3345/1133
f 2299/3251/1142 2732/3766/1143 3613/4777/1144 2822/3904/1145
f 2732/3766/1143 2297/3249/1071 2746/3785/1074 3613/4777/1144
f 3613/4777/1144 2746/3785/1074 2332/3307/1079 2787/3847/1146
f 2822/3904/1145 3613/4777/1144 2787/3847/1146 2334/3311/1147
f 2309/3263/1148 2747/3786/1149 3614/4778/1150 2823/3905/1151
f 2747/3786/1149 2307/3261/1062 2740/3777/1065 3614/4778/1150
f 3614/4778/1150 2740/3777/1065 2342/3331/1070 2797/3863/1152
f 2823/3905/1151 3614/4778/1150 2797/3863/1152 2344/3335/1153
f 2314/3269/1154 2777/3831/1155 3615/4779/1156 2824/3906/1157
f 2777/3831/1155 2315/3271/1002 2820/3902/1005 3615/4779/1156
f 3615/4779/1156 2820/3902/1005 2329/3302/1010 2813/3893/1138
f 2824/3906/1157 3615/4779/1156 2813/3893/1138 2327/3298/1137
f 2321/3285/1158 2770/3817/1159 3616/4780/1160 2825/3907/1161
f 2770/3817/1159 2322/3287/993 2821/3903/996 3616/4780/1160
f 3616/4780/1160 2821/3903/996 2343/3334/1001 2806/3879/1105
f 2825/3907/1161 3616/4780/1160 2806/3879/1105 2341/3330/1104
f 2295/3247/1075 2726/3758/1162 3617/4781/1163 2749/3789/1076
f 2726/3758/1162 2293/3245/1041 2725/3757/1044 3617/4781/1163
f 3617/4781/1163 2725/3757/1044 2328/3299/1049 2783/3841/1164
f 2749/3789/1076 3617/4781/1163 2783/3841/1164 2330/3303/1077
f 2313/3267/1052 2778/3833/1165 3618/4782/1166 2734/3769/1053
f 2778/3833/1165 2314/3269/1154 2824/3906/1157 3618/4782/1166
f 3618/4782/1166 2824/3906/1157 2327/3298/1137 2814/3895/1141
f 2734/3769/1053 3618/4782/1166 2814/3895/1141 2348/3344/1054
f 2305/3259/1066 2741/3778/1167 3619/4783/1168 2743/3781/1067
f 2741/3778/1167 2303/3257/1026 2816/3898/1029 3619/4783/1168
f 3619/4783/1168 2816/3898/1029 2338/3323/1034 2793/3857/1169
f 2743/3781/1067 3619/4783/1168 2793/3857/1169 2340/3327/1068
f 2291/3243/1045 2719/3749/1170 3620/4784/1171 2728/3761/1046
f 2719/3749/1170 2289/3241/1017 2818/3900/1020 3620/4784/1171
f 3620/4784/1171 2818/3900/1020 2325/3293/1025 2779/3835/1172
f 2728/3761/1046 3620/4784/1171 2779/3835/1172 2326/3295/1047
f 2320/3283/1173 2771/3819/1174 3621/4785/1175 2826/3908/1176
f 2771/3819/1174 2321/3285/1158 2825/3907/1161 3621/4785/1175
f 3621/4785/1175 2825/3907/1161 2341/3330/1104 2807/3881/1111
f 2826/3908/1176 3621/4785/1175 2807/3881/1111 2339/3326/1110
f 2319/3280/1082 2772/3821/1177 3622/4786/1178 2755/3798/1083
f 2772/3821/1177 2320/3283/1173 2826/3908/1176 3622/4786/1178
f 3622/4786/1178 2826/3908/1176 2339/3326/1110 2808/3883/1116
f 2755/3798/1083 3622/4786/1178 2808/3883/1116 2337/3322/1084
f 2301/3253/1030 2735/3770/1179 3623/4787/1180 2815/3897/1031
f 2735/3770/1179 2299/3251/1142 2822/3904/1145 3623/4787/1180
f 3623/4787/1180 2822/3904/1145 2334/3311/1147 2789/3850/1181
f 2815/3897/1031 3623/4787/1180 2789/3850/1181 2336/3316/1032
f 2311/3265/1021 2750/3790/1182 3624/4788/1183 2817/3899/1022
f 2750/3790/1182 2309/3263/1148 2823/3905/1151 3624/4788/1183
f 3624/4788/1183 2823/3905/1151 2344/3335/1153 2799/3866/1184
f 2817/3899/1022 3624/4788/1183 2799/3866/1184 2346/3339/1023
f 2615/3642/517 2838/3921/517 3625/4789/1185 3424/4567/1185
f 2838/3921/517 2360/3357/1091 2839/3922/1140 3625/4789/1185
f 3625/4789/1185 2839/3922/1140 2349/3345/1133 3363/4504/1186
f 3424/4567/1185 3625/4789/1185 3363/4504/1186 2616/3643/1186
f 2616/3643/1186 3363/4504/1186 3626/4790/726 3422/4565/726
f 3363/4504/1186 2349/3345/1133 2840/3923/1136 3626/4790/726
f 3626/4790/726 2840/3923/1136 2350/3346/1129 3365/4506/1187
f 3422/4565/726 3626/4790/726 3365/4506/1187 2618/3645/1187
f 2618/3645/1187 3365/4506/1187 3627/4791/1188 3420/4563/1188
f 3365/4506/1187 2350/3346/1129 2841/3924/1132 3627/4791/1188
f 3627/4791/1188 2841/3924/1132 2351/3347/1125 3367/4508/1
f 3420/4563/1188 3627/4791/1188 3367/4508/1 2620/3647/1
f 2620/3647/1 3367/4508/1 3628/4792/1189 3418/4561/1189
f 3367/4508/1 2351/3347/1125 2842/3925/1128 3628/4792/1189
f 3628/4792/1189 2842/3925/1128 2352/3348/1121 3369/4510/1190
f 3418/4561/1189 3628/4792/1189 3369/4510/1190 2622/3649/1190
f 2622/3649/1190 3369/4510/1190 3629/4793/20 3416/4559/20
f 3369/4510/1190 2352/3348/1121 2843/3926/1124 3629/4793/20
f 3629/4793/20 2843/3926/1124 2353/3349/1117 3371/4512/1191
f 3416/4559/20 3629/4793/20 3371/4512/1191 2624/3651/1192
f 2624/3651/1192 3371/4512/1191 3630/4794/1193 3414/4557/1194
f 3371/4512/1191 2353/3349/1117 2844/3927/1120 3630/4794/1193
f 3630/4794/1193 2844/3927/1120 2354/3350/1112 3373/4514/1195
f 3414/4557/1194 3630/4794/1193 3373/4514/1195 2626/3654/1196
f 2644/3673/1197 3391/4534/1198 3631/4795/1199 3412/4555/1200
f 3391/4534/1198 2610/3637/1201 3349/4490/1202 3631/4795/1199
f 3631/4795/1199 3349/4490/1202 2609/3636/1203 3347/4488/1204
f 3412/4555/1200 3631/4795/1199 3347/4488/1204 2641/3670/1205
f 2628/3657/1206 3375/4518/1207 3632/4796/1208 3410/4553/1209
f 3375/4518/1207 2355/3352/1106 2846/3929/1109 3632/4796/1208
f 3632/4796/1208 2846/3929/1109 2356/3353/1100 3377/4520/1210
f 3410/4553/1209 3632/4796/1208 3377/4520/1210 2630/3659/1211
f 2630/3659/1211 3377/4520/1210 3633/4797/1212 3408/4551/1213
f 3377/4520/1210 2356/3353/1100 2847/3930/1103 3633/4797/1212
f 3633/4797/1212 2847/3930/1103 2357/3354/1096 3379/4522/1214
f 3408/4551/1213 3633/4797/1212 3379/4522/1214 2632/3661/1215
f 2632/3661/1215 3379/4522/1214 3634/4798/1216 3406/4549/1216
f 3379/4522/1214 2357/3354/1096 2848/3931/1099 3634/4798/1216
f 3634/4798/1216 2848/3931/1099 2358/3355/1092 3381/4524/1217
f 3406/4549/1216 3634/4798/1216 3381/4524/1217 2634/3663/1217
f 2634/3663/1217 3381/4524/1217 3635/4799/700 3404/4547/700
f 3381/4524/1217 2358/3355/1092 2849/3932/1095 3635/4799/700
f 3635/4799/700 2849/3932/1095 2359/3356/1086 3383/4526/1218
f 3404/4547/700 3635/4799/700 3383/4526/1218 2636/3665/1218
f 2636/3665/1218 3383/4526/1218 3636/4800/1219 3402/4545/1219
f 3383/4526/1218 2359/3356/1086 2850/3933/1089 3636/4800/1219
f 3636/4800/1219 2850/3933/1089 2360/3357/1091 2838/3921/517
f 3402/4545/1219 3636/4800/1219 2838/3921/517 2615/3642/517
f 2346/3340/1023 2800/3868/1220 3637/4801/1221 2801/3870/1024
f 2800/3868/1220 2371/3369/1222 2863/3947/1223 3637/4801/1221
f 3637/4801/1221 2863/3947/1223 2372/3370/1224 2862/3946/1225
f 2801/3870/1024 3637/4801/1221 2862/3946/1225 2325/3294/1025
f 2344/3336/1153 2798/3865/1226 3638/4802/1227 2799/3867/1184
f 2798/3865/1226 2370/3368/1228 2864/3948/1229 3638/4802/1227
f 3638/4802/1227 2864/3948/1229 2371/3369/1222 2800/3868/1220
f 2799/3867/1184 3638/4802/1227 2800/3868/1220 2346/3340/1023
f 2342/3332/1070 2796/3862/1230 3639/4803/1231 2797/3864/1152
f 2796/3862/1230 2369/3367/1232 2865/3949/1233 3639/4803/1231
f 3639/4803/1231 2865/3949/1233 2370/3368/1228 2798/3865/1226
f 2797/3864/1152 3639/4803/1231 2798/3865/1226 2344/3336/1153
f 2340/3328/1068 2794/3859/1234 3640/4804/1235 2795/3861/1069
f 2794/3859/1234 2368/3366/1236 2866/3950/1237 3640/4804/1235
f 3640/4804/1235 2866/3950/1237 2369/3367/1232 2796/3862/1230
f 2795/3861/1069 3640/4804/1235 2796/3862/1230 2342/3332/1070
f 2338/3324/1034 2792/3856/1238 3641/4805/1239 2793/3858/1169
f 2792/3856/1238 2367/3365/1240 2867/3951/1241 3641/4805/1239
f 3641/4805/1239 2867/3951/1241 2368/3366/1236 2794/3859/1234
f 2793/3858/1169 3641/4805/1239 2794/3859/1234 2340/3328/1068
f 2336/3317/1032 2790/3852/1242 3642/4806/1243 2791/3855/1033
f 2790/3852/1242 2366/3363/1244 2868/3952/1245 3642/4806/1243
f 3642/4806/1243 2868/3952/1245 2367/3365/1240 2792/3856/1238
f 2791/3855/1033 3642/4806/1243 2792/3856/1238 2338/3324/1034
f 2334/3312/1147 2788/3849/1246 3643/4807/1247 2789/3851/1181
f 2788/3849/1246 2365/3362/1248 2869/3953/1249 3643/4807/1247
f 3643/4807/1247 2869/3953/1249 2366/3364/1244 2790/3853/1242
f 2789/3851/1181 3643/4807/1247 2790/3853/1242 2336/3318/1032
f 2332/3308/1079 2786/3846/1250 3644/4808/1251 2787/3848/1146
f 2786/3846/1250 2364/3361/1252 2870/3954/1253 3644/4808/1251
f 3644/4808/1251 2870/3954/1253 2365/3362/1248 2788/3849/1246
f 2787/3848/1146 3644/4808/1251 2788/3849/1246 2334/3312/1147
f 2330/3304/1077 2784/3843/1254 3645/4809/1255 2785/3845/1078
f 2784/3843/1254 2363/3360/1256 2871/3955/1257 3645/4809/1255
f 3645/4809/1255 2871/3955/1257 2364/3361/1252 2786/3846/1250
f 2785/3845/1078 3645/4809/1255 2786/3846/1250 2332/3308/1079
f 2328/3300/1049 2782/3840/1258 3646/4810/1259 2783/3842/1164
f 2782/3840/1258 2362/3359/1260 2872/3956/1261 3646/4810/1259
f 3646/4810/1259 2872/3956/1261 2363/3360/1256 2784/3843/1254
f 2783/3842/1164 3646/4810/1259 2784/3843/1254 2330/3304/1077
f 2326/3296/1047 2780/3837/1262 3647/4811/1263 2781/3839/1048
f 2780/3837/1262 2361/3358/1264 2873/3957/1265 3647/4811/1263
f 3647/4811/1263 2873/3957/1265 2362/3359/1260 2782/3840/1258
f 2781/3839/1048 3647/4811/1263 2782/3840/1258 2328/3300/1049
f 2325/3294/1025 2862/3946/1225 3648/4812/1266 2779/3836/1172
f 2862/3946/1225 2372/3370/1224 2874/3958/1267 3648/4812/1266
f 3648/4812/1266 2874/3958/1267 2361/3358/1264 2780/3837/1262
f 2779/3836/1172 3648/4812/1266 2780/3837/1262 2326/3296/1047
f 2482/3501/1268 3084/4202/1269 3649/4813/1270 3061/4166/1271
f 3084/4202/1269 2483/3502/1272 2888/3973/1273 3649/4813/1270
f 3649/4813/1270 2888/3973/1273 2373/3372/909 2720/3751/908
f 3061/4166/1271 3649/4813/1270 2720/3751/908 2374/3374/907
f 2483/3502/1272 3083/4201/1274 3650/4814/1275 2888/3973/1273
f 3083/4201/1274 2484/3503/1276 2889/3974/1277 3650/4814/1275
f 3650/4814/1275 2889/3974/1277 2375/3376/915 2724/3756/914
f 2888/3973/1273 3650/4814/1275 2724/3756/914 2373/3372/909
f 2484/3503/1276 3082/4200/1278 3651/4815/1279 2889/3974/1277
f 3082/4200/1278 2485/3504/1280 2890/3975/1281 3651/4815/1279
f 3651/4815/1279 2890/3975/1281 2376/3378/921 2727/3760/920
f 2889/3974/1277 3651/4815/1279 2727/3760/920 2375/3376/915
f 2485/3504/1280 3081/4199/1282 3652/4816/1283 2890/3975/1281
f 3081/4199/1282 2486/3505/1284 2891/3976/1285 3652/4816/1283
f 3652/4816/1283 2891/3976/1285 2377/3380/927 2730/3764/926
f 2890/3975/1281 3652/4816/1283 2730/3764/926 2376/3378/921
f 2486/3505/1284 3080/4198/1286 3653/4817/1287 2891/3976/1285
f 3080/4198/1286 2487/3506/1288 2892/3977/1289 3653/4817/1287
f 3653/4817/1287 2892/3977/1289 2378/3382/933 2733/3768/932
f 2891/3976/1285 3653/4817/1287 2733/3768/932 2377/3380/927
f 2487/3506/1288 3079/4197/1290 3654/4818/1291 2892/3977/1289
f 3079/4197/1290 2488/3508/1292 2893/3978/1293 3654/4818/1291
f 3654/4818/1291 2893/3978/1293 2379/3385/939 2736/3772/938
f 2892/3977/1289 3654/4818/1291 2736/3772/938 2378/3382/933
f 2488/3507/1292 3078/4196/1294 3655/4819/1295 2893/3979/1293
f 3078/4196/1294 2489/3509/1296 2894/3980/1297 3655/4819/1295
f 3655/4819/1295 2894/3980/1297 2380/3388/945 2739/3776/944
f 2893/3979/1293 3655/4819/1295 2739/3776/944 2379/3386/939
f 2489/3509/1296 3077/4195/1298 3656/4820/1299 2894/3980/1297
f 3077/4195/1298 2490/3510/1300 2895/3981/1301 3656/4820/1299
f 3656/4820/1299 2895/3981/1301 2381/3390/951 2742/3780/950
f 2894/3980/1297 3656/4820/1299 2742/3780/950 2380/3388/945
f 2490/3510/1300 3076/4194/1302 3657/4821/1303 2895/3981/1301
f 3076/4194/1302 2491/3511/1304 2896/3982/1305 3657/4821/1303
f 3657/4821/1303 2896/3982/1305 2382/3392/957 2745/3784/956
f 2895/3981/1301 3657/4821/1303 2745/3784/956 2381/3390/951
f 2491/3511/1304 3075/4193/1306 3658/4822/1307 2896/3982/1305
f 3075/4193/1306 2492/3512/1308 2897/3983/1309 3658/4822/1307
f 3658/4822/1307 2897/3983/1309 2383/3394/963 2748/3788/962
f 2896/3982/1305 3658/4822/1307 2748/3788/962 2382/3392/957
f 2492/3512/1308 3074/4192/1310 3659/4823/1311 2897/3983/1309
f 3074/4192/1310 2493/3513/1312 2898/3984/1313 3659/4823/1311
f 3659/4823/1311 2898/3984/1313 2384/3396/978 2751/3792/977
f 2897/3983/1309 3659/4823/1311 2751/3792/977 2383/3394/963
f 2493/3513/1312 3073/4191/1314 3660/4824/1315 2898/3984/1313
f 3073/4191/1314 2482/3501/1268 3061/4166/1271 3660/4824/1315
f 3660/4824/1315 3061/4166/1271 2374/3374/907 2754/3796/983
f 2898/3984/1313 3660/4824/1315 2754/3796/983 2384/3396/978
f 2497/3518/1316 3107/4226/1317 3661/4825/1318 3088/4207/1319
f 3107/4226/1317 2496/3517/1320 2901/3987/1321 3661/4825/1318
f 3661/4825/1318 2901/3987/1321 2391/3403/1322 3315/4455/1323
f 3088/4207/1319 3661/4825/1318 3315/4455/1323 2392/3405/1324
f 2499/3520/1325 3106/4225/1326 3662/4826/1327 3090/4209/1328
f 3106/4225/1326 2498/3519/1329 2903/3990/1330 3662/4826/1327
f 3662/4826/1327 2903/3990/1330 2388/3400/1331 3312/4452/1332
f 3090/4209/1328 3662/4826/1327 3312/4452/1332 2389/3401/1333
f 2500/3521/1334 3105/4224/1335 3663/4827/1336 3091/4210/1337
f 3105/4224/1335 2495/3515/966 3086/4204/969 3663/4827/1336
f 3663/4827/1336 3086/4204/969 2395/3408/974 3319/4459/1338
f 3091/4210/1337 3663/4827/1336 3319/4459/1338 2396/3409/1339
f 2502/3523/1340 3104/4223/1341 3664/4828/1342 3093/4212/1343
f 3104/4223/1341 2501/3522/1344 2906/3993/1345 3664/4828/1342
f 3664/4828/1342 2906/3993/1345 2386/3398/1346 3309/4449/1347
f 3093/4212/1343 3664/4828/1342 3309/4449/1347 2385/3397/1348
f 2503/3524/1349 3103/4222/1350 3665/4829/1351 3094/4213/1352
f 3103/4222/1350 2497/3518/1316 3088/4207/1319 3665/4829/1351
f 3665/4829/1351 3088/4207/1319 2392/3405/1324 3316/4456/1353
f 3094/4213/1352 3665/4829/1351 3316/4456/1353 2393/3406/1354
f 2504/3525/1355 3102/4221/1356 3666/4830/1357 3095/4214/1358
f 3102/4221/1356 2499/3520/1325 3090/4209/1328 3666/4830/1357
f 3666/4830/1357 3090/4209/1328 2389/3401/1333 3313/4453/1359
f 3095/4214/1358 3666/4830/1357 3313/4453/1359 2390/3402/1360
f 2501/3522/1344 3101/4220/1361 3667/4831/1362 2906/3993/1345
f 3101/4220/1361 2500/3521/1334 3091/4210/1337 3667/4831/1362
f 3667/4831/1362 3091/4210/1337 2396/3409/1339 3320/4460/1363
f 2906/3993/1345 3667/4831/1362 3320/4460/1363 2386/3398/1346
f 2505/3526/1364 3100/4219/1365 3668/4832/1366 3096/4215/1367
f 3100/4219/1365 2502/3523/1340 3093/4212/1343 3668/4832/1366
f 3668/4832/1366 3093/4212/1343 2385/3397/1348 3310/4450/1368
f 3096/4215/1367 3668/4832/1366 3310/4450/1368 2387/3399/1369
f 2494/3514/970 3099/4218/1370 3669/4833/1371 2899/3985/971
f 3099/4218/1370 2503/3524/1349 3094/4213/1352 3669/4833/1371
f 3669/4833/1371 3094/4213/1352 2393/3406/1354 3317/4457/1372
f 2899/3985/971 3669/4833/1371 3317/4457/1372 2394/3407/972
f 2496/3516/1320 3098/4217/1373 3670/4834/1374 2901/3988/1321
f 3098/4217/1373 2504/3525/1355 3095/4214/1358 3670/4834/1374
f 3670/4834/1374 3095/4214/1358 2390/3402/1360 3314/4454/1375
f 2901/3988/1321 3670/4834/1374 3314/4454/1375 2391/3404/1322
f 2498/3519/1329 3097/4216/1376 3671/4835/1377 2903/3990/1330
f 3097/4216/1376 2505/3526/1364 3096/4215/1367 3671/4835/1377
f 3671/4835/1377 3096/4215/1367 2387/3399/1369 3311/4451/1378
f 2903/3990/1330 3671/4835/1377 3311/4451/1378 2388/3400/1331
f 2507/3528/1379 3132/4252/1380 3672/4836/1381 3110/4229/1382
f 3132/4252/1380 2506/3527/1383 2923/4010/1384 3672/4836/1381
f 3672/4836/1381 2923/4010/1384 2411/3425/1385 2913/4000/1386
f 3110/4229/1382 3672/4836/1381 2913/4000/1386 2412/3426/1387
f 2387/3399/1369 3333/4473/1388 3673/4837/1389 3311/4451/1378
f 3333/4473/1388 2399/3412/1390 3323/4463/1391 3673/4837/1389
f 3673/4837/1389 3323/4463/1391 2400/3413/1392 3334/4474/1393
f 3311/4451/1378 3673/4837/1389 3334/4474/1393 2388/3400/1331
f 2394/3407/972 3335/4475/1394 3674/4838/1395 3318/4458/973
f 3335/4475/1394 2406/3420/1396 3330/4470/1397 3674/4838/1395
f 3674/4838/1395 3330/4470/1397 2407/3421/1398 3336/4476/1399
f 3318/4458/973 3674/4838/1395 3336/4476/1399 2395/3408/974
f 2391/3403/1322 3337/4477/1400 3675/4839/1401 3315/4455/1323
f 3337/4477/1400 2403/3416/1402 3327/4467/1403 3675/4839/1401
f 3675/4839/1401 3327/4467/1403 2404/3418/1404 3338/4479/1405
f 3315/4455/1323 3675/4839/1401 3338/4479/1405 2392/3405/1324
f 2388/3400/1331 3334/4474/1393 3676/4840/1406 3312/4452/1332
f 3334/4474/1393 2400/3413/1392 3324/4464/1407 3676/4840/1406
f 3676/4840/1406 3324/4464/1407 2401/3414/1408 3339/4480/1409
f 3312/4452/1332 3676/4840/1406 3339/4480/1409 2389/3401/1333
f 2395/3408/974 3336/4476/1399 3677/4841/1410 3319/4459/1338
f 3336/4476/1399 2407/3421/1398 3331/4471/1411 3677/4841/1410
f 3677/4841/1410 3331/4471/1411 2408/3422/1412 3340/4481/1413
f 3319/4459/1338 3677/4841/1410 3340/4481/1413 2396/3409/1339
f 2386/3398/1346 3341/4482/1414 3678/4842/1415 3309/4449/1347
f 3341/4482/1414 2398/3411/1416 3321/4461/1417 3678/4842/1415
f 3678/4842/1415 3321/4461/1417 2397/3410/1418 3342/4483/1419
f 3309/4449/1347 3678/4842/1415 3342/4483/1419 2385/3397/1348
f 2392/3405/1324 3338/4479/1405 3679/4843/1420 3316/4456/1353
f 3338/4479/1405 2404/3418/1404 3328/4468/1421 3679/4843/1420
f 3679/4843/1420 3328/4468/1421 2405/3419/1422 3343/4484/1423
f 3316/4456/1353 3679/4843/1420 3343/4484/1423 2393/3406/1354
f 2389/3401/1333 3339/4480/1409 3680/4844/1424 3313/4453/1359
f 3339/4480/1409 2401/3414/1408 3325/4465/1425 3680/4844/1424
f 3680/4844/1424 3325/4465/1425 2402/3415/1426 3344/4485/1427
f 3313/4453/1359 3680/4844/1424 3344/4485/1427 2390/3402/1360
f 2396/3409/1339 3340/4481/1413 3681/4845/1428 3320/4460/1363
f 3340/4481/1413 2408/3422/1412 3332/4472/1429 3681/4845/1428
f 3681/4845/1428 3332/4472/1429 2398/3411/1416 3341/4482/1414
f 3320/4460/1363 3681/4845/1428 3341/4482/1414 2386/3398/1346
f 2385/3397/1348 3342/4483/1419 3682/4846/1430 3310/4450/1368
f 3342/4483/1419 2397/3410/1418 3322/4462/1431 3682/4846/1430
f 3682/4846/1430 3322/4462/1431 2399/3412/1390 3333/4473/1388
f 3310/4450/1368 3682/4846/1430 3333/4473/1388 2387/3399/1369
f 2415/3429/1432 2916/4003/1433 3683/4847/1434 2948/4036/1435
f 2916/4003/1433 2414/3428/1436 2947/4035/1437 3683/4847/1434
f 3683/4847/1434 2947/4035/1437 2426/3441/1438 2940/4028/1439
f 2948/4036/1435 3683/4847/1434 2940/4028/1439 2427/3442/1440
f 2509/3530/1441 3131/4251/1442 3684/4848/1443 3112/4231/1444
f 3131/4251/1442 2508/3529/1445 2925/4012/1446 3684/4848/1443
f 3684/4848/1443 2925/4012/1446 2418/3433/1447 2920/4007/1448
f 3112/4231/1444 3684/4848/1443 2920/4007/1448 2419/3434/1449
f 2511/3533/1450 3130/4250/1451 3685/4849/1452 3114/4234/1453
f 3130/4250/1451 2510/3532/1454 2927/4014/1455 3685/4849/1452
f 3685/4849/1452 2927/4014/1455 2415/3430/1432 2917/4004/1456
f 3114/4234/1453 3685/4849/1452 2917/4004/1456 2416/3431/1457
f 2512/3534/1458 3129/4249/1459 3686/4850/1460 3115/4235/1461
f 3129/4249/1459 2507/3528/1379 3110/4229/1382 3686/4850/1460
f 3686/4850/1460 3110/4229/1382 2412/3426/1387 2914/4001/1462
f 3115/4235/1461 3686/4850/1460 2914/4001/1462 2413/3427/1463
f 2513/3535/1464 3128/4248/1465 3687/4851/1466 3116/4236/1467
f 3128/4248/1465 2509/3530/1441 3112/4231/1444 3687/4851/1466
f 3687/4851/1466 3112/4231/1444 2419/3434/1449 2921/4008/1468
f 3116/4236/1467 3687/4851/1466 2921/4008/1468 2420/3435/1469
f 2515/3537/1470 3127/4247/1471 3688/4852/1472 3118/4238/1473
f 3127/4247/1471 2514/3536/1474 2931/4019/1475 3688/4852/1472
f 3688/4852/1472 2931/4019/1475 2410/3424/1476 2911/3998/1477
f 3118/4238/1473 3688/4852/1472 2911/3998/1477 2409/3423/1478
f 2516/3538/1479 3126/4246/1480 3689/4853/1481 3119/4239/1482
f 3126/4246/1480 2511/3533/1450 3114/4234/1453 3689/4853/1481
f 3689/4853/1481 3114/4234/1453 2416/3431/1457 2918/4005/1483
f 3119/4239/1482 3689/4853/1481 2918/4005/1483 2417/3432/1484
f 2517/3539/1485 3125/4245/1486 3690/4854/1487 3120/4240/1488
f 3125/4245/1486 2512/3534/1458 3115/4235/1461 3690/4854/1487
f 3690/4854/1487 3115/4235/1461 2413/3427/1463 2915/4002/1489
f 3120/4240/1488 3690/4854/1487 2915/4002/1489 2414/3428/1436
f 2514/3536/1474 3124/4244/1490 3691/4855/1491 2931/4019/1475
f 3124/4244/1490 2513/3535/1464 3116/4236/1467 3691/4855/1491
f 3691/4855/1491 3116/4236/1467 2420/3435/1469 2922/4009/1492
f 2931/4019/1475 3691/4855/1491 2922/4009/1492 2410/3424/1476
f 2506/3527/1383 3123/4243/1493 3692/4856/1494 2923/4010/1384
f 3123/4243/1493 2515/3537/1470 3118/4238/1473 3692/4856/1494
f 3692/4856/1494 3118/4238/1473 2409/3423/1478 2912/3999/1495
f 2923/4010/1384 3692/4856/1494 2912/3999/1495 2411/3425/1385
f 2508/3529/1445 3122/4242/1496 3693/4857/1497 2925/4012/1446
f 3122/4242/1496 2516/3538/1479 3119/4239/1482 3693/4857/1497
f 3693/4857/1497 3119/4239/1482 2417/3432/1484 2919/4006/1498
f 2925/4012/1446 3693/4857/1497 2919/4006/1498 2418/3433/1447
f 2510/3531/1454 3121/4241/1499 3694/4858/1500 2927/4015/1455
f 3121/4241/1499 2517/3539/1485 3120/4240/1488 3694/4858/1500
f 3694/4858/1500 3120/4240/1488 2414/3428/1436 2916/4003/1433
f 2927/4015/1455 3694/4858/1500 2916/4003/1433 2415/3429/1432
f 2427/3442/1440 2940/4028/1439 3695/4859/1501 2972/4061/1502
f 2940/4028/1439 2426/3441/1438 2971/4060/1503 3695/4859/1501
f 3695/4859/1501 2971/4060/1503 2438/3454/1504 2964/4053/1505
f 2972/4061/1502 3695/4859/1501 2964/4053/1505 2439/3455/1506
f 2412/3426/1387 2913/4000/1386 3696/4860/1507 2950/4039/1508
f 2913/4000/1386 2411/3425/1385 2949/4038/1509 3696/4860/1507
f 3696/4860/1507 2949/4038/1509 2423/3438/1510 2937/4025/1511
f 2950/4039/1508 3696/4860/1507 2937/4025/1511 2424/3439/1512
f 2419/3434/1449 2920/4007/1448 3697/4861/1513 2952/4041/1514
f 2920/4007/1448 2418/3433/1447 2951/4040/1515 3697/4861/1513
f 3697/4861/1513 2951/4040/1515 2430/3446/1516 2944/4032/1517
f 2952/4041/1514 3697/4861/1513 2944/4032/1517 2431/3447/1518
f 2416/3431/1457 2917/4004/1456 3698/4862/1519 2953/4042/1520
f 2917/4004/1456 2415/3430/1432 2948/4037/1435 3698/4862/1519
f 3698/4862/1519 2948/4037/1435 2427/3443/1440 2941/4029/1521
f 2953/4042/1520 3698/4862/1519 2941/4029/1521 2428/3444/1522
f 2413/3427/1463 2914/4001/1462 3699/4863/1523 2954/4043/1524
f 2914/4001/1462 2412/3426/1387 2950/4039/1508 3699/4863/1523
f 3699/4863/1523 2950/4039/1508 2424/3439/1512 2938/4026/1525
f 2954/4043/1524 3699/4863/1523 2938/4026/1525 2425/3440/1526
f 2420/3435/1469 2921/4008/1468 3700/4864/1527 2955/4044/1528
f 2921/4008/1468 2419/3434/1449 2952/4041/1514 3700/4864/1527
f 3700/4864/1527 2952/4041/1514 2431/3447/1518 2945/4033/1529
f 2955/4044/1528 3700/4864/1527 2945/4033/1529 2432/3448/1530
f 2409/3423/1478 2911/3998/1477 3701/4865/1531 2957/4046/1532
f 2911/3998/1477 2410/3424/1476 2956/4045/1533 3701/4865/1531
f 3701/4865/1531 2956/4045/1533 2422/3437/1534 2935/4023/1535
f 2957/4046/1532 3701/4865/1531 2935/4023/1535 2421/3436/1536
f 2417/3432/1484 2918/4005/1483 3702/4866/1537 2958/4047/1538
f 2918/4005/1483 2416/3431/1457 2953/4042/1520 3702/4866/1537
f 3702/4866/1537 2953/4042/1520 2428/3444/1522 2942/4030/1539
f 2958/4047/1538 3702/4866/1537 2942/4030/1539 2429/3445/1540
f 2414/3428/1436 2915/4002/1489 3703/4867/1541 2947/4035/1437
f 2915/4002/1489 2413/3427/1463 2954/4043/1524 3703/4867/1541
f 3703/4867/1541 2954/4043/1524 2425/3440/1526 2939/4027/1542
f 2947/4035/1437 3703/4867/1541 2939/4027/1542 2426/3441/1438
f 2410/3424/1476 2922/4009/1492 3704/4868/1543 2956/4045/1533
f 2922/4009/1492 2420/3435/1469 2955/4044/1528 3704/4868/1543
f 3704/4868/1543 2955/4044/1528 2432/3448/1530 2946/4034/1544
f 2956/4045/1533 3704/4868/1543 2946/4034/1544 2422/3437/1534
f 2411/3425/1385 2912/3999/1495 3705/4869/1545 2949/4038/1509
f 2912/3999/1495 2409/3423/1478 2957/4046/1532 3705/4869/1545
f 3705/4869/1545 2957/4046/1532 2421/3436/1536 2936/4024/1546
f 2949/4038/1509 3705/4869/1545 2936/4024/1546 2423/3438/1510
f 2418/3433/1447 2919/4006/1498 3706/4870/1547 2951/4040/1515
f 2919/4006/1498 2417/3432/1484 2958/4047/1538 3706/4870/1547
f 3706/4870/1547 2958/4047/1538 2429/3445/1540 2943/4031/1548
f 2951/4040/1515 3706/4870/1547 2943/4031/1548 2430/3446/1516
f 2459/3476/1549 3036/4140/1550 3707/4871/1551 3014/4109/1552
f 3036/4140/1550 2458/3475/1553 2995/4085/1554 3707/4871/1551
f 3707/4872/1551 2995/4086/1554 2454/3471/1555 2991/4081/1556
f 3014/4110/1552 3707/4872/1551 2991/4081/1556 2455/3472/1557
f 2424/3439/1512 2937/4025/1511 3708/4873/1558 2974/4064/1559
f 2937/4025/1511 2423/3438/1510 2973/4063/1560 3708/4873/1558
f 3708/4873/1558 2973/4063/1560 2435/3451/1561 2961/4050/1562
f 2974/4064/1559 3708/4873/1558 2961/4050/1562 2436/3452/1563
f 2431/3447/1518 2944/4032/1517 3709/4874/1564 2976/4066/1565
f 2944/4032/1517 2430/3446/1516 2975/4065/1566 3709/4874/1564
f 3709/4874/1564 2975/4065/1566 2442/3459/1567 2968/4057/1568
f 2976/4066/1565 3709/4874/1564 2968/4057/1568 2443/3460/1569
f 2428/3444/1522 2941/4029/1521 3710/4875/1570 2977/4067/1571
f 2941/4029/1521 2427/3443/1440 2972/4062/1502 3710/4875/1570
f 3710/4875/1570 2972/4062/1502 2439/3456/1506 2965/4054/1572
f 2977/4067/1571 3710/4875/1570 2965/4054/1572 2440/3457/1573
f 2425/3440/1526 2938/4026/1525 3711/4876/1574 2978/4068/1575
f 2938/4026/1525 2424/3439/1512 2974/4064/1559 3711/4876/1574
f 3711/4876/1574 2974/4064/1559 2436/3452/1563 2962/4051/1576
f 2978/4068/1575 3711/4876/1574 2962/4051/1576 2437/3453/1577
f 2432/3448/1530 2945/4033/1529 3712/4877/1578 2979/4069/1579
f 2945/4033/1529 2431/3447/1518 2976/4066/1565 3712/4877/1578
f 3712/4877/1578 2976/4066/1565 2443/3460/1569 2969/4058/1580
f 2979/4069/1579 3712/4877/1578 2969/4058/1580 2444/3461/1581
f 2421/3436/1536 2935/4023/1535 3713/4878/1582 2981/4071/1583
f 2935/4023/1535 2422/3437/1534 2980/4070/1584 3713/4878/1582
f 3713/4878/1582 2980/4070/1584 2434/3450/1585 2959/4048/1586
f 2981/4071/1583 3713/4878/1582 2959/4048/1586 2433/3449/1587
f 2429/3445/1540 2942/4030/1539 3714/4879/1588 2982/4072/1589
f 2942/4030/1539 2428/3444/1522 2977/4067/1571 3714/4879/1588
f 3714/4879/1588 2977/4067/1571 2440/3457/1573 2966/4055/1590
f 2982/4072/1589 3714/4879/1588 2966/4055/1590 2441/3458/1591
f 2426/3441/1438 2939/4027/1542 3715/4880/1592 2971/4060/1503
f 2939/4027/1542 2425/3440/1526 2978/4068/1575 3715/4880/1592
f 3715/4880/1592 2978/4068/1575 2437/3453/1577 2963/4052/1593
f 2971/4060/1503 3715/4880/1592 2963/4052/1593 2438/3454/1504
f 2422/3437/1534 2946/4034/1544 3716/4881/1594 2980/4070/1584
f 2946/4034/1544 2432/3448/1530 2979/4069/1579 3716/4881/1594
f 3716/4881/1594 2979/4069/1579 2444/3461/1581 2970/4059/1595
f 2980/4070/1584 3716/4881/1594 2970/4059/1595 2434/3450/1585
f 2423/3438/1510 2936/4024/1546 3717/4882/1596 2973/4063/1560
f 2936/4024/1546 2421/3436/1536 2981/4071/1583 3717/4882/1596
f 3717/4882/1596 2981/4071/1583 2433/3449/1587 2960/4049/1597
f 2973/4063/1560 3717/4882/1596 2960/4049/1597 2435/3451/1561
f 2430/3446/1516 2943/4031/1548 3718/4883/1598 2975/4065/1566
f 2943/4031/1548 2429/3445/1540 2982/4072/1589 3718/4883/1598
f 3718/4883/1598 2982/4072/1589 2441/3458/1591 2967/4056/1599
f 2975/4065/1566 3718/4883/1598 2967/4056/1599 2442/3459/1567
f 2461/3479/1600 3035/4139/1601 3719/4884/1602 3016/4112/1603
f 3035/4139/1601 2460/3477/1604 2997/4088/1605 3719/4884/1602
f 3719/4885/1602 2997/4089/1605 2451/3468/1606 2988/4078/1607
f 3016/4114/1603 3719/4885/1602 2988/4078/1607 2452/3469/1608
f 2463/3481/1609 3034/4138/1610 3720/4886/1611 3018/4116/1612
f 3034/4138/1610 2462/3480/1613 2999/4092/1614 3720/4886/1611
f 3720/4887/1611 2999/4093/1614 2448/3465/1615 2985/4075/1616
f 3018/4117/1612 3720/4887/1611 2985/4075/1616 2449/3466/1617
f 2464/3482/1618 3033/4137/1619 3721/4888/1620 3019/4118/1621
f 3033/4137/1619 2459/3476/1549 3014/4109/1552 3721/4888/1620
f 3721/4889/1620 3014/4110/1552 2455/3472/1557 2992/4082/1622
f 3019/4119/1621 3721/4889/1620 2992/4082/1622 2456/3473/1623
f 2465/3483/1624 3032/4136/1625 3722/4890/1626 3020/4120/1627
f 3032/4136/1625 2461/3478/1600 3016/4113/1603 3722/4890/1626
f 3722/4891/1626 3016/4114/1603 2452/3469/1608 2989/4079/1628
f 3020/4121/1627 3722/4891/1626 2989/4079/1628 2453/3470/1629
f 2466/3484/1630 3031/4135/1631 3723/4892/1632 3021/4122/1633
f 3031/4135/1631 2463/3481/1609 3018/4116/1612 3723/4892/1632
f 3723/4893/1632 3018/4117/1612 2449/3466/1617 2986/4076/1634
f 3021/4123/1633 3723/4893/1632 2986/4076/1634 2450/3467/1635
f 2467/3485/1636 3030/4134/1637 3724/4894/1638 3022/4124/1639
f 3030/4134/1637 2464/3482/1618 3019/4118/1621 3724/4894/1638
f 3724/4895/1638 3019/4119/1621 2456/3473/1623 2993/4083/1640
f 3022/4125/1639 3724/4895/1638 2993/4083/1640 2457/3474/1641
f 2469/3487/1642 3029/4133/1643 3725/4896/1644 3024/4127/1645
f 3029/4133/1643 2468/3486/1646 3005/4099/1647 3725/4896/1644
f 3725/4897/1644 3005/4100/1647 2447/3464/1648 2983/4073/1649
f 3024/4128/1645 3725/4897/1644 2983/4073/1649 2446/3463/1650
f 2458/3475/1553 3028/4132/1651 3726/4898/1652 2995/4085/1554
f 3028/4132/1651 2465/3483/1624 3020/4120/1627 3726/4898/1652
f 3726/4899/1652 3020/4121/1627 2453/3470/1629 2990/4080/1653
f 2995/4086/1554 3726/4899/1652 2990/4080/1653 2454/3471/1555
f 2460/3477/1604 3027/4131/1654 3727/4900/1655 2997/4088/1605
f 3027/4131/1654 2466/3484/1630 3021/4122/1633 3727/4900/1655
f 3727/4901/1655 3021/4123/1633 2450/3467/1635 2987/4077/1656
f 2997/4089/1605 3727/4901/1655 2987/4077/1656 2451/3468/1606
f 2468/3486/1646 3026/4130/1657 3728/4902/1658 3005/4099/1647
f 3026/4130/1657 2467/3485/1636 3022/4124/1639 3728/4902/1658
f 3728/4903/1658 3022/4125/1639 2457/3474/1641 2994/4084/1659
f 3005/4100/1647 3728/4903/1658 2994/4084/1659 2447/3464/1648
f 2462/3480/1613 3025/4129/1660 3729/4904/1661 2999/4092/1614
f 3025/4129/1660 2469/3487/1642 3024/4127/1645 3729/4904/1661
f 3729/4905/1661 3024/4128/1645 2446/3463/1650 2984/4074/1662
f 2999/4093/1614 3729/4905/1661 2984/4074/1662 2448/3465/1615
f 2445/3462/3 3009/4104/1663 3730/4906/1664 3007/4102/1665
f 3009/4104/1663 2450/3467/1635 2986/4076/1634 3730/4906/1664
f 3730/4906/1664 2986/4076/1634 2449/3466/1617 2985/4075/1616
f 3007/4102/1665 3730/4906/1664 2985/4075/1616 2448/3465/1615
f 2445/3462/3 3010/4105/1666 3731/4907/1667 3009/4104/1663
f 3010/4105/1666 2452/3469/1608 2988/4078/1607 3731/4907/1667
f 3731/4907/1667 2988/4078/1607 2451/3468/1606 2987/4077/1656
f 3009/4104/1663 3731/4907/1667 2987/4077/1656 2450/3467/1635
f 2445/3462/3 3011/4106/1668 3732/4908/1669 3010/4105/1666
f 3011/4106/1668 2454/3471/1555 2990/4080/1653 3732/4908/1669
f 3732/4908/1669 2990/4080/1653 2453/3470/1629 2989/4079/1628
f 3010/4105/1666 3732/4908/1669 2989/4079/1628 2452/3469/1608
f 2445/3462/3 3012/4107/1670 3733/4909/1671 3011/4106/1668
f 3012/4107/1670 2456/3473/1623 2992/4082/1622 3733/4909/1671
f 3733/4909/1671 2992/4082/1622 2455/3472/1557 2991/4081/1556
f 3011/4106/1668 3733/4909/1671 2991/4081/1556 2454/3471/1555
f 2445/3462/3 3008/4103/1672 3734/4910/1673 3012/4107/1670
f 3008/4103/1672 2447/3464/1648 2994/4084/1659 3734/4910/1673
f 3734/4910/1673 2994/4084/1659 2457/3474/1641 2993/4083/1640
f 3012/4107/1670 3734/4910/1673 2993/4083/1640 2456/3473/1623
f 2445/3462/3 3007/4102/1665 3735/4911/1674 3008/4103/1672
f 3007/4102/1665 2448/3465/1615 2984/4074/1662 3735/4911/1674
f 3735/4911/1674 2984/4074/1662 2446/3463/1650 2983/4073/1649
f 3008/4103/1672 3735/4911/1674 2983/4073/1649 2447/3464/1648
f 2604/3631/1675 3308/4448/1676 3736/4912/726 3017/4115/1187
f 3308/4448/1676 2601/3628/1677 3292/4432/1186 3736/4912/726
f 3736/4912/726 3292/4432/1186 2469/3487/1642 3025/4129/1660
f 3017/4115/1187 3736/4912/726 3025/4129/1660 2462/3480/1613
f 2605/3632/1678 3307/4447/1679 3737/4913/1219 3023/4126/517
f 3307/4447/1679 2600/3627/1680 3291/4431/1218 3737/4913/1219
f 3737/4913/1219 3291/4431/1218 2467/3485/1636 3026/4130/1657
f 3023/4126/517 3737/4913/1219 3026/4130/1657 2468/3486/1646
f 2603/3630/1681 3306/4446/1682 3738/4914/20 3015/4111/1683
f 3306/4446/1682 2599/3626/1684 3290/4430/1190 3738/4914/20
f 3738/4914/20 3290/4430/1190 2466/3484/1630 3027/4131/1654
f 3015/4111/1683 3738/4914/20 3027/4131/1654 2460/3477/1604
f 2602/3629/1685 3305/4445/1686 3739/4915/14 3013/4108/1687
f 3305/4445/1686 2598/3625/1688 3289/4429/1689 3739/4915/14
f 3739/4915/14 3289/4429/1689 2465/3483/1624 3028/4132/1651
f 3013/4108/1687 3739/4915/14 3028/4132/1651 2458/3475/1553
f 2601/3628/1677 3304/4444/1690 3740/4916/1185 3292/4432/1186
f 3304/4444/1690 2605/3632/1678 3023/4126/517 3740/4916/1185
f 3740/4916/1185 3023/4126/517 2468/3486/1646 3029/4133/1643
f 3292/4432/1186 3740/4916/1185 3029/4133/1643 2469/3487/1642
f 2600/3627/1680 3303/4443/1691 3741/4917/700 3291/4431/1218
f 3303/4443/1691 2597/3624/1692 3288/4428/1217 3741/4917/700
f 3741/4917/700 3288/4428/1217 2464/3482/1618 3030/4134/1637
f 3291/4431/1218 3741/4917/700 3030/4134/1637 2467/3485/1636
f 2599/3626/1684 3302/4442/1693 3742/4918/1189 3290/4430/1190
f 3302/4442/1693 2596/3623/1694 3287/4427/1 3742/4918/1189
f 3742/4918/1189 3287/4427/1 2463/3481/1609 3031/4135/1631
f 3290/4430/1190 3742/4918/1189 3031/4135/1631 2466/3484/1630
f 2598/3625/1688 3301/4441/1695 3743/4919/1696 3289/4429/1689
f 3301/4441/1695 2595/3622/1697 3286/4425/532 3743/4919/1696
f 3743/4919/1696 3286/4425/532 2461/3478/1600 3032/4136/1625
f 3289/4429/1689 3743/4919/1696 3032/4136/1625 2465/3483/1624
f 2597/3624/1692 3300/4440/1698 3744/4920/1216 3288/4428/1217
f 3300/4440/1698 2594/3620/1699 3285/4424/5 3744/4920/1216
f 3744/4920/1216 3285/4424/5 2459/3476/1549 3033/4137/1619
f 3288/4428/1217 3744/4920/1216 3033/4137/1619 2464/3482/1618
f 2596/3623/1694 3299/4439/1700 3745/4921/1188 3287/4427/1
f 3299/4439/1700 2604/3631/1675 3017/4115/1187 3745/4921/1188
f 3745/4921/1188 3017/4115/1187 2462/3480/1613 3034/4138/1610
f 3287/4427/1 3745/4921/1188 3034/4138/1610 2463/3481/1609
f 2595/3621/1697 3298/4438/1701 3746/4922/1702 3286/4426/532
f 3298/4438/1701 2603/3630/1681 3015/4111/1683 3746/4922/1702
f 3746/4922/1702 3015/4111/1683 2460/3477/1604 3035/4139/1601
f 3286/4426/532 3746/4922/1702 3035/4139/1601 2461/3479/1600
f 2594/3620/1699 3297/4437/1703 3747/4923/1704 3285/4424/5
f 3297/4437/1703 2602/3629/1685 3013/4108/1687 3747/4923/1704
f 3747/4923/1704 3013/4108/1687 2458/3475/1553 3036/4140/1550
f 3285/4424/5 3747/4923/1704 3036/4140/1550 2459/3476/1549
f 2538/3562/1218 3153/4277/1218 3748/4924/1219 3180/4304/1219
f 3153/4277/1218 2481/3500/980 3049/4154/982 3748/4924/1219
f 3748/4924/1219 3049/4154/982 2470/3488/903 3037/4141/517
f 3180/4304/1219 3748/4924/1219 3037/4141/517 2541/3565/517
f 2536/3560/1217 3151/4275/1217 3749/4925/700 3178/4302/700
f 3151/4275/1217 2480/3499/965 3050/4155/976 3749/4925/700
f 3749/4925/700 3050/4155/976 2481/3500/980 3153/4277/1218
f 3178/4302/700 3749/4925/700 3153/4277/1218 2538/3562/1218
f 2534/3558/1705 3149/4273/1706 3750/4926/1216 3176/4300/1216
f 3149/4273/1706 2479/3498/959 3051/4156/961 3750/4926/1216
f 3750/4926/1216 3051/4156/961 2480/3499/965 3151/4275/1217
f 3176/4300/1216 3750/4926/1216 3151/4275/1217 2536/3560/1217
f 2532/3556/1707 3147/4271/1708 3751/4927/1709 3174/4298/1710
f 3147/4271/1708 2478/3497/953 3052/4157/955 3751/4927/1709
f 3751/4927/1709 3052/4157/955 2479/3498/959 3149/4273/1706
f 3174/4298/1710 3751/4927/1709 3149/4273/1706 2534/3558/1705
f 2530/3554/1711 3145/4268/1712 3752/4928/1713 3172/4296/1714
f 3145/4268/1712 2477/3496/947 3053/4158/949 3752/4928/1713
f 3752/4928/1713 3053/4158/949 2478/3497/953 3147/4271/1708
f 3172/4296/1714 3752/4928/1713 3147/4271/1708 2532/3556/1707
f 2528/3550/1715 3143/4264/1716 3753/4929/1717 3170/4294/1718
f 3143/4264/1716 2476/3494/941 3054/4159/943 3753/4929/1717
f 3753/4929/1717 3054/4159/943 2477/3496/947 3145/4268/1712
f 3170/4294/1718 3753/4929/1717 3145/4268/1712 2530/3554/1711
f 2526/3548/1719 3141/4261/1720 3754/4930/1721 3168/4292/1722
f 3141/4261/1720 2475/3493/935 3055/4160/937 3754/4930/1721
f 3754/4930/1721 3055/4160/937 2476/3495/941 3143/4265/1716
f 3168/4292/1722 3754/4930/1721 3143/4265/1716 2528/3551/1715
f 2524/3546/1723 3139/4259/1724 3755/4931/1725 3166/4290/1726
f 3139/4259/1724 2474/3492/929 3056/4161/931 3755/4931/1725
f 3755/4931/1725 3056/4161/931 2475/3493/935 3141/4261/1720
f 3166/4290/1726 3755/4931/1725 3141/4261/1720 2526/3548/1719
f 2522/3544/1727 3137/4257/1728 3756/4932/1729 3164/4288/1730
f 3137/4257/1728 2473/3491/923 3057/4162/925 3756/4932/1729
f 3756/4932/1729 3057/4162/925 2474/3492/929 3139/4259/1724
f 3164/4288/1730 3756/4932/1729 3139/4259/1724 2524/3546/1723
f 2520/3542/1187 3135/4255/1187 3757/4933/1188 3162/4286/1188
f 3135/4255/1187 2472/3490/917 3058/4163/919 3757/4933/1188
f 3757/4933/1188 3058/4163/919 2473/3491/923 3137/4257/1728
f 3162/4286/1188 3757/4933/1188 3137/4257/1728 2522/3544/1727
f 2518/3540/1186 3133/4253/1186 3758/4934/726 3160/4284/726
f 3133/4253/1186 2471/3489/911 3059/4164/913 3758/4934/726
f 3758/4934/726 3059/4164/913 2472/3490/917 3135/4255/1187
f 3160/4284/726 3758/4934/726 3135/4255/1187 2520/3542/1187
f 2541/3565/517 3037/4141/517 3759/4935/1185 3158/4282/1185
f 3037/4141/517 2470/3488/903 3060/4165/906 3759/4935/1185
f 3759/4935/1185 3060/4165/906 2471/3489/911 3133/4253/1186
f 3158/4282/1185 3759/4935/1185 3133/4253/1186 2518/3540/1186
f 2312/3266/1731 2886/3970/1732 3760/4936/1733 3072/4189/1734
f 2886/3970/1732 2290/3242/1735 2887/3971/1736 3760/4936/1733
f 3760/4937/1733 2887/3972/1736 2482/3501/1268 3073/4191/1314
f 3072/4190/1734 3760/4937/1733 3073/4191/1314 2493/3513/1312
f 2310/3264/1737 2885/3969/1738 3761/4938/1739 3071/4187/1740
f 2885/3969/1738 2312/3266/1731 3072/4189/1734 3761/4938/1739
f 3761/4939/1739 3072/4190/1734 2493/3513/1312 3074/4192/1310
f 3071/4188/1740 3761/4939/1739 3074/4192/1310 2492/3512/1308
f 2308/3262/1741 2884/3968/1742 3762/4940/1743 3070/4185/1744
f 2884/3968/1742 2310/3264/1737 3071/4187/1740 3762/4940/1743
f 3762/4941/1743 3071/4188/1740 2492/3512/1308 3075/4193/1306
f 3070/4186/1744 3762/4941/1743 3075/4193/1306 2491/3511/1304
f 2306/3260/1745 2883/3967/1746 3763/4942/1747 3069/4183/1748
f 2883/3967/1746 2308/3262/1741 3070/4185/1744 3763/4942/1747
f 3763/4943/1747 3070/4186/1744 2491/3511/1304 3076/4194/1302
f 3069/4184/1748 3763/4943/1747 3076/4194/1302 2490/3510/1300
f 2304/3258/1749 2882/3966/1750 3764/4944/1751 3068/4181/1752
f 2882/3966/1750 2306/3260/1745 3069/4183/1748 3764/4944/1751
f 3764/4945/1751 3069/4184/1748 2490/3510/1300 3077/4195/1298
f 3068/4182/1752 3764/4945/1751 3077/4195/1298 2489/3509/1296
f 2302/3256/1753 2881/3965/1754 3765/4946/1755 3067/4177/1756
f 2881/3965/1754 2304/3258/1749 3068/4181/1752 3765/4946/1755
f 3765/4947/1755 3068/4182/1752 2489/3509/1296 3078/4196/1294
f 3067/4178/1756 3765/4947/1755 3078/4196/1294 2488/3507/1292
f 2300/3252/1757 2880/3964/1758 3766/4948/1759 3066/4175/1760
f 2880/3964/1758 2302/3255/1753 3067/4179/1756 3766/4948/1759
f 3766/4949/1759 3067/4180/1756 2488/3508/1292 3079/4197/1290
f 3066/4176/1760 3766/4949/1759 3079/4197/1290 2487/3506/1288
f 2298/3250/1761 2879/3963/1762 3767/4950/1763 3065/4173/1764
f 2879/3963/1762 2300/3252/1757 3066/4175/1760 3767/4950/1763
f 3767/4951/1763 3066/4176/1760 2487/3506/1288 3080/4198/1286
f 3065/4174/1764 3767/4951/1763 3080/4198/1286 2486/3505/1284
f 2296/3248/1765 2878/3962/1766 3768/4952/1767 3064/4171/1768
f 2878/3962/1766 2298/3250/1761 3065/4173/1764 3768/4952/1767
f 3768/4953/1767 3065/4174/1764 2486/3505/1284 3081/4199/1282
f 3064/4172/1768 3768/4953/1767 3081/4199/1282 2485/3504/1280
f 2294/3246/1769 2877/3961/1770 3769/4954/1771 3063/4169/1772
f 2877/3961/1770 2296/3248/1765 3064/4171/1768 3769/4954/1771
f 3769/4955/1771 3064/4172/1768 2485/3504/1280 3082/4200/1278
f 3063/4170/1772 3769/4955/1771 3082/4200/1278 2484/3503/1276
f 2292/3244/1773 2876/3960/1774 3770/4956/1775 3062/4167/1776
f 2876/3960/1774 2294/3246/1769 3063/4169/1772 3770/4956/1775
f 3770/4957/1775 3063/4170/1772 2484/3503/1276 3083/4201/1274
f 3062/4168/1776 3770/4957/1775 3083/4201/1274 2483/3502/1272
f 2290/3242/1735 2875/3959/1777 3771/4958/1778 2887/3971/1736
f 2875/3959/1777 2292/3244/1773 3062/4167/1776 3771/4958/1778
f 3771/4959/1778 3062/4168/1776 2483/3502/1272 3084/4202/1269
f 2887/3972/1736 3771/4959/1778 3084/4202/1269 2482/3501/1268
f 2296/3248/1765 2877/3961/1770 3772/4960/1779 3089/4208/1780
f 2877/3961/1770 2294/3246/1769 2910/3997/1781 3772/4960/1779
f 3772/4960/1779 2910/3997/1781 2505/3526/1364 3097/4216/1376
f 3089/4208/1780 3772/4960/1779 3097/4216/1376 2498/3519/1329
f 2302/3255/1753 2880/3964/1758 3773/4961/1782 3087/4205/1783
f 2880/3964/1758 2300/3252/1757 2909/3996/1784 3773/4961/1782
f 3773/4961/1782 2909/3996/1784 2504/3525/1355 3098/4217/1373
f 3087/4205/1783 3773/4961/1782 3098/4217/1373 2496/3516/1320
f 2308/3262/1741 2883/3967/1746 3774/4962/1785 3085/4203/1786
f 2883/3967/1746 2306/3260/1745 2908/3995/1787 3774/4962/1785
f 3774/4962/1785 2908/3995/1787 2503/3524/1349 3099/4218/1370
f 3085/4203/1786 3774/4962/1785 3099/4218/1370 2494/3514/970
f 2294/3246/1769 2876/3960/1774 3775/4963/1788 2910/3997/1781
f 2876/3960/1774 2292/3244/1773 2907/3994/1789 3775/4963/1788
f 3775/4963/1788 2907/3994/1789 2502/3523/1340 3100/4219/1365
f 2910/3997/1781 3775/4963/1788 3100/4219/1365 2505/3526/1364
f 2290/3242/1735 2886/3970/1732 3776/4964/1790 3092/4211/1791
f 2886/3970/1732 2312/3266/1731 2905/3992/1792 3776/4964/1790
f 3776/4964/1790 2905/3992/1792 2500/3521/1334 3101/4220/1361
f 3092/4211/1791 3776/4964/1790 3101/4220/1361 2501/3522/1344
f 2300/3252/1757 2879/3963/1762 3777/4965/1793 2909/3996/1784
f 2879/3963/1762 2298/3250/1761 2904/3991/1794 3777/4965/1793
f 3777/4965/1793 2904/3991/1794 2499/3520/1325 3102/4221/1356
f 2909/3996/1784 3777/4965/1793 3102/4221/1356 2504/3525/1355
f 2306/3260/1745 2882/3966/1750 3778/4966/1795 2908/3995/1787
f 2882/3966/1750 2304/3258/1749 2902/3989/1796 3778/4966/1795
f 3778/4966/1795 2902/3989/1796 2497/3518/1316 3103/4222/1350
f 2908/3995/1787 3778/4966/1795 3103/4222/1350 2503/3524/1349
f 2292/3244/1773 2875/3959/1777 3779/4967/1797 2907/3994/1789
f 2875/3959/1777 2290/3242/1735 3092/4211/1791 3779/4967/1797
f 3779/4967/1797 3092/4211/1791 2501/3522/1344 3104/4223/1341
f 2907/3994/1789 3779/4967/1797 3104/4223/1341 2502/3523/1340
f 2312/3266/1731 2885/3969/1738 3780/4968/1798 2905/3992/1792
f 2885/3969/1738 2310/3264/1737 2900/3986/1799 3780/4968/1798
f 3780/4968/1798 2900/3986/1799 2495/3515/966 3105/4224/1335
f 2905/3992/1792 3780/4968/1798 3105/4224/1335 2500/3521/1334
f 2298/3250/1761 2878/3962/1766 3781/4969/1800 2904/3991/1794
f 2878/3962/1766 2296/3248/1765 3089/4208/1780 3781/4969/1800
f 3781/4969/1800 3089/4208/1780 2498/3519/1329 3106/4225/1326
f 2904/3991/1794 3781/4969/1800 3106/4225/1326 2499/3520/1325
f 2304/3258/1749 2881/3965/1754 3782/4970/1801 2902/3989/1796
f 2881/3965/1754 2302/3256/1753 3087/4206/1783 3782/4970/1801
f 3782/4970/1801 3087/4206/1783 2496/3517/1320 3107/4226/1317
f 2902/3989/1796 3782/4970/1801 3107/4226/1317 2497/3518/1316
f 2310/3264/1737 2884/3968/1742 3783/4971/1802 2900/3986/1799
f 2884/3968/1742 2308/3262/1741 3085/4203/1786 3783/4971/1802
f 3783/4971/1802 3085/4203/1786 2494/3514/970 3108/4227/967
f 2900/3986/1799 3783/4971/1802 3108/4227/967 2495/3515/966
f 2403/3417/1402 3326/4466/1803 3784/4972/1804 3113/4232/1805
f 3326/4466/1803 2402/3415/1426 2934/4022/1806 3784/4972/1804
f 3784/4972/1804 2934/4022/1806 2517/3539/1485 3121/4241/1499
f 3113/4232/1805 3784/4972/1804 3121/4241/1499 2510/3531/1454
f 2406/3420/1396 3329/4469/1807 3785/4973/1808 3111/4230/1809
f 3329/4469/1807 2405/3419/1422 2933/4021/1810 3785/4973/1808
f 3785/4973/1808 2933/4021/1810 2516/3538/1479 3122/4242/1496
f 3111/4230/1809 3785/4973/1808 3122/4242/1496 2508/3529/1445
f 2399/3412/1390 3322/4462/1431 3786/4974/1811 3109/4228/1812
f 3322/4462/1431 2397/3410/1418 2932/4020/1813 3786/4974/1811
f 3786/4974/1811 2932/4020/1813 2515/3537/1470 3123/4243/1493
f 3109/4228/1812 3786/4974/1811 3123/4243/1493 2506/3527/1383
f 2398/3411/1416 3332/4472/1429 3787/4975/1814 3117/4237/1815
f 3332/4472/1429 2408/3422/1412 2930/4018/1816 3787/4975/1814
f 3787/4975/1814 2930/4018/1816 2513/3535/1464 3124/4244/1490
f 3117/4237/1815 3787/4975/1814 3124/4244/1490 2514/3536/1474
f 2402/3415/1426 3325/4465/1425 3788/4976/1817 2934/4022/1806
f 3325/4465/1425 2401/3414/1408 2929/4017/1818 3788/4976/1817
f 3788/4976/1817 2929/4017/1818 2512/3534/1458 3125/4245/1486
f 2934/4022/1806 3788/4976/1817 3125/4245/1486 2517/3539/1485
f 2405/3419/1422 3328/4468/1421 3789/4977/1819 2933/4021/1810
f 3328/4468/1421 2404/3418/1404 2928/4016/1820 3789/4977/1819
f 3789/4977/1819 2928/4016/1820 2511/3533/1450 3126/4246/1480
f 2933/4021/1810 3789/4977/1819 3126/4246/1480 2516/3538/1479
f 2397/3410/1418 3321/4461/1417 3790/4978/1821 2932/4020/1813
f 3321/4461/1417 2398/3411/1416 3117/4237/1815 3790/4978/1821
f 3790/4978/1821 3117/4237/1815 2514/3536/1474 3127/4247/1471
f 2932/4020/1813 3790/4978/1821 3127/4247/1471 2515/3537/1470
f 2408/3422/1412 3331/4471/1411 3791/4979/1822 2930/4018/1816
f 3331/4471/1411 2407/3421/1398 2926/4013/1823 3791/4979/1822
f 3791/4979/1822 2926/4013/1823 2509/3530/1441 3128/4248/1465
f 2930/4018/1816 3791/4979/1822 3128/4248/1465 2513/3535/1464
f 2401/3414/1408 3324/4464/1407 3792/4980/1824 2929/4017/1818
f 3324/4464/1407 2400/3413/1392 2924/4011/1825 3792/4980/1824
f 3792/4980/1824 2924/4011/1825 2507/3528/1379 3129/4249/1459
f 2929/4017/1818 3792/4980/1824 3129/4249/1459 2512/3534/1458
f 2404/3418/1404 3327/4467/1403 3793/4981/1826 2928/4016/1820
f 3327/4467/1403 2403/3416/1402 3113/4233/1805 3793/4981/1826
f 3793/4981/1826 3113/4233/1805 2510/3532/1454 3130/4250/1451
f 2928/4016/1820 3793/4981/1826 3130/4250/1451 2511/3533/1450
f 2407/3421/1398 3330/4470/1397 3794/4982/1827 2926/4013/1823
f 3330/4470/1397 2406/3420/1396 3111/4230/1809 3794/4982/1827
f 3794/4982/1827 3111/4230/1809 2508/3529/1445 3131/4251/1442
f 2926/4013/1823 3794/4982/1827 3131/4251/1442 2509/3530/1441
f 2400/3413/1392 3323/4463/1391 3795/4983/1828 2924/4011/1825
f 3323/4463/1391 2399/3412/1390 3109/4228/1812 3795/4983/1828
f 3795/4983/1828 3109/4228/1812 2506/3527/1383 3132/4252/1380
f 2924/4011/1825 3795/4983/1828 3132/4252/1380 2507/3528/1379
f 2313/3268/1052 3155/4279/517 3796/4984/1185 2778/3834/1165
f 3155/4279/517 2540/3564/517 3157/4281/1185 3796/4984/1185
f 3796/4984/1185 3157/4281/1185 2519/3541/1186 2756/3799/1186
f 2778/3834/1165 3796/4984/1185 2756/3799/1186 2314/3270/1154
f 2579/3605/517 3156/4280/517 3797/4985/1185 3284/4423/1185
f 3156/4280/517 2541/3565/517 3158/4282/1185 3797/4985/1185
f 3797/4985/1185 3158/4282/1185 2518/3540/1186 3221/4356/1186
f 3284/4423/1185 3797/4985/1185 3221/4356/1186 2562/3588/1186
f 2314/3270/1154 2756/3799/1186 3798/4986/726 2777/3832/1155
f 2756/3799/1186 2519/3541/1186 3159/4283/726 3798/4986/726
f 3798/4986/726 3159/4283/726 2521/3543/1187 2757/3800/1187
f 2777/3832/1155 3798/4986/726 2757/3800/1187 2315/3272/1002
f 2562/3588/1186 3221/4356/1186 3799/4987/726 3282/4421/726
f 3221/4356/1186 2518/3540/1186 3160/4284/726 3799/4987/726
f 3799/4987/726 3160/4284/726 2520/3542/1187 3223/4358/1187
f 3282/4421/726 3799/4987/726 3223/4358/1187 2564/3590/1187
f 2315/3272/1002 2757/3800/1187 3800/4988/1188 2776/3830/1003
f 2757/3800/1187 2521/3543/1187 3161/4285/1188 3800/4988/1188
f 3800/4988/1188 3161/4285/1188 2523/3545/1829 2758/3801/1830
f 2776/3830/1003 3800/4988/1188 2758/3801/1830 2316/3274/1006
f 2564/3590/1187 3223/4358/1187 3801/4989/1188 3280/4419/1188
f 3223/4358/1187 2520/3542/1187 3162/4286/1188 3801/4989/1188
f 3801/4989/1188 3162/4286/1188 2522/3544/1727 3225/4360/1831
f 3280/4419/1188 3801/4989/1188 3225/4360/1831 2566/3592/1832
f 2316/3274/1006 2758/3801/1830 3802/4990/1833 2775/3828/1035
f 2758/3801/1830 2523/3545/1829 3163/4287/1834 3802/4990/1833
f 3802/4990/1833 3163/4287/1834 2525/3547/1835 2759/3802/1836
f 2775/3828/1035 3802/4990/1833 2759/3802/1836 2317/3276/1037
f 2566/3592/1832 3225/4360/1831 3803/4991/1837 3278/4417/1838
f 3225/4360/1831 2522/3544/1727 3164/4288/1730 3803/4991/1837
f 3803/4991/1837 3164/4288/1730 2524/3546/1723 3227/4362/1839
f 3278/4417/1838 3803/4991/1837 3227/4362/1839 2568/3594/1840
f 2317/3276/1037 2759/3802/1836 3804/4992/1841 2774/3826/1056
f 2759/3802/1836 2525/3547/1835 3165/4289/1842 3804/4992/1841
f 3804/4992/1841 3165/4289/1842 2527/3549/1843 2760/3803/1844
f 2774/3826/1056 3804/4992/1841 2760/3803/1844 2318/3278/1058
f 2559/3585/1845 3220/4355/1846 3805/4993/1847 3208/4340/1848
f 3220/4355/1846 2558/3584/1849 3197/4322/1850 3805/4993/1847
f 3805/4994/1847 3197/4324/1850 2546/3570/1851 3189/4313/1852
f 3208/4341/1848 3805/4994/1847 3189/4313/1852 2544/3568/1853
f 2318/3278/1058 2760/3803/1844 3806/4995/1854 2773/3824/1080
f 2760/3803/1844 2527/3549/1843 3167/4291/1855 3806/4995/1854
f 3806/4995/1854 3167/4291/1855 2529/3553/1856 2761/3804/1857
f 2773/3824/1080 3806/4995/1854 2761/3804/1857 2319/3281/1082
f 2557/3582/1858 3219/4354/1859 3807/4996/1860 3206/4336/1861
f 3219/4354/1859 2556/3581/1862 3195/4319/1863 3807/4996/1860
f 3807/4997/1860 3195/4320/1863 2549/3573/1864 3192/4316/1865
f 3206/4337/1861 3807/4997/1860 3192/4316/1865 2551/3575/1866
f 2319/3282/1082 2761/3805/1857 3808/4998/1867 2772/3822/1177
f 2761/3805/1857 2529/3552/1856 3169/4293/1868 3808/4998/1867
f 3808/4998/1867 3169/4293/1868 2531/3555/1869 2762/3806/1870
f 2772/3822/1177 3808/4998/1867 2762/3806/1870 2320/3284/1173
f 2592/3618/1871 3251/4386/1872 3809/4999/1873 3276/4414/1874
f 3251/4386/1872 2552/3576/1875 3142/4262/1876 3809/4999/1873
f 3809/5000/1873 3142/4263/1876 2542/3566/1877 3239/4374/1878
f 3276/4415/1874 3809/5000/1873 3239/4374/1878 2580/3606/1879
f 2320/3284/1173 2762/3806/1870 3810/5001/1880 2771/3820/1174
f 2762/3806/1870 2531/3555/1869 3171/4295/1881 3810/5001/1880
f 3810/5001/1880 3171/4295/1881 2533/3557/1882 2763/3807/1883
f 2771/3820/1174 3810/5001/1880 2763/3807/1883 2321/3286/1158
f 2553/3578/1884 3217/4352/1885 3811/5002/1886 3202/4329/1887
f 3217/4352/1885 2554/3579/1888 3146/4269/1889 3811/5002/1886
f 3811/5003/1886 3146/4270/1889 2545/3569/1890 3188/4312/1891
f 3202/4331/1887 3811/5003/1886 3188/4312/1891 2547/3571/1892
f 2321/3286/1158 2763/3807/1883 3812/5004/1893 2770/3818/1159
f 2763/3807/1883 2533/3557/1882 3173/4297/1894 3812/5004/1893
f 3812/5004/1893 3173/4297/1894 2535/3559/1895 2764/3808/1896
f 2770/3818/1159 3812/5004/1893 2764/3808/1896 2322/3288/993
f 2570/3596/1897 3229/4364/1898 3813/5005/1899 3274/4411/1900
f 3229/4364/1898 2532/3556/1707 3174/4298/1710 3813/5005/1899
f 3813/5005/1899 3174/4298/1710 2534/3558/1705 3231/4366/1901
f 3274/4411/1900 3813/5005/1899 3231/4366/1901 2572/3598/1902
f 2322/3288/993 2764/3808/1896 3814/5006/1216 2769/3816/994
f 2764/3808/1896 2535/3559/1895 3175/4299/1216 3814/5006/1216
f 3814/5006/1216 3175/4299/1216 2537/3561/1217 2765/3809/1217
f 2769/3816/994 3814/5006/1216 2765/3809/1217 2323/3290/997
f 2572/3598/1902 3231/4366/1901 3815/5007/1216 3272/4409/1216
f 3231/4366/1901 2534/3558/1705 3176/4300/1216 3815/5007/1216
f 3815/5007/1216 3176/4300/1216 2536/3560/1217 3233/4368/1217
f 3272/4409/1216 3815/5007/1216 3233/4368/1217 2574/3600/1217
f 2323/3290/997 2765/3809/1217 3816/5008/700 2768/3814/1011
f 2765/3809/1217 2537/3561/1217 3177/4301/700 3816/5008/700
f 3816/5008/700 3177/4301/700 2539/3563/1218 2766/3810/1218
f 2768/3814/1011 3816/5008/700 2766/3810/1218 2324/3292/1013
f 2574/3600/1217 3233/4368/1217 3817/5009/700 3270/4407/700
f 3233/4368/1217 2536/3560/1217 3178/4302/700 3817/5009/700
f 3817/5009/700 3178/4302/700 2538/3562/1218 3235/4370/1218
f 3270/4407/700 3817/5009/700 3235/4370/1218 2576/3602/1218
f 2324/3292/1013 2766/3810/1218 3818/5010/1219 2767/3812/1050
f 2766/3810/1218 2539/3563/1218 3179/4303/1219 3818/5010/1219
f 3818/5010/1219 3179/4303/1219 2540/3564/517 3155/4279/517
f 2767/3812/1050 3818/5010/1219 3155/4279/517 2313/3268/1052
f 2576/3602/1218 3235/4370/1218 3819/5011/1219 3268/4405/1219
f 3235/4370/1218 2538/3562/1218 3180/4304/1219 3819/5011/1219
f 3819/5011/1219 3180/4304/1219 2541/3565/517 3156/4280/517
f 3268/4405/1219 3819/5011/1219 3156/4280/517 2579/3605/517
f 2580/3606/1879 3239/4374/1878 3820/5012/1903 3266/4403/1904
f 3239/4374/1878 2542/3566/1877 3187/4311/1905 3820/5012/1903
f 3820/5012/1903 3187/4311/1905 2544/3568/1853 3241/4376/1906
f 3266/4403/1904 3820/5012/1903 3241/4376/1906 2582/3608/1907
f 2582/3608/1907 3241/4376/1906 3821/5013/1908 3264/4401/1909
f 3241/4376/1906 2544/3568/1853 3189/4313/1852 3821/5013/1908
f 3821/5013/1908 3189/4313/1852 2546/3570/1851 3243/4378/1910
f 3264/4401/1909 3821/5013/1908 3243/4378/1910 2584/3610/1911
f 2584/3610/1911 3243/4378/1910 3822/5014/1912 3262/4399/1913
f 3243/4378/1910 2546/3570/1851 3191/4315/1914 3822/5014/1912
f 3822/5014/1912 3191/4315/1914 2548/3572/1915 3245/4380/1916
f 3262/4399/1913 3822/5014/1912 3245/4380/1916 2586/3612/1917
f 2586/3612/1917 3245/4380/1916 3823/5015/1918 3260/4397/1919
f 3245/4380/1916 2548/3572/1915 3193/4317/1920 3823/5015/1918
f 3823/5015/1918 3193/4317/1920 2550/3574/1921 3247/4382/1922
f 3260/4397/1919 3823/5015/1918 3247/4382/1922 2588/3614/1923
f 2590/3616/1924 3249/4384/1925 3824/5016/1926 3258/4394/1927
f 3249/4384/1925 2557/3582/1858 3206/4336/1861 3824/5016/1926
f 3824/5017/1926 3206/4337/1861 2551/3575/1866 3185/4309/1928
f 3258/4395/1927 3824/5017/1926 3185/4309/1928 2589/3615/1929
f 2554/3579/1888 3215/4350/1930 3825/5018/1931 3146/4269/1889
f 3215/4350/1930 2555/3580/1932 3204/4333/1933 3825/5018/1931
f 3825/5019/1931 3204/4334/1933 2543/3567/1934 3186/4310/1935
f 3146/4270/1889 3825/5019/1931 3186/4310/1935 2545/3569/1890
f 2561/3587/1936 3214/4349/1937 3826/5020/1938 3210/4344/1939
f 3214/4349/1937 2560/3586/1940 3209/4342/1941 3826/5020/1938
f 3826/5021/1938 3209/4343/1941 2550/3574/1921 3193/4317/1920
f 3210/4345/1939 3826/5021/1938 3193/4317/1920 2548/3572/1915
f 2556/3581/1862 3213/4348/1942 3827/5022/1943 3195/4319/1863
f 3213/4348/1942 2553/3577/1884 3202/4330/1887 3827/5022/1943
f 3827/5023/1943 3202/4331/1887 2547/3571/1892 3190/4314/1944
f 3195/4320/1863 3827/5023/1943 3190/4314/1944 2549/3573/1864
f 2552/3576/1875 3212/4347/1945 3828/5024/1946 3142/4262/1876
f 3212/4347/1945 2559/3585/1845 3208/4340/1848 3828/5024/1946
f 3828/5025/1946 3208/4341/1848 2544/3568/1853 3187/4311/1905
f 3142/4263/1876 3828/5025/1946 3187/4311/1905 2542/3566/1877
f 2558/3583/1849 3211/4346/1947 3829/5026/1948 3197/4323/1850
f 3211/4346/1947 2561/3587/1936 3210/4344/1939 3829/5026/1948
f 3829/5027/1948 3210/4345/1939 2548/3572/1915 3191/4315/1914
f 3197/4324/1850 3829/5027/1948 3191/4315/1914 2546/3570/1851
f 2528/3550/1715 3170/4294/1718 3830/5028/1949 3207/4338/1950
f 3170/4294/1718 2530/3554/1711 3200/4327/1951 3830/5028/1949
f 3830/5028/1949 3200/4327/1951 2561/3587/1936 3211/4346/1947
f 3207/4338/1950 3830/5028/1949 3211/4346/1947 2558/3583/1849
f 2524/3546/1723 3166/4290/1726 3831/5029/1952 3201/4328/1953
f 3166/4290/1726 2526/3548/1719 3198/4325/1954 3831/5029/1952
f 3831/5029/1952 3198/4325/1954 2559/3585/1845 3212/4347/1945
f 3201/4328/1953 3831/5029/1952 3212/4347/1945 2552/3576/1875
f 2531/3555/1869 3169/4293/1868 3832/5030/1955 3205/4335/1956
f 3169/4293/1868 2529/3552/1856 3144/4266/1957 3832/5030/1955
f 3832/5030/1955 3144/4266/1957 2553/3577/1884 3213/4348/1942
f 3205/4335/1956 3832/5030/1955 3213/4348/1942 2556/3581/1862
f 2530/3554/1711 3172/4296/1714 3833/5031/1958 3200/4327/1951
f 3172/4296/1714 2532/3556/1707 3199/4326/1959 3833/5031/1958
f 3833/5031/1958 3199/4326/1959 2560/3586/1940 3214/4349/1937
f 3200/4327/1951 3833/5031/1958 3214/4349/1937 2561/3587/1936
f 2527/3549/1843 3165/4289/1842 3834/5032/1960 3203/4332/1961
f 3165/4289/1842 2525/3547/1835 3194/4318/1962 3834/5032/1960
f 3834/5032/1960 3194/4318/1962 2555/3580/1932 3215/4350/1930
f 3203/4332/1961 3834/5032/1960 3215/4350/1930 2554/3579/1888
f 2571/3597/1963 3148/4272/1964 3835/5033/1965 3256/4391/1966
f 3148/4272/1964 2533/3557/1882 3196/4321/1967 3835/5033/1965
f 3835/5033/1965 3196/4321/1967 2557/3582/1858 3249/4384/1925
f 3256/4391/1966 3835/5033/1965 3249/4384/1925 2590/3616/1924
f 2529/3553/1856 3167/4291/1855 3836/5034/1968 3144/4267/1957
f 3167/4291/1855 2527/3549/1843 3203/4332/1961 3836/5034/1968
f 3836/5034/1968 3203/4332/1961 2554/3579/1888 3217/4352/1885
f 3144/4267/1957 3836/5034/1968 3217/4352/1885 2553/3578/1884
f 2568/3594/1840 3227/4362/1839 3837/5035/1969 3254/4389/1970
f 3227/4362/1839 2524/3546/1723 3201/4328/1953 3837/5035/1969
f 3837/5035/1969 3201/4328/1953 2552/3576/1875 3251/4386/1872
f 3254/4389/1970 3837/5035/1969 3251/4386/1872 2592/3618/1871
f 2533/3557/1882 3171/4295/1881 3838/5036/1971 3196/4321/1967
f 3171/4295/1881 2531/3555/1869 3205/4335/1956 3838/5036/1971
f 3838/5036/1971 3205/4335/1956 2556/3581/1862 3219/4354/1859
f 3196/4321/1967 3838/5036/1971 3219/4354/1859 2557/3582/1858
f 2526/3548/1719 3168/4292/1722 3839/5037/1972 3198/4325/1954
f 3168/4292/1722 2528/3551/1715 3207/4339/1950 3839/5037/1972
f 3839/5037/1972 3207/4339/1950 2558/3584/1849 3220/4355/1846
f 3198/4325/1954 3839/5037/1972 3220/4355/1846 2559/3585/1845
f 2525/3547/1835 3140/4260/1973 3840/5038/1974 3194/4318/1962
f 3140/4260/1973 2569/3595/1975 3253/4388/1976 3840/5038/1974
f 3840/5038/1974 3253/4388/1976 2593/3619/1977 3218/4353/1978
f 3194/4318/1962 3840/5038/1974 3218/4353/1978 2555/3580/1932
f 2680/3710/1979 3488/4645/1979 3841/5039/1980 3574/4737/1980
f 3488/4645/1979 2568/3594/1840 3254/4389/1970 3841/5039/1980
f 3841/5039/1980 3254/4389/1970 2592/3618/1871 3524/4681/1981
f 3574/4737/1980 3841/5039/1980 3524/4681/1981 2716/3746/1981
f 2532/3556/1707 3229/4364/1898 3842/5040/1982 3199/4326/1959
f 3229/4364/1898 2570/3596/1897 3255/4390/1983 3842/5040/1982
f 3842/5040/1982 3255/4390/1983 2591/3617/1984 3216/4351/1985
f 3199/4326/1959 3842/5040/1982 3216/4351/1985 2560/3586/1940
f 2685/3715/1986 3230/4365/1986 3843/5041/1987 3571/4734/1987
f 3230/4365/1986 2571/3597/1963 3256/4391/1966 3843/5041/1987
f 3843/5041/1987 3256/4391/1966 2590/3616/1924 3521/4678/1988
f 3571/4734/1987 3843/5041/1987 3521/4678/1988 2713/3743/1988
f 2560/3586/1940 3216/4351/1985 3844/5042/1989 3209/4342/1941
f 3216/4351/1985 2591/3617/1984 3257/4392/1990 3844/5042/1989
f 3844/5043/1989 3257/4393/1990 2588/3614/1923 3247/4382/1922
f 3209/4343/1941 3844/5043/1989 3247/4382/1922 2550/3574/1921
f 2713/3743/1988 3521/4678/1988 3845/5044/1991 3568/4730/1991
f 3521/4678/1988 2590/3616/1924 3258/4394/1927 3845/5044/1991
f 3845/5045/1991 3258/4395/1927 2589/3615/1929 3248/4383/1992
f 3568/4731/1991 3845/5045/1991 3248/4383/1992 2712/3742/1992
f 2549/3573/1864 3184/4308/1993 3846/5046/1994 3192/4316/1865
f 3184/4308/1993 2587/3613/1995 3259/4396/1996 3846/5046/1994
f 3846/5046/1994 3259/4396/1996 2589/3615/1929 3185/4309/1928
f 3192/4316/1865 3846/5046/1994 3185/4309/1928 2551/3575/1866
f 2707/3737/1997 3515/4672/1997 3847/5047/1998 3565/4725/1998
f 3515/4672/1997 2586/3612/1917 3260/4397/1919 3847/5047/1998
f 3847/5047/1998 3260/4397/1919 2588/3614/1923 3518/4675/1992
f 3565/4725/1998 3847/5047/1998 3518/4675/1992 2710/3740/1992
f 2547/3571/1892 3183/4307/1999 3848/5048/2000 3190/4314/1944
f 3183/4307/1999 2585/3611/2001 3261/4398/2002 3848/5048/2000
f 3848/5048/2000 3261/4398/2002 2587/3613/1995 3184/4308/1993
f 3190/4314/1944 3848/5048/2000 3184/4308/1993 2549/3573/1864
f 2704/3734/532 3512/4669/532 3849/5049/2003 3562/4722/2003
f 3512/4669/532 2584/3610/1911 3262/4399/1913 3849/5049/2003
f 3849/5049/2003 3262/4399/1913 2586/3612/1917 3515/4672/1997
f 3562/4722/2003 3849/5049/2003 3515/4672/1997 2707/3737/1997
f 2545/3569/1890 3182/4306/2004 3850/5050/2005 3188/4312/1891
f 3182/4306/2004 2583/3609/2006 3263/4400/2007 3850/5050/2005
f 3850/5050/2005 3263/4400/2007 2585/3611/2001 3183/4307/1999
f 3188/4312/1891 3850/5050/2005 3183/4307/1999 2547/3571/1892
f 2701/3731/2008 3509/4666/2008 3851/5051/2009 3559/4719/2009
f 3509/4666/2008 2582/3608/1907 3264/4401/1909 3851/5051/2009
f 3851/5051/2009 3264/4401/1909 2584/3610/1911 3512/4669/532
f 3559/4719/2009 3851/5051/2009 3512/4669/532 2704/3734/532
f 2543/3567/1934 3181/4305/2010 3852/5052/2011 3186/4310/1935
f 3181/4305/2010 2581/3607/2012 3265/4402/2013 3852/5052/2011
f 3852/5052/2011 3265/4402/2013 2583/3609/2006 3182/4306/2004
f 3186/4310/1935 3852/5052/2011 3182/4306/2004 2545/3569/1890
f 2698/3728/2014 3506/4663/2014 3853/5053/2015 3556/4716/2015
f 3506/4663/2014 2580/3606/1879 3266/4403/1904 3853/5053/2015
f 3853/5053/2015 3266/4403/1904 2582/3608/1907 3509/4666/2008
f 3556/4716/2015 3853/5053/2015 3509/4666/2008 2701/3731/2008
f 2539/3563/1218 3154/4278/1218 3854/5054/1219 3179/4303/1219
f 3154/4278/1218 2577/3603/1218 3267/4404/1219 3854/5054/1219
f 3854/5054/1219 3267/4404/1219 2578/3604/517 3237/4372/517
f 3179/4303/1219 3854/5054/1219 3237/4372/517 2540/3564/517
f 2692/3722/1218 3500/4657/1218 3855/5055/1219 3553/4713/1219
f 3500/4657/1218 2576/3602/1218 3268/4405/1219 3855/5055/1219
f 3855/5055/1219 3268/4405/1219 2579/3605/517 3238/4373/517
f 3553/4713/1219 3855/5055/1219 3238/4373/517 2697/3727/517
f 2537/3561/1217 3152/4276/1217 3856/5056/700 3177/4301/700
f 3152/4276/1217 2575/3601/1217 3269/4406/700 3856/5056/700
f 3856/5056/700 3269/4406/700 2577/3603/1218 3154/4278/1218
f 3177/4301/700 3856/5056/700 3154/4278/1218 2539/3563/1218
f 2689/3719/1217 3497/4654/1217 3857/5057/700 3550/4710/700
f 3497/4654/1217 2574/3600/1217 3270/4407/700 3857/5057/700
f 3857/5057/700 3270/4407/700 2576/3602/1218 3500/4657/1218
f 3550/4710/700 3857/5057/700 3500/4657/1218 2692/3722/1218
f 2535/3559/1895 3150/4274/2016 3858/5058/1216 3175/4299/1216
f 3150/4274/2016 2573/3599/2017 3271/4408/1216 3858/5058/1216
f 3858/5058/1216 3271/4408/1216 2575/3601/1217 3152/4276/1217
f 3175/4299/1216 3858/5058/1216 3152/4276/1217 2537/3561/1217
f 2686/3716/2018 3494/4651/2018 3859/5059/1216 3547/4707/1216
f 3494/4651/2018 2572/3598/1902 3272/4409/1216 3859/5059/1216
f 3859/5059/1216 3272/4409/1216 2574/3600/1217 3497/4654/1217
f 3547/4707/1216 3859/5059/1216 3497/4654/1217 2689/3719/1217
f 2533/3557/1882 3148/4272/1964 3860/5060/2019 3173/4297/1894
f 3148/4272/1964 2571/3597/1963 3273/4410/2020 3860/5060/2019
f 3860/5060/2019 3273/4410/2020 2573/3599/2017 3150/4274/2016
f 3173/4297/1894 3860/5060/2019 3150/4274/2016 2535/3559/1895
f 2683/3713/1986 3491/4648/1986 3861/5061/2021 3544/4704/2021
f 3491/4648/1986 2570/3596/1897 3274/4411/1900 3861/5061/2021
f 3861/5061/2021 3274/4411/1900 2572/3598/1902 3494/4651/2018
f 3544/4704/2021 3861/5061/2021 3494/4651/2018 2686/3716/2018
f 2555/3580/1932 3218/4353/1978 3862/5062/2022 3204/4333/1933
f 3218/4353/1978 2593/3619/1977 3275/4412/2023 3862/5062/2022
f 3862/5063/2022 3275/4413/2023 2581/3607/2012 3181/4305/2010
f 3204/4334/1933 3862/5063/2022 3181/4305/2010 2543/3567/1934
f 2716/3746/1981 3524/4681/1981 3863/5064/2024 3541/4700/2024
f 3524/4681/1981 2592/3618/1871 3276/4414/1874 3863/5064/2024
f 3863/5065/2024 3276/4415/1874 2580/3606/1879 3506/4663/2014
f 3541/4701/2024 3863/5065/2024 3506/4663/2014 2698/3728/2014
f 2523/3545/1829 3138/4258/2025 3864/5066/2026 3163/4287/1834
f 3138/4258/2025 2567/3593/2027 3277/4416/2028 3864/5066/2026
f 3864/5066/2026 3277/4416/2028 2569/3595/1975 3140/4260/1973
f 3163/4287/1834 3864/5066/2026 3140/4260/1973 2525/3547/1835
f 2677/3707/2029 3485/4642/2029 3865/5067/2030 3538/4695/2030
f 3485/4642/2029 2566/3592/1832 3278/4417/1838 3865/5067/2030
f 3865/5067/2030 3278/4417/1838 2568/3594/1840 3488/4645/1979
f 3538/4695/2030 3865/5067/2030 3488/4645/1979 2680/3710/1979
f 2521/3543/1187 3136/4256/1187 3866/5068/1188 3161/4285/1188
f 3136/4256/1187 2565/3591/1187 3279/4418/1188 3866/5068/1188
f 3866/5068/1188 3279/4418/1188 2567/3593/2027 3138/4258/2025
f 3161/4285/1188 3866/5068/1188 3138/4258/2025 2523/3545/1829
f 2674/3704/1187 3482/4639/1187 3867/5069/1188 3535/4692/1188
f 3482/4639/1187 2564/3590/1187 3280/4419/1188 3867/5069/1188
f 3867/5069/1188 3280/4419/1188 2566/3592/1832 3485/4642/2029
f 3535/4692/1188 3867/5069/1188 3485/4642/2029 2677/3707/2029
f 2519/3541/1186 3134/4254/1186 3868/5070/726 3159/4283/726
f 3134/4254/1186 2563/3589/1186 3281/4420/726 3868/5070/726
f 3868/5070/726 3281/4420/726 2565/3591/1187 3136/4256/1187
f 3159/4283/726 3868/5070/726 3136/4256/1187 2521/3543/1187
f 2671/3701/1186 3479/4636/1186 3869/5071/726 3532/4689/726
f 3479/4636/1186 2562/3588/1186 3282/4421/726 3869/5071/726
f 3869/5071/726 3282/4421/726 2564/3590/1187 3482/4639/1187
f 3532/4689/726 3869/5071/726 3482/4639/1187 2674/3704/1187
f 2540/3564/517 3237/4372/517 3870/5072/1185 3157/4281/1185
f 3237/4372/517 2578/3604/517 3283/4422/1185 3870/5072/1185
f 3870/5072/1185 3283/4422/1185 2563/3589/1186 3134/4254/1186
f 3157/4281/1185 3870/5072/1185 3134/4254/1186 2519/3541/1186
f 2697/3727/517 3238/4373/517 3871/5073/1185 3529/4686/1185
f 3238/4373/517 2579/3605/517 3284/4423/1185 3871/5073/1185
f 3871/5073/1185 3284/4423/1185 2562/3588/1186 3479/4636/1186
f 3529/4686/1185 3871/5073/1185 3479/4636/1186 2671/3701/1186
f 2442/3459/1567 2967/4056/1599 3872/5074/2031 2996/4087/2032
f 2967/4056/1599 2441/3458/1591 3293/4433/2033 3872/5074/2031
f 3872/5074/2031 3293/4433/2033 2602/3629/1685 3297/4437/1703
f 2996/4087/2032 3872/5074/2031 3297/4437/1703 2594/3620/1699
f 2439/3455/1506 2964/4053/1505 3873/5075/2034 2998/4090/2035
f 2964/4053/1505 2438/3454/1504 3294/4434/2036 3873/5075/2034
f 3873/5075/2034 3294/4434/2036 2603/3630/1681 3298/4438/1701
f 2998/4090/2035 3873/5075/2034 3298/4438/1701 2595/3621/1697
f 2436/3452/1563 2961/4050/1562 3874/5076/2037 3000/4094/2038
f 2961/4050/1562 2435/3451/1561 3295/4435/2039 3874/5076/2037
f 3874/5076/2037 3295/4435/2039 2604/3631/1675 3299/4439/1700
f 3000/4094/2038 3874/5076/2037 3299/4439/1700 2596/3623/1694
f 2443/3460/1569 2968/4057/1568 3875/5077/2040 3001/4095/2041
f 2968/4057/1568 2442/3459/1567 2996/4087/2032 3875/5077/2040
f 3875/5077/2040 2996/4087/2032 2594/3620/1699 3300/4440/1698
f 3001/4095/2041 3875/5077/2040 3300/4440/1698 2597/3624/1692
f 2440/3457/1573 2965/4054/1572 3876/5078/2042 3002/4096/2043
f 2965/4054/1572 2439/3456/1506 2998/4091/2035 3876/5078/2042
f 3876/5078/2042 2998/4091/2035 2595/3622/1697 3301/4441/1695
f 3002/4096/2043 3876/5078/2042 3301/4441/1695 2598/3625/1688
f 2437/3453/1577 2962/4051/1576 3877/5079/2044 3003/4097/2045
f 2962/4051/1576 2436/3452/1563 3000/4094/2038 3877/5079/2044
f 3877/5079/2044 3000/4094/2038 2596/3623/1694 3302/4442/1693
f 3003/4097/2045 3877/5079/2044 3302/4442/1693 2599/3626/1684
f 2444/3461/1581 2969/4058/1580 3878/5080/2046 3004/4098/2047
f 2969/4058/1580 2443/3460/1569 3001/4095/2041 3878/5080/2046
f 3878/5080/2046 3001/4095/2041 2597/3624/1692 3303/4443/1691
f 3004/4098/2047 3878/5080/2046 3303/4443/1691 2600/3627/1680
f 2433/3449/1587 2959/4048/1586 3879/5081/2048 3006/4101/2049
f 2959/4048/1586 2434/3450/1585 3296/4436/2050 3879/5081/2048
f 3879/5081/2048 3296/4436/2050 2605/3632/1678 3304/4444/1690
f 3006/4101/2049 3879/5081/2048 3304/4444/1690 2601/3628/1677
f 2441/3458/1591 2966/4055/1590 3880/5082/2051 3293/4433/2033
f 2966/4055/1590 2440/3457/1573 3002/4096/2043 3880/5082/2051
f 3880/5082/2051 3002/4096/2043 2598/3625/1688 3305/4445/1686
f 3293/4433/2033 3880/5082/2051 3305/4445/1686 2602/3629/1685
f 2438/3454/1504 2963/4052/1593 3881/5083/2052 3294/4434/2036
f 2963/4052/1593 2437/3453/1577 3003/4097/2045 3881/5083/2052
f 3881/5083/2052 3003/4097/2045 2599/3626/1684 3306/4446/1682
f 3294/4434/2036 3881/5083/2052 3306/4446/1682 2603/3630/1681
f 2434/3450/1585 2970/4059/1595 3882/5084/2053 3296/4436/2050
f 2970/4059/1595 2444/3461/1581 3004/4098/2047 3882/5084/2053
f 3882/5084/2053 3004/4098/2047 2600/3627/1680 3307/4447/1679
f 3296/4436/2050 3882/5084/2053 3307/4447/1679 2605/3632/1678
f 2435/3451/1561 2960/4049/1597 3883/5085/2054 3295/4435/2039
f 2960/4049/1597 2433/3449/1587 3006/4101/2049 3883/5085/2054
f 3883/5085/2054 3006/4101/2049 2601/3628/1677 3308/4448/1676
f 3295/4435/2039 3883/5085/2054 3308/4448/1676 2604/3631/1675
f 2393/3406/1354 3343/4484/1423 3884/5086/2055 3317/4457/1372
f 3343/4484/1423 2405/3419/1422 3329/4469/1807 3884/5086/2055
f 3884/5086/2055 3329/4469/1807 2406/3420/1396 3335/4475/1394
f 3317/4457/1372 3884/5086/2055 3335/4475/1394 2394/3407/972
f 2391/3404/1322 3314/4454/1375 3885/5087/2056 3337/4478/1400
f 3314/4454/1375 2390/3402/1360 3344/4485/1427 3885/5087/2056
f 3885/5087/2056 3344/4485/1427 2402/3415/1426 3326/4466/1803
f 3337/4478/1400 3885/5087/2056 3326/4466/1803 2403/3417/1402
f 2638/3667/2057 3385/4528/2058 3886/5088/2059 3400/4543/2060
f 3385/4528/2058 2606/3633/2061 3345/4486/2062 3886/5088/2059
f 3886/5088/2059 3345/4486/2062 2607/3634/2063 3387/4530/2064
f 3400/4543/2060 3886/5088/2059 3387/4530/2064 2640/3669/2065
f 2610/3637/1201 3359/4500/2066 3887/5089/2067 3349/4490/1202
f 3359/4500/2066 2612/3639/2068 3351/4492/2069 3887/5089/2067
f 3887/5089/2067 3351/4492/2069 2608/3635/2070 3348/4489/2071
f 3349/4490/1202 3887/5089/2067 3348/4489/2071 2609/3636/1203
f 2613/3640/2072 3358/4499/2073 3888/5090/2074 3356/4497/2075
f 3358/4499/2073 2611/3638/2076 3354/4495/2077 3888/5090/2074
f 3888/5090/2074 3354/4495/2077 2607/3634/2063 3345/4486/2062
f 3356/4497/2075 3888/5090/2074 3345/4486/2062 2606/3633/2061
f 2642/3671/2078 3389/4532/2079 3889/5091/2080 3398/4541/2081
f 3389/4532/2079 2613/3640/2072 3356/4497/2075 3889/5091/2080
f 3889/5091/2080 3356/4497/2075 2606/3633/2061 3385/4528/2058
f 3398/4541/2081 3889/5091/2080 3385/4528/2058 2638/3667/2057
f 2626/3653/1196 3373/4515/1195 3890/5092/2082 3396/4539/2083
f 3373/4515/1195 2354/3351/1112 3352/4493/2084 3890/5092/2082
f 3890/5092/2082 3352/4493/2084 2613/3640/2072 3389/4532/2079
f 3396/4539/2083 3890/5092/2082 3389/4532/2079 2642/3671/2078
f 2354/3351/1112 2845/3928/1115 3891/5093/2085 3352/4493/2084
f 2845/3928/1115 2355/3352/1106 3350/4491/2086 3891/5093/2085
f 3891/5093/2085 3350/4491/2086 2611/3638/2076 3358/4499/2073
f 3352/4493/2084 3891/5093/2085 3358/4499/2073 2613/3640/2072
f 2367/3365/1240 2868/3952/1245 3892/5094/2087 3353/4494/2088
f 2868/3952/1245 2366/3363/1244 3355/4496/2089 3892/5094/2087
f 3892/5094/2087 3355/4496/2089 2612/3639/2068 3359/4500/2066
f 3353/4494/2088 3892/5094/2087 3359/4500/2066 2610/3637/1201
f 2629/3658/2090 2857/3941/2091 3893/5095/2092 3394/4537/2093
f 2857/3941/2091 2367/3365/1240 3353/4494/2088 3893/5095/2092
f 3893/5095/2092 3353/4494/2088 2610/3637/1201 3391/4534/1198
f 3394/4537/2093 3893/5095/2092 3391/4534/1198 2644/3673/1197
f 2355/3352/1106 3375/4518/1207 3894/5096/2094 3350/4491/2086
f 3375/4518/1207 2628/3657/1206 3393/4536/2095 3894/5096/2094
f 3894/5096/2094 3393/4536/2095 2645/3674/2096 3360/4501/2097
f 3350/4491/2086 3894/5096/2094 3360/4501/2097 2611/3638/2076
f 2628/3657/1206 3376/4519/2098 3895/5097/2099 3393/4536/2095
f 3376/4519/2098 2629/3658/2090 3394/4537/2093 3895/5097/2099
f 3895/5097/2099 3394/4537/2093 2644/3673/1197 3392/4535/2100
f 3393/4536/2095 3895/5097/2099 3392/4535/2100 2645/3674/2096
f 2366/3363/1244 2856/3939/2101 3896/5098/2102 3355/4496/2089
f 2856/3939/2101 2627/3655/2103 3395/4538/2104 3896/5098/2102
f 3896/5098/2102 3395/4538/2104 2643/3672/2105 3357/4498/2106
f 3355/4496/2089 3896/5098/2102 3357/4498/2106 2612/3639/2068
f 2627/3655/2103 3374/4516/2107 3897/5099/2108 3395/4538/2104
f 3374/4516/2107 2626/3653/1196 3396/4539/2083 3897/5099/2108
f 3897/5099/2108 3396/4539/2083 2642/3671/2078 3390/4533/2109
f 3395/4538/2104 3897/5099/2108 3390/4533/2109 2643/3672/2105
f 2612/3639/2068 3357/4498/2106 3898/5100/2110 3351/4492/2069
f 3357/4498/2106 2643/3672/2105 3397/4540/2111 3898/5100/2110
f 3898/5100/2110 3397/4540/2111 2639/3668/2112 3346/4487/2113
f 3351/4492/2069 3898/5100/2110 3346/4487/2113 2608/3635/2070
f 2643/3672/2105 3390/4533/2109 3899/5101/2114 3397/4540/2111
f 3390/4533/2109 2642/3671/2078 3398/4541/2081 3899/5101/2114
f 3899/5101/2114 3398/4541/2081 2638/3667/2057 3386/4529/2115
f 3397/4540/2111 3899/5101/2114 3386/4529/2115 2639/3668/2112
f 2608/3635/2070 3346/4487/2113 3900/5102/2116 3348/4489/2071
f 3346/4487/2113 2639/3668/2112 3399/4542/2117 3900/5102/2116
f 3900/5102/2116 3399/4542/2117 2641/3670/1205 3347/4488/1204
f 3348/4489/2071 3900/5102/2116 3347/4488/1204 2609/3636/1203
f 2639/3668/2112 3386/4529/2115 3901/5103/2118 3399/4542/2117
f 3386/4529/2115 2638/3667/2057 3400/4543/2060 3901/5103/2118
f 3901/5103/2118 3400/4543/2060 2640/3669/2065 3388/4531/2119
f 3399/4542/2117 3901/5103/2118 3388/4531/2119 2641/3670/1205
f 2371/3369/1222 2861/3945/1218 3902/5104/1219 2863/3947/1223
f 2861/3945/1218 2637/3666/1218 3401/4544/1219 3902/5104/1219
f 3902/5104/1219 3401/4544/1219 2614/3641/517 3361/4502/517
f 2863/3947/1223 3902/5104/1219 3361/4502/517 2372/3370/1224
f 2637/3666/1218 3384/4527/1218 3903/5105/1219 3401/4544/1219
f 3384/4527/1218 2636/3665/1218 3402/4545/1219 3903/5105/1219
f 3903/5105/1219 3402/4545/1219 2615/3642/517 3362/4503/517
f 3401/4544/1219 3903/5105/1219 3362/4503/517 2614/3641/517
f 2370/3368/1228 2860/3944/1217 3904/5106/700 2864/3948/1229
f 2860/3944/1217 2635/3664/1217 3403/4546/700 3904/5106/700
f 3904/5106/700 3403/4546/700 2637/3666/1218 2861/3945/1218
f 2864/3948/1229 3904/5106/700 2861/3945/1218 2371/3369/1222
f 2635/3664/1217 3382/4525/1217 3905/5107/700 3403/4546/700
f 3382/4525/1217 2634/3663/1217 3404/4547/700 3905/5107/700
f 3905/5107/700 3404/4547/700 2636/3665/1218 3384/4527/1218
f 3403/4546/700 3905/5107/700 3384/4527/1218 2637/3666/1218
f 2369/3367/1232 2859/3943/2120 3906/5108/1216 2865/3949/1233
f 2859/3943/2120 2633/3662/2121 3405/4548/1216 3906/5108/1216
f 3906/5108/1216 3405/4548/1216 2635/3664/1217 2860/3944/1217
f 2865/3949/1233 3906/5108/1216 2860/3944/1217 2370/3368/1228
f 2633/3662/2121 3380/4523/2122 3907/5109/1216 3405/4548/1216
f 3380/4523/2122 2632/3661/1215 3406/4549/1216 3907/5109/1216
f 3907/5109/1216 3406/4549/1216 2634/3663/1217 3382/4525/1217
f 3405/4548/1216 3907/5109/1216 3382/4525/1217 2635/3664/1217
f 2368/3366/1236 2858/3942/2123 3908/5110/2124 2866/3950/1237
f 2858/3942/2123 2631/3660/2125 3407/4550/2126 3908/5110/2124
f 3908/5110/2124 3407/4550/2126 2633/3662/2121 2859/3943/2120
f 2866/3950/1237 3908/5110/2124 2859/3943/2120 2369/3367/1232
f 2631/3660/2125 3378/4521/2127 3909/5111/2128 3407/4550/2126
f 3378/4521/2127 2630/3659/1211 3408/4551/1213 3909/5111/2128
f 3909/5111/2128 3408/4551/1213 2632/3661/1215 3380/4523/2122
f 3407/4550/2126 3909/5111/2128 3380/4523/2122 2633/3662/2121
f 2367/3365/1240 2857/3941/2091 3910/5112/2129 2867/3951/1241
f 2857/3941/2091 2629/3658/2090 3409/4552/2130 3910/5112/2129
f 3910/5112/2129 3409/4552/2130 2631/3660/2125 2858/3942/2123
f 2867/3951/1241 3910/5112/2129 2858/3942/2123 2368/3366/1236
f 2629/3658/2090 3376/4519/2098 3911/5113/2131 3409/4552/2130
f 3376/4519/2098 2628/3657/1206 3410/4553/1209 3911/5113/2131
f 3911/5113/2131 3410/4553/1209 2630/3659/1211 3378/4521/2127
f 3409/4552/2130 3911/5113/2131 3378/4521/2127 2631/3660/2125
f 2611/3638/2076 3360/4501/2097 3912/5114/2132 3354/4495/2077
f 3360/4501/2097 2645/3674/2096 3411/4554/2133 3912/5114/2132
f 3912/5114/2132 3411/4554/2133 2640/3669/2065 3387/4530/2064
f 3354/4495/2077 3912/5114/2132 3387/4530/2064 2607/3634/2063
f 2645/3674/2096 3392/4535/2100 3913/5115/2134 3411/4554/2133
f 3392/4535/2100 2644/3673/1197 3412/4555/1200 3913/5115/2134
f 3913/5115/2134 3412/4555/1200 2641/3670/1205 3388/4531/2119
f 3411/4554/2133 3913/5115/2134 3388/4531/2119 2640/3669/2065
f 2365/3362/1248 2855/3938/2135 3914/5116/2136 2869/3953/1249
f 2855/3938/2135 2625/3652/2137 3413/4556/2138 3914/5116/2136
f 3914/5116/2136 3413/4556/2138 2627/3656/2103 2856/3940/2101
f 2869/3953/1249 3914/5116/2136 2856/3940/2101 2366/3364/1244
f 2625/3652/2137 3372/4513/2139 3915/5117/2140 3413/4556/2138
f 3372/4513/2139 2624/3651/1192 3414/4557/1194 3915/5117/2140
f 3915/5117/2140 3414/4557/1194 2626/3654/1196 3374/4517/2107
f 3413/4556/2138 3915/5117/2140 3374/4517/2107 2627/3656/2103
f 2364/3361/1252 2854/3937/1190 3916/5118/20 2870/3954/1253
f 2854/3937/1190 2623/3650/1190 3415/4558/20 3916/5118/20
f 3916/5118/20 3415/4558/20 2625/3652/2137 2855/3938/2135
f 2870/3954/1253 3916/5118/20 2855/3938/2135 2365/3362/1248
f 2623/3650/1190 3370/4511/1190 3917/5119/20 3415/4558/20
f 3370/4511/1190 2622/3649/1190 3416/4559/20 3917/5119/20
f 3917/5119/20 3416/4559/20 2624/3651/1192 3372/4513/2139
f 3415/4558/20 3917/5119/20 3372/4513/2139 2625/3652/2137
f 2363/3360/1256 2853/3936/1 3918/5120/1189 2871/3955/1257
f 2853/3936/1 2621/3648/1 3417/4560/1189 3918/5120/1189
f 3918/5120/1189 3417/4560/1189 2623/3650/1190 2854/3937/1190
f 2871/3955/1257 3918/5120/1189 2854/3937/1190 2364/3361/1252
f 2621/3648/1 3368/4509/1 3919/5121/1189 3417/4560/1189
f 3368/4509/1 2620/3647/1 3418/4561/1189 3919/5121/1189
f 3919/5121/1189 3418/4561/1189 2622/3649/1190 3370/4511/1190
f 3417/4560/1189 3919/5121/1189 3370/4511/1190 2623/3650/1190
f 2362/3359/1260 2852/3935/1187 3920/5122/1188 2872/3956/1261
f 2852/3935/1187 2619/3646/1187 3419/4562/1188 3920/5122/1188
f 3920/5122/1188 3419/4562/1188 2621/3648/1 2853/3936/1
f 2872/3956/1261 3920/5122/1188 2853/3936/1 2363/3360/1256
f 2619/3646/1187 3366/4507/1187 3921/5123/1188 3419/4562/1188
f 3366/4507/1187 2618/3645/1187 3420/4563/1188 3921/5123/1188
f 3921/5123/1188 3420/4563/1188 2620/3647/1 3368/4509/1
f 3419/4562/1188 3921/5123/1188 3368/4509/1 2621/3648/1
f 2361/3358/1264 2851/3934/1186 3922/5124/726 2873/3957/1265
f 2851/3934/1186 2617/3644/1186 3421/4564/726 3922/5124/726
f 3922/5124/726 3421/4564/726 2619/3646/1187 2852/3935/1187
f 2873/3957/1265 3922/5124/726 2852/3935/1187 2362/3359/1260
f 2617/3644/1186 3364/4505/1186 3923/5125/726 3421/4564/726
f 3364/4505/1186 2616/3643/1186 3422/4565/726 3923/5125/726
f 3923/5125/726 3422/4565/726 2618/3645/1187 3366/4507/1187
f 3421/4564/726 3923/5125/726 3366/4507/1187 2619/3646/1187
f 2372/3370/1224 3361/4502/517 3924/5126/1185 2874/3958/1267
f 3361/4502/517 2614/3641/517 3423/4566/1185 3924/5126/1185
f 3924/5126/1185 3423/4566/1185 2617/3644/1186 2851/3934/1186
f 2874/3958/1267 3924/5126/1185 2851/3934/1186 2361/3358/1264
f 2614/3641/517 3362/4503/517 3925/5127/1185 3423/4566/1185
f 3362/4503/517 2615/3642/517 3424/4567/1185 3925/5127/1185
f 3925/5127/1185 3424/4567/1185 2616/3643/1186 3364/4505/1186
f 3423/4566/1185 3925/5127/1185 3364/4505/1186 2617/3644/1186
f 2649/3679/2141 3471/4628/2142 3926/5128/2143 3451/4600/2144
f 3471/4628/2142 2648/3677/984 3450/4598/987 3926/5128/2143
f 3926/5129/2143 3450/4599/987 2665/3695/992 3430/4573/2145
f 3451/4601/2144 3926/5129/2143 3430/4573/2145 2664/3694/2146
f 2650/3680/2147 3470/4627/2148 3927/5130/2149 3452/4602/2150
f 3470/4627/2148 2649/3679/2141 3451/4600/2144 3927/5130/2149
f 3927/5131/2149 3451/4601/2144 2664/3694/2146 3429/4572/2151
f 3452/4603/2150 3927/5131/2149 3429/4572/2151 2663/3693/2152
f 2651/3681/2153 3469/4626/2154 3928/5132/2155 3453/4604/2156
f 3469/4626/2154 2650/3680/2147 3452/4602/2150 3928/5132/2155
f 3928/5133/2155 3452/4603/2150 2663/3693/2152 3428/4571/2157
f 3453/4605/2156 3928/5133/2155 3428/4571/2157 2662/3692/2158
f 2653/3683/2159 3468/4625/2160 3929/5134/2161 3455/4607/2162
f 3468/4625/2160 2652/3682/2163 3442/4587/2164 3929/5134/2161
f 3929/5135/2161 3442/4588/2164 2659/3689/2165 3436/4579/2166
f 3455/4608/2162 3929/5135/2161 3436/4579/2166 2670/3700/2167
f 2652/3682/2163 3467/4624/2168 3930/5136/2169 3442/4587/2164
f 3467/4624/2168 2654/3684/2170 3444/4590/2171 3930/5136/2169
f 3930/5137/2169 3444/4591/2171 2660/3690/2172 3425/4568/2173
f 3442/4588/2164 3930/5137/2169 3425/4568/2173 2659/3689/2165
f 2655/3685/2174 3466/4623/2175 3931/5138/2176 3457/4610/2177
f 3466/4623/2175 2651/3681/2153 3453/4604/2156 3931/5138/2176
f 3931/5139/2176 3453/4605/2156 2662/3692/2158 3427/4570/2178
f 3457/4611/2177 3931/5139/2176 3427/4570/2178 2661/3691/2179
f 2656/3686/2180 3465/4622/2181 3932/5140/2182 3458/4612/2183
f 3465/4622/2181 2653/3683/2159 3455/4607/2162 3932/5140/2182
f 3932/5141/2182 3455/4608/2162 2670/3700/2167 3435/4578/2184
f 3458/4613/2183 3932/5141/2182 3435/4578/2184 2669/3699/2185
f 2654/3684/2170 3464/4621/2186 3933/5142/2187 3444/4590/2171
f 3464/4621/2186 2655/3685/2174 3457/4610/2177 3933/5142/2187
f 3933/5143/2187 3457/4611/2177 2661/3691/2179 3426/4569/2188
f 3444/4591/2171 3933/5143/2187 3426/4569/2188 2660/3690/2172
f 2657/3687/2189 3463/4620/2190 3934/5144/2191 3459/4614/2192
f 3463/4620/2190 2656/3686/2180 3458/4612/2183 3934/5144/2191
f 3934/5145/2191 3458/4613/2183 2669/3699/2185 3434/4577/2193
f 3459/4615/2192 3934/5145/2191 3434/4577/2193 2668/3698/2194
f 2658/3688/2195 3462/4619/2196 3935/5146/2197 3460/4616/2198
f 3462/4619/2196 2657/3687/2189 3459/4614/2192 3935/5146/2197
f 3935/5147/2197 3459/4615/2192 2668/3698/2194 3433/4576/2199
f 3460/4617/2198 3935/5147/2197 3433/4576/2199 2667/3697/2200
f 2647/3676/988 3461/4618/2201 3936/5148/2202 3437/4580/989
f 3461/4618/2201 2658/3688/2195 3460/4616/2198 3936/5148/2202
f 3936/5149/2202 3460/4617/2198 2667/3697/2200 3432/4575/2203
f 3437/4581/989 3936/5149/2202 3432/4575/2203 2666/3696/990
f 2303/3257/1026 2741/3778/1167 3937/5150/14 3449/4596/1689
f 2741/3778/1167 2305/3259/1066 3448/4595/1687 3937/5150/14
f 3937/5150/14 3448/4595/1687 2658/3688/2195 3461/4618/2201
f 3449/4596/1689 3937/5150/14 3461/4618/2201 2647/3676/988
f 2305/3259/1066 2744/3782/1063 3938/5151/1704 3448/4595/1687
f 2744/3782/1063 2307/3261/1062 3447/4594/5 3938/5151/1704
f 3938/5151/1704 3447/4594/5 2657/3687/2189 3462/4619/2196
f 3448/4595/1687 3938/5151/1704 3462/4619/2196 2658/3688/2195
f 2307/3261/1062 2747/3786/1149 3939/5152/1216 3447/4594/5
f 2747/3786/1149 2309/3263/1148 3446/4593/1217 3939/5152/1216
f 3939/5152/1216 3446/4593/1217 2656/3686/2180 3463/4620/2190
f 3447/4594/5 3939/5152/1216 3463/4620/2190 2657/3687/2189
f 2291/3243/1045 2723/3754/1042 3940/5153/726 3456/4609/1186
f 2723/3754/1042 2293/3245/1041 3445/4592/1187 3940/5153/726
f 3940/5153/726 3445/4592/1187 2655/3685/2174 3464/4621/2186
f 3456/4609/1186 3940/5153/726 3464/4621/2186 2654/3684/2170
f 2309/3263/1148 2750/3790/1182 3941/5154/700 3446/4593/1217
f 2750/3790/1182 2311/3265/1021 3443/4589/1218 3941/5154/700
f 3941/5154/700 3443/4589/1218 2653/3683/2159 3465/4622/2181
f 3446/4593/1217 3941/5154/700 3465/4622/2181 2656/3686/2180
f 2293/3245/1041 2726/3758/1162 3942/5155/1188 3445/4592/1187
f 2726/3758/1162 2295/3247/1075 3441/4586/1 3942/5155/1188
f 3942/5155/1188 3441/4586/1 2651/3681/2153 3466/4623/2175
f 3445/4592/1187 3942/5155/1188 3466/4623/2175 2655/3685/2174
f 2289/3241/1017 2719/3749/1170 3943/5156/1185 3454/4606/517
f 2719/3749/1170 2291/3243/1045 3456/4609/1186 3943/5156/1185
f 3943/5156/1185 3456/4609/1186 2654/3684/2170 3467/4624/2168
f 3454/4606/517 3943/5156/1185 3467/4624/2168 2652/3682/2163
f 2311/3265/1021 2753/3794/1018 3944/5157/1219 3443/4589/1218
f 2753/3794/1018 2289/3241/1017 3454/4606/517 3944/5157/1219
f 3944/5157/1219 3454/4606/517 2652/3682/2163 3468/4625/2160
f 3443/4589/1218 3944/5157/1219 3468/4625/2160 2653/3683/2159
f 2295/3247/1075 2729/3762/1072 3945/5158/1189 3441/4586/1
f 2729/3762/1072 2297/3249/1071 3440/4585/1190 3945/5158/1189
f 3945/5158/1189 3440/4585/1190 2650/3680/2147 3469/4626/2154
f 3441/4586/1 3945/5158/1189 3469/4626/2154 2651/3681/2153
f 2297/3249/1071 2732/3766/1143 3946/5159/20 3440/4585/1190
f 2732/3766/1143 2299/3251/1142 3439/4584/1683 3946/5159/20
f 3946/5159/20 3439/4584/1683 2649/3679/2141 3470/4627/2148
f 3440/4585/1190 3946/5159/20 3470/4627/2148 2650/3680/2147
f 2299/3251/1142 2735/3770/1179 3947/5160/1702 3439/4584/1683
f 2735/3770/1179 2301/3253/1030 3438/4582/532 3947/5160/1702
f 3947/5160/1702 3438/4582/532 2648/3677/984 3471/4628/2142
f 3439/4584/1683 3947/5160/1702 3471/4628/2142 2649/3679/2141
f 2301/3254/1030 2738/3774/1027 3948/5161/1696 3438/4583/532
f 2738/3774/1027 2303/3257/1026 3449/4596/1689 3948/5161/1696
f 3948/5161/1696 3449/4596/1689 2647/3676/988 3472/4629/985
f 3438/4583/532 3948/5161/1696 3472/4629/985 2648/3678/984
f 2662/3692/2158 3428/4571/2157 3949/5162/2204 3427/4570/2178
f 3428/4571/2157 2663/3693/2152 3475/4632/2205 3949/5162/2204
f 3949/5162/2204 3475/4632/2205 2646/3675/7 3474/4631/2206
f 3427/4570/2178 3949/5162/2204 3474/4631/2206 2661/3691/2179
f 2664/3694/2146 3430/4573/2145 3950/5163/2207 3429/4572/2151
f 3430/4573/2145 2665/3695/992 3476/4633/2208 3950/5163/2207
f 3950/5163/2207 3476/4633/2208 2646/3675/7 3475/4632/2205
f 3429/4572/2151 3950/5163/2207 3475/4632/2205 2663/3693/2152
f 2666/3696/990 3432/4575/2203 3951/5164/2209 3431/4574/991
f 3432/4575/2203 2667/3697/2200 3477/4634/2210 3951/5164/2209
f 3951/5164/2209 3477/4634/2210 2646/3675/7 3476/4633/2208
f 3431/4574/991 3951/5164/2209 3476/4633/2208 2665/3695/992
f 2668/3698/2194 3434/4577/2193 3952/5165/2211 3433/4576/2199
f 3434/4577/2193 2669/3699/2185 3478/4635/2212 3952/5165/2211
f 3952/5165/2211 3478/4635/2212 2646/3675/7 3477/4634/2210
f 3433/4576/2199 3952/5165/2211 3477/4634/2210 2667/3697/2200
f 2670/3700/2167 3436/4579/2166 3953/5166/2213 3435/4578/2184
f 3436/4579/2166 2659/3689/2165 3473/4630/2214 3953/5166/2213
f 3953/5166/2213 3473/4630/2214 2646/3675/7 3478/4635/2212
f 3435/4578/2184 3953/5166/2213 3478/4635/2212 2669/3699/2185
f 2660/3690/2172 3426/4569/2188 3954/5167/2215 3425/4568/2173
f 3426/4569/2188 2661/3691/2179 3474/4631/2206 3954/5167/2215
f 3954/5167/2215 3474/4631/2206 2646/3675/7 3473/4630/2214
f 3425/4568/2173 3954/5167/2215 3473/4630/2214 2659/3689/2165
f 2578/3604/517 3503/4660/517 3955/5168/1185 3283/4422/1185
f 3503/4660/517 2695/3725/517 3527/4684/1185 3955/5168/1185
f 3955/5168/1185 3527/4684/1185 2673/3703/1186 3222/4357/1186
f 3283/4422/1185 3955/5168/1185 3222/4357/1186 2563/3589/1186
f 2695/3725/517 3504/4661/517 3956/5169/1185 3527/4684/1185
f 3504/4661/517 2696/3726/517 3528/4685/1185 3956/5169/1185
f 3956/5169/1185 3528/4685/1185 2672/3702/1186 3481/4638/1186
f 3527/4684/1185 3956/5169/1185 3481/4638/1186 2673/3703/1186
f 2696/3726/517 3505/4662/517 3957/5170/1185 3528/4685/1185
f 3505/4662/517 2697/3727/517 3529/4686/1185 3957/5170/1185
f 3957/5170/1185 3529/4686/1185 2671/3701/1186 3480/4637/1186
f 3528/4685/1185 3957/5170/1185 3480/4637/1186 2672/3702/1186
f 2563/3589/1186 3222/4357/1186 3958/5171/726 3281/4420/726
f 3222/4357/1186 2673/3703/1186 3530/4687/726 3958/5171/726
f 3958/5171/726 3530/4687/726 2676/3706/1187 3224/4359/1187
f 3281/4420/726 3958/5171/726 3224/4359/1187 2565/3591/1187
f 2673/3703/1186 3481/4638/1186 3959/5172/726 3530/4687/726
f 3481/4638/1186 2672/3702/1186 3531/4688/726 3959/5172/726
f 3959/5172/726 3531/4688/726 2675/3705/1187 3484/4641/1187
f 3530/4687/726 3959/5172/726 3484/4641/1187 2676/3706/1187
f 2672/3702/1186 3480/4637/1186 3960/5173/726 3531/4688/726
f 3480/4637/1186 2671/3701/1186 3532/4689/726 3960/5173/726
f 3960/5173/726 3532/4689/726 2674/3704/1187 3483/4640/1187
f 3531/4688/726 3960/5173/726 3483/4640/1187 2675/3705/1187
f 2565/3591/1187 3224/4359/1187 3961/5174/1188 3279/4418/1188
f 3224/4359/1187 2676/3706/1187 3533/4690/1188 3961/5174/1188
f 3961/5174/1188 3533/4690/1188 2679/3709/2029 3226/4361/2029
f 3279/4418/1188 3961/5174/1188 3226/4361/2029 2567/3593/2027
f 2676/3706/1187 3484/4641/1187 3962/5175/1188 3533/4690/1188
f 3484/4641/1187 2675/3705/1187 3534/4691/1188 3962/5175/1188
f 3962/5175/1188 3534/4691/1188 2678/3708/2029 3487/4644/2029
f 3533/4690/1188 3962/5175/1188 3487/4644/2029 2679/3709/2029
f 2675/3705/1187 3483/4640/1187 3963/5176/1188 3534/4691/1188
f 3483/4640/1187 2674/3704/1187 3535/4692/1188 3963/5176/1188
f 3963/5176/1188 3535/4692/1188 2677/3707/2029 3486/4643/2029
f 3534/4691/1188 3963/5176/1188 3486/4643/2029 2678/3708/2029
f 2567/3593/2027 3226/4361/2029 3964/5177/2030 3277/4416/2028
f 3226/4361/2029 2679/3709/2029 3536/4693/2030 3964/5177/2030
f 3964/5177/2030 3536/4693/2030 2682/3712/1979 3228/4363/1979
f 3277/4416/2028 3964/5177/2030 3228/4363/1979 2569/3595/1975
f 2679/3709/2029 3487/4644/2029 3965/5178/2030 3536/4693/2030
f 3487/4644/2029 2678/3708/2029 3537/4694/2030 3965/5178/2030
f 3965/5178/2030 3537/4694/2030 2681/3711/1979 3490/4647/1979
f 3536/4693/2030 3965/5178/2030 3490/4647/1979 2682/3712/1979
f 2678/3708/2029 3486/4643/2029 3966/5179/2030 3537/4694/2030
f 3486/4643/2029 2677/3707/2029 3538/4695/2030 3966/5179/2030
f 3966/5179/2030 3538/4695/2030 2680/3710/1979 3489/4646/1979
f 3537/4694/2030 3966/5179/2030 3489/4646/1979 2681/3711/1979
f 2593/3619/1977 3252/4387/1981 3967/5180/2024 3275/4412/2023
f 3252/4387/1981 2718/3748/1981 3539/4696/2024 3967/5180/2024
f 3967/5181/2024 3539/4697/2024 2700/3730/2014 3240/4375/2014
f 3275/4413/2023 3967/5181/2024 3240/4375/2014 2581/3607/2012
f 2718/3748/1981 3526/4683/1981 3968/5182/2024 3539/4696/2024
f 3526/4683/1981 2717/3747/1981 3540/4698/2024 3968/5182/2024
f 3968/5183/2024 3540/4699/2024 2699/3729/2014 3508/4665/2014
f 3539/4697/2024 3968/5183/2024 3508/4665/2014 2700/3730/2014
f 2717/3747/1981 3525/4682/1981 3969/5184/2024 3540/4698/2024
f 3525/4682/1981 2716/3746/1981 3541/4700/2024 3969/5184/2024
f 3969/5185/2024 3541/4701/2024 2698/3728/2014 3507/4664/2014
f 3540/4699/2024 3969/5185/2024 3507/4664/2014 2699/3729/2014
f 2571/3597/1963 3230/4365/1986 3970/5186/2021 3273/4410/2020
f 3230/4365/1986 2685/3715/1986 3542/4702/2021 3970/5186/2021
f 3970/5186/2021 3542/4702/2021 2688/3718/2018 3232/4367/2018
f 3273/4410/2020 3970/5186/2021 3232/4367/2018 2573/3599/2017
f 2685/3715/1986 3493/4650/1986 3971/5187/2021 3542/4702/2021
f 3493/4650/1986 2684/3714/1986 3543/4703/2021 3971/5187/2021
f 3971/5187/2021 3543/4703/2021 2687/3717/2018 3496/4653/2018
f 3542/4702/2021 3971/5187/2021 3496/4653/2018 2688/3718/2018
f 2684/3714/1986 3492/4649/1986 3972/5188/2021 3543/4703/2021
f 3492/4649/1986 2683/3713/1986 3544/4704/2021 3972/5188/2021
f 3972/5188/2021 3544/4704/2021 2686/3716/2018 3495/4652/2018
f 3543/4703/2021 3972/5188/2021 3495/4652/2018 2687/3717/2018
f 2573/3599/2017 3232/4367/2018 3973/5189/1216 3271/4408/1216
f 3232/4367/2018 2688/3718/2018 3545/4705/1216 3973/5189/1216
f 3973/5189/1216 3545/4705/1216 2691/3721/1217 3234/4369/1217
f 3271/4408/1216 3973/5189/1216 3234/4369/1217 2575/3601/1217
f 2688/3718/2018 3496/4653/2018 3974/5190/1216 3545/4705/1216
f 3496/4653/2018 2687/3717/2018 3546/4706/1216 3974/5190/1216
f 3974/5190/1216 3546/4706/1216 2690/3720/1217 3499/4656/1217
f 3545/4705/1216 3974/5190/1216 3499/4656/1217 2691/3721/1217
f 2687/3717/2018 3495/4652/2018 3975/5191/1216 3546/4706/1216
f 3495/4652/2018 2686/3716/2018 3547/4707/1216 3975/5191/1216
f 3975/5191/1216 3547/4707/1216 2689/3719/1217 3498/4655/1217
f 3546/4706/1216 3975/5191/1216 3498/4655/1217 2690/3720/1217
f 2575/3601/1217 3234/4369/1217 3976/5192/700 3269/4406/700
f 3234/4369/1217 2691/3721/1217 3548/4708/700 3976/5192/700
f 3976/5192/700 3548/4708/700 2694/3724/1218 3236/4371/1218
f 3269/4406/700 3976/5192/700 3236/4371/1218 2577/3603/1218
f 2691/3721/1217 3499/4656/1217 3977/5193/700 3548/4708/700
f 3499/4656/1217 2690/3720/1217 3549/4709/700 3977/5193/700
f 3977/5193/700 3549/4709/700 2693/3723/1218 3502/4659/1218
f 3548/4708/700 3977/5193/700 3502/4659/1218 2694/3724/1218
f 2690/3720/1217 3498/4655/1217 3978/5194/700 3549/4709/700
f 3498/4655/1217 2689/3719/1217 3550/4710/700 3978/5194/700
f 3978/5194/700 3550/4710/700 2692/3722/1218 3501/4658/1218
f 3549/4709/700 3978/5194/700 3501/4658/1218 2693/3723/1218
f 2577/3603/1218 3236/4371/1218 3979/5195/1219 3267/4404/1219
f 3236/4371/1218 2694/3724/1218 3551/4711/1219 3979/5195/1219
f 3979/5195/1219 3551/4711/1219 2695/3725/517 3503/4660/517
f 3267/4404/1219 3979/5195/1219 3503/4660/517 2578/3604/517
f 2694/3724/1218 3502/4659/1218 3980/5196/1219 3551/4711/1219
f 3502/4659/1218 2693/3723/1218 3552/4712/1219 3980/5196/1219
f 3980/5196/1219 3552/4712/1219 2696/3726/517 3504/4661/517
f 3551/4711/1219 3980/5196/1219 3504/4661/517 2695/3725/517
f 2693/3723/1218 3501/4658/1218 3981/5197/1219 3552/4712/1219
f 3501/4658/1218 2692/3722/1218 3553/4713/1219 3981/5197/1219
f 3981/5197/1219 3553/4713/1219 2697/3727/517 3505/4662/517
f 3552/4712/1219 3981/5197/1219 3505/4662/517 2696/3726/517
f 2581/3607/2012 3240/4375/2014 3982/5198/2015 3265/4402/2013
f 3240/4375/2014 2700/3730/2014 3554/4714/2015 3982/5198/2015
f 3982/5198/2015 3554/4714/2015 2703/3733/2008 3242/4377/2008
f 3265/4402/2013 3982/5198/2015 3242/4377/2008 2583/3609/2006
f 2700/3730/2014 3508/4665/2014 3983/5199/2015 3554/4714/2015
f 3508/4665/2014 2699/3729/2014 3555/4715/2015 3983/5199/2015
f 3983/5199/2015 3555/4715/2015 2702/3732/2008 3511/4668/2008
f 3554/4714/2015 3983/5199/2015 3511/4668/2008 2703/3733/2008
f 2699/3729/2014 3507/4664/2014 3984/5200/2015 3555/4715/2015
f 3507/4664/2014 2698/3728/2014 3556/4716/2015 3984/5200/2015
f 3984/5200/2015 3556/4716/2015 2701/3731/2008 3510/4667/2008
f 3555/4715/2015 3984/5200/2015 3510/4667/2008 2702/3732/2008
f 2583/3609/2006 3242/4377/2008 3985/5201/2009 3263/4400/2007
f 3242/4377/2008 2703/3733/2008 3557/4717/2009 3985/5201/2009
f 3985/5201/2009 3557/4717/2009 2706/3736/532 3244/4379/532
f 3263/4400/2007 3985/5201/2009 3244/4379/532 2585/3611/2001
f 2703/3733/2008 3511/4668/2008 3986/5202/2009 3557/4717/2009
f 3511/4668/2008 2702/3732/2008 3558/4718/2009 3986/5202/2009
f 3986/5202/2009 3558/4718/2009 2705/3735/532 3514/4671/532
f 3557/4717/2009 3986/5202/2009 3514/4671/532 2706/3736/532
f 2702/3732/2008 3510/4667/2008 3987/5203/2009 3558/4718/2009
f 3510/4667/2008 2701/3731/2008 3559/4719/2009 3987/5203/2009
f 3987/5203/2009 3559/4719/2009 2704/3734/532 3513/4670/532
f 3558/4718/2009 3987/5203/2009 3513/4670/532 2705/3735/532
f 2585/3611/2001 3244/4379/532 3988/5204/2003 3261/4398/2002
f 3244/4379/532 2706/3736/532 3560/4720/2003 3988/5204/2003
f 3988/5204/2003 3560/4720/2003 2709/3739/1997 3246/4381/1997
f 3261/4398/2002 3988/5204/2003 3246/4381/1997 2587/3613/1995
f 2706/3736/532 3514/4671/532 3989/5205/2003 3560/4720/2003
f 3514/4671/532 2705/3735/532 3561/4721/2003 3989/5205/2003
f 3989/5205/2003 3561/4721/2003 2708/3738/1997 3517/4674/1997
f 3560/4720/2003 3989/5205/2003 3517/4674/1997 2709/3739/1997
f 2705/3735/532 3513/4670/532 3990/5206/2003 3561/4721/2003
f 3513/4670/532 2704/3734/532 3562/4722/2003 3990/5206/2003
f 3990/5206/2003 3562/4722/2003 2707/3737/1997 3516/4673/1997
f 3561/4721/2003 3990/5206/2003 3516/4673/1997 2708/3738/1997
f 2587/3613/1995 3246/4381/1997 3991/5207/1998 3259/4396/1996
f 3246/4381/1997 2709/3739/1997 3563/4723/1998 3991/5207/1998
f 3991/5207/1998 3563/4723/1998 2712/3742/1992 3248/4383/1992
f 3259/4396/1996 3991/5207/1998 3248/4383/1992 2589/3615/1929
f 2709/3739/1997 3517/4674/1997 3992/5208/1998 3563/4723/1998
f 3517/4674/1997 2708/3738/1997 3564/4724/1998 3992/5208/1998
f 3992/5208/1998 3564/4724/1998 2711/3741/1992 3520/4677/1992
f 3563/4723/1998 3992/5208/1998 3520/4677/1992 2712/3742/1992
f 2708/3738/1997 3516/4673/1997 3993/5209/1998 3564/4724/1998
f 3516/4673/1997 2707/3737/1997 3565/4725/1998 3993/5209/1998
f 3993/5209/1998 3565/4725/1998 2710/3740/1992 3519/4676/1992
f 3564/4724/1998 3993/5209/1998 3519/4676/1992 2711/3741/1992
f 2591/3617/1984 3250/4385/1988 3994/5210/1991 3257/4392/1990
f 3250/4385/1988 2715/3745/1988 3566/4726/1991 3994/5210/1991
f 3994/5211/1991 3566/4727/1991 2710/3740/1992 3518/4675/1992
f 3257/4393/1990 3994/5211/1991 3518/4675/1992 2588/3614/1923
f 2715/3745/1988 3523/4680/1988 3995/5212/1991 3566/4726/1991
f 3523/4680/1988 2714/3744/1988 3567/4728/1991 3995/5212/1991
f 3995/5213/1991 3567/4729/1991 2711/3741/1992 3519/4676/1992
f 3566/4727/1991 3995/5213/1991 3519/4676/1992 2710/3740/1992
f 2714/3744/1988 3522/4679/1988 3996/5214/1991 3567/4728/1991
f 3522/4679/1988 2713/3743/1988 3568/4730/1991 3996/5214/1991
f 3996/5215/1991 3568/4731/1991 2712/3742/1992 3520/4677/1992
f 3567/4729/1991 3996/5215/1991 3520/4677/1992 2711/3741/1992
f 2570/3596/1897 3491/4648/1986 3997/5216/1987 3255/4390/1983
f 3491/4648/1986 2683/3713/1986 3569/4732/1987 3997/5216/1987
f 3997/5216/1987 3569/4732/1987 2715/3745/1988 3250/4385/1988
f 3255/4390/1983 3997/5216/1987 3250/4385/1988 2591/3617/1984
f 2683/3713/1986 3492/4649/1986 3998/5217/1987 3569/4732/1987
f 3492/4649/1986 2684/3714/1986 3570/4733/1987 3998/5217/1987
f 3998/5217/1987 3570/4733/1987 2714/3744/1988 3523/4680/1988
f 3569/4732/1987 3998/5217/1987 3523/4680/1988 2715/3745/1988
f 2684/3714/1986 3493/4650/1986 3999/5218/1987 3570/4733/1987
f 3493/4650/1986 2685/3715/1986 3571/4734/1987 3999/5218/1987
f 3999/5218/1987 3571/4734/1987 2713/3743/1988 3522/4679/1988
f 3570/4733/1987 3999/5218/1987 3522/4679/1988 2714/3744/1988
f 2569/3595/1975 3228/4363/1979 4000/5219/1980 3253/4388/1976
f 3228/4363/1979 2682/3712/1979 3572/4735/1980 4000/5219/1980
f 4000/5219/1980 3572/4735/1980 2718/3748/1981 3252/4387/1981
f 3253/4388/1976 4000/5219/1980 3252/4387/1981 2593/3619/1977
f 2682/3712/1979 3490/4647/1979 4001/5220/1980 3572/4735/1980
f 3490/4647/1979 2681/3711/1979 3573/4736/1980 4001/5220/1980
f 4001/5220/1980 3573/4736/1980 2717/3747/1981 3526/4683/1981
f 3572/4735/1980 4001/5220/1980 3526/4683/1981 2718/3748/1981
f 2681/3711/1979 3489/4646/1979 4002/5221/1980 3573/4736/1980
f 3489/4646/1979 2680/3710/1979 3574/4737/1980 4002/5221/1980
f 4002/5221/1980 3574/4737/1980 2716/3746/1981 3525/4682/1981
f 3573/4736/1980 4002/5221/1980 3525/4682/1981 2717/3747/1981
f 4003/5222/532 4012/5232/2216 4013/5233/2217 4004/5223/2218
f 4004/5223/2218 4013/5233/2217 4014/5234/2219 4005/5224/2220
f 4005/5224/2220 4014/5234/2219 4015/5235/2221 4006/5225/2222
f 4006/5225/2222 4015/5235/2221 4016/5236/2223 4007/5226/2224
f 4007/5227/2224 4016/5237/2223 4017/5238/2225 4008/5228/2226
f 4008/5228/2226 4017/5238/2225 4018/5239/2227 4009/5229/2228
f 4009/5229/2228 4018/5239/2227 4019/5240/2229 4010/5230/2230
f 4010/5230/2230 4019/5240/2229 4020/5241/2231 4011/5231/2232
f 4011/5231/2232 4020/5241/2231 4012/5232/2216 4003/5222/532
f 4012/5232/2216 4021/5242/2233 4022/5243/2234 4013/5233/2217
f 4013/5233/2217 4022/5243/2234 4023/5244/2235 4014/5234/2219
f 4014/5234/2219 4023/5244/2235 4024/5245/2236 4015/5235/2221
f 4015/5235/2221 4024/5245/2236 4025/5246/2237 4016/5236/2223
f 4016/5237/2223 4025/5247/2237 4026/5248/2238 4017/5238/2225
f 4017/5238/2225 4026/5248/2238 4027/5249/2239 4018/5239/2227
f 4018/5239/2227 4027/5249/2239 4028/5250/2240 4019/5240/2229
f 4019/5240/2229 4028/5250/2240 4029/5251/2241 4020/5241/2231
f 4020/5241/2231 4029/5251/2241 4021/5242/2233 4012/5232/2216
f 4021/5242/2233 4030/5252/1190 4031/5253/2242 4022/5243/2234
f 4022/5243/2234 4031/5253/2242 4032/5254/2243 4023/5244/2235
f 4023/5244/2235 4032/5254/2243 4033/5255/2244 4024/5245/2236
f 4024/5245/2236 4033/5255/2244 4034/5256/2245 4025/5246/2237
f 4025/5247/2237 4034/5257/2245 4035/5258/2246 4026/5248/2238
f 4026/5248/2238 4035/5258/2246 4036/5259/2247 4027/5249/2239
f 4027/5249/2239 4036/5259/2247 4037/5260/2248 4028/5250/2240
f 4028/5250/2240 4037/5260/2248 4038/5261/2249 4029/5251/2241
f 4029/5251/2241 4038/5261/2249 4030/5252/1190 4021/5242/2233
f 4030/5252/1190 4039/5262/2250 4040/5263/2251 4031/5253/2242
f 4031/5253/2242 4040/5263/2251 4041/5264/2252 4032/5254/2243
f 4032/5254/2243 4041/5264/2252 4042/5265/2253 4033/5255/2244
f 4033/5255/2244 4042/5265/2253 4043/5266/2254 4034/5256/2245
f 4034/5257/2245 4043/5267/2254 4044/5268/2255 4035/5258/2246
f 4035/5258/2246 4044/5268/2255 4045/5269/2256 4036/5259/2247
f 4036/5259/2247 4045/5269/2256 4046/5270/2257 4037/5260/2248
f 4037/5260/2248 4046/5270/2257 4047/5271/2258 4038/5261/2249
f 4038/5261/2249 4047/5271/2258 4039/5262/2250 4030/5252/1190
f 4039/5262/2250 4048/5272/2259 4049/5273/2260 4040/5263/2251
f 4040/5263/2251 4049/5273/2260 4050/5274/2261 4041/5264/2252
f 4041/5264/2252 4050/5274/2261 4051/5275/2262 4042/5265/2253
f 4042/5265/2253 4051/5275/2262 4052/5276/2263 4043/5266/2254
f 4043/5267/2254 4052/5277/2263 4053/5278/2264 4044/5268/2255
f 4044/5268/2255 4053/5278/2264 4054/5279/2265 4045/5269/2256
f 4045/5269/2256 4054/5279/2265 4055/5280/2266 4046/5270/2257
f 4046/5270/2257 4055/5280/2266 4056/5281/2267 4047/5271/2258
f 4047/5271/2258 4056/5281/2267 4048/5272/2259 4039/5262/2250
f 4048/5272/2259 4057/5282/1187 4058/5283/2268 4049/5273/2260
f 4049/5273/2260 4058/5283/2268 4059/5284/2269 4050/5274/2261
f 4050/5274/2261 4059/5284/2269 4060/5285/2270 4051/5275/2262
f 4051/5275/2262 4060/5285/2270 4061/5286/2271 4052/5276/2263
f 4052/5277/2263 4061/5287/2271 4062/5288/2272 4053/5278/2264
f 4053/5278/2264 4062/5288/2272 4063/5289/2273 4054/5279/2265
f 4054/5279/2265 4063/5289/2273 4064/5290/2274 4055/5280/2266
f 4055/5280/2266 4064/5290/2274 4065/5291/2275 4056/5281/2267
f 4056/5281/2267 4065/5291/2275 4057/5282/1187 4048/5272/2259
f 4057/5282/1187 4066/5292/2276 4067/5293/2277 4058/5283/2268
f 4058/5283/2268 4067/5293/2277 4068/5294/2278 4059/5284/2269
f 4059/5284/2269 4068/5294/2278 4069/5295/2279 4060/5285/2270
f 4060/5285/2270 4069/5295/2279 4070/5296/2280 4061/5286/2271
f 4061/5287/2271 4070/5297/2280 4071/5298/2281 4062/5288/2272
f 4062/5288/2272 4071/5298/2281 4072/5299/2282 4063/5289/2273
f 4063/5289/2273 4072/5299/2282 4073/5300/2283 4064/5290/2274
f 4064/5290/2274 4073/5300/2283 4074/5301/2284 4065/5291/2275
f 4065/5291/2275 4074/5301/2284 4066/5292/2276 4057/5282/1187
f 4066/5292/2276 4075/5302/2285 4076/5303/2286 4067/5293/2277
f 4067/5293/2277 4076/5303/2286 4077/5304/2287 4068/5294/2278
f 4068/5294/2278 4077/5304/2287 4078/5305/2288 4069/5295/2279
f 4069/5295/2279 4078/5305/2288 4079/5306/2289 4070/5296/2280
f 4070/5297/2280 4079/5307/2289 4080/5308/2290 4071/5298/2281
f 4071/5298/2281 4080/5308/2290 4081/5309/2291 4072/5299/2282
f 4072/5299/2282 4081/5309/2291 4082/5310/2292 4073/5300/2283
f 4073/5300/2283 4082/5310/2292 4083/5311/2293 4074/5301/2284
f 4074/5301/2284 4083/5311/2293 4075/5302/2285 4066/5292/2276
f 4075/5302/2285 4084/5312/517 4085/5314/2294 4076/5303/2286
f 4076/5303/2286 4085/5314/2294 4086/5316/2295 4077/5304/2287
f 4077/5304/2287 4086/5316/2295 4087/5318/2296 4078/5305/2288
f 4078/5305/2288 4087/5318/2296 4088/5320/2297 4079/5306/2289
f 4079/5307/2289 4088/5321/2297 4089/5324/2298 4080/5308/2290
f 4080/5308/2290 4089/5324/2298 4090/5326/2299 4081/5309/2291
f 4081/5309/2291 4090/5326/2299 4091/5328/2300 4082/5310/2292
f 4082/5310/2292 4091/5328/2300 4092/5330/2301 4083/5311/2293
f 4083/5311/2293 4092/5330/2301 4084/5312/517 4075/5302/2285
f 4084/5313/517 4093/5332/2302 4094/5333/2303 4085/5315/2294
f 4085/5315/2294 4094/5333/2303 4095/5334/2304 4086/5317/2295
f 4086/5317/2295 4095/5334/2304 4096/5335/2305 4087/5319/2296
f 4087/5319/2296 4096/5335/2305 4097/5336/2306 4088/5322/2297
f 4088/5323/2297 4097/5337/2306 4098/5338/2307 4089/5325/2298
f 4089/5325/2298 4098/5338/2307 4099/5339/2308 4090/5327/2299
f 4090/5327/2299 4099/5339/2308 4100/5340/2309 4091/5329/2300
f 4091/5329/2300 4100/5340/2309 4101/5341/2310 4092/5331/2301
f 4092/5331/2301 4101/5341/2310 4093/5332/2302 4084/5313/517
f 4093/5332/2302 4102/5342/2311 4103/5343/2312 4094/5333/2303
f 4094/5333/2303 4103/5343/2312 4104/5344/2313 4095/5334/2304
f 4095/5334/2304 4104/5344/2313 4105/5345/2314 4096/5335/2305
f 4096/5335/2305 4105/5345/2314 4106/5346/2315 4097/5336/2306
f 4097/5337/2306 4106/5347/2315 4107/5348/2316 4098/5338/2307
f 4098/5338/2307 4107/5348/2316 4108/5349/2317 4099/5339/2308
f 4099/5339/2308 4108/5349/2317 4109/5350/2318 4100/5340/2309
f 4100/5340/2309 4109/5350/2318 4110/5351/2319 4101/5341/2310
f 4101/5341/2310 4110/5351/2319 4102/5342/2311 4093/5332/2302
f 4102/5342/2311 4111/5352/1217 4112/5353/2320 4103/5343/2312
f 4103/5343/2312 4112/5353/2320 4113/5354/2321 4104/5344/2313
f 4104/5344/2313 4113/5354/2321 4114/5355/2322 4105/5345/2314
f 4105/5345/2314 4114/5355/2322 4115/5356/2323 4106/5346/2315
f 4106/5347/2315 4115/5357/2323 4116/5358/2324 4107/5348/2316
f 4107/5348/2316 4116/5358/2324 4117/5359/2325 4108/5349/2317
f 4108/5349/2317 4117/5359/2325 4118/5360/2326 4109/5350/2318
f 4109/5350/2318 4118/5360/2326 4119/5361/2327 4110/5351/2319
f 4110/5351/2319 4119/5361/2327 4111/5352/1217 4102/5342/2311
f 4111/5352/1217 4120/5362/2328 4121/5363/2329 4112/5353/2320
f 4112/5353/2320 4121/5363/2329 4122/5364/2330 4113/5354/2321
f 4113/5354/2321 4122/5364/2330 4123/5365/2331 4114/5355/2322
f 4114/5355/2322 4123/5365/2331 4124/5366/2332 4115/5356/2323
f 4115/5357/2323 4124/5367/2332 4125/5368/2333 4116/5358/2324
f 4116/5358/2324 4125/5368/2333 4126/5369/2334 4117/5359/2325
f 4117/5359/2325 4126/5369/2334 4127/5370/2335 4118/5360/2326
f 4118/5360/2326 4127/5370/2335 4128/5371/2336 4119/5361/2327
f 4119/5361/2327 4128/5371/2336 4120/5362/2328 4111/5352/1217
f 4120/5362/2328 4129/5372/2337 4130/5373/2338 4121/5363/2329
f 4121/5363/2329 4130/5373/2338 4131/5374/2339 4122/5364/2330
f 4122/5364/2330 4131/5374/2339 4132/5375/2340 4123/5365/2331
f 4123/5365/2331 4132/5375/2340 4133/5376/2341 4124/5366/2332
f 4124/5367/2332 4133/5377/2341 4134/5378/2342 4125/5368/2333
f 4125/5368/2333 4134/5378/2342 4135/5379/2343 4126/5369/2334
f 4126/5369/2334 4135/5379/2343 4136/5380/2344 4127/5370/2335
f 4127/5370/2335 4136/5380/2344 4137/5381/2345 4128/5371/2336
f 4128/5371/2336 4137/5381/2345 4129/5372/2337 4120/5362/2328
f 4129/5372/2337 4138/5382/1687 4139/5383/2346 4130/5373/2338
f 4130/5373/2338 4139/5383/2346 4140/5384/2347 4131/5374/2339
f 4131/5374/2339 4140/5384/2347 4141/5385/2348 4132/5375/2340
f 4132/5375/2340 4141/5385/2348 4142/5386/2349 4133/5376/2341
f 4133/5377/2341 4142/5387/2349 4143/5388/2350 4134/5378/2342
f 4134/5378/2342 4143/5388/2350 4144/5389/2351 4135/5379/2343
f 4135/5379/2343 4144/5389/2351 4145/5390/2352 4136/5380/2344
f 4136/5380/2344 4145/5390/2352 4146/5391/2353 4137/5381/2345
f 4137/5381/2345 4146/5391/2353 4138/5382/1687 4129/5372/2337
f 4138/5382/1687 4147/5392/2354 4148/5393/2355 4139/5383/2346
f 4139/5383/2346 4148/5393/2355 4149/5394/2356 4140/5384/2347
f 4140/5384/2347 4149/5394/2356 4150/5395/2357 4141/5385/2348
f 4141/5385/2348 4150/5395/2357 4151/5396/2358 4142/5386/2349
f 4142/5387/2349 4151/5397/2358 4152/5398/2359 4143/5388/2350
f 4143/5388/2350 4152/5398/2359 4153/5399/2360 4144/5389/2351
f 4144/5389/2351 4153/5399/2360 4154/5400/2361 4145/5390/2352
f 4145/5390/2352 4154/5400/2361 4155/5401/2362 4146/5391/2353
f 4146/5391/2353 4155/5401/2362 4147/5392/2354 4138/5382/1687
f 4147/5392/2354 4156/5402/2363 4157/5403/2364 4148/5393/2355
f 4148/5393/2355 4157/5403/2364 4158/5404/2365 4149/5394/2356
f 4149/5394/2356 4158/5404/2365 4159/5405/2366 4150/5395/2357
f 4150/5395/2357 4159/5405/2366 4160/5406/2367 4151/5396/2358
f 4151/5397/2358 4160/5407/2367 4161/5408/2368 4152/5398/2359
f 4152/5398/2359 4161/5408/2368 4162/5409/2369 4153/5399/2360
f 4153/5399/2360 4162/5409/2369 4163/5410/2370 4154/5400/2361
f 4154/5400/2361 4163/5410/2370 4164/5411/2371 4155/5401/2362
f 4155/5401/2362 4164/5411/2371 4156/5402/2363 4147/5392/2354
f 4156/5402/2363 4003/5222/532 4004/5223/2218 4157/5403/2364
f 4157/5403/2364 4004/5223/2218 4005/5224/2220 4158/5404/2365
f 4158/5404/2365 4005/5224/2220 4006/5225/2222 4159/5405/2366
f 4159/5405/2366 4006/5225/2222 4007/5226/2224 4160/5406/2367
f 4160/5407/2367 4007/5227/2224 4008/5228/2226 4161/5408/2368
f 4161/5408/2368 4008/5228/2226 4009/5229/2228 4162/5409/2369
f 4162/5409/2369 4009/5229/2228 4010/5230/2230 4163/5410/2370
f 4163/5410/2370 4010/5230/2230 4011/5231/2232 4164/5411/2371
f 4164/5411/2371 4011/5231/2232 4003/5222/532 4156/5402/2363
f 4165/5412/532 4174/5422/2216 4175/5423/2217 4166/5413/2218
f 4166/5413/2218 4175/5423/2217 4176/5424/2219 4167/5414/2220
f 4167/5414/2220 4176/5424/2219 4177/5425/2221 4168/5415/2222
f 4168/5415/2222 4177/5425/2221 4178/5426/2223 4169/5416/2224
f 4169/5417/2224 4178/5427/2223 4179/5428/2225 4170/5418/2226
f 4170/5418/2226 4179/5428/2225 4180/5429/2372 4171/5419/2228
f 4171/5419/2228 4180/5429/2372 4181/5430/2229 4172/5420/2230
f 4172/5420/2230 4181/5430/2229 4182/5431/2231 4173/5421/2232
f 4173/5421/2232 4182/5431/2231 4174/5422/2216 4165/5412/532
f 4174/5422/2216 4183/5432/2233 4184/5433/2234 4175/5423/2217
f 4175/5423/2217 4184/5433/2234 4185/5434/2235 4176/5424/2219
f 4176/5424/2219 4185/5434/2235 4186/5435/2236 4177/5425/2221
f 4177/5425/2221 4186/5435/2236 4187/5436/2237 4178/5426/2223
f 4178/5427/2223 4187/5437/2237 4188/5438/2238 4179/5428/2225
f 4179/5428/2225 4188/5438/2238 4189/5439/2239 4180/5429/2372
f 4180/5429/2372 4189/5439/2239 4190/5440/2240 4181/5430/2229
f 4181/5430/2229 4190/5440/2240 4191/5441/2241 4182/5431/2231
f 4182/5431/2231 4191/5441/2241 4183/5432/2233 4174/5422/2216
f 4183/5432/2233 4192/5442/1190 4193/5443/2242 4184/5433/2234
f 4184/5433/2234 4193/5443/2242 4194/5444/2243 4185/5434/2235
f 4185/5434/2235 4194/5444/2243 4195/5445/2244 4186/5435/2236
f 4186/5435/2236 4195/5445/2244 4196/5446/2245 4187/5436/2237
f 4187/5437/2237 4196/5447/2245 4197/5448/2246 4188/5438/2238
f 4188/5438/2238 4197/5448/2246 4198/5449/2247 4189/5439/2239
f 4189/5439/2239 4198/5449/2247 4199/5450/2248 4190/5440/2240
f 4190/5440/2240 4199/5450/2248 4200/5451/2249 4191/5441/2241
f 4191/5441/2241 4200/5451/2249 4192/5442/1190 4183/5432/2233
f 4192/5442/1190 4201/5452/2250 4202/5453/2251 4193/5443/2242
f 4193/5443/2242 4202/5453/2251 4203/5454/2252 4194/5444/2243
f 4194/5444/2243 4203/5454/2252 4204/5455/2253 4195/5445/2244
f 4195/5445/2244 4204/5455/2253 4205/5456/2254 4196/5446/2245
f 4196/5447/2245 4205/5457/2254 4206/5458/2255 4197/5448/2246
f 4197/5448/2246 4206/5458/2255 4207/5459/2256 4198/5449/2247
f 4198/5449/2247 4207/5459/2256 4208/5460/2257 4199/5450/2248
f 4199/5450/2248 4208/5460/2257 4209/5461/2258 4200/5451/2249
f 4200/5451/2249 4209/5461/2258 4201/5452/2250 4192/5442/1190
f 4201/5452/2250 4210/5462/2259 4211/5463/2260 4202/5453/2251
f 4202/5453/2251 4211/5463/2260 4212/5464/2261 4203/5454/2252
f 4203/5454/2252 4212/5464/2261 4213/5465/2262 4204/5455/2253
f 4204/5455/2253 4213/5465/2262 4214/5466/2263 4205/5456/2254
f 4205/5457/2254 4214/5467/2263 4215/5468/2264 4206/5458/2255
f 4206/5458/2255 4215/5468/2264 4216/5469/2265 4207/5459/2256
f 4207/5459/2256 4216/5469/2265 4217/5470/2266 4208/5460/2257
f 4208/5460/2257 4217/5470/2266 4218/5471/2267 4209/5461/2258
f 4209/5461/2258 4218/5471/2267 4210/5462/2259 4201/5452/2250
f 4210/5462/2259 4219/5472/1187 4220/5473/2268 4211/5463/2260
f 4211/5463/2260 4220/5473/2268 4221/5474/2269 4212/5464/2261
f 4212/5464/2261 4221/5474/2269 4222/5475/2270 4213/5465/2262
f 4213/5465/2262 4222/5475/2270 4223/5476/2271 4214/5466/2263
f 4214/5467/2263 4223/5477/2271 4224/5478/2272 4215/5468/2264
f 4215/5468/2264 4224/5478/2272 4225/5479/2273 4216/5469/2265
f 4216/5469/2265 4225/5479/2273 4226/5480/2274 4217/5470/2266
f 4217/5470/2266 4226/5480/2274 4227/5481/2275 4218/5471/2267
f 4218/5471/2267 4227/5481/2275 4219/5472/1187 4210/5462/2259
f 4219/5472/1187 4228/5482/2276 4229/5483/2277 4220/5473/2268
f 4220/5473/2268 4229/5483/2277 4230/5484/2278 4221/5474/2269
f 4221/5474/2269 4230/5484/2278 4231/5485/2279 4222/5475/2270
f 4222/5475/2270 4231/5485/2279 4232/5486/2280 4223/5476/2271
f 4223/5477/2271 4232/5487/2280 4233/5488/2281 4224/5478/2272
f 4224/5478/2272 4233/5488/2281 4234/5489/2282 4225/5479/2273
f 4225/5479/2273 4234/5489/2282 4235/5490/2283 4226/5480/2274
f 4226/5480/2274 4235/5490/2283 4236/5491/2284 4227/5481/2275
f 4227/5481/2275 4236/5491/2284 4228/5482/2276 4219/5472/1187
f 4228/5482/2276 4237/5492/2285 4238/5493/2373 4229/5483/2277
f 4229/5483/2277 4238/5493/2373 4239/5494/2287 4230/5484/2278
f 4230/5484/2278 4239/5494/2287 4240/5495/2288 4231/5485/2279
f 4231/5485/2279 4240/5495/2288 4241/5496/2289 4232/5486/2280
f 4232/5487/2280 4241/5497/2289 4242/5498/2290 4233/5488/2281
f 4233/5488/2281 4242/5498/2290 4243/5499/2291 4234/5489/2282
f 4234/5489/2282 4243/5499/2291 4244/5500/2292 4235/5490/2283
f 4235/5490/2283 4244/5500/2292 4245/5501/2293 4236/5491/2284
f 4236/5491/2284 4245/5501/2293 4237/5492/2285 4228/5482/2276
f 4237/5492/2285 4246/5502/517 4247/5504/2294 4238/5493/2373
f 4238/5493/2373 4247/5504/2294 4248/5506/2295 4239/5494/2287
f 4239/5494/2287 4248/5506/2295 4249/5508/2296 4240/5495/2288
f 4240/5495/2288 4249/5508/2296 4250/5510/2297 4241/5496/2289
f 4241/5497/2289 4250/5511/2297 4251/5514/2298 4242/5498/2290
f 4242/5498/2290 4251/5514/2298 4252/5516/2299 4243/5499/2291
f 4243/5499/2291 4252/5516/2299 4253/5518/2300 4244/5500/2292
f 4244/5500/2292 4253/5518/2300 4254/5520/2301 4245/5501/2293
f 4245/5501/2293 4254/5520/2301 4246/5502/517 4237/5492/2285
f 4246/5503/517 4255/5522/2302 4256/5523/2303 4247/5505/2294
f 4247/5505/2294 4256/5523/2303 4257/5524/2304 4248/5507/2295
f 4248/5507/2295 4257/5524/2304 4258/5525/2305 4249/5509/2296
f 4249/5509/2296 4258/5525/2305 4259/5526/2306 4250/5512/2297
f 4250/5513/2297 4259/5527/2306 4260/5528/2307 4251/5515/2298
f 4251/5515/2298 4260/5528/2307 4261/5529/2308 4252/5517/2299
f 4252/5517/2299 4261/5529/2308 4262/5530/2309 4253/5519/2300
f 4253/5519/2300 4262/5530/2309 4263/5531/2310 4254/5521/2301
f 4254/5521/2301 4263/5531/2310 4255/5522/2302 4246/5503/517
f 4255/5522/2302 4264/5532/2311 4265/5533/2312 4256/5523/2303
f 4256/5523/2303 4265/5533/2312 4266/5534/2313 4257/5524/2304
f 4257/5524/2304 4266/5534/2313 4267/5535/2314 4258/5525/2305
f 4258/5525/2305 4267/5535/2314 4268/5536/2315 4259/5526/2306
f 4259/5527/2306 4268/5537/2315 4269/5538/2316 4260/5528/2307
f 4260/5528/2307 4269/5538/2316 4270/5539/2317 4261/5529/2308
f 4261/5529/2308 4270/5539/2317 4271/5540/2318 4262/5530/2309
f 4262/5530/2309 4271/5540/2318 4272/5541/2319 4263/5531/2310
f 4263/5531/2310 4272/5541/2319 4264/5532/2311 4255/5522/2302
f 4264/5532/2311 4273/5542/1217 4274/5543/2320 4265/5533/2312
f 4265/5533/2312 4274/5543/2320 4275/5544/2321 4266/5534/2313
f 4266/5534/2313 4275/5544/2321 4276/5545/2322 4267/5535/2314
f 4267/5535/2314 4276/5545/2322 4277/5546/2323 4268/5536/2315
f 4268/5537/2315 4277/5547/2323 4278/5548/2324 4269/5538/2316
f 4269/5538/2316 4278/5548/2324 4279/5549/2325 4270/5539/2317
f 4270/5539/2317 4279/5549/2325 4280/5550/2326 4271/5540/2318
f 4271/5540/2318 4280/5550/2326 4281/5551/2327 4272/5541/2319
f 4272/5541/2319 4281/5551/2327 4273/5542/1217 4264/5532/2311
f 4273/5542/1217 4282/5552/2328 4283/5553/2329 4274/5543/2320
f 4274/5543/2320 4283/5553/2329 4284/5554/2330 4275/5544/2321
f 4275/5544/2321 4284/5554/2330 4285/5555/2331 4276/5545/2322
f 4276/5545/2322 4285/5555/2331 4286/5556/2332 4277/5546/2323
f 4277/5547/2323 4286/5557/2332 4287/5558/2333 4278/5548/2324
f 4278/5548/2324 4287/5558/2333 4288/5559/2334 4279/5549/2325
f 4279/5549/2325 4288/5559/2334 4289/5560/2335 4280/5550/2326
f 4280/5550/2326 4289/5560/2335 4290/5561/2336 4281/5551/2327
f 4281/5551/2327 4290/5561/2336 4282/5552/2328 4273/5542/1217
f 4282/5552/2328 4291/5562/2337 4292/5563/2338 4283/5553/2329
f 4283/5553/2329 4292/5563/2338 4293/5564/2339 4284/5554/2330
f 4284/5554/2330 4293/5564/2339 4294/5565/2340 4285/5555/2331
f 4285/5555/2331 4294/5565/2340 4295/5566/2341 4286/5556/2332
f 4286/5557/2332 4295/5567/2341 4296/5568/2342 4287/5558/2333
f 4287/5558/2333 4296/5568/2342 4297/5569/2343 4288/5559/2334
f 4288/5559/2334 4297/5569/2343 4298/5570/2344 4289/5560/2335
f 4289/5560/2335 4298/5570/2344 4299/5571/2345 4290/5561/2336
f 4290/5561/2336 4299/5571/2345 4291/5562/2337 4282/5552/2328
f 4291/5562/2337 4300/5572/1687 4301/5573/2346 4292/5563/2338
f 4292/5563/2338 4301/5573/2346 4302/5574/2347 4293/5564/2339
f 4293/5564/2339 4302/5574/2347 4303/5575/2348 4294/5565/2340
f 4294/5565/2340 4303/5575/2348 4304/5576/2349 4295/5566/2341
f 4295/5567/2341 4304/5577/2349 4305/5578/2350 4296/5568/2342
f 4296/5568/2342 4305/5578/2350 4306/5579/2351 4297/5569/2343
f 4297/5569/2343 4306/5579/2351 4307/5580/2352 4298/5570/2344
f 4298/5570/2344 4307/5580/2352 4308/5581/2353 4299/5571/2345
f 4299/5571/2345 4308/5581/2353 4300/5572/1687 4291/5562/2337
f 4300/5572/1687 4309/5582/2354 4310/5583/2355 4301/5573/2346
f 4301/5573/2346 4310/5583/2355 4311/5584/2356 4302/5574/2347
f 4302/5574/2347 4311/5584/2356 4312/5585/2374 4303/5575/2348
f 4303/5575/2348 4312/5585/2374 4313/5586/2358 4304/5576/2349
f 4304/5577/2349 4313/5587/2358 4314/5588/2359 4305/5578/2350
f 4305/5578/2350 4314/5588/2359 4315/5589/2360 4306/5579/2351
f 4306/5579/2351 4315/5589/2360 4316/5590/2361 4307/5580/2352
f 4307/5580/2352 4316/5590/2361 4317/5591/2362 4308/5581/2353
f 4308/5581/2353 4317/5591/2362 4309/5582/2354 4300/5572/1687
f 4309/5582/2354 4318/5592/2363 4319/5593/2364 4310/5583/2355
f 4310/5583/2355 4319/5593/2364 4320/5594/2365 4311/5584/2356
f 4311/5584/2356 4320/5594/2365 4321/5595/2366 4312/5585/2374
f 4312/5585/2374 4321/5595/2366 4322/5596/2367 4313/5586/2358
f 4313/5587/2358 4322/5597/2367 4323/5598/2368 4314/5588/2359
f 4314/5588/2359 4323/5598/2368 4324/5599/2369 4315/5589/2360
f 4315/5589/2360 4324/5599/2369 4325/5600/2370 4316/5590/2361
f 4316/5590/2361 4325/5600/2370 4326/5601/2371 4317/5591/2362
f 4317/5591/2362 4326/5601/2371 4318/5592/2363 4309/5582/2354
f 4318/5592/2363 4165/5412/532 4166/5413/2218 4319/5593/2364
f 4319/5593/2364 4166/5413/2218 4167/5414/2220 4320/5594/2365
f 4320/5594/2365 4167/5414/2220 4168/5415/2222 4321/5595/2366
f 4321/5595/2366 4168/5415/2222 4169/5416/2224 4322/5596/2367
f 4322/5597/2367 4169/5417/2224 4170/5418/2226 4323/5598/2368
f 4323/5598/2368 4170/5418/2226 4171/5419/2228 4324/5599/2369
f 4324/5599/2369 4171/5419/2228 4172/5420/2230 4325/5600/2370
f 4325/5600/2370 4172/5420/2230 4173/5421/2232 4326/5601/2371
f 4326/5601/2371 4173/5421/2232 4165/5412/532 4318/5592/2363
f 4327/5602/532 4336/5612/2216 4337/5613/2217 4328/5603/2218
f 4328/5603/2218 4337/5613/2217 4338/5614/2219 4329/5604/2220
f 4329/5604/2220 4338/5614/2219 4339/5615/2221 4330/5605/2222
f 4330/5605/2222 4339/5615/2221 4340/5616/2223 4331/5606/2224
f 4331/5607/2224 4340/5617/2223 4341/5618/2225 4332/5608/2226
f 4332/5608/2226 4341/5618/2225 4342/5619/2372 4333/5609/2228
f 4333/5609/2228 4342/5619/2372 4343/5620/2229 4334/5610/2230
f 4334/5610/2230 4343/5620/2229 4344/5621/2231 4335/5611/2232
f 4335/5611/2232 4344/5621/2231 4336/5612/2216 4327/5602/532
f 4336/5612/2216 4345/5622/2233 4346/5623/2234 4337/5613/2217
f 4337/5613/2217 4346/5623/2234 4347/5624/2235 4338/5614/2219
f 4338/5614/2219 4347/5624/2235 4348/5625/2236 4339/5615/2221
f 4339/5615/2221 4348/5625/2236 4349/5626/2237 4340/5616/2223
f 4340/5617/2223 4349/5627/2237 4350/5628/2238 4341/5618/2225
f 4341/5618/2225 4350/5628/2238 4351/5629/2239 4342/5619/2372
f 4342/5619/2372 4351/5629/2239 4352/5630/2240 4343/5620/2229
f 4343/5620/2229 4352/5630/2240 4353/5631/2241 4344/5621/2231
f 4344/5621/2231 4353/5631/2241 4345/5622/2233 4336/5612/2216
f 4345/5622/2233 4354/5632/1190 4355/5633/2242 4346/5623/2234
f 4346/5623/2234 4355/5633/2242 4356/5634/2243 4347/5624/2235
f 4347/5624/2235 4356/5634/2243 4357/5635/2244 4348/5625/2236
f 4348/5625/2236 4357/5635/2244 4358/5636/2245 4349/5626/2237
f 4349/5627/2237 4358/5637/2245 4359/5638/2246 4350/5628/2238
f 4350/5628/2238 4359/5638/2246 4360/5639/2247 4351/5629/2239
f 4351/5629/2239 4360/5639/2247 4361/5640/2248 4352/5630/2240
f 4352/5630/2240 4361/5640/2248 4362/5641/2375 4353/5631/2241
f 4353/5631/2241 4362/5641/2375 4354/5632/1190 4345/5622/2233
f 4354/5632/1190 4363/5642/2250 4364/5643/2251 4355/5633/2242
f 4355/5633/2242 4364/5643/2251 4365/5644/2252 4356/5634/2243
f 4356/5634/2243 4365/5644/2252 4366/5645/2253 4357/5635/2244
f 4357/5635/2244 4366/5645/2253 4367/5646/2254 4358/5636/2245
f 4358/5637/2245 4367/5647/2254 4368/5648/2255 4359/5638/2246
f 4359/5638/2246 4368/5648/2255 4369/5649/2256 4360/5639/2247
f 4360/5639/2247 4369/5649/2256 4370/5650/2257 4361/5640/2248
f 4361/5640/2248 4370/5650/2257 4371/5651/2258 4362/5641/2375
f 4362/5641/2375 4371/5651/2258 4363/5642/2250 4354/5632/1190
f 4363/5642/2250 4372/5652/2259 4373/5653/2260 4364/5643/2251
f 4364/5643/2251 4373/5653/2260 4374/5654/2261 4365/5644/2252
f 4365/5644/2252 4374/5654/2261 4375/5655/2262 4366/5645/2253
f 4366/5645/2253 4375/5655/2262 4376/5656/2263 4367/5646/2254
f 4367/5647/2254 4376/5657/2263 4377/5658/2264 4368/5648/2255
f 4368/5648/2255 4377/5658/2264 4378/5659/2265 4369/5649/2256
f 4369/5649/2256 4378/5659/2265 4379/5660/2266 4370/5650/2257
f 4370/5650/2257 4379/5660/2266 4380/5661/2267 4371/5651/2258
f 4371/5651/2258 4380/5661/2267 4372/5652/2259 4363/5642/2250
f 4372/5652/2259 4381/5662/1187 4382/5663/2268 4373/5653/2260
f 4373/5653/2260 4382/5663/2268 4383/5664/2269 4374/5654/2261
f 4374/5654/2261 4383/5664/2269 4384/5665/2270 4375/5655/2262
f 4375/5655/2262 4384/5665/2270 4385/5666/2271 4376/5656/2263
f 4376/5657/2263 4385/5667/2271 4386/5668/2272 4377/5658/2264
f 4377/5658/2264 4386/5668/2272 4387/5669/2273 4378/5659/2265
f 4378/5659/2265 4387/5669/2273 4388/5670/2274 4379/5660/2266
f 4379/5660/2266 4388/5670/2274 4389/5671/2275 4380/5661/2267
f 4380/5661/2267 4389/5671/2275 4381/5662/1187 4372/5652/2259
f 4381/5662/1187 4390/5672/2276 4391/5673/2277 4382/5663/2268
f 4382/5663/2268 4391/5673/2277 4392/5674/2278 4383/5664/2269
f 4383/5664/2269 4392/5674/2278 4393/5675/2279 4384/5665/2270
f 4384/5665/2270 4393/5675/2279 4394/5676/2280 4385/5666/2271
f 4385/5667/2271 4394/5677/2280 4395/5678/2281 4386/5668/2272
f 4386/5668/2272 4395/5678/2281 4396/5679/2282 4387/5669/2273
f 4387/5669/2273 4396/5679/2282 4397/5680/2283 4388/5670/2274
f 4388/5670/2274 4397/5680/2283 4398/5681/2284 4389/5671/2275
f 4389/5671/2275 4398/5681/2284 4390/5672/2276 4381/5662/1187
f 4390/5672/2276 4399/5682/2285 4400/5683/2373 4391/5673/2277
f 4391/5673/2277 4400/5683/2373 4401/5684/2287 4392/5674/2278
f 4392/5674/2278 4401/5684/2287 4402/5685/2288 4393/5675/2279
f 4393/5675/2279 4402/5685/2288 4403/5686/2289 4394/5676/2280
f 4394/5677/2280 4403/5687/2289 4404/5688/2290 4395/5678/2281
f 4395/5678/2281 4404/5688/2290 4405/5689/2291 4396/5679/2282
f 4396/5679/2282 4405/5689/2291 4406/5690/2292 4397/5680/2283
f 4397/5680/2283 4406/5690/2292 4407/5691/2293 4398/5681/2284
f 4398/5681/2284 4407/5691/2293 4399/5682/2285 4390/5672/2276
f 4399/5682/2285 4408/5692/517 4409/5694/2294 4400/5683/2373
f 4400/5683/2373 4409/5694/2294 4410/5696/2295 4401/5684/2287
f 4401/5684/2287 4410/5696/2295 4411/5698/2296 4402/5685/2288
f 4402/5685/2288 4411/5698/2296 4412/5700/2297 4403/5686/2289
f 4403/5687/2289 4412/5701/2297 4413/5704/2376 4404/5688/2290
f 4404/5688/2290 4413/5704/2376 4414/5706/2299 4405/5689/2291
f 4405/5689/2291 4414/5706/2299 4415/5708/2300 4406/5690/2292
f 4406/5690/2292 4415/5708/2300 4416/5710/2377 4407/5691/2293
f 4407/5691/2293 4416/5710/2377 4408/5692/517 4399/5682/2285
f 4408/5693/517 4417/5712/2302 4418/5713/2303 4409/5695/2294
f 4409/5695/2294 4418/5713/2303 4419/5714/2304 4410/5697/2295
f 4410/5697/2295 4419/5714/2304 4420/5715/2305 4411/5699/2296
f 4411/5699/2296 4420/5715/2305 4421/5716/2306 4412/5702/2297
f 4412/5703/2297 4421/5717/2306 4422/5718/2307 4413/5705/2376
f 4413/5705/2376 4422/5718/2307 4423/5719/2308 4414/5707/2299
f 4414/5707/2299 4423/5719/2308 4424/5720/2309 4415/5709/2300
f 4415/5709/2300 4424/5720/2309 4425/5721/2310 4416/5711/2377
f 4416/5711/2377 4425/5721/2310 4417/5712/2302 4408/5693/517
f 4417/5712/2302 4426/5722/2311 4427/5723/2312 4418/5713/2303
f 4418/5713/2303 4427/5723/2312 4428/5724/2313 4419/5714/2304
f 4419/5714/2304 4428/5724/2313 4429/5725/2314 4420/5715/2305
f 4420/5715/2305 4429/5725/2314 4430/5726/2315 4421/5716/2306
f 4421/5717/2306 4430/5727/2315 4431/5728/2316 4422/5718/2307
f 4422/5718/2307 4431/5728/2316 4432/5729/2317 4423/5719/2308
f 4423/5719/2308 4432/5729/2317 4433/5730/2318 4424/5720/2309
f 4424/5720/2309 4433/5730/2318 4434/5731/2319 4425/5721/2310
f 4425/5721/2310 4434/5731/2319 4426/5722/2311 4417/5712/2302
f 4426/5722/2311 4435/5732/1217 4436/5733/2320 4427/5723/2312
f 4427/5723/2312 4436/5733/2320 4437/5734/2321 4428/5724/2313
f 4428/5724/2313 4437/5734/2321 4438/5735/2322 4429/5725/2314
f 4429/5725/2314 4438/5735/2322 4439/5736/2323 4430/5726/2315
f 4430/5727/2315 4439/5737/2323 4440/5738/2324 4431/5728/2316
f 4431/5728/2316 4440/5738/2324 4441/5739/2325 4432/5729/2317
f 4432/5729/2317 4441/5739/2325 4442/5740/2326 4433/5730/2318
f 4433/5730/2318 4442/5740/2326 4443/5741/2327 4434/5731/2319
f 4434/5731/2319 4443/5741/2327 4435/5732/1217 4426/5722/2311
f 4435/5732/1217 4444/5742/2328 4445/5743/2329 4436/5733/2320
f 4436/5733/2320 4445/5743/2329 4446/5744/2330 4437/5734/2321
f 4437/5734/2321 4446/5744/2330 4447/5745/2331 4438/5735/2322
f 4438/5735/2322 4447/5745/2331 4448/5746/2332 4439/5736/2323
f 4439/5737/2323 4448/5747/2332 4449/5748/2333 4440/5738/2324
f 4440/5738/2324 4449/5748/2333 4450/5749/2334 4441/5739/2325
f 4441/5739/2325 4450/5749/2334 4451/5750/2335 4442/5740/2326
f 4442/5740/2326 4451/5750/2335 4452/5751/2336 4443/5741/2327
f 4443/5741/2327 4452/5751/2336 4444/5742/2328 4435/5732/1217
f 4444/5742/2328 4453/5752/2337 4454/5753/2338 4445/5743/2329
f 4445/5743/2329 4454/5753/2338 4455/5754/2339 4446/5744/2330
f 4446/5744/2330 4455/5754/2339 4456/5755/2340 4447/5745/2331
f 4447/5745/2331 4456/5755/2340 4457/5756/2341 4448/5746/2332
f 4448/5747/2332 4457/5757/2341 4458/5758/2342 4449/5748/2333
f 4449/5748/2333 4458/5758/2342 4459/5759/2343 4450/5749/2334
f 4450/5749/2334 4459/5759/2343 4460/5760/2344 4451/5750/2335
f 4451/5750/2335 4460/5760/2344 4461/5761/2345 4452/5751/2336
f 4452/5751/2336 4461/5761/2345 4453/5752/2337 4444/5742/2328
f 4453/5752/2337 4462/5762/1687 4463/5763/2378 4454/5753/2338
f 4454/5753/2338 4463/5763/2378 4464/5764/2347 4455/5754/2339
f 4455/5754/2339 4464/5764/2347 4465/5765/2348 4456/5755/2340
f 4456/5755/2340 4465/5765/2348 4466/5766/2349 4457/5756/2341
f 4457/5757/2341 4466/5767/2349 4467/5768/2350 4458/5758/2342
f 4458/5758/2342 4467/5768/2350 4468/5769/2351 4459/5759/2343
f 4459/5759/2343 4468/5769/2351 4469/5770/2352 4460/5760/2344
f 4460/5760/2344 4469/5770/2352 4470/5771/2353 4461/5761/2345
f 4461/5761/2345 4470/5771/2353 4462/5762/1687 4453/5752/2337
f 4462/5762/1687 4471/5772/2354 4472/5773/2355 4463/5763/2378
f 4463/5763/2378 4472/5773/2355 4473/5774/2356 4464/5764/2347
f 4464/5764/2347 4473/5774/2356 4474/5775/2357 4465/5765/2348
f 4465/5765/2348 4474/5775/2357 4475/5776/2358 4466/5766/2349
f 4466/5767/2349 4475/5777/2358 4476/5778/2359 4467/5768/2350
f 4467/5768/2350 4476/5778/2359 4477/5779/2360 4468/5769/2351
f 4468/5769/2351 4477/5779/2360 4478/5780/2361 4469/5770/2352
f 4469/5770/2352 4478/5780/2361 4479/5781/2362 4470/5771/2353
f 4470/5771/2353 4479/5781/2362 4471/5772/2354 4462/5762/1687
f 4471/5772/2354 4480/5782/2363 4481/5783/2364 4472/5773/2355
f 4472/5773/2355 4481/5783/2364 4482/5784/2365 4473/5774/2356
f 4473/5774/2356 4482/5784/2365 4483/5785/2379 4474/5775/2357
f 4474/5775/2357 4483/5785/2379 4484/5786/2367 4475/5776/2358
f 4475/5777/2358 4484/5787/2367 4485/5788/2368 4476/5778/2359
f 4476/5778/2359 4485/5788/2368 4486/5789/2369 4477/5779/2360
f 4477/5779/2360 4486/5789/2369 4487/5790/2370 4478/5780/2361
f 4478/5780/2361 4487/5790/2370 4488/5791/2371 4479/5781/2362
f 4479/5781/2362 4488/5791/2371 4480/5782/2363 4471/5772/2354
f 4480/5782/2363 4327/5602/532 4328/5603/2218 4481/5783/2364
f 4481/5783/2364 4328/5603/2218 4329/5604/2220 4482/5784/2365
f 4482/5784/2365 4329/5604/2220 4330/5605/2222 4483/5785/2379
f 4483/5785/2379 4330/5605/2222 4331/5606/2224 4484/5786/2367
f 4484/5787/2367 4331/5607/2224 4332/5608/2226 4485/5788/2368
f 4485/5788/2368 4332/5608/2226 4333/5609/2228 4486/5789/2369
f 4486/5789/2369 4333/5609/2228 4334/5610/2230 4487/5790/2370
f 4487/5790/2370 4334/5610/2230 4335/5611/2232 4488/5791/2371
f 4488/5791/2371 4335/5611/2232 4327/5602/532 4480/5782/2363
f 4489/5792/532 4498/5802/2216 4499/5803/2217 4490/5793/2218
f 4490/5793/2218 4499/5803/2217 4500/5804/2219 4491/5794/2220
f 4491/5794/2220 4500/5804/2219 4501/5805/2221 4492/5795/2222
f 4492/5795/2222 4501/5805/2221 4502/5806/2223 4493/5796/2224
f 4493/5797/2224 4502/5807/2223 4503/5808/2225 4494/5798/2226
f 4494/5798/2226 4503/5808/2225 4504/5809/2372 4495/5799/2228
f 4495/5799/2228 4504/5809/2372 4505/5810/2229 4496/5800/2230
f 4496/5800/2230 4505/5810/2229 4506/5811/2231 4497/5801/2232
f 4497/5801/2232 4506/5811/2231 4498/5802/2216 4489/5792/532
f 4498/5802/2216 4507/5812/2233 4508/5813/2234 4499/5803/2217
f 4499/5803/2217 4508/5813/2234 4509/5814/2235 4500/5804/2219
f 4500/5804/2219 4509/5814/2235 4510/5815/2236 4501/5805/2221
f 4501/5805/2221 4510/5815/2236 4511/5816/2237 4502/5806/2223
f 4502/5807/2223 4511/5817/2237 4512/5818/2238 4503/5808/2225
f 4503/5808/2225 4512/5818/2238 4513/5819/2239 4504/5809/2372
f 4504/5809/2372 4513/5819/2239 4514/5820/2240 4505/5810/2229
f 4505/5810/2229 4514/5820/2240 4515/5821/2241 4506/5811/2231
f 4506/5811/2231 4515/5821/2241 4507/5812/2233 4498/5802/2216
f 4507/5812/2233 4516/5822/1190 4517/5823/2242 4508/5813/2234
f 4508/5813/2234 4517/5823/2242 4518/5824/2243 4509/5814/2235
f 4509/5814/2235 4518/5824/2243 4519/5825/2244 4510/5815/2236
f 4510/5815/2236 4519/5825/2244 4520/5826/2245 4511/5816/2237
f 4511/5817/2237 4520/5827/2245 4521/5828/2246 4512/5818/2238
f 4512/5818/2238 4521/5828/2246 4522/5829/2247 4513/5819/2239
f 4513/5819/2239 4522/5829/2247 4523/5830/2248 4514/5820/2240
f 4514/5820/2240 4523/5830/2248 4524/5831/2375 4515/5821/2241
f 4515/5821/2241 4524/5831/2375 4516/5822/1190 4507/5812/2233
f 4516/5822/1190 4525/5832/2250 4526/5833/2251 4517/5823/2242
f 4517/5823/2242 4526/5833/2251 4527/5834/2252 4518/5824/2243
f 4518/5824/2243 4527/5834/2252 4528/5835/2253 4519/5825/2244
f 4519/5825/2244 4528/5835/2253 4529/5836/2254 4520/5826/2245
f 4520/5827/2245 4529/5837/2254 4530/5838/2255 4521/5828/2246
f 4521/5828/2246 4530/5838/2255 4531/5839/2256 4522/5829/2247
f 4522/5829/2247 4531/5839/2256 4532/5840/2257 4523/5830/2248
f 4523/5830/2248 4532/5840/2257 4533/5841/2258 4524/5831/2375
f 4524/5831/2375 4533/5841/2258 4525/5832/2250 4516/5822/1190
f 4525/5832/2250 4534/5842/2259 4535/5843/2260 4526/5833/2251
f 4526/5833/2251 4535/5843/2260 4536/5844/2261 4527/5834/2252
f 4527/5834/2252 4536/5844/2261 4537/5845/2262 4528/5835/2253
f 4528/5835/2253 4537/5845/2262 4538/5846/2263 4529/5836/2254
f 4529/5837/2254 4538/5847/2263 4539/5848/2264 4530/5838/2255
f 4530/5838/2255 4539/5848/2264 4540/5849/2265 4531/5839/2256
f 4531/5839/2256 4540/5849/2265 4541/5850/2266 4532/5840/2257
f 4532/5840/2257 4541/5850/2266 4542/5851/2267 4533/5841/2258
f 4533/5841/2258 4542/5851/2267 4534/5842/2259 4525/5832/2250
f 4534/5842/2259 4543/5852/1187 4544/5853/2268 4535/5843/2260
f 4535/5843/2260 4544/5853/2268 4545/5854/2269 4536/5844/2261
f 4536/5844/2261 4545/5854/2269 4546/5855/2270 4537/5845/2262
f 4537/5845/2262 4546/5855/2270 4547/5856/2271 4538/5846/2263
f 4538/5847/2263 4547/5857/2271 4548/5858/2272 4539/5848/2264
f 4539/5848/2264 4548/5858/2272 4549/5859/2273 4540/5849/2265
f 4540/5849/2265 4549/5859/2273 4550/5860/2274 4541/5850/2266
f 4541/5850/2266 4550/5860/2274 4551/5861/2275 4542/5851/2267
f 4542/5851/2267 4551/5861/2275 4543/5852/1187 4534/5842/2259
f 4543/5852/1187 4552/5862/2276 4553/5863/2277 4544/5853/2268
f 4544/5853/2268 4553/5863/2277 4554/5864/2278 4545/5854/2269
f 4545/5854/2269 4554/5864/2278 4555/5865/2279 4546/5855/2270
f 4546/5855/2270 4555/5865/2279 4556/5866/2280 4547/5856/2271
f 4547/5857/2271 4556/5867/2280 4557/5868/2281 4548/5858/2272
f 4548/5858/2272 4557/5868/2281 4558/5869/2282 4549/5859/2273
f 4549/5859/2273 4558/5869/2282 4559/5870/2283 4550/5860/2274
f 4550/5860/2274 4559/5870/2283 4560/5871/2284 4551/5861/2275
f 4551/5861/2275 4560/5871/2284 4552/5862/2276 4543/5852/1187
f 4552/5862/2276 4561/5872/2285 4562/5873/2373 4553/5863/2277
f 4553/5863/2277 4562/5873/2373 4563/5874/2287 4554/5864/2278
f 4554/5864/2278 4563/5874/2287 4564/5875/2288 4555/5865/2279
f 4555/5865/2279 4564/5875/2288 4565/5876/2289 4556/5866/2280
f 4556/5867/2280 4565/5877/2289 4566/5878/2290 4557/5868/2281
f 4557/5868/2281 4566/5878/2290 4567/5879/2291 4558/5869/2282
f 4558/5869/2282 4567/5879/2291 4568/5880/2292 4559/5870/2283
f 4559/5870/2283 4568/5880/2292 4569/5881/2293 4560/5871/2284
f 4560/5871/2284 4569/5881/2293 4561/5872/2285 4552/5862/2276
f 4561/5872/2285 4570/5882/517 4571/5884/2294 4562/5873/2373
f 4562/5873/2373 4571/5884/2294 4572/5886/2295 4563/5874/2287
f 4563/5874/2287 4572/5886/2295 4573/5888/2296 4564/5875/2288
f 4564/5875/2288 4573/5888/2296 4574/5890/2297 4565/5876/2289
f 4565/5877/2289 4574/5891/2297 4575/5894/2376 4566/5878/2290
f 4566/5878/2290 4575/5894/2376 4576/5896/2299 4567/5879/2291
f 4567/5879/2291 4576/5896/2299 4577/5898/2300 4568/5880/2292
f 4568/5880/2292 4577/5898/2300 4578/5900/2377 4569/5881/2293
f 4569/5881/2293 4578/5900/2377 4570/5882/517 4561/5872/2285
f 4570/5883/517 4579/5902/2302 4580/5903/2303 4571/5885/2294
f 4571/5885/2294 4580/5903/2303 4581/5904/2304 4572/5887/2295
f 4572/5887/2295 4581/5904/2304 4582/5905/2305 4573/5889/2296
f 4573/5889/2296 4582/5905/2305 4583/5906/2306 4574/5892/2297
f 4574/5893/2297 4583/5907/2306 4584/5908/2307 4575/5895/2376
f 4575/5895/2376 4584/5908/2307 4585/5909/2308 4576/5897/2299
f 4576/5897/2299 4585/5909/2308 4586/5910/2309 4577/5899/2300
f 4577/5899/2300 4586/5910/2309 4587/5911/2310 4578/5901/2377
f 4578/5901/2377 4587/5911/2310 4579/5902/2302 4570/5883/517
f 4579/5902/2302 4588/5912/2311 4589/5913/2312 4580/5903/2303
f 4580/5903/2303 4589/5913/2312 4590/5914/2313 4581/5904/2304
f 4581/5904/2304 4590/5914/2313 4591/5915/2314 4582/5905/2305
f 4582/5905/2305 4591/5915/2314 4592/5916/2315 4583/5906/2306
f 4583/5907/2306 4592/5917/2315 4593/5918/2316 4584/5908/2307
f 4584/5908/2307 4593/5918/2316 4594/5919/2317 4585/5909/2308
f 4585/5909/2308 4594/5919/2317 4595/5920/2318 4586/5910/2309
f 4586/5910/2309 4595/5920/2318 4596/5921/2319 4587/5911/2310
f 4587/5911/2310 4596/5921/2319 4588/5912/2311 4579/5902/2302
f 4588/5912/2311 4597/5922/1217 4598/5923/2320 4589/5913/2312
f 4589/5913/2312 4598/5923/2320 4599/5924/2321 4590/5914/2313
f 4590/5914/2313 4599/5924/2321 4600/5925/2322 4591/5915/2314
f 4591/5915/2314 4600/5925/2322 4601/5926/2323 4592/5916/2315
f 4592/5917/2315 4601/5927/2323 4602/5928/2324 4593/5918/2316
f 4593/5918/2316 4602/5928/2324 4603/5929/2325 4594/5919/2317
f 4594/5919/2317 4603/5929/2325 4604/5930/2326 4595/5920/2318
f 4595/5920/2318 4604/5930/2326 4605/5931/2327 4596/5921/2319
f 4596/5921/2319 4605/5931/2327 4597/5922/1217 4588/5912/2311
f 4597/5922/1217 4606/5932/2328 4607/5933/2329 4598/5923/2320
f 4598/5923/2320 4607/5933/2329 4608/5934/2330 4599/5924/2321
f 4599/5924/2321 4608/5934/2330 4609/5935/2331 4600/5925/2322
f 4600/5925/2322 4609/5935/2331 4610/5936/2332 4601/5926/2323
f 4601/5927/2323 4610/5937/2332 4611/5938/2333 4602/5928/2324
f 4602/5928/2324 4611/5938/2333 4612/5939/2334 4603/5929/2325
f 4603/5929/2325 4612/5939/2334 4613/5940/2335 4604/5930/2326
f 4604/5930/2326 4613/5940/2335 4614/5941/2336 4605/5931/2327
f 4605/5931/2327 4614/5941/2336 4606/5932/2328 4597/5922/1217
f 4606/5932/2328 4615/5942/2337 4616/5943/2338 4607/5933/2329
f 4607/5933/2329 4616/5943/2338 4617/5944/2339 4608/5934/2330
f 4608/5934/2330 4617/5944/2339 4618/5945/2340 4609/5935/2331
f 4609/5935/2331 4618/5945/2340 4619/5946/2341 4610/5936/2332
f 4610/5937/2332 4619/5947/2341 4620/5948/2342 4611/5938/2333
f 4611/5938/2333 4620/5948/2342 4621/5949/2343 4612/5939/2334
f 4612/5939/2334 4621/5949/2343 4622/5950/2344 4613/5940/2335
f 4613/5940/2335 4622/5950/2344 4623/5951/2345 4614/5941/2336
f 4614/5941/2336 4623/5951/2345 4615/5942/2337 4606/5932/2328
f 4615/5942/2337 4624/5952/1687 4625/5953/2346 4616/5943/2338
f 4616/5943/2338 4625/5953/2346 4626/5954/2347 4617/5944/2339
f 4617/5944/2339 4626/5954/2347 4627/5955/2348 4618/5945/2340
f 4618/5945/2340 4627/5955/2348 4628/5956/2349 4619/5946/2341
f 4619/5947/2341 4628/5957/2349 4629/5958/2350 4620/5948/2342
f 4620/5948/2342 4629/5958/2350 4630/5959/2351 4621/5949/2343
f 4621/5949/2343 4630/5959/2351 4631/5960/2352 4622/5950/2344
f 4622/5950/2344 4631/5960/2352 4632/5961/2353 4623/5951/2345
f 4623/5951/2345 4632/5961/2353 4624/5952/1687 4615/5942/2337
f 4624/5952/1687 4633/5962/2354 4634/5963/2355 4625/5953/2346
f 4625/5953/2346 4634/5963/2355 4635/5964/2356 4626/5954/2347
f 4626/5954/2347 4635/5964/2356 4636/5965/2357 4627/5955/2348
f 4627/5955/2348 4636/5965/2357 4637/5966/2358 4628/5956/2349
f 4628/5957/2349 4637/5967/2358 4638/5968/2359 4629/5958/2350
f 4629/5958/2350 4638/5968/2359 4639/5969/2360 4630/5959/2351
f 4630/5959/2351 4639/5969/2360 4640/5970/2361 4631/5960/2352
f 4631/5960/2352 4640/5970/2361 4641/5971/2362 4632/5961/2353
f 4632/5961/2353 4641/5971/2362 4633/5962/2354 4624/5952/1687
f 4633/5962/2354 4642/5972/2363 4643/5973/2364 4634/5963/2355
f 4634/5963/2355 4643/5973/2364 4644/5974/2365 4635/5964/2356
f 4635/5964/2356 4644/5974/2365 4645/5975/2366 4636/5965/2357
f 4636/5965/2357 4645/5975/2366 4646/5976/2367 4637/5966/2358
f 4637/5967/2358 4646/5977/2367 4647/5978/2368 4638/5968/2359
f 4638/5968/2359 4647/5978/2368 4648/5979/2369 4639/5969/2360
f 4639/5969/2360 4648/5979/2369 4649/5980/2370 4640/5970/2361
f 4640/5970/2361 4649/5980/2370 4650/5981/2371 4641/5971/2362
f 4641/5971/2362 4650/5981/2371 4642/5972/2363 4633/5962/2354
f 4642/5972/2363 4489/5792/532 4490/5793/2218 4643/5973/2364
f 4643/5973/2364 4490/5793/2218 4491/5794/2220 4644/5974/2365
f 4644/5974/2365 4491/5794/2220 4492/5795/2222 4645/5975/2366
f 4645/5975/2366 4492/5795/2222 4493/5796/2224 4646/5976/2367
f 4646/5977/2367 4493/5797/2224 4494/5798/2226 4647/5978/2368
f 4647/5978/2368 4494/5798/2226 4495/5799/2228 4648/5979/2369
f 4648/5979/2369 4495/5799/2228 4496/5800/2230 4649/5980/2370
f 4649/5980/2370 4496/5800/2230 4497/5801/2232 4650/5981/2371
f 4650/5981/2371 4497/5801/2232 4489/5792/532 4642/5972/2363
f 4651/5982/532 4660/5992/2216 4661/5993/2217 4652/5983/2218
f 4652/5983/2218 4661/5993/2217 4662/5994/2219 4653/5984/2220
f 4653/5984/2220 4662/5994/2219 4663/5995/2221 4654/5985/2222
f 4654/5985/2222 4663/5995/2221 4664/5996/2223 4655/5986/2224
f 4655/5987/2224 4664/5997/2223 4665/5998/2225 4656/5988/2226
f 4656/5988/2226 4665/5998/2225 4666/5999/2227 4657/5989/2228
f 4657/5989/2228 4666/5999/2227 4667/6000/2229 4658/5990/2230
f 4658/5990/2230 4667/6000/2229 4668/6001/2231 4659/5991/2232
f 4659/5991/2232 4668/6001/2231 4660/5992/2216 4651/5982/532
f 4660/5992/2216 4669/6002/2233 4670/6003/2234 4661/5993/2217
f 4661/5993/2217 4670/6003/2234 4671/6004/2235 4662/5994/2219
f 4662/5994/2219 4671/6004/2235 4672/6005/2236 4663/5995/2221
f 4663/5995/2221 4672/6005/2236 4673/6006/2237 4664/5996/2223
f 4664/5997/2223 4673/6007/2237 4674/6008/2238 4665/5998/2225
f 4665/5998/2225 4674/6008/2238 4675/6009/2239 4666/5999/2227
f 4666/5999/2227 4675/6009/2239 4676/6010/2240 4667/6000/2229
f 4667/6000/2229 4676/6010/2240 4677/6011/2241 4668/6001/2231
f 4668/6001/2231 4677/6011/2241 4669/6002/2233 4660/5992/2216
f 4669/6002/2233 4678/6012/1190 4679/6013/2242 4670/6003/2234
f 4670/6003/2234 4679/6013/2242 4680/6014/2243 4671/6004/2235
f 4671/6004/2235 4680/6014/2243 4681/6015/2244 4672/6005/2236
f 4672/6005/2236 4681/6015/2244 4682/6016/2245 4673/6006/2237
f 4673/6007/2237 4682/6017/2245 4683/6018/2246 4674/6008/2238
f 4674/6008/2238 4683/6018/2246 4684/6019/2247 4675/6009/2239
f 4675/6009/2239 4684/6019/2247 4685/6020/2248 4676/6010/2240
f 4676/6010/2240 4685/6020/2248 4686/6021/2249 4677/6011/2241
f 4677/6011/2241 4686/6021/2249 4678/6012/1190 4669/6002/2233
f 4678/6012/1190 4687/6022/2250 4688/6023/2251 4679/6013/2242
f 4679/6013/2242 4688/6023/2251 4689/6024/2252 4680/6014/2243
f 4680/6014/2243 4689/6024/2252 4690/6025/2253 4681/6015/2244
f 4681/6015/2244 4690/6025/2253 4691/6026/2254 4682/6016/2245
f 4682/6017/2245 4691/6027/2254 4692/6028/2255 4683/6018/2246
f 4683/6018/2246 4692/6028/2255 4693/6029/2256 4684/6019/2247
f 4684/6019/2247 4693/6029/2256 4694/6030/2257 4685/6020/2248
f 4685/6020/2248 4694/6030/2257 4695/6031/2258 4686/6021/2249
f 4686/6021/2249 4695/6031/2258 4687/6022/2250 4678/6012/1190
f 4687/6022/2250 4696/6032/2259 4697/6033/2260 4688/6023/2251
f 4688/6023/2251 4697/6033/2260 4698/6034/2261 4689/6024/2252
f 4689/6024/2252 4698/6034/2261 4699/6035/2262 4690/6025/2253
f 4690/6025/2253 4699/6035/2262 4700/6036/2263 4691/6026/2254
f 4691/6027/2254 4700/6037/2263 4701/6038/2264 4692/6028/2255
f 4692/6028/2255 4701/6038/2264 4702/6039/2265 4693/6029/2256
f 4693/6029/2256 4702/6039/2265 4703/6040/2266 4694/6030/2257
f 4694/6030/2257 4703/6040/2266 4704/6041/2267 4695/6031/2258
f 4695/6031/2258 4704/6041/2267 4696/6032/2259 4687/6022/2250
f 4696/6032/2259 4705/6042/1187 4706/6043/2268 4697/6033/2260
f 4697/6033/2260 4706/6043/2268 4707/6044/2269 4698/6034/2261
f 4698/6034/2261 4707/6044/2269 4708/6045/2270 4699/6035/2262
f 4699/6035/2262 4708/6045/2270 4709/6046/2271 4700/6036/2263
f 4700/6037/2263 4709/6047/2271 4710/6048/2272 4701/6038/2264
f 4701/6038/2264 4710/6048/2272 4711/6049/2273 4702/6039/2265
f 4702/6039/2265 4711/6049/2273 4712/6050/2274 4703/6040/2266
f 4703/6040/2266 4712/6050/2274 4713/6051/2275 4704/6041/2267
f 4704/6041/2267 4713/6051/2275 4705/6042/1187 4696/6032/2259
f 4705/6042/1187 4714/6052/2276 4715/6053/2277 4706/6043/2268
f 4706/6043/2268 4715/6053/2277 4716/6054/2278 4707/6044/2269
f 4707/6044/2269 4716/6054/2278 4717/6055/2279 4708/6045/2270
f 4708/6045/2270 4717/6055/2279 4718/6056/2280 4709/6046/2271
f 4709/6047/2271 4718/6057/2280 4719/6058/2281 4710/6048/2272
f 4710/6048/2272 4719/6058/2281 4720/6059/2282 4711/6049/2273
f 4711/6049/2273 4720/6059/2282 4721/6060/2283 4712/6050/2274
f 4712/6050/2274 4721/6060/2283 4722/6061/2284 4713/6051/2275
f 4713/6051/2275 4722/6061/2284 4714/6052/2276 4705/6042/1187
f 4714/6052/2276 4723/6062/2285 4724/6063/2373 4715/6053/2277
f 4715/6053/2277 4724/6063/2373 4725/6064/2287 4716/6054/2278
f 4716/6054/2278 4725/6064/2287 4726/6065/2288 4717/6055/2279
f 4717/6055/2279 4726/6065/2288 4727/6066/2289 4718/6056/2280
f 4718/6057/2280 4727/6067/2289 4728/6068/2290 4719/6058/2281
f 4719/6058/2281 4728/6068/2290 4729/6069/2380 4720/6059/2282
f 4720/6059/2282 4729/6069/2380 4730/6070/2292 4721/6060/2283
f 4721/6060/2283 4730/6070/2292 4731/6071/2293 4722/6061/2284
f 4722/6061/2284 4731/6071/2293 4723/6062/2285 4714/6052/2276
f 4723/6062/2285 4732/6072/517 4733/6074/2294 4724/6063/2373
f 4724/6063/2373 4733/6074/2294 4734/6076/2295 4725/6064/2287
f 4725/6064/2287 4734/6076/2295 4735/6078/2296 4726/6065/2288
f 4726/6065/2288 4735/6078/2296 4736/6080/2297 4727/6066/2289
f 4727/6067/2289 4736/6081/2297 4737/6084/2376 4728/6068/2290
f 4728/6068/2290 4737/6084/2376 4738/6086/2299 4729/6069/2380
f 4729/6069/2380 4738/6086/2299 4739/6088/2300 4730/6070/2292
f 4730/6070/2292 4739/6088/2300 4740/6090/2301 4731/6071/2293
f 4731/6071/2293 4740/6090/2301 4732/6072/517 4723/6062/2285
f 4732/6073/517 4741/6092/2302 4742/6093/2303 4733/6075/2294
f 4733/6075/2294 4742/6093/2303 4743/6094/2304 4734/6077/2295
f 4734/6077/2295 4743/6094/2304 4744/6095/2305 4735/6079/2296
f 4735/6079/2296 4744/6095/2305 4745/6096/2306 4736/6082/2297
f 4736/6083/2297 4745/6097/2306 4746/6098/2307 4737/6085/2376
f 4737/6085/2376 4746/6098/2307 4747/6099/2308 4738/6087/2299
f 4738/6087/2299 4747/6099/2308 4748/6100/2309 4739/6089/2300
f 4739/6089/2300 4748/6100/2309 4749/6101/2310 4740/6091/2301
f 4740/6091/2301 4749/6101/2310 4741/6092/2302 4732/6073/517
f 4741/6092/2302 4750/6102/2311 4751/6103/2312 4742/6093/2303
f 4742/6093/2303 4751/6103/2312 4752/6104/2313 4743/6094/2304
f 4743/6094/2304 4752/6104/2313 4753/6105/2314 4744/6095/2305
f 4744/6095/2305 4753/6105/2314 4754/6106/2315 4745/6096/2306
f 4745/6097/2306 4754/6107/2315 4755/6108/2316 4746/6098/2307
f 4746/6098/2307 4755/6108/2316 4756/6109/2317 4747/6099/2308
f 4747/6099/2308 4756/6109/2317 4757/6110/2318 4748/6100/2309
f 4748/6100/2309 4757/6110/2318 4758/6111/2319 4749/6101/2310
f 4749/6101/2310 4758/6111/2319 4750/6102/2311 4741/6092/2302
f 4750/6102/2311 4759/6112/1217 4760/6113/2320 4751/6103/2312
f 4751/6103/2312 4760/6113/2320 4761/6114/2321 4752/6104/2313
f 4752/6104/2313 4761/6114/2321 4762/6115/2322 4753/6105/2314
f 4753/6105/2314 4762/6115/2322 4763/6116/2323 4754/6106/2315
f 4754/6107/2315 4763/6117/2323 4764/6118/2324 4755/6108/2316
f 4755/6108/2316 4764/6118/2324 4765/6119/2325 4756/6109/2317
f 4756/6109/2317 4765/6119/2325 4766/6120/2326 4757/6110/2318
f 4757/6110/2318 4766/6120/2326 4767/6121/2327 4758/6111/2319
f 4758/6111/2319 4767/6121/2327 4759/6112/1217 4750/6102/2311
f 4759/6112/1217 4768/6122/2328 4769/6123/2329 4760/6113/2320
f 4760/6113/2320 4769/6123/2329 4770/6124/2330 4761/6114/2321
f 4761/6114/2321 4770/6124/2330 4771/6125/2331 4762/6115/2322
f 4762/6115/2322 4771/6125/2331 4772/6126/2332 4763/6116/2323
f 4763/6117/2323 4772/6127/2332 4773/6128/2333 4764/6118/2324
f 4764/6118/2324 4773/6128/2333 4774/6129/2334 4765/6119/2325
f 4765/6119/2325 4774/6129/2334 4775/6130/2335 4766/6120/2326
f 4766/6120/2326 4775/6130/2335 4776/6131/2336 4767/6121/2327
f 4767/6121/2327 4776/6131/2336 4768/6122/2328 4759/6112/1217
f 4768/6122/2328 4777/6132/2337 4778/6133/2338 4769/6123/2329
f 4769/6123/2329 4778/6133/2338 4779/6134/2339 4770/6124/2330
f 4770/6124/2330 4779/6134/2339 4780/6135/2340 4771/6125/2331
f 4771/6125/2331 4780/6135/2340 4781/6136/2341 4772/6126/2332
f 4772/6127/2332 4781/6137/2341 4782/6138/2342 4773/6128/2333
f 4773/6128/2333 4782/6138/2342 4783/6139/2343 4774/6129/2334
f 4774/6129/2334 4783/6139/2343 4784/6140/2344 4775/6130/2335
f 4775/6130/2335 4784/6140/2344 4785/6141/2345 4776/6131/2336
f 4776/6131/2336 4785/6141/2345 4777/6132/2337 4768/6122/2328
f 4777/6132/2337 4786/6142/1687 4787/6143/2378 4778/6133/2338
f 4778/6133/2338 4787/6143/2378 4788/6144/2347 4779/6134/2339
f 4779/6134/2339 4788/6144/2347 4789/6145/2348 4780/6135/2340
f 4780/6135/2340 4789/6145/2348 4790/6146/2349 4781/6136/2341
f 4781/6137/2341 4790/6147/2349 4791/6148/2350 4782/6138/2342
f 4782/6138/2342 4791/6148/2350 4792/6149/2351 4783/6139/2343
f 4783/6139/2343 4792/6149/2351 4793/6150/2352 4784/6140/2344
f 4784/6140/2344 4793/6150/2352 4794/6151/2353 4785/6141/2345
f 4785/6141/2345 4794/6151/2353 4786/6142/1687 4777/6132/2337
f 4786/6142/1687 4795/6152/2354 4796/6153/2355 4787/6143/2378
f 4787/6143/2378 4796/6153/2355 4797/6154/2356 4788/6144/2347
f 4788/6144/2347 4797/6154/2356 4798/6155/2357 4789/6145/2348
f 4789/6145/2348 4798/6155/2357 4799/6156/2358 4790/6146/2349
f 4790/6147/2349 4799/6157/2358 4800/6158/2359 4791/6148/2350
f 4791/6148/2350 4800/6158/2359 4801/6159/2360 4792/6149/2351
f 4792/6149/2351 4801/6159/2360 4802/6160/2361 4793/6150/2352
f 4793/6150/2352 4802/6160/2361 4803/6161/2362 4794/6151/2353
f 4794/6151/2353 4803/6161/2362 4795/6152/2354 4786/6142/1687
f 4795/6152/2354 4804/6162/2363 4805/6163/2364 4796/6153/2355
f 4796/6153/2355 4805/6163/2364 4806/6164/2365 4797/6154/2356
f 4797/6154/2356 4806/6164/2365 4807/6165/2379 4798/6155/2357
f 4798/6155/2357 4807/6165/2379 4808/6166/2367 4799/6156/2358
f 4799/6157/2358 4808/6167/2367 4809/6168/2368 4800/6158/2359
f 4800/6158/2359 4809/6168/2368 4810/6169/2369 4801/6159/2360
f 4801/6159/2360 4810/6169/2369 4811/6170/2370 4802/6160/2361
f 4802/6160/2361 4811/6170/2370 4812/6171/2371 4803/6161/2362
f 4803/6161/2362 4812/6171/2371 4804/6162/2363 4795/6152/2354
f 4804/6162/2363 4651/5982/532 4652/5983/2218 4805/6163/2364
f 4805/6163/2364 4652/5983/2218 4653/5984/2220 4806/6164/2365
f 4806/6164/2365 4653/5984/2220 4654/5985/2222 4807/6165/2379
f 4807/6165/2379 4654/5985/2222 4655/5986/2224 4808/6166/2367
f 4808/6167/2367 4655/5987/2224 4656/5988/2226 4809/6168/2368
f 4809/6168/2368 4656/5988/2226 4657/5989/2228 4810/6169/2369
f 4810/6169/2369 4657/5989/2228 4658/5990/2230 4811/6170/2370
f 4811/6170/2370 4658/5990/2230 4659/5991/2232 4812/6171/2371
f 4812/6171/2371 4659/5991/2232 4651/5982/532 4804/6162/2363
f 4813/6172/532 4822/6182/2216 4823/6183/2217 4814/6173/2218
f 4814/6173/2218 4823/6183/2217 4824/6184/2219 4815/6174/2220
f 4815/6174/2220 4824/6184/2219 4825/6185/2221 4816/6175/2222
f 4816/6175/2222 4825/6185/2221 4826/6186/2223 4817/6176/2224
f 4817/6177/2224 4826/6187/2223 4827/6188/2225 4818/6178/2226
f 4818/6178/2226 4827/6188/2225 4828/6189/2372 4819/6179/2228
f 4819/6179/2228 4828/6189/2372 4829/6190/2229 4820/6180/2230
f 4820/6180/2230 4829/6190/2229 4830/6191/2231 4821/6181/2232
f 4821/6181/2232 4830/6191/2231 4822/6182/2216 4813/6172/532
f 4822/6182/2216 4831/6192/2233 4832/6193/2234 4823/6183/2217
f 4823/6183/2217 4832/6193/2234 4833/6194/2235 4824/6184/2219
f 4824/6184/2219 4833/6194/2235 4834/6195/2236 4825/6185/2221
f 4825/6185/2221 4834/6195/2236 4835/6196/2237 4826/6186/2223
f 4826/6187/2223 4835/6197/2237 4836/6198/2238 4827/6188/2225
f 4827/6188/2225 4836/6198/2238 4837/6199/2239 4828/6189/2372
f 4828/6189/2372 4837/6199/2239 4838/6200/2240 4829/6190/2229
f 4829/6190/2229 4838/6200/2240 4839/6201/2241 4830/6191/2231
f 4830/6191/2231 4839/6201/2241 4831/6192/2233 4822/6182/2216
f 4831/6192/2233 4840/6202/1190 4841/6203/2242 4832/6193/2234
f 4832/6193/2234 4841/6203/2242 4842/6204/2243 4833/6194/2235
f 4833/6194/2235 4842/6204/2243 4843/6205/2244 4834/6195/2236
f 4834/6195/2236 4843/6205/2244 4844/6206/2245 4835/6196/2237
f 4835/6197/2237 4844/6207/2245 4845/6208/2246 4836/6198/2238
f 4836/6198/2238 4845/6208/2246 4846/6209/2247 4837/6199/2239
f 4837/6199/2239 4846/6209/2247 4847/6210/2248 4838/6200/2240
f 4838/6200/2240 4847/6210/2248 4848/6211/2249 4839/6201/2241
f 4839/6201/2241 4848/6211/2249 4840/6202/1190 4831/6192/2233
f 4840/6202/1190 4849/6212/2250 4850/6213/2251 4841/6203/2242
f 4841/6203/2242 4850/6213/2251 4851/6214/2252 4842/6204/2243
f 4842/6204/2243 4851/6214/2252 4852/6215/2253 4843/6205/2244
f 4843/6205/2244 4852/6215/2253 4853/6216/2254 4844/6206/2245
f 4844/6207/2245 4853/6217/2254 4854/6218/2255 4845/6208/2246
f 4845/6208/2246 4854/6218/2255 4855/6219/2256 4846/6209/2247
f 4846/6209/2247 4855/6219/2256 4856/6220/2257 4847/6210/2248
f 4847/6210/2248 4856/6220/2257 4857/6221/2258 4848/6211/2249
f 4848/6211/2249 4857/6221/2258 4849/6212/2250 4840/6202/1190
f 4849/6212/2250 4858/6222/2259 4859/6223/2260 4850/6213/2251
f 4850/6213/2251 4859/6223/2260 4860/6224/2261 4851/6214/2252
f 4851/6214/2252 4860/6224/2261 4861/6225/2262 4852/6215/2253
f 4852/6215/2253 4861/6225/2262 4862/6226/2263 4853/6216/2254
f 4853/6217/2254 4862/6227/2263 4863/6228/2264 4854/6218/2255
f 4854/6218/2255 4863/6228/2264 4864/6229/2265 4855/6219/2256
f 4855/6219/2256 4864/6229/2265 4865/6230/2266 4856/6220/2257
f 4856/6220/2257 4865/6230/2266 4866/6231/2267 4857/6221/2258
f 4857/6221/2258 4866/6231/2267 4858/6222/2259 4849/6212/2250
f 4858/6222/2259 4867/6232/1187 4868/6233/2268 4859/6223/2260
f 4859/6223/2260 4868/6233/2268 4869/6234/2269 4860/6224/2261
f 4860/6224/2261 4869/6234/2269 4870/6235/2270 4861/6225/2262
f 4861/6225/2262 4870/6235/2270 4871/6236/2271 4862/6226/2263
f 4862/6227/2263 4871/6237/2271 4872/6238/2272 4863/6228/2264
f 4863/6228/2264 4872/6238/2272 4873/6239/2273 4864/6229/2265
f 4864/6229/2265 4873/6239/2273 4874/6240/2274 4865/6230/2266
f 4865/6230/2266 4874/6240/2274 4875/6241/2275 4866/6231/2267
f 4866/6231/2267 4875/6241/2275 4867/6232/1187 4858/6222/2259
f 4867/6232/1187 4876/6242/2276 4877/6243/2277 4868/6233/2268
f 4868/6233/2268 4877/6243/2277 4878/6244/2278 4869/6234/2269
f 4869/6234/2269 4878/6244/2278 4879/6245/2279 4870/6235/2270
f 4870/6235/2270 4879/6245/2279 4880/6246/2280 4871/6236/2271
f 4871/6237/2271 4880/6247/2280 4881/6248/2281 4872/6238/2272
f 4872/6238/2272 4881/6248/2281 4882/6249/2282 4873/6239/2273
f 4873/6239/2273 4882/6249/2282 4883/6250/2283 4874/6240/2274
f 4874/6240/2274 4883/6250/2283 4884/6251/2284 4875/6241/2275
f 4875/6241/2275 4884/6251/2284 4876/6242/2276 4867/6232/1187
f 4876/6242/2276 4885/6252/2285 4886/6253/2373 4877/6243/2277
f 4877/6243/2277 4886/6253/2373 4887/6254/2287 4878/6244/2278
f 4878/6244/2278 4887/6254/2287 4888/6255/2288 4879/6245/2279
f 4879/6245/2279 4888/6255/2288 4889/6256/2289 4880/6246/2280
f 4880/6247/2280 4889/6257/2289 4890/6258/2290 4881/6248/2281
f 4881/6248/2281 4890/6258/2290 4891/6259/2291 4882/6249/2282
f 4882/6249/2282 4891/6259/2291 4892/6260/2292 4883/6250/2283
f 4883/6250/2283 4892/6260/2292 4893/6261/2293 4884/6251/2284
f 4884/6251/2284 4893/6261/2293 4885/6252/2285 4876/6242/2276
f 4885/6252/2285 4894/6262/517 4895/6264/2294 4886/6253/2373
f 4886/6253/2373 4895/6264/2294 4896/6266/2295 4887/6254/2287
f 4887/6254/2287 4896/6266/2295 4897/6268/2296 4888/6255/2288
f 4888/6255/2288 4897/6268/2296 4898/6270/2297 4889/6256/2289
f 4889/6257/2289 4898/6271/2297 4899/6274/2298 4890/6258/2290
f 4890/6258/2290 4899/6274/2298 4900/6276/2299 4891/6259/2291
f 4891/6259/2291 4900/6276/2299 4901/6278/2300 4892/6260/2292
f 4892/6260/2292 4901/6278/2300 4902/6280/2301 4893/6261/2293
f 4893/6261/2293 4902/6280/2301 4894/6262/517 4885/6252/2285
f 4894/6263/517 4903/6282/2302 4904/6283/2303 4895/6265/2294
f 4895/6265/2294 4904/6283/2303 4905/6284/2304 4896/6267/2295
f 4896/6267/2295 4905/6284/2304 4906/6285/2305 4897/6269/2296
f 4897/6269/2296 4906/6285/2305 4907/6286/2306 4898/6272/2297
f 4898/6273/2297 4907/6287/2306 4908/6288/2307 4899/6275/2298
f 4899/6275/2298 4908/6288/2307 4909/6289/2308 4900/6277/2299
f 4900/6277/2299 4909/6289/2308 4910/6290/2309 4901/6279/2300
f 4901/6279/2300 4910/6290/2309 4911/6291/2310 4902/6281/2301
f 4902/6281/2301 4911/6291/2310 4903/6282/2302 4894/6263/517
f 4903/6282/2302 4912/6292/2311 4913/6293/2312 4904/6283/2303
f 4904/6283/2303 4913/6293/2312 4914/6294/2313 4905/6284/2304
f 4905/6284/2304 4914/6294/2313 4915/6295/2314 4906/6285/2305
f 4906/6285/2305 4915/6295/2314 4916/6296/2315 4907/6286/2306
f 4907/6287/2306 4916/6297/2315 4917/6298/2316 4908/6288/2307
f 4908/6288/2307 4917/6298/2316 4918/6299/2317 4909/6289/2308
f 4909/6289/2308 4918/6299/2317 4919/6300/2318 4910/6290/2309
f 4910/6290/2309 4919/6300/2318 4920/6301/2319 4911/6291/2310
f 4911/6291/2310 4920/6301/2319 4912/6292/2311 4903/6282/2302
f 4912/6292/2311 4921/6302/1217 4922/6303/2320 4913/6293/2312
f 4913/6293/2312 4922/6303/2320 4923/6304/2321 4914/6294/2313
f 4914/6294/2313 4923/6304/2321 4924/6305/2322 4915/6295/2314
f 4915/6295/2314 4924/6305/2322 4925/6306/2323 4916/6296/2315
f 4916/6297/2315 4925/6307/2323 4926/6308/2324 4917/6298/2316
f 4917/6298/2316 4926/6308/2324 4927/6309/2325 4918/6299/2317
f 4918/6299/2317 4927/6309/2325 4928/6310/2326 4919/6300/2318
f 4919/6300/2318 4928/6310/2326 4929/6311/2327 4920/6301/2319
f 4920/6301/2319 4929/6311/2327 4921/6302/1217 4912/6292/2311
f 4921/6302/1217 4930/6312/2328 4931/6313/2329 4922/6303/2320
f 4922/6303/2320 4931/6313/2329 4932/6314/2330 4923/6304/2321
f 4923/6304/2321 4932/6314/2330 4933/6315/2331 4924/6305/2322
f 4924/6305/2322 4933/6315/2331 4934/6316/2332 4925/6306/2323
f 4925/6307/2323 4934/6317/2332 4935/6318/2333 4926/6308/2324
f 4926/6308/2324 4935/6318/2333 4936/6319/2334 4927/6309/2325
f 4927/6309/2325 4936/6319/2334 4937/6320/2335 4928/6310/2326
f 4928/6310/2326 4937/6320/2335 4938/6321/2336 4929/6311/2327
f 4929/6311/2327 4938/6321/2336 4930/6312/2328 4921/6302/1217
f 4930/6312/2328 4939/6322/2337 4940/6323/2338 4931/6313/2329
f 4931/6313/2329 4940/6323/2338 4941/6324/2339 4932/6314/2330
f 4932/6314/2330 4941/6324/2339 4942/6325/2340 4933/6315/2331
f 4933/6315/2331 4942/6325/2340 4943/6326/2341 4934/6316/2332
f 4934/6317/2332 4943/6327/2341 4944/6328/2342 4935/6318/2333
f 4935/6318/2333 4944/6328/2342 4945/6329/2343 4936/6319/2334
f 4936/6319/2334 4945/6329/2343 4946/6330/2344 4937/6320/2335
f 4937/6320/2335 4946/6330/2344 4947/6331/2345 4938/6321/2336
f 4938/6321/2336 4947/6331/2345 4939/6322/2337 4930/6312/2328
f 4939/6322/2337 4948/6332/1687 4949/6333/2346 4940/6323/2338
f 4940/6323/2338 4949/6333/2346 4950/6334/2347 4941/6324/2339
f 4941/6324/2339 4950/6334/2347 4951/6335/2348 4942/6325/2340
f 4942/6325/2340 4951/6335/2348 4952/6336/2349 4943/6326/2341
f 4943/6327/2341 4952/6337/2349 4953/6338/2350 4944/6328/2342
f 4944/6328/2342 4953/6338/2350 4954/6339/2351 4945/6329/2343
f 4945/6329/2343 4954/6339/2351 4955/6340/2352 4946/6330/2344
f 4946/6330/2344 4955/6340/2352 4956/6341/2353 4947/6331/2345
f 4947/6331/2345 4956/6341/2353 4948/6332/1687 4939/6322/2337
f 4948/6332/1687 4957/6342/2354 4958/6343/2355 4949/6333/2346
f 4949/6333/2346 4958/6343/2355 4959/6344/2356 4950/6334/2347
f 4950/6334/2347 4959/6344/2356 4960/6345/2357 4951/6335/2348
f 4951/6335/2348 4960/6345/2357 4961/6346/2358 4952/6336/2349
f 4952/6337/2349 4961/6347/2358 4962/6348/2359 4953/6338/2350
f 4953/6338/2350 4962/6348/2359 4963/6349/2360 4954/6339/2351
f 4954/6339/2351 4963/6349/2360 4964/6350/2361 4955/6340/2352
f 4955/6340/2352 4964/6350/2361 4965/6351/2362 4956/6341/2353
f 4956/6341/2353 4965/6351/2362 4957/6342/2354 4948/6332/1687
f 4957/6342/2354 4966/6352/2363 4967/6353/2364 4958/6343/2355
f 4958/6343/2355 4967/6353/2364 4968/6354/2365 4959/6344/2356
f 4959/6344/2356 4968/6354/2365 4969/6355/2366 4960/6345/2357
f 4960/6345/2357 4969/6355/2366 4970/6356/2367 4961/6346/2358
f 4961/6347/2358 4970/6357/2367 4971/6358/2368 4962/6348/2359
f 4962/6348/2359 4971/6358/2368 4972/6359/2369 4963/6349/2360
f 4963/6349/2360 4972/6359/2369 4973/6360/2370 4964/6350/2361
f 4964/6350/2361 4973/6360/2370 4974/6361/2371 4965/6351/2362
f 4965/6351/2362 4974/6361/2371 4966/6352/2363 4957/6342/2354
f 4966/6352/2363 4813/6172/532 4814/6173/2218 4967/6353/2364
f 4967/6353/2364 4814/6173/2218 4815/6174/2220 4968/6354/2365
f 4968/6354/2365 4815/6174/2220 4816/6175/2222 4969/6355/2366
f 4969/6355/2366 4816/6175/2222 4817/6176/2224 4970/6356/2367
f 4970/6357/2367 4817/6177/2224 4818/6178/2226 4971/6358/2368
f 4971/6358/2368 4818/6178/2226 4819/6179/2228 4972/6359/2369
f 4972/6359/2369 4819/6179/2228 4820/6180/2230 4973/6360/2370
f 4973/6360/2370 4820/6180/2230 4821/6181/2232 4974/6361/2371
f 4974/6361/2371 4821/6181/2232 4813/6172/532 4966/6352/2363
f 4975/6362/532 4984/6372/2216 4985/6373/2217 4976/6363/2218
f 4976/6363/2218 4985/6373/2217 4986/6374/2219 4977/6364/2220
f 4977/6364/2220 4986/6374/2219 4987/6375/2221 4978/6365/2222
f 4978/6365/2222 4987/6375/2221 4988/6376/2223 4979/6366/2224
f 4979/6367/2224 4988/6377/2223 4989/6378/2225 4980/6368/2226
f 4980/6368/2226 4989/6378/2225 4990/6379/2372 4981/6369/2228
f 4981/6369/2228 4990/6379/2372 4991/6380/2229 4982/6370/2230
f 4982/6370/2230 4991/6380/2229 4992/6381/2231 4983/6371/2232
f 4983/6371/2232 4992/6381/2231 4984/6372/2216 4975/6362/532
f 4984/6372/2216 4993/6382/2233 4994/6383/2234 4985/6373/2217
f 4985/6373/2217 4994/6383/2234 4995/6384/2235 4986/6374/2219
f 4986/6374/2219 4995/6384/2235 4996/6385/2236 4987/6375/2221
f 4987/6375/2221 4996/6385/2236 4997/6386/2237 4988/6376/2223
f 4988/6377/2223 4997/6387/2237 4998/6388/2238 4989/6378/2225
f 4989/6378/2225 4998/6388/2238 4999/6389/2239 4990/6379/2372
f 4990/6379/2372 4999/6389/2239 5000/6390/2240 4991/6380/2229
f 4991/6380/2229 5000/6390/2240 5001/6391/2241 4992/6381/2231
f 4992/6381/2231 5001/6391/2241 4993/6382/2233 4984/6372/2216
f 4993/6382/2233 5002/6392/1190 5003/6393/2242 4994/6383/2234
f 4994/6383/2234 5003/6393/2242 5004/6394/2243 4995/6384/2235
f 4995/6384/2235 5004/6394/2243 5005/6395/2244 4996/6385/2236
f 4996/6385/2236 5005/6395/2244 5006/6396/2245 4997/6386/2237
f 4997/6387/2237 5006/6397/2245 5007/6398/2246 4998/6388/2238
f 4998/6388/2238 5007/6398/2246 5008/6399/2247 4999/6389/2239
f 4999/6389/2239 5008/6399/2247 5009/6400/2248 5000/6390/2240
f 5000/6390/2240 5009/6400/2248 5010/6401/2375 5001/6391/2241
f 5001/6391/2241 5010/6401/2375 5002/6392/1190 4993/6382/2233
f 5002/6392/1190 5011/6402/2250 5012/6403/2251 5003/6393/2242
f 5003/6393/2242 5012/6403/2251 5013/6404/2252 5004/6394/2243
f 5004/6394/2243 5013/6404/2252 5014/6405/2253 5005/6395/2244
f 5005/6395/2244 5014/6405/2253 5015/6406/2254 5006/6396/2245
f 5006/6397/2245 5015/6407/2254 5016/6408/2255 5007/6398/2246
f 5007/6398/2246 5016/6408/2255 5017/6409/2256 5008/6399/2247
f 5008/6399/2247 5017/6409/2256 5018/6410/2257 5009/6400/2248
f 5009/6400/2248 5018/6410/2257 5019/6411/2258 5010/6401/2375
f 5010/6401/2375 5019/6411/2258 5011/6402/2250 5002/6392/1190
f 5011/6402/2250 5020/6412/2259 5021/6413/2260 5012/6403/2251
f 5012/6403/2251 5021/6413/2260 5022/6414/2261 5013/6404/2252
f 5013/6404/2252 5022/6414/2261 5023/6415/2262 5014/6405/2253
f 5014/6405/2253 5023/6415/2262 5024/6416/2263 5015/6406/2254
f 5015/6407/2254 5024/6417/2263 5025/6418/2264 5016/6408/2255
f 5016/6408/2255 5025/6418/2264 5026/6419/2265 5017/6409/2256
f 5017/6409/2256 5026/6419/2265 5027/6420/2266 5018/6410/2257
f 5018/6410/2257 5027/6420/2266 5028/6421/2267 5019/6411/2258
f 5019/6411/2258 5028/6421/2267 5020/6412/2259 5011/6402/2250
f 5020/6412/2259 5029/6422/1187 5030/6423/2268 5021/6413/2260
f 5021/6413/2260 5030/6423/2268 5031/6424/2269 5022/6414/2261
f 5022/6414/2261 5031/6424/2269 5032/6425/2270 5023/6415/2262
f 5023/6415/2262 5032/6425/2270 5033/6426/2271 5024/6416/2263
f 5024/6417/2263 5033/6427/2271 5034/6428/2272 5025/6418/2264
f 5025/6418/2264 5034/6428/2272 5035/6429/2273 5026/6419/2265
f 5026/6419/2265 5035/6429/2273 5036/6430/2274 5027/6420/2266
f 5027/6420/2266 5036/6430/2274 5037/6431/2275 5028/6421/2267
f 5028/6421/2267 5037/6431/2275 5029/6422/1187 5020/6412/2259
f 5029/6422/1187 5038/6432/2276 5039/6433/2277 5030/6423/2268
f 5030/6423/2268 5039/6433/2277 5040/6434/2278 5031/6424/2269
f 5031/6424/2269 5040/6434/2278 5041/6435/2279 5032/6425/2270
f 5032/6425/2270 5041/6435/2279 5042/6436/2280 5033/6426/2271
f 5033/6427/2271 5042/6437/2280 5043/6438/2281 5034/6428/2272
f 5034/6428/2272 5043/6438/2281 5044/6439/2282 5035/6429/2273
f 5035/6429/2273 5044/6439/2282 5045/6440/2283 5036/6430/2274
f 5036/6430/2274 5045/6440/2283 5046/6441/2284 5037/6431/2275
f 5037/6431/2275 5046/6441/2284 5038/6432/2276 5029/6422/1187
f 5038/6432/2276 5047/6442/2285 5048/6443/2286 5039/6433/2277
f 5039/6433/2277 5048/6443/2286 5049/6444/2287 5040/6434/2278
f 5040/6434/2278 5049/6444/2287 5050/6445/2288 5041/6435/2279
f 5041/6435/2279 5050/6445/2288 5051/6446/2289 5042/6436/2280
f 5042/6437/2280 5051/6447/2289 5052/6448/2290 5043/6438/2281
f 5043/6438/2281 5052/6448/2290 5053/6449/2291 5044/6439/2282
f 5044/6439/2282 5053/6449/2291 5054/6450/2292 5045/6440/2283
f 5045/6440/2283 5054/6450/2292 5055/6451/2293 5046/6441/2284
f 5046/6441/2284 5055/6451/2293 5047/6442/2285 5038/6432/2276
f 5047/6442/2285 5056/6452/517 5057/6454/2294 5048/6443/2286
f 5048/6443/2286 5057/6454/2294 5058/6456/2295 5049/6444/2287
f 5049/6444/2287 5058/6456/2295 5059/6458/2296 5050/6445/2288
f 5050/6445/2288 5059/6458/2296 5060/6460/2297 5051/6446/2289
f 5051/6447/2289 5060/6461/2297 5061/6464/2298 5052/6448/2290
f 5052/6448/2290 5061/6464/2298 5062/6466/2299 5053/6449/2291
f 5053/6449/2291 5062/6466/2299 5063/6468/2300 5054/6450/2292
f 5054/6450/2292 5063/6468/2300 5064/6470/2301 5055/6451/2293
f 5055/6451/2293 5064/6470/2301 5056/6452/517 5047/6442/2285
f 5056/6453/517 5065/6472/2302 5066/6473/2303 5057/6455/2294
f 5057/6455/2294 5066/6473/2303 5067/6474/2304 5058/6457/2295
f 5058/6457/2295 5067/6474/2304 5068/6475/2305 5059/6459/2296
f 5059/6459/2296 5068/6475/2305 5069/6476/2306 5060/6462/2297
f 5060/6463/2297 5069/6477/2306 5070/6478/2307 5061/6465/2298
f 5061/6465/2298 5070/6478/2307 5071/6479/2308 5062/6467/2299
f 5062/6467/2299 5071/6479/2308 5072/6480/2309 5063/6469/2300
f 5063/6469/2300 5072/6480/2309 5073/6481/2310 5064/6471/2301
f 5064/6471/2301 5073/6481/2310 5065/6472/2302 5056/6453/517
f 5065/6472/2302 5074/6482/2311 5075/6483/2312 5066/6473/2303
f 5066/6473/2303 5075/6483/2312 5076/6484/2313 5067/6474/2304
f 5067/6474/2304 5076/6484/2313 5077/6485/2314 5068/6475/2305
f 5068/6475/2305 5077/6485/2314 5078/6486/2315 5069/6476/2306
f 5069/6477/2306 5078/6487/2315 5079/6488/2316 5070/6478/2307
f 5070/6478/2307 5079/6488/2316 5080/6489/2317 5071/6479/2308
f 5071/6479/2308 5080/6489/2317 5081/6490/2318 5072/6480/2309
f 5072/6480/2309 5081/6490/2318 5082/6491/2319 5073/6481/2310
f 5073/6481/2310 5082/6491/2319 5074/6482/2311 5065/6472/2302
f 5074/6482/2311 5083/6492/1217 5084/6493/2320 5075/6483/2312
f 5075/6483/2312 5084/6493/2320 5085/6494/2321 5076/6484/2313
f 5076/6484/2313 5085/6494/2321 5086/6495/2322 5077/6485/2314
f 5077/6485/2314 5086/6495/2322 5087/6496/2323 5078/6486/2315
f 5078/6487/2315 5087/6497/2323 5088/6498/2324 5079/6488/2316
f 5079/6488/2316 5088/6498/2324 5089/6499/2325 5080/6489/2317
f 5080/6489/2317 5089/6499/2325 5090/6500/2326 5081/6490/2318
f 5081/6490/2318 5090/6500/2326 5091/6501/2327 5082/6491/2319
f 5082/6491/2319 5091/6501/2327 5083/6492/1217 5074/6482/2311
f 5083/6492/1217 5092/6502/2328 5093/6503/2329 5084/6493/2320
f 5084/6493/2320 5093/6503/2329 5094/6504/2330 5085/6494/2321
f 5085/6494/2321 5094/6504/2330 5095/6505/2331 5086/6495/2322
f 5086/6495/2322 5095/6505/2331 5096/6506/2332 5087/6496/2323
f 5087/6497/2323 5096/6507/2332 5097/6508/2333 5088/6498/2324
f 5088/6498/2324 5097/6508/2333 5098/6509/2334 5089/6499/2325
f 5089/6499/2325 5098/6509/2334 5099/6510/2335 5090/6500/2326
f 5090/6500/2326 5099/6510/2335 5100/6511/2336 5091/6501/2327
f 5091/6501/2327 5100/6511/2336 5092/6502/2328 5083/6492/1217
f 5092/6502/2328 5101/6512/2337 5102/6513/2338 5093/6503/2329
f 5093/6503/2329 5102/6513/2338 5103/6514/2339 5094/6504/2330
f 5094/6504/2330 5103/6514/2339 5104/6515/2340 5095/6505/2331
f 5095/6505/2331 5104/6515/2340 5105/6516/2341 5096/6506/2332
f 5096/6507/2332 5105/6517/2341 5106/6518/2342 5097/6508/2333
f 5097/6508/2333 5106/6518/2342 5107/6519/2343 5098/6509/2334
f 5098/6509/2334 5107/6519/2343 5108/6520/2344 5099/6510/2335
f 5099/6510/2335 5108/6520/2344 5109/6521/2345 5100/6511/2336
f 5100/6511/2336 5109/6521/2345 5101/6512/2337 5092/6502/2328
f 5101/6512/2337 5110/6522/1687 5111/6523/2346 5102/6513/2338
f 5102/6513/2338 5111/6523/2346 5112/6524/2347 5103/6514/2339
f 5103/6514/2339 5112/6524/2347 5113/6525/2348 5104/6515/2340
f 5104/6515/2340 5113/6525/2348 5114/6526/2349 5105/6516/2341
f 5105/6517/2341 5114/6527/2349 5115/6528/2350 5106/6518/2342
f 5106/6518/2342 5115/6528/2350 5116/6529/2351 5107/6519/2343
f 5107/6519/2343 5116/6529/2351 5117/6530/2352 5108/6520/2344
f 5108/6520/2344 5117/6530/2352 5118/6531/2353 5109/6521/2345
f 5109/6521/2345 5118/6531/2353 5110/6522/1687 5101/6512/2337
f 5110/6522/1687 5119/6532/2354 5120/6533/2355 5111/6523/2346
f 5111/6523/2346 5120/6533/2355 5121/6534/2356 5112/6524/2347
f 5112/6524/2347 5121/6534/2356 5122/6535/2357 5113/6525/2348
f 5113/6525/2348 5122/6535/2357 5123/6536/2358 5114/6526/2349
f 5114/6527/2349 5123/6537/2358 5124/6538/2359 5115/6528/2350
f 5115/6528/2350 5124/6538/2359 5125/6539/2360 5116/6529/2351
f 5116/6529/2351 5125/6539/2360 5126/6540/2361 5117/6530/2352
f 5117/6530/2352 5126/6540/2361 5127/6541/2362 5118/6531/2353
f 5118/6531/2353 5127/6541/2362 5119/6532/2354 5110/6522/1687
f 5119/6532/2354 5128/6542/2363 5129/6543/2364 5120/6533/2355
f 5120/6533/2355 5129/6543/2364 5130/6544/2365 5121/6534/2356
f 5121/6534/2356 5130/6544/2365 5131/6545/2366 5122/6535/2357
f 5122/6535/2357 5131/6545/2366 5132/6546/2367 5123/6536/2358
f 5123/6537/2358 5132/6547/2367 5133/6548/2368 5124/6538/2359
f 5124/6538/2359 5133/6548/2368 5134/6549/2369 5125/6539/2360
f 5125/6539/2360 5134/6549/2369 5135/6550/2370 5126/6540/2361
f 5126/6540/2361 5135/6550/2370 5136/6551/2371 5127/6541/2362
f 5127/6541/2362 5136/6551/2371 5128/6542/2363 5119/6532/2354
f 5128/6542/2363 4975/6362/532 4976/6363/2218 5129/6543/2364
f 5129/6543/2364 4976/6363/2218 4977/6364/2220 5130/6544/2365
f 5130/6544/2365 4977/6364/2220 4978/6365/2222 5131/6545/2366
f 5131/6545/2366 4978/6365/2222 4979/6366/2224 5132/6546/2367
f 5132/6547/2367 4979/6367/2224 4980/6368/2226 5133/6548/2368
f 5133/6548/2368 4980/6368/2226 4981/6369/2228 5134/6549/2369
f 5134/6549/2369 4981/6369/2228 4982/6370/2230 5135/6550/2370
f 5135/6550/2370 4982/6370/2230 4983/6371/2232 5136/6551/2371
f 5136/6551/2371 4983/6371/2232 4975/6362/532 5128/6542/2363
f 5137/6552/532 5146/6562/2216 5147/6563/2217 5138/6553/2218
f 5138/6553/2218 5147/6563/2217 5148/6564/2219 5139/6554/2220
f 5139/6554/2220 5148/6564/2219 5149/6565/2221 5140/6555/2222
f 5140/6555/2222 5149/6565/2221 5150/6566/2223 5141/6556/2224
f 5141/6557/2224 5150/6567/2223 5151/6568/2225 5142/6558/2226
f 5142/6558/2226 5151/6568/2225 5152/6569/2372 5143/6559/2228
f 5143/6559/2228 5152/6569/2372 5153/6570/2229 5144/6560/2230
f 5144/6560/2230 5153/6570/2229 5154/6571/2231 5145/6561/2232
f 5145/6561/2232 5154/6571/2231 5146/6562/2216 5137/6552/532
f 5146/6562/2216 5155/6572/2233 5156/6573/2234 5147/6563/2217
f 5147/6563/2217 5156/6573/2234 5157/6574/2235 5148/6564/2219
f 5148/6564/2219 5157/6574/2235 5158/6575/2236 5149/6565/2221
f 5149/6565/2221 5158/6575/2236 5159/6576/2237 5150/6566/2223
f 5150/6567/2223 5159/6577/2237 5160/6578/2238 5151/6568/2225
f 5151/6568/2225 5160/6578/2238 5161/6579/2239 5152/6569/2372
f 5152/6569/2372 5161/6579/2239 5162/6580/2240 5153/6570/2229
f 5153/6570/2229 5162/6580/2240 5163/6581/2241 5154/6571/2231
f 5154/6571/2231 5163/6581/2241 5155/6572/2233 5146/6562/2216
f 5155/6572/2233 5164/6582/1190 5165/6583/2242 5156/6573/2234
f 5156/6573/2234 5165/6583/2242 5166/6584/2243 5157/6574/2235
f 5157/6574/2235 5166/6584/2243 5167/6585/2244 5158/6575/2236
f 5158/6575/2236 5167/6585/2244 5168/6586/2245 5159/6576/2237
f 5159/6577/2237 5168/6587/2245 5169/6588/2246 5160/6578/2238
f 5160/6578/2238 5169/6588/2246 5170/6589/2247 5161/6579/2239
f 5161/6579/2239 5170/6589/2247 5171/6590/2248 5162/6580/2240
f 5162/6580/2240 5171/6590/2248 5172/6591/2375 5163/6581/2241
f 5163/6581/2241 5172/6591/2375 5164/6582/1190 5155/6572/2233
f 5164/6582/1190 5173/6592/2250 5174/6593/2251 5165/6583/2242
f 5165/6583/2242 5174/6593/2251 5175/6594/2252 5166/6584/2243
f 5166/6584/2243 5175/6594/2252 5176/6595/2253 5167/6585/2244
f 5167/6585/2244 5176/6595/2253 5177/6596/2254 5168/6586/2245
f 5168/6587/2245 5177/6597/2254 5178/6598/2255 5169/6588/2246
f 5169/6588/2246 5178/6598/2255 5179/6599/2256 5170/6589/2247
f 5170/6589/2247 5179/6599/2256 5180/6600/2257 5171/6590/2248
f 5171/6590/2248 5180/6600/2257 5181/6601/2258 5172/6591/2375
f 5172/6591/2375 5181/6601/2258 5173/6592/2250 5164/6582/1190
f 5173/6592/2250 5182/6602/2259 5183/6603/2260 5174/6593/2251
f 5174/6593/2251 5183/6603/2260 5184/6604/2261 5175/6594/2252
f 5175/6594/2252 5184/6604/2261 5185/6605/2262 5176/6595/2253
f 5176/6595/2253 5185/6605/2262 5186/6606/2263 5177/6596/2254
f 5177/6597/2254 5186/6607/2263 5187/6608/2264 5178/6598/2255
f 5178/6598/2255 5187/6608/2264 5188/6609/2265 5179/6599/2256
f 5179/6599/2256 5188/6609/2265 5189/6610/2266 5180/6600/2257
f 5180/6600/2257 5189/6610/2266 5190/6611/2267 5181/6601/2258
f 5181/6601/2258 5190/6611/2267 5182/6602/2259 5173/6592/2250
f 5182/6602/2259 5191/6612/1187 5192/6613/2268 5183/6603/2260
f 5183/6603/2260 5192/6613/2268 5193/6614/2269 5184/6604/2261
f 5184/6604/2261 5193/6614/2269 5194/6615/2270 5185/6605/2262
f 5185/6605/2262 5194/6615/2270 5195/6616/2271 5186/6606/2263
f 5186/6607/2263 5195/6617/2271 5196/6618/2272 5187/6608/2264
f 5187/6608/2264 5196/6618/2272 5197/6619/2273 5188/6609/2265
f 5188/6609/2265 5197/6619/2273 5198/6620/2274 5189/6610/2266
f 5189/6610/2266 5198/6620/2274 5199/6621/2275 5190/6611/2267
f 5190/6611/2267 5199/6621/2275 5191/6612/1187 5182/6602/2259
f 5191/6612/1187 5200/6622/2276 5201/6623/2277 5192/6613/2268
f 5192/6613/2268 5201/6623/2277 5202/6624/2278 5193/6614/2269
f 5193/6614/2269 5202/6624/2278 5203/6625/2279 5194/6615/2270
f 5194/6615/2270 5203/6625/2279 5204/6626/2280 5195/6616/2271
f 5195/6617/2271 5204/6627/2280 5205/6628/2281 5196/6618/2272
f 5196/6618/2272 5205/6628/2281 5206/6629/2282 5197/6619/2273
f 5197/6619/2273 5206/6629/2282 5207/6630/2283 5198/6620/2274
f 5198/6620/2274 5207/6630/2283 5208/6631/2284 5199/6621/2275
f 5199/6621/2275 5208/6631/2284 5200/6622/2276 5191/6612/1187
f 5200/6622/2276 5209/6632/2285 5210/6633/2373 5201/6623/2277
f 5201/6623/2277 5210/6633/2373 5211/6634/2287 5202/6624/2278
f 5202/6624/2278 5211/6634/2287 5212/6635/2288 5203/6625/2279
f 5203/6625/2279 5212/6635/2288 5213/6636/2289 5204/6626/2280
f 5204/6627/2280 5213/6637/2289 5214/6638/2290 5205/6628/2281
f 5205/6628/2281 5214/6638/2290 5215/6639/2291 5206/6629/2282
f 5206/6629/2282 5215/6639/2291 5216/6640/2292 5207/6630/2283
f 5207/6630/2283 5216/6640/2292 5217/6641/2293 5208/6631/2284
f 5208/6631/2284 5217/6641/2293 5209/6632/2285 5200/6622/2276
f 5209/6632/2285 5218/6642/517 5219/6644/2294 5210/6633/2373
f 5210/6633/2373 5219/6644/2294 5220/6646/2295 5211/6634/2287
f 5211/6634/2287 5220/6646/2295 5221/6648/2296 5212/6635/2288
f 5212/6635/2288 5221/6648/2296 5222/6650/2297 5213/6636/2289
f 5213/6637/2289 5222/6651/2297 5223/6654/2376 5214/6638/2290
f 5214/6638/2290 5223/6654/2376 5224/6656/2299 5215/6639/2291
f 5215/6639/2291 5224/6656/2299 5225/6658/2300 5216/6640/2292
f 5216/6640/2292 5225/6658/2300 5226/6660/2301 5217/6641/2293
f 5217/6641/2293 5226/6660/2301 5218/6642/517 5209/6632/2285
f 5218/6643/517 5227/6662/2302 5228/6663/2303 5219/6645/2294
f 5219/6645/2294 5228/6663/2303 5229/6664/2304 5220/6647/2295
f 5220/6647/2295 5229/6664/2304 5230/6665/2305 5221/6649/2296
f 5221/6649/2296 5230/6665/2305 5231/6666/2306 5222/6652/2297
f 5222/6653/2297 5231/6667/2306 5232/6668/2307 5223/6655/2376
f 5223/6655/2376 5232/6668/2307 5233/6669/2308 5224/6657/2299
f 5224/6657/2299 5233/6669/2308 5234/6670/2309 5225/6659/2300
f 5225/6659/2300 5234/6670/2309 5235/6671/2310 5226/6661/2301
f 5226/6661/2301 5235/6671/2310 5227/6662/2302 5218/6643/517
f 5227/6662/2302 5236/6672/2311 5237/6673/2312 5228/6663/2303
f 5228/6663/2303 5237/6673/2312 5238/6674/2313 5229/6664/2304
f 5229/6664/2304 5238/6674/2313 5239/6675/2314 5230/6665/2305
f 5230/6665/2305 5239/6675/2314 5240/6676/2315 5231/6666/2306
f 5231/6667/2306 5240/6677/2315 5241/6678/2316 5232/6668/2307
f 5232/6668/2307 5241/6678/2316 5242/6679/2317 5233/6669/2308
f 5233/6669/2308 5242/6679/2317 5243/6680/2318 5234/6670/2309
f 5234/6670/2309 5243/6680/2318 5244/6681/2319 5235/6671/2310
f 5235/6671/2310 5244/6681/2319 5236/6672/2311 5227/6662/2302
f 5236/6672/2311 5245/6682/1217 5246/6683/2320 5237/6673/2312
f 5237/6673/2312 5246/6683/2320 5247/6684/2321 5238/6674/2313
f 5238/6674/2313 5247/6684/2321 5248/6685/2322 5239/6675/2314
f 5239/6675/2314 5248/6685/2322 5249/6686/2323 5240/6676/2315
f 5240/6677/2315 5249/6687/2323 5250/6688/2324 5241/6678/2316
f 5241/6678/2316 5250/6688/2324 5251/6689/2325 5242/6679/2317
f 5242/6679/2317 5251/6689/2325 5252/6690/2326 5243/6680/2318
f 5243/6680/2318 5252/6690/2326 5253/6691/2327 5244/6681/2319
f 5244/6681/2319 5253/6691/2327 5245/6682/1217 5236/6672/2311
f 5245/6682/1217 5254/6692/2328 5255/6693/2329 5246/6683/2320
f 5246/6683/2320 5255/6693/2329 5256/6694/2330 5247/6684/2321
f 5247/6684/2321 5256/6694/2330 5257/6695/2331 5248/6685/2322
f 5248/6685/2322 5257/6695/2331 5258/6696/2332 5249/6686/2323
f 5249/6687/2323 5258/6697/2332 5259/6698/2333 5250/6688/2324
f 5250/6688/2324 5259/6698/2333 5260/6699/2334 5251/6689/2325
f 5251/6689/2325 5260/6699/2334 5261/6700/2335 5252/6690/2326
f 5252/6690/2326 5261/6700/2335 5262/6701/2336 5253/6691/2327
f 5253/6691/2327 5262/6701/2336 5254/6692/2328 5245/6682/1217
f 5254/6692/2328 5263/6702/2337 5264/6703/2338 5255/6693/2329
f 5255/6693/2329 5264/6703/2338 5265/6704/2339 5256/6694/2330
f 5256/6694/2330 5265/6704/2339 5266/6705/2340 5257/6695/2331
f 5257/6695/2331 5266/6705/2340 5267/6706/2341 5258/6696/2332
f 5258/6697/2332 5267/6707/2341 5268/6708/2342 5259/6698/2333
f 5259/6698/2333 5268/6708/2342 5269/6709/2343 5260/6699/2334
f 5260/6699/2334 5269/6709/2343 5270/6710/2344 5261/6700/2335
f 5261/6700/2335 5270/6710/2344 5271/6711/2345 5262/6701/2336
f 5262/6701/2336 5271/6711/2345 5263/6702/2337 5254/6692/2328
f 5263/6702/2337 5272/6712/1687 5273/6713/2346 5264/6703/2338
f 5264/6703/2338 5273/6713/2346 5274/6714/2347 5265/6704/2339
f 5265/6704/2339 5274/6714/2347 5275/6715/2348 5266/6705/2340
f 5266/6705/2340 5275/6715/2348 5276/6716/2349 5267/6706/2341
f 5267/6707/2341 5276/6717/2349 5277/6718/2350 5268/6708/2342
f 5268/6708/2342 5277/6718/2350 5278/6719/2351 5269/6709/2343
f 5269/6709/2343 5278/6719/2351 5279/6720/2352 5270/6710/2344
f 5270/6710/2344 5279/6720/2352 5280/6721/2353 5271/6711/2345
f 5271/6711/2345 5280/6721/2353 5272/6712/1687 5263/6702/2337
f 5272/6712/1687 5281/6722/2354 5282/6723/2355 5273/6713/2346
f 5273/6713/2346 5282/6723/2355 5283/6724/2356 5274/6714/2347
f 5274/6714/2347 5283/6724/2356 5284/6725/2357 5275/6715/2348
f 5275/6715/2348 5284/6725/2357 5285/6726/2358 5276/6716/2349
f 5276/6717/2349 5285/6727/2358 5286/6728/2359 5277/6718/2350
f 5277/6718/2350 5286/6728/2359 5287/6729/2360 5278/6719/2351
f 5278/6719/2351 5287/6729/2360 5288/6730/2361 5279/6720/2352
f 5279/6720/2352 5288/6730/2361 5289/6731/2362 5280/6721/2353
f 5280/6721/2353 5289/6731/2362 5281/6722/2354 5272/6712/1687
f 5281/6722/2354 5290/6732/2363 5291/6733/2364 5282/6723/2355
f 5282/6723/2355 5291/6733/2364 5292/6734/2365 5283/6724/2356
f 5283/6724/2356 5292/6734/2365 5293/6735/2366 5284/6725/2357
f 5284/6725/2357 5293/6735/2366 5294/6736/2367 5285/6726/2358
f 5285/6727/2358 5294/6737/2367 5295/6738/2368 5286/6728/2359
f 5286/6728/2359 5295/6738/2368 5296/6739/2369 5287/6729/2360
f 5287/6729/2360 5296/6739/2369 5297/6740/2370 5288/6730/2361
f 5288/6730/2361 5297/6740/2370 5298/6741/2371 5289/6731/2362
f 5289/6731/2362 5298/6741/2371 5290/6732/2363 5281/6722/2354
f 5290/6732/2363 5137/6552/532 5138/6553/2218 5291/6733/2364
f 5291/6733/2364 5138/6553/2218 5139/6554/2220 5292/6734/2365
f 5292/6734/2365 5139/6554/2220 5140/6555/2222 5293/6735/2366
f 5293/6735/2366 5140/6555/2222 5141/6556/2224 5294/6736/2367
f 5294/6737/2367 5141/6557/2224 5142/6558/2226 5295/6738/2368
f 5295/6738/2368 5142/6558/2226 5143/6559/2228 5296/6739/2369
f 5296/6739/2369 5143/6559/2228 5144/6560/2230 5297/6740/2370
f 5297/6740/2370 5144/6560/2230 5145/6561/2232 5298/6741/2371
f 5298/6741/2371 5145/6561/2232 5137/6552/532 5290/6732/2363
f 5299/6742/532 5308/6752/2216 5309/6753/2217 5300/6743/2218
f 5300/6743/2218 5309/6753/2217 5310/6754/2219 5301/6744/2220
f 5301/6744/2220 5310/6754/2219 5311/6755/2221 5302/6745/2222
f 5302/6745/2222 5311/6755/2221 5312/6756/2223 5303/6746/2381
f 5303/6747/2381 5312/6757/2223 5313/6758/2225 5304/6748/2226
f 5304/6748/2226 5313/6758/2225 5314/6759/2372 5305/6749/2228
f 5305/6749/2228 5314/6759/2372 5315/6760/2229 5306/6750/2230
f 5306/6750/2230 5315/6760/2229 5316/6761/2231 5307/6751/2232
f 5307/6751/2232 5316/6761/2231 5308/6752/2216 5299/6742/532
f 5308/6752/2216 5317/6762/2233 5318/6763/2234 5309/6753/2217
f 5309/6753/2217 5318/6763/2234 5319/6764/2235 5310/6754/2219
f 5310/6754/2219 5319/6764/2235 5320/6765/2236 5311/6755/2221
f 5311/6755/2221 5320/6765/2236 5321/6766/2237 5312/6756/2223
f 5312/6757/2223 5321/6767/2237 5322/6768/2238 5313/6758/2225
f 5313/6758/2225 5322/6768/2238 5323/6769/2239 5314/6759/2372
f 5314/6759/2372 5323/6769/2239 5324/6770/2240 5315/6760/2229
f 5315/6760/2229 5324/6770/2240 5325/6771/2241 5316/6761/2231
f 5316/6761/2231 5325/6771/2241 5317/6762/2233 5308/6752/2216
f 5317/6762/2233 5326/6772/1190 5327/6773/2242 5318/6763/2234
f 5318/6763/2234 5327/6773/2242 5328/6774/2243 5319/6764/2235
f 5319/6764/2235 5328/6774/2243 5329/6775/2244 5320/6765/2236
f 5320/6765/2236 5329/6775/2244 5330/6776/2245 5321/6766/2237
f 5321/6767/2237 5330/6777/2245 5331/6778/2246 5322/6768/2238
f 5322/6768/2238 5331/6778/2246 5332/6779/2247 5323/6769/2239
f 5323/6769/2239 5332/6779/2247 5333/6780/2248 5324/6770/2240
f 5324/6770/2240 5333/6780/2248 5334/6781/2375 5325/6771/2241
f 5325/6771/2241 5334/6781/2375 5326/6772/1190 5317/6762/2233
f 5326/6772/1190 5335/6782/2250 5336/6783/2251 5327/6773/2242
f 5327/6773/2242 5336/6783/2251 5337/6784/2252 5328/6774/2243
f 5328/6774/2243 5337/6784/2252 5338/6785/2253 5329/6775/2244
f 5329/6775/2244 5338/6785/2253 5339/6786/2254 5330/6776/2245
f 5330/6777/2245 5339/6787/2254 5340/6788/2255 5331/6778/2246
f 5331/6778/2246 5340/6788/2255 5341/6789/2256 5332/6779/2247
f 5332/6779/2247 5341/6789/2256 5342/6790/2257 5333/6780/2248
f 5333/6780/2248 5342/6790/2257 5343/6791/2258 5334/6781/2375
f 5334/6781/2375 5343/6791/2258 5335/6782/2250 5326/6772/1190
f 5335/6782/2250 5344/6792/2259 5345/6793/2260 5336/6783/2251
f 5336/6783/2251 5345/6793/2260 5346/6794/2261 5337/6784/2252
f 5337/6784/2252 5346/6794/2261 5347/6795/2262 5338/6785/2253
f 5338/6785/2253 5347/6795/2262 5348/6796/2263 5339/6786/2254
f 5339/6787/2254 5348/6797/2263 5349/6798/2264 5340/6788/2255
f 5340/6788/2255 5349/6798/2264 5350/6799/2265 5341/6789/2256
f 5341/6789/2256 5350/6799/2265 5351/6800/2266 5342/6790/2257
f 5342/6790/2257 5351/6800/2266 5352/6801/2267 5343/6791/2258
f 5343/6791/2258 5352/6801/2267 5344/6792/2259 5335/6782/2250
f 5344/6792/2259 5353/6802/1187 5354/6803/2268 5345/6793/2260
f 5345/6793/2260 5354/6803/2268 5355/6804/2269 5346/6794/2261
f 5346/6794/2261 5355/6804/2269 5356/6805/2270 5347/6795/2262
f 5347/6795/2262 5356/6805/2270 5357/6806/2271 5348/6796/2263
f 5348/6797/2263 5357/6807/2271 5358/6808/2272 5349/6798/2264
f 5349/6798/2264 5358/6808/2272 5359/6809/2273 5350/6799/2265
f 5350/6799/2265 5359/6809/2273 5360/6810/2274 5351/6800/2266
f 5351/6800/2266 5360/6810/2274 5361/6811/2275 5352/6801/2267
f 5352/6801/2267 5361/6811/2275 5353/6802/1187 5344/6792/2259
f 5353/6802/1187 5362/6812/2276 5363/6813/2277 5354/6803/2268
f 5354/6803/2268 5363/6813/2277 5364/6814/2278 5355/6804/2269
f 5355/6804/2269 5364/6814/2278 5365/6815/2279 5356/6805/2270
f 5356/6805/2270 5365/6815/2279 5366/6816/2280 5357/6806/2271
f 5357/6807/2271 5366/6817/2280 5367/6818/2281 5358/6808/2272
f 5358/6808/2272 5367/6818/2281 5368/6819/2282 5359/6809/2273
f 5359/6809/2273 5368/6819/2282 5369/6820/2283 5360/6810/2274
f 5360/6810/2274 5369/6820/2283 5370/6821/2284 5361/6811/2275
f 5361/6811/2275 5370/6821/2284 5362/6812/2276 5353/6802/1187
f 5362/6812/2276 5371/6822/2285 5372/6823/2373 5363/6813/2277
f 5363/6813/2277 5372/6823/2373 5373/6824/2287 5364/6814/2278
f 5364/6814/2278 5373/6824/2287 5374/6825/2288 5365/6815/2279
f 5365/6815/2279 5374/6825/2288 5375/6826/2289 5366/6816/2280
f 5366/6817/2280 5375/6827/2289 5376/6828/2290 5367/6818/2281
f 5367/6818/2281 5376/6828/2290 5377/6829/2291 5368/6819/2282
f 5368/6819/2282 5377/6829/2291 5378/6830/2292 5369/6820/2283
f 5369/6820/2283 5378/6830/2292 5379/6831/2293 5370/6821/2284
f 5370/6821/2284 5379/6831/2293 5371/6822/2285 5362/6812/2276
f 5371/6822/2285 5380/6832/517 5381/6834/2294 5372/6823/2373
f 5372/6823/2373 5381/6834/2294 5382/6836/2295 5373/6824/2287
f 5373/6824/2287 5382/6836/2295 5383/6838/2296 5374/6825/2288
f 5374/6825/2288 5383/6838/2296 5384/6840/2297 5375/6826/2289
f 5375/6827/2289 5384/6841/2297 5385/6844/2376 5376/6828/2290
f 5376/6828/2290 5385/6844/2376 5386/6846/2299 5377/6829/2291
f 5377/6829/2291 5386/6846/2299 5387/6848/2300 5378/6830/2292
f 5378/6830/2292 5387/6848/2300 5388/6850/2301 5379/6831/2293
f 5379/6831/2293 5388/6850/2301 5380/6832/517 5371/6822/2285
f 5380/6833/517 5389/6852/2302 5390/6853/2303 5381/6835/2294
f 5381/6835/2294 5390/6853/2303 5391/6854/2304 5382/6837/2295
f 5382/6837/2295 5391/6854/2304 5392/6855/2305 5383/6839/2296
f 5383/6839/2296 5392/6855/2305 5393/6856/2306 5384/6842/2297
f 5384/6843/2297 5393/6857/2306 5394/6858/2307 5385/6845/2376
f 5385/6845/2376 5394/6858/2307 5395/6859/2308 5386/6847/2299
f 5386/6847/2299 5395/6859/2308 5396/6860/2309 5387/6849/2300
f 5387/6849/2300 5396/6860/2309 5397/6861/2310 5388/6851/2301
f 5388/6851/2301 5397/6861/2310 5389/6852/2302 5380/6833/517
f 5389/6852/2302 5398/6862/2311 5399/6863/2312 5390/6853/2303
f 5390/6853/2303 5399/6863/2312 5400/6864/2313 5391/6854/2304
f 5391/6854/2304 5400/6864/2313 5401/6865/2314 5392/6855/2305
f 5392/6855/2305 5401/6865/2314 5402/6866/2315 5393/6856/2306
f 5393/6857/2306 5402/6867/2315 5403/6868/2316 5394/6858/2307
f 5394/6858/2307 5403/6868/2316 5404/6869/2317 5395/6859/2308
f 5395/6859/2308 5404/6869/2317 5405/6870/2318 5396/6860/2309
f 5396/6860/2309 5405/6870/2318 5406/6871/2319 5397/6861/2310
f 5397/6861/2310 5406/6871/2319 5398/6862/2311 5389/6852/2302
f 5398/6862/2311 5407/6872/1217 5408/6873/2320 5399/6863/2312
f 5399/6863/2312 5408/6873/2320 5409/6874/2321 5400/6864/2313
f 5400/6864/2313 5409/6874/2321 5410/6875/2322 5401/6865/2314
f 5401/6865/2314 5410/6875/2322 5411/6876/2323 5402/6866/2315
f 5402/6867/2315 5411/6877/2323 5412/6878/2324 5403/6868/2316
f 5403/6868/2316 5412/6878/2324 5413/6879/2325 5404/6869/2317
f 5404/6869/2317 5413/6879/2325 5414/6880/2326 5405/6870/2318
f 5405/6870/2318 5414/6880/2326 5415/6881/2327 5406/6871/2319
f 5406/6871/2319 5415/6881/2327 5407/6872/1217 5398/6862/2311
f 5407/6872/1217 5416/6882/2328 5417/6883/2329 5408/6873/2320
f 5408/6873/2320 5417/6883/2329 5418/6884/2330 5409/6874/2321
f 5409/6874/2321 5418/6884/2330 5419/6885/2331 5410/6875/2322
f 5410/6875/2322 5419/6885/2331 5420/6886/2332 5411/6876/2323
f 5411/6877/2323 5420/6887/2332 5421/6888/2333 5412/6878/2324
f 5412/6878/2324 5421/6888/2333 5422/6889/2334 5413/6879/2325
f 5413/6879/2325 5422/6889/2334 5423/6890/2335 5414/6880/2326
f 5414/6880/2326 5423/6890/2335 5424/6891/2336 5415/6881/2327
f 5415/6881/2327 5424/6891/2336 5416/6882/2328 5407/6872/1217
f 5416/6882/2328 5425/6892/2337 5426/6893/2338 5417/6883/2329
f 5417/6883/2329 5426/6893/2338 5427/6894/2339 5418/6884/2330
f 5418/6884/2330 5427/6894/2339 5428/6895/2340 5419/6885/2331
f 5419/6885/2331 5428/6895/2340 5429/6896/2341 5420/6886/2332
f 5420/6887/2332 5429/6897/2341 5430/6898/2342 5421/6888/2333
f 5421/6888/2333 5430/6898/2342 5431/6899/2343 5422/6889/2334
f 5422/6889/2334 5431/6899/2343 5432/6900/2344 5423/6890/2335
f 5423/6890/2335 5432/6900/2344 5433/6901/2345 5424/6891/2336
f 5424/6891/2336 5433/6901/2345 5425/6892/2337 5416/6882/2328
f 5425/6892/2337 5434/6902/1687 5435/6903/2346 5426/6893/2338
f 5426/6893/2338 5435/6903/2346 5436/6904/2347 5427/6894/2339
f 5427/6894/2339 5436/6904/2347 5437/6905/2348 5428/6895/2340
f 5428/6895/2340 5437/6905/2348 5438/6906/2349 5429/6896/2341
f 5429/6897/2341 5438/6907/2349 5439/6908/2350 5430/6898/2342
f 5430/6898/2342 5439/6908/2350 5440/6909/2351 5431/6899/2343
f 5431/6899/2343 5440/6909/2351 5441/6910/2352 5432/6900/2344
f 5432/6900/2344 5441/6910/2352 5442/6911/2353 5433/6901/2345
f 5433/6901/2345 5442/6911/2353 5434/6902/1687 5425/6892/2337
f 5434/6902/1687 5443/6912/2354 5444/6913/2355 5435/6903/2346
f 5435/6903/2346 5444/6913/2355 5445/6914/2356 5436/6904/2347
f 5436/6904/2347 5445/6914/2356 5446/6915/2357 5437/6905/2348
f 5437/6905/2348 5446/6915/2357 5447/6916/2358 5438/6906/2349
f 5438/6907/2349 5447/6917/2358 5448/6918/2359 5439/6908/2350
f 5439/6908/2350 5448/6918/2359 5449/6919/2360 5440/6909/2351
f 5440/6909/2351 5449/6919/2360 5450/6920/2361 5441/6910/2352
f 5441/6910/2352 5450/6920/2361 5451/6921/2362 5442/6911/2353
f 5442/6911/2353 5451/6921/2362 5443/6912/2354 5434/6902/1687
f 5443/6912/2354 5452/6922/2363 5453/6923/2364 5444/6913/2355
f 5444/6913/2355 5453/6923/2364 5454/6924/2365 5445/6914/2356
f 5445/6914/2356 5454/6924/2365 5455/6925/2379 5446/6915/2357
f 5446/6915/2357 5455/6925/2379 5456/6926/2367 5447/6916/2358
f 5447/6917/2358 5456/6927/2367 5457/6928/2368 5448/6918/2359
f 5448/6918/2359 5457/6928/2368 5458/6929/2369 5449/6919/2360
f 5449/6919/2360 5458/6929/2369 5459/6930/2370 5450/6920/2361
f 5450/6920/2361 5459/6930/2370 5460/6931/2371 5451/6921/2362
f 5451/6921/2362 5460/6931/2371 5452/6922/2363 5443/6912/2354
f 5452/6922/2363 5299/6742/532 5300/6743/2218 5453/6923/2364
f 5453/6923/2364 5300/6743/2218 5301/6744/2220 5454/6924/2365
f 5454/6924/2365 5301/6744/2220 5302/6745/2222 5455/6925/2379
f 5455/6925/2379 5302/6745/2222 5303/6746/2381 5456/6926/2367
f 5456/6927/2367 5303/6747/2381 5304/6748/2226 5457/6928/2368
f 5457/6928/2368 5304/6748/2226 5305/6749/2228 5458/6929/2369
f 5458/6929/2369 5305/6749/2228 5306/6750/2230 5459/6930/2370
f 5459/6930/2370 5306/6750/2230 5307/6751/2232 5460/6931/2371
f 5460/6931/2371 5307/6751/2232 5299/6742/532 5452/6922/2363
f 5461/6932/532 5470/6942/2216 5471/6943/2217 5462/6933/2218
f 5462/6933/2218 5471/6943/2217 5472/6944/2219 5463/6934/2220
f 5463/6934/2220 5472/6944/2219 5473/6945/2221 5464/6935/2222
f 5464/6935/2222 5473/6945/2221 5474/6946/2223 5465/6936/2224
f 5465/6937/2224 5474/6947/2223 5475/6948/2225 5466/6938/2226
f 5466/6938/2226 5475/6948/2225 5476/6949/2227 5467/6939/2228
f 5467/6939/2228 5476/6949/2227 5477/6950/2229 5468/6940/2230
f 5468/6940/2230 5477/6950/2229 5478/6951/2231 5469/6941/2232
f 5469/6941/2232 5478/6951/2231 5470/6942/2216 5461/6932/532
f 5470/6942/2216 5479/6952/2233 5480/6953/2234 5471/6943/2217
f 5471/6943/2217 5480/6953/2234 5481/6954/2235 5472/6944/2219
f 5472/6944/2219 5481/6954/2235 5482/6955/2236 5473/6945/2221
f 5473/6945/2221 5482/6955/2236 5483/6956/2237 5474/6946/2223
f 5474/6947/2223 5483/6957/2237 5484/6958/2238 5475/6948/2225
f 5475/6948/2225 5484/6958/2238 5485/6959/2239 5476/6949/2227
f 5476/6949/2227 5485/6959/2239 5486/6960/2240 5477/6950/2229
f 5477/6950/2229 5486/6960/2240 5487/6961/2241 5478/6951/2231
f 5478/6951/2231 5487/6961/2241 5479/6952/2233 5470/6942/2216
f 5479/6952/2233 5488/6962/1190 5489/6963/2242 5480/6953/2234
f 5480/6953/2234 5489/6963/2242 5490/6964/2243 5481/6954/2235
f 5481/6954/2235 5490/6964/2243 5491/6965/2244 5482/6955/2236
f 5482/6955/2236 5491/6965/2244 5492/6966/2245 5483/6956/2237
f 5483/6957/2237 5492/6967/2245 5493/6968/2246 5484/6958/2238
f 5484/6958/2238 5493/6968/2246 5494/6969/2247 5485/6959/2239
f 5485/6959/2239 5494/6969/2247 5495/6970/2248 5486/6960/2240
f 5486/6960/2240 5495/6970/2248 5496/6971/2249 5487/6961/2241
f 5487/6961/2241 5496/6971/2249 5488/6962/1190 5479/6952/2233
f 5488/6962/1190 5497/6972/2250 5498/6973/2251 5489/6963/2242
f 5489/6963/2242 5498/6973/2251 5499/6974/2252 5490/6964/2243
f 5490/6964/2243 5499/6974/2252 5500/6975/2253 5491/6965/2244
f 5491/6965/2244 5500/6975/2253 5501/6976/2254 5492/6966/2245
f 5492/6967/2245 5501/6977/2254 5502/6978/2255 5493/6968/2246
f 5493/6968/2246 5502/6978/2255 5503/6979/2256 5494/6969/2247
f 5494/6969/2247 5503/6979/2256 5504/6980/2257 5495/6970/2248
f 5495/6970/2248 5504/6980/2257 5505/6981/2258 5496/6971/2249
f 5496/6971/2249 5505/6981/2258 5497/6972/2250 5488/6962/1190
f 5497/6972/2250 5506/6982/2259 5507/6983/2260 5498/6973/2251
f 5498/6973/2251 5507/6983/2260 5508/6984/2261 5499/6974/2252
f 5499/6974/2252 5508/6984/2261 5509/6985/2262 5500/6975/2253
f 5500/6975/2253 5509/6985/2262 5510/6986/2263 5501/6976/2254
f 5501/6977/2254 5510/6987/2263 5511/6988/2264 5502/6978/2255
f 5502/6978/2255 5511/6988/2264 5512/6989/2265 5503/6979/2256
f 5503/6979/2256 5512/6989/2265 5513/6990/2266 5504/6980/2257
f 5504/6980/2257 5513/6990/2266 5514/6991/2267 5505/6981/2258
f 5505/6981/2258 5514/6991/2267 5506/6982/2259 5497/6972/2250
f 5506/6982/2259 5515/6992/1187 5516/6993/2268 5507/6983/2260
f 5507/6983/2260 5516/6993/2268 5517/6994/2269 5508/6984/2261
f 5508/6984/2261 5517/6994/2269 5518/6995/2270 5509/6985/2262
f 5509/6985/2262 5518/6995/2270 5519/6996/2271 5510/6986/2263
f 5510/6987/2263 5519/6997/2271 5520/6998/2272 5511/6988/2264
f 5511/6988/2264 5520/6998/2272 5521/6999/2273 5512/6989/2265
f 5512/6989/2265 5521/6999/2273 5522/7000/2274 5513/6990/2266
f 5513/6990/2266 5522/7000/2274 5523/7001/2275 5514/6991/2267
f 5514/6991/2267 5523/7001/2275 5515/6992/1187 5506/6982/2259
f 5515/6992/1187 5524/7002/2276 5525/7003/2277 5516/6993/2268
f 5516/6993/2268 5525/7003/2277 5526/7004/2278 5517/6994/2269
f 5517/6994/2269 5526/7004/2278 5527/7005/2279 5518/6995/2270
f 5518/6995/2270 5527/7005/2279 5528/7006/2280 5519/6996/2271
f 5519/6997/2271 5528/7007/2280 5529/7008/2281 5520/6998/2272
f 5520/6998/2272 5529/7008/2281 5530/7009/2282 5521/6999/2273
f 5521/6999/2273 5530/7009/2282 5531/7010/2283 5522/7000/2274
f 5522/7000/2274 5531/7010/2283 5532/7011/2284 5523/7001/2275
f 5523/7001/2275 5532/7011/2284 5524/7002/2276 5515/6992/1187
f 5524/7002/2276 5533/7012/2285 5534/7013/2286 5525/7003/2277
f 5525/7003/2277 5534/7013/2286 5535/7014/2287 5526/7004/2278
f 5526/7004/2278 5535/7014/2287 5536/7015/2288 5527/7005/2279
f 5527/7005/2279 5536/7015/2288 5537/7016/2289 5528/7006/2280
f 5528/7007/2280 5537/7017/2289 5538/7018/2290 5529/7008/2281
f 5529/7008/2281 5538/7018/2290 5539/7019/2291 5530/7009/2282
f 5530/7009/2282 5539/7019/2291 5540/7020/2292 5531/7010/2283
f 5531/7010/2283 5540/7020/2292 5541/7021/2293 5532/7011/2284
f 5532/7011/2284 5541/7021/2293 5533/7012/2285 5524/7002/2276
f 5533/7012/2285 5542/7022/517 5543/7024/2294 5534/7013/2286
f 5534/7013/2286 5543/7024/2294 5544/7026/2295 5535/7014/2287
f 5535/7014/2287 5544/7026/2295 5545/7028/2296 5536/7015/2288
f 5536/7015/2288 5545/7028/2296 5546/7030/2297 5537/7016/2289
f 5537/7017/2289 5546/7031/2297 5547/7034/2376 5538/7018/2290
f 5538/7018/2290 5547/7034/2376 5548/7036/2299 5539/7019/2291
f 5539/7019/2291 5548/7036/2299 5549/7038/2300 5540/7020/2292
f 5540/7020/2292 5549/7038/2300 5550/7040/2301 5541/7021/2293
f 5541/7021/2293 5550/7040/2301 5542/7022/517 5533/7012/2285
f 5542/7023/517 5551/7042/2302 5552/7043/2303 5543/7025/2294
f 5543/7025/2294 5552/7043/2303 5553/7044/2304 5544/7027/2295
f 5544/7027/2295 5553/7044/2304 5554/7045/2305 5545/7029/2296
f 5545/7029/2296 5554/7045/2305 5555/7046/2306 5546/7032/2297
f 5546/7033/2297 5555/7047/2306 5556/7048/2307 5547/7035/2376
f 5547/7035/2376 5556/7048/2307 5557/7049/2308 5548/7037/2299
f 5548/7037/2299 5557/7049/2308 5558/7050/2309 5549/7039/2300
f 5549/7039/2300 5558/7050/2309 5559/7051/2310 5550/7041/2301
f 5550/7041/2301 5559/7051/2310 5551/7042/2302 5542/7023/517
f 5551/7042/2302 5560/7052/2311 5561/7053/2312 5552/7043/2303
f 5552/7043/2303 5561/7053/2312 5562/7054/2313 5553/7044/2304
f 5553/7044/2304 5562/7054/2313 5563/7055/2314 5554/7045/2305
f 5554/7045/2305 5563/7055/2314 5564/7056/2315 5555/7046/2306
f 5555/7047/2306 5564/7057/2315 5565/7058/2316 5556/7048/2307
f 5556/7048/2307 5565/7058/2316 5566/7059/2317 5557/7049/2308
f 5557/7049/2308 5566/7059/2317 5567/7060/2318 5558/7050/2309
f 5558/7050/2309 5567/7060/2318 5568/7061/2319 5559/7051/2310
f 5559/7051/2310 5568/7061/2319 5560/7052/2311 5551/7042/2302
f 5560/7052/2311 5569/7062/1217 5570/7063/2320 5561/7053/2312
f 5561/7053/2312 5570/7063/2320 5571/7064/2321 5562/7054/2313
f 5562/7054/2313 5571/7064/2321 5572/7065/2322 5563/7055/2314
f 5563/7055/2314 5572/7065/2322 5573/7066/2323 5564/7056/2315
f 5564/7057/2315 5573/7067/2323 5574/7068/2324 5565/7058/2316
f 5565/7058/2316 5574/7068/2324 5575/7069/2325 5566/7059/2317
f 5566/7059/2317 5575/7069/2325 5576/7070/2326 5567/7060/2318
f 5567/7060/2318 5576/7070/2326 5577/7071/2327 5568/7061/2319
f 5568/7061/2319 5577/7071/2327 5569/7062/1217 5560/7052/2311
f 5569/7062/1217 5578/7072/2328 5579/7073/2329 5570/7063/2320
f 5570/7063/2320 5579/7073/2329 5580/7074/2330 5571/7064/2321
f 5571/7064/2321 5580/7074/2330 5581/7075/2331 5572/7065/2322
f 5572/7065/2322 5581/7075/2331 5582/7076/2332 5573/7066/2323
f 5573/7067/2323 5582/7077/2332 5583/7078/2333 5574/7068/2324
f 5574/7068/2324 5583/7078/2333 5584/7079/2334 5575/7069/2325
f 5575/7069/2325 5584/7079/2334 5585/7080/2335 5576/7070/2326
f 5576/7070/2326 5585/7080/2335 5586/7081/2336 5577/7071/2327
f 5577/7071/2327 5586/7081/2336 5578/7072/2328 5569/7062/1217
f 5578/7072/2328 5587/7082/2337 5588/7083/2338 5579/7073/2329
f 5579/7073/2329 5588/7083/2338 5589/7084/2339 5580/7074/2330
f 5580/7074/2330 5589/7084/2339 5590/7085/2340 5581/7075/2331
f 5581/7075/2331 5590/7085/2340 5591/7086/2341 5582/7076/2332
f 5582/7077/2332 5591/7087/2341 5592/7088/2342 5583/7078/2333
f 5583/7078/2333 5592/7088/2342 5593/7089/2343 5584/7079/2334
f 5584/7079/2334 5593/7089/2343 5594/7090/2344 5585/7080/2335
f 5585/7080/2335 5594/7090/2344 5595/7091/2345 5586/7081/2336
f 5586/7081/2336 5595/7091/2345 5587/7082/2337 5578/7072/2328
f 5587/7082/2337 5596/7092/1687 5597/7093/2346 5588/7083/2338
f 5588/7083/2338 5597/7093/2346 5598/7094/2347 5589/7084/2339
f 5589/7084/2339 5598/7094/2347 5599/7095/2348 5590/7085/2340
f 5590/7085/2340 5599/7095/2348 5600/7096/2349 5591/7086/2341
f 5591/7087/2341 5600/7097/2349 5601/7098/2350 5592/7088/2342
f 5592/7088/2342 5601/7098/2350 5602/7099/2351 5593/7089/2343
f 5593/7089/2343 5602/7099/2351 5603/7100/2352 5594/7090/2344
f 5594/7090/2344 5603/7100/2352 5604/7101/2382 5595/7091/2345
f 5595/7091/2345 5604/7101/2382 5596/7092/1687 5587/7082/2337
f 5596/7092/1687 5605/7102/2354 5606/7103/2355 5597/7093/2346
f 5597/7093/2346 5606/7103/2355 5607/7104/2356 5598/7094/2347
f 5598/7094/2347 5607/7104/2356 5608/7105/2357 5599/7095/2348
f 5599/7095/2348 5608/7105/2357 5609/7106/2358 5600/7096/2349
f 5600/7097/2349 5609/7107/2358 5610/7108/2359 5601/7098/2350
f 5601/7098/2350 5610/7108/2359 5611/7109/2360 5602/7099/2351
f 5602/7099/2351 5611/7109/2360 5612/7110/2361 5603/7100/2352
f 5603/7100/2352 5612/7110/2361 5613/7111/2362 5604/7101/2382
f 5604/7101/2382 5613/7111/2362 5605/7102/2354 5596/7092/1687
f 5605/7102/2354 5614/7112/2363 5615/7113/2364 5606/7103/2355
f 5606/7103/2355 5615/7113/2364 5616/7114/2365 5607/7104/2356
f 5607/7104/2356 5616/7114/2365 5617/7115/2379 5608/7105/2357
f 5608/7105/2357 5617/7115/2379 5618/7116/2367 5609/7106/2358
f 5609/7107/2358 5618/7117/2367 5619/7118/2368 5610/7108/2359
f 5610/7108/2359 5619/7118/2368 5620/7119/2369 5611/7109/2360
f 5611/7109/2360 5620/7119/2369 5621/7120/2370 5612/7110/2361
f 5612/7110/2361 5621/7120/2370 5622/7121/2371 5613/7111/2362
f 5613/7111/2362 5622/7121/2371 5614/7112/2363 5605/7102/2354
f 5614/7112/2363 5461/6932/532 5462/6933/2218 5615/7113/2364
f 5615/7113/2364 5462/6933/2218 5463/6934/2220 5616/7114/2365
f 5616/7114/2365 5463/6934/2220 5464/6935/2222 5617/7115/2379
f 5617/7115/2379 5464/6935/2222 5465/6936/2224 5618/7116/2367
f 5618/7117/2367 5465/6937/2224 5466/6938/2226 5619/7118/2368
f 5619/7118/2368 5466/6938/2226 5467/6939/2228 5620/7119/2369
f 5620/7119/2369 5467/6939/2228 5468/6940/2230 5621/7120/2370
f 5621/7120/2370 5468/6940/2230 5469/6941/2232 5622/7121/2371
f 5622/7121/2371 5469/6941/2232 5461/6932/532 5614/7112/2363
f 5623/7122/532 5632/7132/2216 5633/7133/2217 5624/7123/2218
f 5624/7123/2218 5633/7133/2217 5634/7134/2219 5625/7124/2220
f 5625/7124/2220 5634/7134/2219 5635/7135/2221 5626/7125/2222
f 5626/7125/2222 5635/7135/2221 5636/7136/2223 5627/7126/2224
f 5627/7127/2224 5636/7137/2223 5637/7138/2225 5628/7128/2226
f 5628/7128/2226 5637/7138/2225 5638/7139/2372 5629/7129/2228
f 5629/7129/2228 5638/7139/2372 5639/7140/2229 5630/7130/2230
f 5630/7130/2230 5639/7140/2229 5640/7141/2231 5631/7131/2232
f 5631/7131/2232 5640/7141/2231 5632/7132/2216 5623/7122/532
f 5632/7132/2216 5641/7142/2233 5642/7143/2234 5633/7133/2217
f 5633/7133/2217 5642/7143/2234 5643/7144/2235 5634/7134/2219
f 5634/7134/2219 5643/7144/2235 5644/7145/2236 5635/7135/2221
f 5635/7135/2221 5644/7145/2236 5645/7146/2237 5636/7136/2223
f 5636/7137/2223 5645/7147/2237 5646/7148/2238 5637/7138/2225
f 5637/7138/2225 5646/7148/2238 5647/7149/2239 5638/7139/2372
f 5638/7139/2372 5647/7149/2239 5648/7150/2240 5639/7140/2229
f 5639/7140/2229 5648/7150/2240 5649/7151/2241 5640/7141/2231
f 5640/7141/2231 5649/7151/2241 5641/7142/2233 5632/7132/2216
f 5641/7142/2233 5650/7152/1190 5651/7153/2242 5642/7143/2234
f 5642/7143/2234 5651/7153/2242 5652/7154/2243 5643/7144/2235
f 5643/7144/2235 5652/7154/2243 5653/7155/2244 5644/7145/2236
f 5644/7145/2236 5653/7155/2244 5654/7156/2245 5645/7146/2237
f 5645/7147/2237 5654/7157/2245 5655/7158/2246 5646/7148/2238
f 5646/7148/2238 5655/7158/2246 5656/7159/2247 5647/7149/2239
f 5647/7149/2239 5656/7159/2247 5657/7160/2248 5648/7150/2240
f 5648/7150/2240 5657/7160/2248 5658/7161/2375 5649/7151/2241
f 5649/7151/2241 5658/7161/2375 5650/7152/1190 5641/7142/2233
f 5650/7152/1190 5659/7162/2250 5660/7163/2251 5651/7153/2242
f 5651/7153/2242 5660/7163/2251 5661/7164/2252 5652/7154/2243
f 5652/7154/2243 5661/7164/2252 5662/7165/2253 5653/7155/2244
f 5653/7155/2244 5662/7165/2253 5663/7166/2254 5654/7156/2245
f 5654/7157/2245 5663/7167/2254 5664/7168/2255 5655/7158/2246
f 5655/7158/2246 5664/7168/2255 5665/7169/2256 5656/7159/2247
f 5656/7159/2247 5665/7169/2256 5666/7170/2257 5657/7160/2248
f 5657/7160/2248 5666/7170/2257 5667/7171/2258 5658/7161/2375
f 5658/7161/2375 5667/7171/2258 5659/7162/2250 5650/7152/1190
f 5659/7162/2250 5668/7172/2259 5669/7173/2260 5660/7163/2251
f 5660/7163/2251 5669/7173/2260 5670/7174/2261 5661/7164/2252
f 5661/7164/2252 5670/7174/2261 5671/7175/2262 5662/7165/2253
f 5662/7165/2253 5671/7175/2262 5672/7176/2263 5663/7166/2254
f 5663/7167/2254 5672/7177/2263 5673/7178/2264 5664/7168/2255
f 5664/7168/2255 5673/7178/2264 5674/7179/2265 5665/7169/2256
f 5665/7169/2256 5674/7179/2265 5675/7180/2266 5666/7170/2257
f 5666/7170/2257 5675/7180/2266 5676/7181/2267 5667/7171/2258
f 5667/7171/2258 5676/7181/2267 5668/7172/2259 5659/7162/2250
f 5668/7172/2259 5677/7182/1187 5678/7183/2268 5669/7173/2260
f 5669/7173/2260 5678/7183/2268 5679/7184/2269 5670/7174/2261
f 5670/7174/2261 5679/7184/2269 5680/7185/2270 5671/7175/2262
f 5671/7175/2262 5680/7185/2270 5681/7186/2271 5672/7176/2263
f 5672/7177/2263 5681/7187/2271 5682/7188/2272 5673/7178/2264
f 5673/7178/2264 5682/7188/2272 5683/7189/2273 5674/7179/2265
f 5674/7179/2265 5683/7189/2273 5684/7190/2274 5675/7180/2266
f 5675/7180/2266 5684/7190/2274 5685/7191/2275 5676/7181/2267
f 5676/7181/2267 5685/7191/2275 5677/7182/1187 5668/7172/2259
f 5677/7182/1187 5686/7192/2276 5687/7193/2277 5678/7183/2268
f 5678/7183/2268 5687/7193/2277 5688/7194/2278 5679/7184/2269
f 5679/7184/2269 5688/7194/2278 5689/7195/2279 5680/7185/2270
f 5680/7185/2270 5689/7195/2279 5690/7196/2280 5681/7186/2271
f 5681/7187/2271 5690/7197/2280 5691/7198/2281 5682/7188/2272
f 5682/7188/2272 5691/7198/2281 5692/7199/2282 5683/7189/2273
f 5683/7189/2273 5692/7199/2282 5693/7200/2283 5684/7190/2274
f 5684/7190/2274 5693/7200/2283 5694/7201/2284 5685/7191/2275
f 5685/7191/2275 5694/7201/2284 5686/7192/2276 5677/7182/1187
f 5686/7192/2276 5695/7202/2285 5696/7203/2286 5687/7193/2277
f 5687/7193/2277 5696/7203/2286 5697/7204/2287 5688/7194/2278
f 5688/7194/2278 5697/7204/2287 5698/7205/2288 5689/7195/2279
f 5689/7195/2279 5698/7205/2288 5699/7206/2289 5690/7196/2280
f 5690/7197/2280 5699/7207/2289 5700/7208/2290 5691/7198/2281
f 5691/7198/2281 5700/7208/2290 5701/7209/2291 5692/7199/2282
f 5692/7199/2282 5701/7209/2291 5702/7210/2292 5693/7200/2283
f 5693/7200/2283 5702/7210/2292 5703/7211/2293 5694/7201/2284
f 5694/7201/2284 5703/7211/2293 5695/7202/2285 5686/7192/2276
f 5695/7202/2285 5704/7212/517 5705/7214/2294 5696/7203/2286
f 5696/7203/2286 5705/7214/2294 5706/7216/2295 5697/7204/2287
f 5697/7204/2287 5706/7216/2295 5707/7218/2296 5698/7205/2288
f 5698/7205/2288 5707/7218/2296 5708/7220/2297 5699/7206/2289
f 5699/7207/2289 5708/7221/2297 5709/7224/2298 5700/7208/2290
f 5700/7208/2290 5709/7224/2298 5710/7226/2299 5701/7209/2291
f 5701/7209/2291 5710/7226/2299 5711/7228/2300 5702/7210/2292
f 5702/7210/2292 5711/7228/2300 5712/7230/2301 5703/7211/2293
f 5703/7211/2293 5712/7230/2301 5704/7212/517 5695/7202/2285
f 5704/7213/517 5713/7232/2302 5714/7233/2303 5705/7215/2294
f 5705/7215/2294 5714/7233/2303 5715/7234/2304 5706/7217/2295
f 5706/7217/2295 5715/7234/2304 5716/7235/2305 5707/7219/2296
f 5707/7219/2296 5716/7235/2305 5717/7236/2306 5708/7222/2297
f 5708/7223/2297 5717/7237/2306 5718/7238/2307 5709/7225/2298
f 5709/7225/2298 5718/7238/2307 5719/7239/2308 5710/7227/2299
f 5710/7227/2299 5719/7239/2308 5720/7240/2309 5711/7229/2300
f 5711/7229/2300 5720/7240/2309 5721/7241/2310 5712/7231/2301
f 5712/7231/2301 5721/7241/2310 5713/7232/2302 5704/7213/517
f 5713/7232/2302 5722/7242/2311 5723/7243/2312 5714/7233/2303
f 5714/7233/2303 5723/7243/2312 5724/7244/2313 5715/7234/2304
f 5715/7234/2304 5724/7244/2313 5725/7245/2314 5716/7235/2305
f 5716/7235/2305 5725/7245/2314 5726/7246/2315 5717/7236/2306
f 5717/7237/2306 5726/7247/2315 5727/7248/2316 5718/7238/2307
f 5718/7238/2307 5727/7248/2316 5728/7249/2317 5719/7239/2308
f 5719/7239/2308 5728/7249/2317 5729/7250/2318 5720/7240/2309
f 5720/7240/2309 5729/7250/2318 5730/7251/2319 5721/7241/2310
f 5721/7241/2310 5730/7251/2319 5722/7242/2311 5713/7232/2302
f 5722/7242/2311 5731/7252/1217 5732/7253/2320 5723/7243/2312
f 5723/7243/2312 5732/7253/2320 5733/7254/2321 5724/7244/2313
f 5724/7244/2313 5733/7254/2321 5734/7255/2322 5725/7245/2314
f 5725/7245/2314 5734/7255/2322 5735/7256/2323 5726/7246/2315
f 5726/7247/2315 5735/7257/2323 5736/7258/2324 5727/7248/2316
f 5727/7248/2316 5736/7258/2324 5737/7259/2325 5728/7249/2317
f 5728/7249/2317 5737/7259/2325 5738/7260/2326 5729/7250/2318
f 5729/7250/2318 5738/7260/2326 5739/7261/2327 5730/7251/2319
f 5730/7251/2319 5739/7261/2327 5731/7252/1217 5722/7242/2311
f 5731/7252/1217 5740/7262/2328 5741/7263/2329 5732/7253/2320
f 5732/7253/2320 5741/7263/2329 5742/7264/2330 5733/7254/2321
f 5733/7254/2321 5742/7264/2330 5743/7265/2331 5734/7255/2322
f 5734/7255/2322 5743/7265/2331 5744/7266/2332 5735/7256/2323
f 5735/7257/2323 5744/7267/2332 5745/7268/2333 5736/7258/2324
f 5736/7258/2324 5745/7268/2333 5746/7269/2334 5737/7259/2325
f 5737/7259/2325 5746/7269/2334 5747/7270/2335 5738/7260/2326
f 5738/7260/2326 5747/7270/2335 5748/7271/2336 5739/7261/2327
f 5739/7261/2327 5748/7271/2336 5740/7262/2328 5731/7252/1217
f 5740/7262/2328 5749/7272/2337 5750/7273/2338 5741/7263/2329
f 5741/7263/2329 5750/7273/2338 5751/7274/2339 5742/7264/2330
f 5742/7264/2330 5751/7274/2339 5752/7275/2340 5743/7265/2331
f 5743/7265/2331 5752/7275/2340 5753/7276/2341 5744/7266/2332
f 5744/7267/2332 5753/7277/2341 5754/7278/2342 5745/7268/2333
f 5745/7268/2333 5754/7278/2342 5755/7279/2343 5746/7269/2334
f 5746/7269/2334 5755/7279/2343 5756/7280/2344 5747/7270/2335
f 5747/7270/2335 5756/7280/2344 5757/7281/2345 5748/7271/2336
f 5748/7271/2336 5757/7281/2345 5749/7272/2337 5740/7262/2328
f 5749/7272/2337 5758/7282/1687 5759/7283/2346 5750/7273/2338
f 5750/7273/2338 5759/7283/2346 5760/7284/2347 5751/7274/2339
f 5751/7274/2339 5760/7284/2347 5761/7285/2348 5752/7275/2340
f 5752/7275/2340 5761/7285/2348 5762/7286/2349 5753/7276/2341
f 5753/7277/2341 5762/7287/2349 5763/7288/2350 5754/7278/2342
f 5754/7278/2342 5763/7288/2350 5764/7289/2351 5755/7279/2343
f 5755/7279/2343 5764/7289/2351 5765/7290/2352 5756/7280/2344
f 5756/7280/2344 5765/7290/2352 5766/7291/2353 5757/7281/2345
f 5757/7281/2345 5766/7291/2353 5758/7282/1687 5749/7272/2337
f 5758/7282/1687 5767/7292/2354 5768/7293/2355 5759/7283/2346
f 5759/7283/2346 5768/7293/2355 5769/7294/2356 5760/7284/2347
f 5760/7284/2347 5769/7294/2356 5770/7295/2357 5761/7285/2348
f 5761/7285/2348 5770/7295/2357 5771/7296/2358 5762/7286/2349
f 5762/7287/2349 5771/7297/2358 5772/7298/2359 5763/7288/2350
f 5763/7288/2350 5772/7298/2359 5773/7299/2360 5764/7289/2351
f 5764/7289/2351 5773/7299/2360 5774/7300/2361 5765/7290/2352
f 5765/7290/2352 5774/7300/2361 5775/7301/2362 5766/7291/2353
f 5766/7291/2353 5775/7301/2362 5767/7292/2354 5758/7282/1687
f 5767/7292/2354 5776/7302/2363 5777/7303/2364 5768/7293/2355
f 5768/7293/2355 5777/7303/2364 5778/7304/2365 5769/7294/2356
f 5769/7294/2356 5778/7304/2365 5779/7305/2366 5770/7295/2357
f 5770/7295/2357 5779/7305/2366 5780/7306/2367 5771/7296/2358
f 5771/7297/2358 5780/7307/2367 5781/7308/2368 5772/7298/2359
f 5772/7298/2359 5781/7308/2368 5782/7309/2369 5773/7299/2360
f 5773/7299/2360 5782/7309/2369 5783/7310/2370 5774/7300/2361
f 5774/7300/2361 5783/7310/2370 5784/7311/2371 5775/7301/2362
f 5775/7301/2362 5784/7311/2371 5776/7302/2363 5767/7292/2354
f 5776/7302/2363 5623/7122/532 5624/7123/2218 5777/7303/2364
f 5777/7303/2364 5624/7123/2218 5625/7124/2220 5778/7304/2365
f 5778/7304/2365 5625/7124/2220 5626/7125/2222 5779/7305/2366
f 5779/7305/2366 5626/7125/2222 5627/7126/2224 5780/7306/2367
f 5780/7307/2367 5627/7127/2224 5628/7128/2226 5781/7308/2368
f 5781/7308/2368 5628/7128/2226 5629/7129/2228 5782/7309/2369
f 5782/7309/2369 5629/7129/2228 5630/7130/2230 5783/7310/2370
f 5783/7310/2370 5630/7130/2230 5631/7131/2232 5784/7311/2371
f 5784/7311/2371 5631/7131/2232 5623/7122/532 5776/7302/2363
f 5785/7312/532 5794/7322/2216 5795/7323/2217 5786/7313/2218
f 5786/7313/2218 5795/7323/2217 5796/7324/2219 5787/7314/2220
f 5787/7314/2220 5796/7324/2219 5797/7325/2221 5788/7315/2222
f 5788/7315/2222 5797/7325/2221 5798/7326/2223 5789/7316/2224
f 5789/7317/2224 5798/7327/2223 5799/7328/2225 5790/7318/2226
f 5790/7318/2226 5799/7328/2225 5800/7329/2227 5791/7319/2228
f 5791/7319/2228 5800/7329/2227 5801/7330/2229 5792/7320/2230
f 5792/7320/2230 5801/7330/2229 5802/7331/2231 5793/7321/2232
f 5793/7321/2232 5802/7331/2231 5794/7322/2216 5785/7312/532
f 5794/7322/2216 5803/7332/2233 5804/7333/2234 5795/7323/2217
f 5795/7323/2217 5804/7333/2234 5805/7334/2235 5796/7324/2219
f 5796/7324/2219 5805/7334/2235 5806/7335/2236 5797/7325/2221
f 5797/7325/2221 5806/7335/2236 5807/7336/2237 5798/7326/2223
f 5798/7327/2223 5807/7337/2237 5808/7338/2238 5799/7328/2225
f 5799/7328/2225 5808/7338/2238 5809/7339/2239 5800/7329/2227
f 5800/7329/2227 5809/7339/2239 5810/7340/2240 5801/7330/2229
f 5801/7330/2229 5810/7340/2240 5811/7341/2241 5802/7331/2231
f 5802/7331/2231 5811/7341/2241 5803/7332/2233 5794/7322/2216
f 5803/7332/2233 5812/7342/1190 5813/7343/2242 5804/7333/2234
f 5804/7333/2234 5813/7343/2242 5814/7344/2243 5805/7334/2235
f 5805/7334/2235 5814/7344/2243 5815/7345/2244 5806/7335/2236
f 5806/7335/2236 5815/7345/2244 5816/7346/2245 5807/7336/2237
f 5807/7337/2237 5816/7347/2245 5817/7348/2246 5808/7338/2238
f 5808/7338/2238 5817/7348/2246 5818/7349/2247 5809/7339/2239
f 5809/7339/2239 5818/7349/2247 5819/7350/2248 5810/7340/2240
f 5810/7340/2240 5819/7350/2248 5820/7351/2249 5811/7341/2241
f 5811/7341/2241 5820/7351/2249 5812/7342/1190 5803/7332/2233
f 5812/7342/1190 5821/7352/2250 5822/7353/2251 5813/7343/2242
f 5813/7343/2242 5822/7353/2251 5823/7354/2252 5814/7344/2243
f 5814/7344/2243 5823/7354/2252 5824/7355/2253 5815/7345/2244
f 5815/7345/2244 5824/7355/2253 5825/7356/2254 5816/7346/2245
f 5816/7347/2245 5825/7357/2254 5826/7358/2255 5817/7348/2246
f 5817/7348/2246 5826/7358/2255 5827/7359/2256 5818/7349/2247
f 5818/7349/2247 5827/7359/2256 5828/7360/2257 5819/7350/2248
f 5819/7350/2248 5828/7360/2257 5829/7361/2258 5820/7351/2249
f 5820/7351/2249 5829/7361/2258 5821/7352/2250 5812/7342/1190
f 5821/7352/2250 5830/7362/2259 5831/7363/2260 5822/7353/2251
f 5822/7353/2251 5831/7363/2260 5832/7364/2261 5823/7354/2252
f 5823/7354/2252 5832/7364/2261 5833/7365/2262 5824/7355/2253
f 5824/7355/2253 5833/7365/2262 5834/7366/2263 5825/7356/2254
f 5825/7357/2254 5834/7367/2263 5835/7368/2264 5826/7358/2255
f 5826/7358/2255 5835/7368/2264 5836/7369/2265 5827/7359/2256
f 5827/7359/2256 5836/7369/2265 5837/7370/2266 5828/7360/2257
f 5828/7360/2257 5837/7370/2266 5838/7371/2267 5829/7361/2258
f 5829/7361/2258 5838/7371/2267 5830/7362/2259 5821/7352/2250
f 5830/7362/2259 5839/7372/1187 5840/7373/2268 5831/7363/2260
f 5831/7363/2260 5840/7373/2268 5841/7374/2269 5832/7364/2261
f 5832/7364/2261 5841/7374/2269 5842/7375/2270 5833/7365/2262
f 5833/7365/2262 5842/7375/2270 5843/7376/2271 5834/7366/2263
f 5834/7367/2263 5843/7377/2271 5844/7378/2272 5835/7368/2264
f 5835/7368/2264 5844/7378/2272 5845/7379/2273 5836/7369/2265
f 5836/7369/2265 5845/7379/2273 5846/7380/2274 5837/7370/2266
f 5837/7370/2266 5846/7380/2274 5847/7381/2275 5838/7371/2267
f 5838/7371/2267 5847/7381/2275 5839/7372/1187 5830/7362/2259
f 5839/7372/1187 5848/7382/2276 5849/7383/2277 5840/7373/2268
f 5840/7373/2268 5849/7383/2277 5850/7384/2278 5841/7374/2269
f 5841/7374/2269 5850/7384/2278 5851/7385/2279 5842/7375/2270
f 5842/7375/2270 5851/7385/2279 5852/7386/2280 5843/7376/2271
f 5843/7377/2271 5852/7387/2280 5853/7388/2281 5844/7378/2272
f 5844/7378/2272 5853/7388/2281 5854/7389/2282 5845/7379/2273
f 5845/7379/2273 5854/7389/2282 5855/7390/2283 5846/7380/2274
f 5846/7380/2274 5855/7390/2283 5856/7391/2284 5847/7381/2275
f 5847/7381/2275 5856/7391/2284 5848/7382/2276 5839/7372/1187
f 5848/7382/2276 5857/7392/2285 5858/7393/2286 5849/7383/2277
f 5849/7383/2277 5858/7393/2286 5859/7394/2287 5850/7384/2278
f 5850/7384/2278 5859/7394/2287 5860/7395/2288 5851/7385/2279
f 5851/7385/2279 5860/7395/2288 5861/7396/2289 5852/7386/2280
f 5852/7387/2280 5861/7397/2289 5862/7398/2290 5853/7388/2281
f 5853/7388/2281 5862/7398/2290 5863/7399/2291 5854/7389/2282
f 5854/7389/2282 5863/7399/2291 5864/7400/2292 5855/7390/2283
f 5855/7390/2283 5864/7400/2292 5865/7401/2293 5856/7391/2284
f 5856/7391/2284 5865/7401/2293 5857/7392/2285 5848/7382/2276
f 5857/7392/2285 5866/7402/517 5867/7404/2294 5858/7393/2286
f 5858/7393/2286 5867/7404/2294 5868/7406/2295 5859/7394/2287
f 5859/7394/2287 5868/7406/2295 5869/7408/2296 5860/7395/2288
f 5860/7395/2288 5869/7408/2296 5870/7410/2297 5861/7396/2289
f 5861/7397/2289 5870/7411/2297 5871/7414/2298 5862/7398/2290
f 5862/7398/2290 5871/7414/2298 5872/7416/2299 5863/7399/2291
f 5863/7399/2291 5872/7416/2299 5873/7418/2300 5864/7400/2292
f 5864/7400/2292 5873/7418/2300 5874/7420/2301 5865/7401/2293
f 5865/7401/2293 5874/7420/2301 5866/7402/517 5857/7392/2285
f 5866/7403/517 5875/7422/2302 5876/7423/2303 5867/7405/2294
f 5867/7405/2294 5876/7423/2303 5877/7424/2304 5868/7407/2295
f 5868/7407/2295 5877/7424/2304 5878/7425/2305 5869/7409/2296
f 5869/7409/2296 5878/7425/2305 5879/7426/2306 5870/7412/2297
f 5870/7413/2297 5879/7427/2306 5880/7428/2307 5871/7415/2298
f 5871/7415/2298 5880/7428/2307 5881/7429/2308 5872/7417/2299
f 5872/7417/2299 5881/7429/2308 5882/7430/2309 5873/7419/2300
f 5873/7419/2300 5882/7430/2309 5883/7431/2310 5874/7421/2301
f 5874/7421/2301 5883/7431/2310 5875/7422/2302 5866/7403/517
f 5875/7422/2302 5884/7432/2311 5885/7433/2312 5876/7423/2303
f 5876/7423/2303 5885/7433/2312 5886/7434/2313 5877/7424/2304
f 5877/7424/2304 5886/7434/2313 5887/7435/2314 5878/7425/2305
f 5878/7425/2305 5887/7435/2314 5888/7436/2315 5879/7426/2306
f 5879/7427/2306 5888/7437/2315 5889/7438/2316 5880/7428/2307
f 5880/7428/2307 5889/7438/2316 5890/7439/2317 5881/7429/2308
f 5881/7429/2308 5890/7439/2317 5891/7440/2318 5882/7430/2309
f 5882/7430/2309 5891/7440/2318 5892/7441/2319 5883/7431/2310
f 5883/7431/2310 5892/7441/2319 5884/7432/2311 5875/7422/2302
f 5884/7432/2311 5893/7442/1217 5894/7443/2320 5885/7433/2312
f 5885/7433/2312 5894/7443/2320 5895/7444/2321 5886/7434/2313
f 5886/7434/2313 5895/7444/2321 5896/7445/2322 5887/7435/2314
f 5887/7435/2314 5896/7445/2322 5897/7446/2323 5888/7436/2315
f 5888/7437/2315 5897/7447/2323 5898/7448/2324 5889/7438/2316
f 5889/7438/2316 5898/7448/2324 5899/7449/2325 5890/7439/2317
f 5890/7439/2317 5899/7449/2325 5900/7450/2326 5891/7440/2318
f 5891/7440/2318 5900/7450/2326 5901/7451/2327 5892/7441/2319
f 5892/7441/2319 5901/7451/2327 5893/7442/1217 5884/7432/2311
f 5893/7442/1217 5902/7452/2328 5903/7453/2329 5894/7443/2320
f 5894/7443/2320 5903/7453/2329 5904/7454/2330 5895/7444/2321
f 5895/7444/2321 5904/7454/2330 5905/7455/2331 5896/7445/2322
f 5896/7445/2322 5905/7455/2331 5906/7456/2332 5897/7446/2323
f 5897/7447/2323 5906/7457/2332 5907/7458/2333 5898/7448/2324
f 5898/7448/2324 5907/7458/2333 5908/7459/2334 5899/7449/2325
f 5899/7449/2325 5908/7459/2334 5909/7460/2335 5900/7450/2326
f 5900/7450/2326 5909/7460/2335 5910/7461/2336 5901/7451/2327
f 5901/7451/2327 5910/7461/2336 5902/7452/2328 5893/7442/1217
f 5902/7452/2328 5911/7462/2337 5912/7463/2338 5903/7453/2329
f 5903/7453/2329 5912/7463/2338 5913/7464/2339 5904/7454/2330
f 5904/7454/2330 5913/7464/2339 5914/7465/2340 5905/7455/2331
f 5905/7455/2331 5914/7465/2340 5915/7466/2341 5906/7456/2332
f 5906/7457/2332 5915/7467/2341 5916/7468/2342 5907/7458/2333
f 5907/7458/2333 5916/7468/2342 5917/7469/2343 5908/7459/2334
f 5908/7459/2334 5917/7469/2343 5918/7470/2344 5909/7460/2335
f 5909/7460/2335 5918/7470/2344 5919/7471/2345 5910/7461/2336
f 5910/7461/2336 5919/7471/2345 5911/7462/2337 5902/7452/2328
f 5911/7462/2337 5920/7472/1687 5921/7473/2346 5912/7463/2338
f 5912/7463/2338 5921/7473/2346 5922/7474/2347 5913/7464/2339
f 5913/7464/2339 5922/7474/2347 5923/7475/2348 5914/7465/2340
f 5914/7465/2340 5923/7475/2348 5924/7476/2349 5915/7466/2341
f 5915/7467/2341 5924/7477/2349 5925/7478/2350 5916/7468/2342
f 5916/7468/2342 5925/7478/2350 5926/7479/2351 5917/7469/2343
f 5917/7469/2343 5926/7479/2351 5927/7480/2352 5918/7470/2344
f 5918/7470/2344 5927/7480/2352 5928/7481/2353 5919/7471/2345
f 5919/7471/2345 5928/7481/2353 5920/7472/1687 5911/7462/2337
f 5920/7472/1687 5929/7482/2354 5930/7483/2355 5921/7473/2346
f 5921/7473/2346 5930/7483/2355 5931/7484/2356 5922/7474/2347
f 5922/7474/2347 5931/7484/2356 5932/7485/2357 5923/7475/2348
f 5923/7475/2348 5932/7485/2357 5933/7486/2358 5924/7476/2349
f 5924/7477/2349 5933/7487/2358 5934/7488/2359 5925/7478/2350
f 5925/7478/2350 5934/7488/2359 5935/7489/2360 5926/7479/2351
f 5926/7479/2351 5935/7489/2360 5936/7490/2361 5927/7480/2352
f 5927/7480/2352 5936/7490/2361 5937/7491/2362 5928/7481/2353
f 5928/7481/2353 5937/7491/2362 5929/7482/2354 5920/7472/1687
f 5929/7482/2354 5938/7492/2363 5939/7493/2364 5930/7483/2355
f 5930/7483/2355 5939/7493/2364 5940/7494/2365 5931/7484/2356
f 5931/7484/2356 5940/7494/2365 5941/7495/2379 5932/7485/2357
f 5932/7485/2357 5941/7495/2379 5942/7496/2367 5933/7486/2358
f 5933/7487/2358 5942/7497/2367 5943/7498/2368 5934/7488/2359
f 5934/7488/2359 5943/7498/2368 5944/7499/2369 5935/7489/2360
f 5935/7489/2360 5944/7499/2369 5945/7500/2370 5936/7490/2361
f 5936/7490/2361 5945/7500/2370 5946/7501/2371 5937/7491/2362
f 5937/7491/2362 5946/7501/2371 5938/7492/2363 5929/7482/2354
f 5938/7492/2363 5785/7312/532 5786/7313/2218 5939/7493/2364
f 5939/7493/2364 5786/7313/2218 5787/7314/2220 5940/7494/2365
f 5940/7494/2365 5787/7314/2220 5788/7315/2222 5941/7495/2379
f 5941/7495/2379 5788/7315/2222 5789/7316/2224 5942/7496/2367
f 5942/7497/2367 5789/7317/2224 5790/7318/2226 5943/7498/2368
f 5943/7498/2368 5790/7318/2226 5791/7319/2228 5944/7499/2369
f 5944/7499/2369 5791/7319/2228 5792/7320/2230 5945/7500/2370
f 5945/7500/2370 5792/7320/2230 5793/7321/2232 5946/7501/2371
f 5946/7501/2371 5793/7321/2232 5785/7312/532 5938/7492/2363
f 5947/7502/532 5956/7512/2216 5957/7513/2217 5948/7503/2218
f 5948/7503/2218 5957/7513/2217 5958/7514/2219 5949/7504/2220
f 5949/7504/2220 5958/7514/2219 5959/7515/2221 5950/7505/2222
f 5950/7505/2222 5959/7515/2221 5960/7516/2223 5951/7506/2224
f 5951/7507/2224 5960/7517/2223 5961/7518/2225 5952/7508/2226
f 5952/7508/2226 5961/7518/2225 5962/7519/2372 5953/7509/2228
f 5953/7509/2228 5962/7519/2372 5963/7520/2229 5954/7510/2230
f 5954/7510/2230 5963/7520/2229 5964/7521/2231 5955/7511/2232
f 5955/7511/2232 5964/7521/2231 5956/7512/2216 5947/7502/532
f 5956/7512/2216 5965/7522/2233 5966/7523/2234 5957/7513/2217
f 5957/7513/2217 5966/7523/2234 5967/7524/2235 5958/7514/2219
f 5958/7514/2219 5967/7524/2235 5968/7525/2236 5959/7515/2221
f 5959/7515/2221 5968/7525/2236 5969/7526/2237 5960/7516/2223
f 5960/7517/2223 5969/7527/2237 5970/7528/2238 5961/7518/2225
f 5961/7518/2225 5970/7528/2238 5971/7529/2239 5962/7519/2372
f 5962/7519/2372 5971/7529/2239 5972/7530/2240 5963/7520/2229
f 5963/7520/2229 5972/7530/2240 5973/7531/2241 5964/7521/2231
f 5964/7521/2231 5973/7531/2241 5965/7522/2233 5956/7512/2216
f 5965/7522/2233 5974/7532/1190 5975/7533/2242 5966/7523/2234
f 5966/7523/2234 5975/7533/2242 5976/7534/2243 5967/7524/2235
f 5967/7524/2235 5976/7534/2243 5977/7535/2244 5968/7525/2236
f 5968/7525/2236 5977/7535/2244 5978/7536/2245 5969/7526/2237
f 5969/7527/2237 5978/7537/2245 5979/7538/2246 5970/7528/2238
f 5970/7528/2238 5979/7538/2246 5980/7539/2247 5971/7529/2239
f 5971/7529/2239 5980/7539/2247 5981/7540/2248 5972/7530/2240
f 5972/7530/2240 5981/7540/2248 5982/7541/2375 5973/7531/2241
f 5973/7531/2241 5982/7541/2375 5974/7532/1190 5965/7522/2233
f 5974/7532/1190 5983/7542/2250 5984/7543/2251 5975/7533/2242
f 5975/7533/2242 5984/7543/2251 5985/7544/2252 5976/7534/2243
f 5976/7534/2243 5985/7544/2252 5986/7545/2253 5977/7535/2244
f 5977/7535/2244 5986/7545/2253 5987/7546/2254 5978/7536/2245
f 5978/7537/2245 5987/7547/2254 5988/7548/2255 5979/7538/2246
f 5979/7538/2246 5988/7548/2255 5989/7549/2256 5980/7539/2247
f 5980/7539/2247 5989/7549/2256 5990/7550/2257 5981/7540/2248
f 5981/7540/2248 5990/7550/2257 5991/7551/2258 5982/7541/2375
f 5982/7541/2375 5991/7551/2258 5983/7542/2250 5974/7532/1190
f 5983/7542/2250 5992/7552/2259 5993/7553/2260 5984/7543/2251
f 5984/7543/2251 5993/7553/2260 5994/7554/2261 5985/7544/2252
f 5985/7544/2252 5994/7554/2261 5995/7555/2262 5986/7545/2253
f 5986/7545/2253 5995/7555/2262 5996/7556/2263 5987/7546/2254
f 5987/7547/2254 5996/7557/2263 5997/7558/2264 5988/7548/2255
f 5988/7548/2255 5997/7558/2264 5998/7559/2265 5989/7549/2256
f 5989/7549/2256 5998/7559/2265 5999/7560/2266 5990/7550/2257
f 5990/7550/2257 5999/7560/2266 6000/7561/2267 5991/7551/2258
f 5991/7551/2258 6000/7561/2267 5992/7552/2259 5983/7542/2250
f 5992/7552/2259 6001/7562/1187 6002/7563/2268 5993/7553/2260
f 5993/7553/2260 6002/7563/2268 6003/7564/2269 5994/7554/2261
f 5994/7554/2261 6003/7564/2269 6004/7565/2270 5995/7555/2262
f 5995/7555/2262 6004/7565/2270 6005/7566/2271 5996/7556/2263
f 5996/7557/2263 6005/7567/2271 6006/7568/2272 5997/7558/2264
f 5997/7558/2264 6006/7568/2272 6007/7569/2273 5998/7559/2265
f 5998/7559/2265 6007/7569/2273 6008/7570/2274 5999/7560/2266
f 5999/7560/2266 6008/7570/2274 6009/7571/2275 6000/7561/2267
f 6000/7561/2267 6009/7571/2275 6001/7562/1187 5992/7552/2259
f 6001/7562/1187 6010/7572/2276 6011/7573/2277 6002/7563/2268
f 6002/7563/2268 6011/7573/2277 6012/7574/2278 6003/7564/2269
f 6003/7564/2269 6012/7574/2278 6013/7575/2279 6004/7565/2270
f 6004/7565/2270 6013/7575/2279 6014/7576/2280 6005/7566/2271
f 6005/7567/2271 6014/7577/2280 6015/7578/2281 6006/7568/2272
f 6006/7568/2272 6015/7578/2281 6016/7579/2282 6007/7569/2273
f 6007/7569/2273 6016/7579/2282 6017/7580/2283 6008/7570/2274
f 6008/7570/2274 6017/7580/2283 6018/7581/2284 6009/7571/2275
f 6009/7571/2275 6018/7581/2284 6010/7572/2276 6001/7562/1187
f 6010/7572/2276 6019/7582/2285 6020/7583/2373 6011/7573/2277
f 6011/7573/2277 6020/7583/2373 6021/7584/2287 6012/7574/2278
f 6012/7574/2278 6021/7584/2287 6022/7585/2288 6013/7575/2279
f 6013/7575/2279 6022/7585/2288 6023/7586/2289 6014/7576/2280
f 6014/7577/2280 6023/7587/2289 6024/7588/2290 6015/7578/2281
f 6015/7578/2281 6024/7588/2290 6025/7589/2291 6016/7579/2282
f 6016/7579/2282 6025/7589/2291 6026/7590/2292 6017/7580/2283
f 6017/7580/2283 6026/7590/2292 6027/7591/2293 6018/7581/2284
f 6018/7581/2284 6027/7591/2293 6019/7582/2285 6010/7572/2276
f 6019/7582/2285 6028/7592/517 6029/7594/2294 6020/7583/2373
f 6020/7583/2373 6029/7594/2294 6030/7596/2295 6021/7584/2287
f 6021/7584/2287 6030/7596/2295 6031/7598/2296 6022/7585/2288
f 6022/7585/2288 6031/7598/2296 6032/7600/2297 6023/7586/2289
f 6023/7587/2289 6032/7601/2297 6033/7604/2376 6024/7588/2290
f 6024/7588/2290 6033/7604/2376 6034/7606/2299 6025/7589/2291
f 6025/7589/2291 6034/7606/2299 6035/7608/2300 6026/7590/2292
f 6026/7590/2292 6035/7608/2300 6036/7610/2301 6027/7591/2293
f 6027/7591/2293 6036/7610/2301 6028/7592/517 6019/7582/2285
f 6028/7593/517 6037/7612/2302 6038/7613/2303 6029/7595/2294
f 6029/7595/2294 6038/7613/2303 6039/7614/2304 6030/7597/2295
f 6030/7597/2295 6039/7614/2304 6040/7615/2305 6031/7599/2296
f 6031/7599/2296 6040/7615/2305 6041/7616/2306 6032/7602/2297
f 6032/7603/2297 6041/7617/2306 6042/7618/2307 6033/7605/2376
f 6033/7605/2376 6042/7618/2307 6043/7619/2308 6034/7607/2299
f 6034/7607/2299 6043/7619/2308 6044/7620/2309 6035/7609/2300
f 6035/7609/2300 6044/7620/2309 6045/7621/2310 6036/7611/2301
f 6036/7611/2301 6045/7621/2310 6037/7612/2302 6028/7593/517
f 6037/7612/2302 6046/7622/2311 6047/7623/2312 6038/7613/2303
f 6038/7613/2303 6047/7623/2312 6048/7624/2313 6039/7614/2304
f 6039/7614/2304 6048/7624/2313 6049/7625/2314 6040/7615/2305
f 6040/7615/2305 6049/7625/2314 6050/7626/2315 6041/7616/2306
f 6041/7617/2306 6050/7627/2315 6051/7628/2316 6042/7618/2307
f 6042/7618/2307 6051/7628/2316 6052/7629/2317 6043/7619/2308
f 6043/7619/2308 6052/7629/2317 6053/7630/2318 6044/7620/2309
f 6044/7620/2309 6053/7630/2318 6054/7631/2319 6045/7621/2310
f 6045/7621/2310 6054/7631/2319 6046/7622/2311 6037/7612/2302
f 6046/7622/2311 6055/7632/1217 6056/7633/2320 6047/7623/2312
f 6047/7623/2312 6056/7633/2320 6057/7634/2321 6048/7624/2313
f 6048/7624/2313 6057/7634/2321 6058/7635/2322 6049/7625/2314
f 6049/7625/2314 6058/7635/2322 6059/7636/2323 6050/7626/2315
f 6050/7627/2315 6059/7637/2323 6060/7638/2324 6051/7628/2316
f 6051/7628/2316 6060/7638/2324 6061/7639/2325 6052/7629/2317
f 6052/7629/2317 6061/7639/2325 6062/7640/2326 6053/7630/2318
f 6053/7630/2318 6062/7640/2326 6063/7641/2327 6054/7631/2319
f 6054/7631/2319 6063/7641/2327 6055/7632/1217 6046/7622/2311
f 6055/7632/1217 6064/7642/2328 6065/7643/2329 6056/7633/2320
f 6056/7633/2320 6065/7643/2329 6066/7644/2330 6057/7634/2321
f 6057/7634/2321 6066/7644/2330 6067/7645/2331 6058/7635/2322
f 6058/7635/2322 6067/7645/2331 6068/7646/2332 6059/7636/2323
f 6059/7637/2323 6068/7647/2332 6069/7648/2333 6060/7638/2324
f 6060/7638/2324 6069/7648/2333 6070/7649/2334 6061/7639/2325
f 6061/7639/2325 6070/7649/2334 6071/7650/2335 6062/7640/2326
f 6062/7640/2326 6071/7650/2335 6072/7651/2336 6063/7641/2327
f 6063/7641/2327 6072/7651/2336 6064/7642/2328 6055/7632/1217
f 6064/7642/2328 6073/7652/2337 6074/7653/2338 6065/7643/2329
f 6065/7643/2329 6074/7653/2338 6075/7654/2339 6066/7644/2330
f 6066/7644/2330 6075/7654/2339 6076/7655/2340 6067/7645/2331
f 6067/7645/2331 6076/7655/2340 6077/7656/2341 6068/7646/2332
f 6068/7647/2332 6077/7657/2341 6078/7658/2342 6069/7648/2333
f 6069/7648/2333 6078/7658/2342 6079/7659/2343 6070/7649/2334
f 6070/7649/2334 6079/7659/2343 6080/7660/2344 6071/7650/2335
f 6071/7650/2335 6080/7660/2344 6081/7661/2345 6072/7651/2336
f 6072/7651/2336 6081/7661/2345 6073/7652/2337 6064/7642/2328
f 6073/7652/2337 6082/7662/1687 6083/7663/2346 6074/7653/2338
f 6074/7653/2338 6083/7663/2346 6084/7664/2347 6075/7654/2339
f 6075/7654/2339 6084/7664/2347 6085/7665/2348 6076/7655/2340
f 6076/7655/2340 6085/7665/2348 6086/7666/2349 6077/7656/2341
f 6077/7657/2341 6086/7667/2349 6087/7668/2350 6078/7658/2342
f 6078/7658/2342 6087/7668/2350 6088/7669/2351 6079/7659/2343
f 6079/7659/2343 6088/7669/2351 6089/7670/2352 6080/7660/2344
f 6080/7660/2344 6089/7670/2352 6090/7671/2353 6081/7661/2345
f 6081/7661/2345 6090/7671/2353 6082/7662/1687 6073/7652/2337
f 6082/7662/1687 6091/7672/2354 6092/7673/2355 6083/7663/2346
f 6083/7663/2346 6092/7673/2355 6093/7674/2356 6084/7664/2347
f 6084/7664/2347 6093/7674/2356 6094/7675/2357 6085/7665/2348
f 6085/7665/2348 6094/7675/2357 6095/7676/2358 6086/7666/2349
f 6086/7667/2349 6095/7677/2358 6096/7678/2359 6087/7668/2350
f 6087/7668/2350 6096/7678/2359 6097/7679/2360 6088/7669/2351
f 6088/7669/2351 6097/7679/2360 6098/7680/2361 6089/7670/2352
f 6089/7670/2352 6098/7680/2361 6099/7681/2362 6090/7671/2353
f 6090/7671/2353 6099/7681/2362 6091/7672/2354 6082/7662/1687
f 6091/7672/2354 6100/7682/2363 6101/7683/2364 6092/7673/2355
f 6092/7673/2355 6101/7683/2364 6102/7684/2365 6093/7674/2356
f 6093/7674/2356 6102/7684/2365 6103/7685/2379 6094/7675/2357
f 6094/7675/2357 6103/7685/2379 6104/7686/2367 6095/7676/2358
f 6095/7677/2358 6104/7687/2367 6105/7688/2368 6096/7678/2359
f 6096/7678/2359 6105/7688/2368 6106/7689/2369 6097/7679/2360
f 6097/7679/2360 6106/7689/2369 6107/7690/2370 6098/7680/2361
f 6098/7680/2361 6107/7690/2370 6108/7691/2371 6099/7681/2362
f 6099/7681/2362 6108/7691/2371 6100/7682/2363 6091/7672/2354
f 6100/7682/2363 5947/7502/532 5948/7503/2218 6101/7683/2364
f 6101/7683/2364 5948/7503/2218 5949/7504/2220 6102/7684/2365
f 6102/7684/2365 5949/7504/2220 5950/7505/2222 6103/7685/2379
f 6103/7685/2379 5950/7505/2222 5951/7506/2224 6104/7686/2367
f 6104/7687/2367 5951/7507/2224 5952/7508/2226 6105/7688/2368
f 6105/7688/2368 5952/7508/2226 5953/7509/2228 6106/7689/2369
f 6106/7689/2369 5953/7509/2228 5954/7510/2230 6107/7690/2370
f 6107/7690/2370 5954/7510/2230 5955/7511/2232 6108/7691/2371
f 6108/7691/2371 5955/7511/2232 5947/7502/532 6100/7682/2363
f 6109/7692/532 6118/7702/2216 6119/7703/2217 6110/7693/2218
f 6110/7693/2218 6119/7703/2217 6120/7704/2219 6111/7694/2220
f 6111/7694/2220 6120/7704/2219 6121/7705/2221 6112/7695/2222
f 6112/7695/2222 6121/7705/2221 6122/7706/2223 6113/7696/2224
f 6113/7697/2224 6122/7707/2223 6123/7708/2225 6114/7698/2226
f 6114/7698/2226 6123/7708/2225 6124/7709/2372 6115/7699/2228
f 6115/7699/2228 6124/7709/2372 6125/7710/2229 6116/7700/2230
f 6116/7700/2230 6125/7710/2229 6126/7711/2231 6117/7701/2232
f 6117/7701/2232 6126/7711/2231 6118/7702/2216 6109/7692/532
f 6118/7702/2216 6127/7712/2233 6128/7713/2234 6119/7703/2217
f 6119/7703/2217 6128/7713/2234 6129/7714/2235 6120/7704/2219
f 6120/7704/2219 6129/7714/2235 6130/7715/2236 6121/7705/2221
f 6121/7705/2221 6130/7715/2236 6131/7716/2237 6122/7706/2223
f 6122/7707/2223 6131/7717/2237 6132/7718/2238 6123/7708/2225
f 6123/7708/2225 6132/7718/2238 6133/7719/2239 6124/7709/2372
f 6124/7709/2372 6133/7719/2239 6134/7720/2240 6125/7710/2229
f 6125/7710/2229 6134/7720/2240 6135/7721/2241 6126/7711/2231
f 6126/7711/2231 6135/7721/2241 6127/7712/2233 6118/7702/2216
f 6127/7712/2233 6136/7722/1190 6137/7723/2242 6128/7713/2234
f 6128/7713/2234 6137/7723/2242 6138/7724/2243 6129/7714/2235
f 6129/7714/2235 6138/7724/2243 6139/7725/2244 6130/7715/2236
f 6130/7715/2236 6139/7725/2244 6140/7726/2245 6131/7716/2237
f 6131/7717/2237 6140/7727/2245 6141/7728/2246 6132/7718/2238
f 6132/7718/2238 6141/7728/2246 6142/7729/2247 6133/7719/2239
f 6133/7719/2239 6142/7729/2247 6143/7730/2248 6134/7720/2240
f 6134/7720/2240 6143/7730/2248 6144/7731/2249 6135/7721/2241
f 6135/7721/2241 6144/7731/2249 6136/7722/1190 6127/7712/2233
f 6136/7722/1190 6145/7732/2250 6146/7733/2251 6137/7723/2242
f 6137/7723/2242 6146/7733/2251 6147/7734/2252 6138/7724/2243
f 6138/7724/2243 6147/7734/2252 6148/7735/2253 6139/7725/2244
f 6139/7725/2244 6148/7735/2253 6149/7736/2254 6140/7726/2245
f 6140/7727/2245 6149/7737/2254 6150/7738/2255 6141/7728/2246
f 6141/7728/2246 6150/7738/2255 6151/7739/2256 6142/7729/2247
f 6142/7729/2247 6151/7739/2256 6152/7740/2257 6143/7730/2248
f 6143/7730/2248 6152/7740/2257 6153/7741/2258 6144/7731/2249
f 6144/7731/2249 6153/7741/2258 6145/7732/2250 6136/7722/1190
f 6145/7732/2250 6154/7742/2259 6155/7743/2260 6146/7733/2251
f 6146/7733/2251 6155/7743/2260 6156/7744/2261 6147/7734/2252
f 6147/7734/2252 6156/7744/2261 6157/7745/2262 6148/7735/2253
f 6148/7735/2253 6157/7745/2262 6158/7746/2263 6149/7736/2254
f 6149/7737/2254 6158/7747/2263 6159/7748/2264 6150/7738/2255
f 6150/7738/2255 6159/7748/2264 6160/7749/2265 6151/7739/2256
f 6151/7739/2256 6160/7749/2265 6161/7750/2266 6152/7740/2257
f 6152/7740/2257 6161/7750/2266 6162/7751/2267 6153/7741/2258
f 6153/7741/2258 6162/7751/2267 6154/7742/2259 6145/7732/2250
f 6154/7742/2259 6163/7752/1187 6164/7753/2268 6155/7743/2260
f 6155/7743/2260 6164/7753/2268 6165/7754/2269 6156/7744/2261
f 6156/7744/2261 6165/7754/2269 6166/7755/2270 6157/7745/2262
f 6157/7745/2262 6166/7755/2270 6167/7756/2271 6158/7746/2263
f 6158/7747/2263 6167/7757/2271 6168/7758/2272 6159/7748/2264
f 6159/7748/2264 6168/7758/2272 6169/7759/2273 6160/7749/2265
f 6160/7749/2265 6169/7759/2273 6170/7760/2274 6161/7750/2266
f 6161/7750/2266 6170/7760/2274 6171/7761/2275 6162/7751/2267
f 6162/7751/2267 6171/7761/2275 6163/7752/1187 6154/7742/2259
f 6163/7752/1187 6172/7762/2276 6173/7763/2277 6164/7753/2268
f 6164/7753/2268 6173/7763/2277 6174/7764/2278 6165/7754/2269
f 6165/7754/2269 6174/7764/2278 6175/7765/2279 6166/7755/2270
f 6166/7755/2270 6175/7765/2279 6176/7766/2280 6167/7756/2271
f 6167/7757/2271 6176/7767/2280 6177/7768/2281 6168/7758/2272
f 6168/7758/2272 6177/7768/2281 6178/7769/2282 6169/7759/2273
f 6169/7759/2273 6178/7769/2282 6179/7770/2283 6170/7760/2274
f 6170/7760/2274 6179/7770/2283 6180/7771/2284 6171/7761/2275
f 6171/7761/2275 6180/7771/2284 6172/7762/2276 6163/7752/1187
f 6172/7762/2276 6181/7772/2285 6182/7773/2286 6173/7763/2277
f 6173/7763/2277 6182/7773/2286 6183/7774/2287 6174/7764/2278
f 6174/7764/2278 6183/7774/2287 6184/7775/2288 6175/7765/2279
f 6175/7765/2279 6184/7775/2288 6185/7776/2289 6176/7766/2280
f 6176/7767/2280 6185/7777/2289 6186/7778/2290 6177/7768/2281
f 6177/7768/2281 6186/7778/2290 6187/7779/2291 6178/7769/2282
f 6178/7769/2282 6187/7779/2291 6188/7780/2292 6179/7770/2283
f 6179/7770/2283 6188/7780/2292 6189/7781/2293 6180/7771/2284
f 6180/7771/2284 6189/7781/2293 6181/7772/2285 6172/7762/2276
f 6181/7772/2285 6190/7782/517 6191/7784/2294 6182/7773/2286
f 6182/7773/2286 6191/7784/2294 6192/7786/2295 6183/7774/2287
f 6183/7774/2287 6192/7786/2295 6193/7788/2296 6184/7775/2288
f 6184/7775/2288 6193/7788/2296 6194/7790/2297 6185/7776/2289
f 6185/7777/2289 6194/7791/2297 6195/7794/2376 6186/7778/2290
f 6186/7778/2290 6195/7794/2376 6196/7796/2299 6187/7779/2291
f 6187/7779/2291 6196/7796/2299 6197/7798/2300 6188/7780/2292
f 6188/7780/2292 6197/7798/2300 6198/7800/2301 6189/7781/2293
f 6189/7781/2293 6198/7800/2301 6190/7782/517 6181/7772/2285
f 6190/7783/517 6199/7802/2302 6200/7803/2303 6191/7785/2294
f 6191/7785/2294 6200/7803/2303 6201/7804/2304 6192/7787/2295
f 6192/7787/2295 6201/7804/2304 6202/7805/2305 6193/7789/2296
f 6193/7789/2296 6202/7805/2305 6203/7806/2306 6194/7792/2297
f 6194/7793/2297 6203/7807/2306 6204/7808/2307 6195/7795/2376
f 6195/7795/2376 6204/7808/2307 6205/7809/2308 6196/7797/2299
f 6196/7797/2299 6205/7809/2308 6206/7810/2309 6197/7799/2300
f 6197/7799/2300 6206/7810/2309 6207/7811/2310 6198/7801/2301
f 6198/7801/2301 6207/7811/2310 6199/7802/2302 6190/7783/517
f 6199/7802/2302 6208/7812/2311 6209/7813/2312 6200/7803/2303
f 6200/7803/2303 6209/7813/2312 6210/7814/2313 6201/7804/2304
f 6201/7804/2304 6210/7814/2313 6211/7815/2314 6202/7805/2305
f 6202/7805/2305 6211/7815/2314 6212/7816/2315 6203/7806/2306
f 6203/7807/2306 6212/7817/2315 6213/7818/2316 6204/7808/2307
f 6204/7808/2307 6213/7818/2316 6214/7819/2317 6205/7809/2308
f 6205/7809/2308 6214/7819/2317 6215/7820/2318 6206/7810/2309
f 6206/7810/2309 6215/7820/2318 6216/7821/2319 6207/7811/2310
f 6207/7811/2310 6216/7821/2319 6208/7812/2311 6199/7802/2302
f 6208/7812/2311 6217/7822/1217 6218/7823/2320 6209/7813/2312
f 6209/7813/2312 6218/7823/2320 6219/7824/2321 6210/7814/2313
f 6210/7814/2313 6219/7824/2321 6220/7825/2322 6211/7815/2314
f 6211/7815/2314 6220/7825/2322 6221/7826/2323 6212/7816/2315
f 6212/7817/2315 6221/7827/2323 6222/7828/2324 6213/7818/2316
f 6213/7818/2316 6222/7828/2324 6223/7829/2325 6214/7819/2317
f 6214/7819/2317 6223/7829/2325 6224/7830/2326 6215/7820/2318
f 6215/7820/2318 6224/7830/2326 6225/7831/2327 6216/7821/2319
f 6216/7821/2319 6225/7831/2327 6217/7822/1217 6208/7812/2311
f 6217/7822/1217 6226/7832/2328 6227/7833/2329 6218/7823/2320
f 6218/7823/2320 6227/7833/2329 6228/7834/2330 6219/7824/2321
f 6219/7824/2321 6228/7834/2330 6229/7835/2331 6220/7825/2322
f 6220/7825/2322 6229/7835/2331 6230/7836/2332 6221/7826/2323
f 6221/7827/2323 6230/7837/2332 6231/7838/2333 6222/7828/2324
f 6222/7828/2324 6231/7838/2333 6232/7839/2334 6223/7829/2325
f 6223/7829/2325 6232/7839/2334 6233/7840/2335 6224/7830/2326
f 6224/7830/2326 6233/7840/2335 6234/7841/2336 6225/7831/2327
f 6225/7831/2327 6234/7841/2336 6226/7832/2328 6217/7822/1217
f 6226/7832/2328 6235/7842/2337 6236/7843/2338 6227/7833/2329
f 6227/7833/2329 6236/7843/2338 6237/7844/2339 6228/7834/2330
f 6228/7834/2330 6237/7844/2339 6238/7845/2340 6229/7835/2331
f 6229/7835/2331 6238/7845/2340 6239/7846/2341 6230/7836/2332
f 6230/7837/2332 6239/7847/2341 6240/7848/2342 6231/7838/2333
f 6231/7838/2333 6240/7848/2342 6241/7849/2343 6232/7839/2334
f 6232/7839/2334 6241/7849/2343 6242/7850/2344 6233/7840/2335
f 6233/7840/2335 6242/7850/2344 6243/7851/2345 6234/7841/2336
f 6234/7841/2336 6243/7851/2345 6235/7842/2337 6226/7832/2328
f 6235/7842/2337 6244/7852/1687 6245/7853/2378 6236/7843/2338
f 6236/7843/2338 6245/7853/2378 6246/7854/2347 6237/7844/2339
f 6237/7844/2339 6246/7854/2347 6247/7855/2348 6238/7845/2340
f 6238/7845/2340 6247/7855/2348 6248/7856/2349 6239/7846/2341
f 6239/7847/2341 6248/7857/2349 6249/7858/2350 6240/7848/2342
f 6240/7848/2342 6249/7858/2350 6250/7859/2351 6241/7849/2343
f 6241/7849/2343 6250/7859/2351 6251/7860/2352 6242/7850/2344
f 6242/7850/2344 6251/7860/2352 6252/7861/2353 6243/7851/2345
f 6243/7851/2345 6252/7861/2353 6244/7852/1687 6235/7842/2337
f 6244/7852/1687 6253/7862/2354 6254/7863/2355 6245/7853/2378
f 6245/7853/2378 6254/7863/2355 6255/7864/2356 6246/7854/2347
f 6246/7854/2347 6255/7864/2356 6256/7865/2357 6247/7855/2348
f 6247/7855/2348 6256/7865/2357 6257/7866/2358 6248/7856/2349
f 6248/7857/2349 6257/7867/2358 6258/7868/2359 6249/7858/2350
f 6249/7858/2350 6258/7868/2359 6259/7869/2360 6250/7859/2351
f 6250/7859/2351 6259/7869/2360 6260/7870/2361 6251/7860/2352
f 6251/7860/2352 6260/7870/2361 6261/7871/2362 6252/7861/2353
f 6252/7861/2353 6261/7871/2362 6253/7862/2354 6244/7852/1687
f 6253/7862/2354 6262/7872/2363 6263/7873/2364 6254/7863/2355
f 6254/7863/2355 6263/7873/2364 6264/7874/2365 6255/7864/2356
f 6255/7864/2356 6264/7874/2365 6265/7875/2379 6256/7865/2357
f 6256/7865/2357 6265/7875/2379 6266/7876/2367 6257/7866/2358
f 6257/7867/2358 6266/7877/2367 6267/7878/2368 6258/7868/2359
f 6258/7868/2359 6267/7878/2368 6268/7879/2369 6259/7869/2360
f 6259/7869/2360 6268/7879/2369 6269/7880/2370 6260/7870/2361
f 6260/7870/2361 6269/7880/2370 6270/7881/2371 6261/7871/2362
f 6261/7871/2362 6270/7881/2371 6262/7872/2363 6253/7862/2354
f 6262/7872/2363 6109/7692/532 6110/7693/2218 6263/7873/2364
f 6263/7873/2364 6110/7693/2218 6111/7694/2220 6264/7874/2365
f 6264/7874/2365 6111/7694/2220 6112/7695/2222 6265/7875/2379
f 6265/7875/2379 6112/7695/2222 6113/7696/2224 6266/7876/2367
f 6266/7877/2367 6113/7697/2224 6114/7698/2226 6267/7878/2368
f 6267/7878/2368 6114/7698/2226 6115/7699/2228 6268/7879/2369
f 6268/7879/2369 6115/7699/2228 6116/7700/2230 6269/7880/2370
f 6269/7880/2370 6116/7700/2230 6117/7701/2232 6270/7881/2371
f 6270/7881/2371 6117/7701/2232 6109/7692/532 6262/7872/2363
f 6271/7882/532 6280/7892/2216 6281/7893/2217 6272/7883/2218
f 6272/7883/2218 6281/7893/2217 6282/7894/2219 6273/7884/2220
f 6273/7884/2220 6282/7894/2219 6283/7895/2221 6274/7885/2222
f 6274/7885/2222 6283/7895/2221 6284/7896/2223 6275/7886/2224
f 6275/7887/2224 6284/7897/2223 6285/7898/2225 6276/7888/2226
f 6276/7888/2226 6285/7898/2225 6286/7899/2227 6277/7889/2228
f 6277/7889/2228 6286/7899/2227 6287/7900/2229 6278/7890/2230
f 6278/7890/2230 6287/7900/2229 6288/7901/2231 6279/7891/2232
f 6279/7891/2232 6288/7901/2231 6280/7892/2216 6271/7882/532
f 6280/7892/2216 6289/7902/2233 6290/7903/2234 6281/7893/2217
f 6281/7893/2217 6290/7903/2234 6291/7904/2235 6282/7894/2219
f 6282/7894/2219 6291/7904/2235 6292/7905/2236 6283/7895/2221
f 6283/7895/2221 6292/7905/2236 6293/7906/2237 6284/7896/2223
f 6284/7897/2223 6293/7907/2237 6294/7908/2238 6285/7898/2225
f 6285/7898/2225 6294/7908/2238 6295/7909/2239 6286/7899/2227
f 6286/7899/2227 6295/7909/2239 6296/7910/2240 6287/7900/2229
f 6287/7900/2229 6296/7910/2240 6297/7911/2241 6288/7901/2231
f 6288/7901/2231 6297/7911/2241 6289/7902/2233 6280/7892/2216
f 6289/7902/2233 6298/7912/1190 6299/7913/2242 6290/7903/2234
f 6290/7903/2234 6299/7913/2242 6300/7914/2243 6291/7904/2235
f 6291/7904/2235 6300/7914/2243 6301/7915/2244 6292/7905/2236
f 6292/7905/2236 6301/7915/2244 6302/7916/2245 6293/7906/2237
f 6293/7907/2237 6302/7917/2245 6303/7918/2246 6294/7908/2238
f 6294/7908/2238 6303/7918/2246 6304/7919/2247 6295/7909/2239
f 6295/7909/2239 6304/7919/2247 6305/7920/2248 6296/7910/2240
f 6296/7910/2240 6305/7920/2248 6306/7921/2375 6297/7911/2241
f 6297/7911/2241 6306/7921/2375 6298/7912/1190 6289/7902/2233
f 6298/7912/1190 6307/7922/2250 6308/7923/2251 6299/7913/2242
f 6299/7913/2242 6308/7923/2251 6309/7924/2252 6300/7914/2243
f 6300/7914/2243 6309/7924/2252 6310/7925/2253 6301/7915/2244
f 6301/7915/2244 6310/7925/2253 6311/7926/2254 6302/7916/2245
f 6302/7917/2245 6311/7927/2254 6312/7928/2255 6303/7918/2246
f 6303/7918/2246 6312/7928/2255 6313/7929/2256 6304/7919/2247
f 6304/7919/2247 6313/7929/2256 6314/7930/2257 6305/7920/2248
f 6305/7920/2248 6314/7930/2257 6315/7931/2258 6306/7921/2375
f 6306/7921/2375 6315/7931/2258 6307/7922/2250 6298/7912/1190
f 6307/7922/2250 6316/7932/2259 6317/7933/2260 6308/7923/2251
f 6308/7923/2251 6317/7933/2260 6318/7934/2261 6309/7924/2252
f 6309/7924/2252 6318/7934/2261 6319/7935/2262 6310/7925/2253
f 6310/7925/2253 6319/7935/2262 6320/7936/2263 6311/7926/2254
f 6311/7927/2254 6320/7937/2263 6321/7938/2264 6312/7928/2255
f 6312/7928/2255 6321/7938/2264 6322/7939/2265 6313/7929/2256
f 6313/7929/2256 6322/7939/2265 6323/7940/2266 6314/7930/2257
f 6314/7930/2257 6323/7940/2266 6324/7941/2267 6315/7931/2258
f 6315/7931/2258 6324/7941/2267 6316/7932/2259 6307/7922/2250
f 6316/7932/2259 6325/7942/1187 6326/7943/2268 6317/7933/2260
f 6317/7933/2260 6326/7943/2268 6327/7944/2269 6318/7934/2261
f 6318/7934/2261 6327/7944/2269 6328/7945/2270 6319/7935/2262
f 6319/7935/2262 6328/7945/2270 6329/7946/2271 6320/7936/2263
f 6320/7937/2263 6329/7947/2271 6330/7948/2272 6321/7938/2264
f 6321/7938/2264 6330/7948/2272 6331/7949/2273 6322/7939/2265
f 6322/7939/2265 6331/7949/2273 6332/7950/2274 6323/7940/2266
f 6323/7940/2266 6332/7950/2274 6333/7951/2275 6324/7941/2267
f 6324/7941/2267 6333/7951/2275 6325/7942/1187 6316/7932/2259
f 6325/7942/1187 6334/7952/2276 6335/7953/2277 6326/7943/2268
f 6326/7943/2268 6335/7953/2277 6336/7954/2278 6327/7944/2269
f 6327/7944/2269 6336/7954/2278 6337/7955/2279 6328/7945/2270
f 6328/7945/2270 6337/7955/2279 6338/7956/2280 6329/7946/2271
f 6329/7947/2271 6338/7957/2280 6339/7958/2281 6330/7948/2272
f 6330/7948/2272 6339/7958/2281 6340/7959/2282 6331/7949/2273
f 6331/7949/2273 6340/7959/2282 6341/7960/2283 6332/7950/2274
f 6332/7950/2274 6341/7960/2283 6342/7961/2284 6333/7951/2275
f 6333/7951/2275 6342/7961/2284 6334/7952/2276 6325/7942/1187
f 6334/7952/2276 6343/7962/2285 6344/7963/2286 6335/7953/2277
f 6335/7953/2277 6344/7963/2286 6345/7964/2287 6336/7954/2278
f 6336/7954/2278 6345/7964/2287 6346/7965/2288 6337/7955/2279
f 6337/7955/2279 6346/7965/2288 6347/7966/2289 6338/7956/2280
f 6338/7957/2280 6347/7967/2289 6348/7968/2290 6339/7958/2281
f 6339/7958/2281 6348/7968/2290 6349/7969/2291 6340/7959/2282
f 6340/7959/2282 6349/7969/2291 6350/7970/2292 6341/7960/2283
f 6341/7960/2283 6350/7970/2292 6351/7971/2293 6342/7961/2284
f 6342/7961/2284 6351/7971/2293 6343/7962/2285 6334/7952/2276
f 6343/7962/2285 6352/7972/517 6353/7974/2294 6344/7963/2286
f 6344/7963/2286 6353/7974/2294 6354/7976/2295 6345/7964/2287
f 6345/7964/2287 6354/7976/2295 6355/7978/2296 6346/7965/2288
f 6346/7965/2288 6355/7978/2296 6356/7980/2297 6347/7966/2289
f 6347/7967/2289 6356/7981/2297 6357/7984/2376 6348/7968/2290
f 6348/7968/2290 6357/7984/2376 6358/7986/2299 6349/7969/2291
f 6349/7969/2291 6358/7986/2299 6359/7988/2300 6350/7970/2292
f 6350/7970/2292 6359/7988/2300 6360/7990/2301 6351/7971/2293
f 6351/7971/2293 6360/7990/2301 6352/7972/517 6343/7962/2285
f 6352/7973/517 6361/7992/2302 6362/7993/2303 6353/7975/2294
f 6353/7975/2294 6362/7993/2303 6363/7994/2304 6354/7977/2295
f 6354/7977/2295 6363/7994/2304 6364/7995/2305 6355/7979/2296
f 6355/7979/2296 6364/7995/2305 6365/7996/2306 6356/7982/2297
f 6356/7983/2297 6365/7997/2306 6366/7998/2307 6357/7985/2376
f 6357/7985/2376 6366/7998/2307 6367/7999/2308 6358/7987/2299
f 6358/7987/2299 6367/7999/2308 6368/8000/2309 6359/7989/2300
f 6359/7989/2300 6368/8000/2309 6369/8001/2310 6360/7991/2301
f 6360/7991/2301 6369/8001/2310 6361/7992/2302 6352/7973/517
f 6361/7992/2302 6370/8002/2311 6371/8003/2312 6362/7993/2303
f 6362/7993/2303 6371/8003/2312 6372/8004/2313 6363/7994/2304
f 6363/7994/2304 6372/8004/2313 6373/8005/2314 6364/7995/2305
f 6364/7995/2305 6373/8005/2314 6374/8006/2315 6365/7996/2306
f 6365/7997/2306 6374/8007/2315 6375/8008/2316 6366/7998/2307
f 6366/7998/2307 6375/8008/2316 6376/8009/2317 6367/7999/2308
f 6367/7999/2308 6376/8009/2317 6377/8010/2318 6368/8000/2309
f 6368/8000/2309 6377/8010/2318 6378/8011/2319 6369/8001/2310
f 6369/8001/2310 6378/8011/2319 6370/8002/2311 6361/7992/2302
f 6370/8002/2311 6379/8012/1217 6380/8013/2320 6371/8003/2312
f 6371/8003/2312 6380/8013/2320 6381/8014/2321 6372/8004/2313
f 6372/8004/2313 6381/8014/2321 6382/8015/2322 6373/8005/2314
f 6373/8005/2314 6382/8015/2322 6383/8016/2323 6374/8006/2315
f 6374/8007/2315 6383/8017/2323 6384/8018/2324 6375/8008/2316
f 6375/8008/2316 6384/8018/2324 6385/8019/2325 6376/8009/2317
f 6376/8009/2317 6385/8019/2325 6386/8020/2326 6377/8010/2318
f 6377/8010/2318 6386/8020/2326 6387/8021/2327 6378/8011/2319
f 6378/8011/2319 6387/8021/2327 6379/8012/1217 6370/8002/2311
f 6379/8012/1217 6388/8022/2328 6389/8023/2329 6380/8013/2320
f 6380/8013/2320 6389/8023/2329 6390/8024/2330 6381/8014/2321
f 6381/8014/2321 6390/8024/2330 6391/8025/2331 6382/8015/2322
f 6382/8015/2322 6391/8025/2331 6392/8026/2332 6383/8016/2323
f 6383/8017/2323 6392/8027/2332 6393/8028/2333 6384/8018/2324
f 6384/8018/2324 6393/8028/2333 6394/8029/2334 6385/8019/2325
f 6385/8019/2325 6394/8029/2334 6395/8030/2335 6386/8020/2326
f 6386/8020/2326 6395/8030/2335 6396/8031/2336 6387/8021/2327
f 6387/8021/2327 6396/8031/2336 6388/8022/2328 6379/8012/1217
f 6388/8022/2328 6397/8032/2337 6398/8033/2338 6389/8023/2329
f 6389/8023/2329 6398/8033/2338 6399/8034/2339 6390/8024/2330
f 6390/8024/2330 6399/8034/2339 6400/8035/2340 6391/8025/2331
f 6391/8025/2331 6400/8035/2340 6401/8036/2341 6392/8026/2332
f 6392/8027/2332 6401/8037/2341 6402/8038/2342 6393/8028/2333
f 6393/8028/2333 6402/8038/2342 6403/8039/2343 6394/8029/2334
f 6394/8029/2334 6403/8039/2343 6404/8040/2344 6395/8030/2335
f 6395/8030/2335 6404/8040/2344 6405/8041/2345 6396/8031/2336
f 6396/8031/2336 6405/8041/2345 6397/8032/2337 6388/8022/2328
f 6397/8032/2337 6406/8042/1687 6407/8043/2378 6398/8033/2338
f 6398/8033/2338 6407/8043/2378 6408/8044/2347 6399/8034/2339
f 6399/8034/2339 6408/8044/2347 6409/8045/2348 6400/8035/2340
f 6400/8035/2340 6409/8045/2348 6410/8046/2349 6401/8036/2341
f 6401/8037/2341 6410/8047/2349 6411/8048/2350 6402/8038/2342
f 6402/8038/2342 6411/8048/2350 6412/8049/2351 6403/8039/2343
f 6403/8039/2343 6412/8049/2351 6413/8050/2352 6404/8040/2344
f 6404/8040/2344 6413/8050/2352 6414/8051/2353 6405/8041/2345
f 6405/8041/2345 6414/8051/2353 6406/8042/1687 6397/8032/2337
f 6406/8042/1687 6415/8052/2354 6416/8053/2355 6407/8043/2378
f 6407/8043/2378 6416/8053/2355 6417/8054/2356 6408/8044/2347
f 6408/8044/2347 6417/8054/2356 6418/8055/2357 6409/8045/2348
f 6409/8045/2348 6418/8055/2357 6419/8056/2358 6410/8046/2349
f 6410/8047/2349 6419/8057/2358 6420/8058/2359 6411/8048/2350
f 6411/8048/2350 6420/8058/2359 6421/8059/2360 6412/8049/2351
f 6412/8049/2351 6421/8059/2360 6422/8060/2361 6413/8050/2352
f 6413/8050/2352 6422/8060/2361 6423/8061/2362 6414/8051/2353
f 6414/8051/2353 6423/8061/2362 6415/8052/2354 6406/8042/1687
f 6415/8052/2354 6424/8062/2363 6425/8063/2364 6416/8053/2355
f 6416/8053/2355 6425/8063/2364 6426/8064/2365 6417/8054/2356
f 6417/8054/2356 6426/8064/2365 6427/8065/2379 6418/8055/2357
f 6418/8055/2357 6427/8065/2379 6428/8066/2367 6419/8056/2358
f 6419/8057/2358 6428/8067/2367 6429/8068/2368 6420/8058/2359
f 6420/8058/2359 6429/8068/2368 6430/8069/2369 6421/8059/2360
f 6421/8059/2360 6430/8069/2369 6431/8070/2370 6422/8060/2361
f 6422/8060/2361 6431/8070/2370 6432/8071/2371 6423/8061/2362
f 6423/8061/2362 6432/8071/2371 6424/8062/2363 6415/8052/2354
f 6424/8062/2363 6271/7882/532 6272/7883/2218 6425/8063/2364
f 6425/8063/2364 6272/7883/2218 6273/7884/2220 6426/8064/2365
f 6426/8064/2365 6273/7884/2220 6274/7885/2222 6427/8065/2379
f 6427/8065/2379 6274/7885/2222 6275/7886/2224 6428/8066/2367
f 6428/8067/2367 6275/7887/2224 6276/7888/2226 6429/8068/2368
f 6429/8068/2368 6276/7888/2226 6277/7889/2228 6430/8069/2369
f 6430/8069/2369 6277/7889/2228 6278/7890/2230 6431/8070/2370
f 6431/8070/2370 6278/7890/2230 6279/7891/2232 6432/8071/2371
f 6432/8071/2371 6279/7891/2232 6271/7882/532 6424/8062/2363
f 6433/8072/532 6442/8082/2216 6443/8083/2217 6434/8073/2218
f 6434/8073/2218 6443/8083/2217 6444/8084/2219 6435/8074/2220
f 6435/8074/2220 6444/8084/2219 6445/8085/2221 6436/8075/2222
f 6436/8075/2222 6445/8085/2221 6446/8086/2223 6437/8076/2224
f 6437/8077/2224 6446/8087/2223 6447/8088/2225 6438/8078/2226
f 6438/8078/2226 6447/8088/2225 6448/8089/2372 6439/8079/2228
f 6439/8079/2228 6448/8089/2372 6449/8090/2229 6440/8080/2230
f 6440/8080/2230 6449/8090/2229 6450/8091/2231 6441/8081/2232
f 6441/8081/2232 6450/8091/2231 6442/8082/2216 6433/8072/532
f 6442/8082/2216 6451/8092/2233 6452/8093/2234 6443/8083/2217
f 6443/8083/2217 6452/8093/2234 6453/8094/2235 6444/8084/2219
f 6444/8084/2219 6453/8094/2235 6454/8095/2236 6445/8085/2221
f 6445/8085/2221 6454/8095/2236 6455/8096/2237 6446/8086/2223
f 6446/8087/2223 6455/8097/2237 6456/8098/2238 6447/8088/2225
f 6447/8088/2225 6456/8098/2238 6457/8099/2239 6448/8089/2372
f 6448/8089/2372 6457/8099/2239 6458/8100/2240 6449/8090/2229
f 6449/8090/2229 6458/8100/2240 6459/8101/2241 6450/8091/2231
f 6450/8091/2231 6459/8101/2241 6451/8092/2233 6442/8082/2216
f 6451/8092/2233 6460/8102/1190 6461/8103/2242 6452/8093/2234
f 6452/8093/2234 6461/8103/2242 6462/8104/2243 6453/8094/2235
f 6453/8094/2235 6462/8104/2243 6463/8105/2244 6454/8095/2236
f 6454/8095/2236 6463/8105/2244 6464/8106/2245 6455/8096/2237
f 6455/8097/2237 6464/8107/2245 6465/8108/2246 6456/8098/2238
f 6456/8098/2238 6465/8108/2246 6466/8109/2247 6457/8099/2239
f 6457/8099/2239 6466/8109/2247 6467/8110/2248 6458/8100/2240
f 6458/8100/2240 6467/8110/2248 6468/8111/2249 6459/8101/2241
f 6459/8101/2241 6468/8111/2249 6460/8102/1190 6451/8092/2233
f 6460/8102/1190 6469/8112/2250 6470/8113/2251 6461/8103/2242
f 6461/8103/2242 6470/8113/2251 6471/8114/2252 6462/8104/2243
f 6462/8104/2243 6471/8114/2252 6472/8115/2253 6463/8105/2244
f 6463/8105/2244 6472/8115/2253 6473/8116/2254 6464/8106/2245
f 6464/8107/2245 6473/8117/2254 6474/8118/2255 6465/8108/2246
f 6465/8108/2246 6474/8118/2255 6475/8119/2256 6466/8109/2247
f 6466/8109/2247 6475/8119/2256 6476/8120/2257 6467/8110/2248
f 6467/8110/2248 6476/8120/2257 6477/8121/2258 6468/8111/2249
f 6468/8111/2249 6477/8121/2258 6469/8112/2250 6460/8102/1190
f 6469/8112/2250 6478/8122/2259 6479/8123/2260 6470/8113/2251
f 6470/8113/2251 6479/8123/2260 6480/8124/2261 6471/8114/2252
f 6471/8114/2252 6480/8124/2261 6481/8125/2262 6472/8115/2253
f 6472/8115/2253 6481/8125/2262 6482/8126/2263 6473/8116/2254
f 6473/8117/2254 6482/8127/2263 6483/8128/2264 6474/8118/2255
f 6474/8118/2255 6483/8128/2264 6484/8129/2265 6475/8119/2256
f 6475/8119/2256 6484/8129/2265 6485/8130/2266 6476/8120/2257
f 6476/8120/2257 6485/8130/2266 6486/8131/2267 6477/8121/2258
f 6477/8121/2258 6486/8131/2267 6478/8122/2259 6469/8112/2250
f 6478/8122/2259 6487/8132/1187 6488/8133/2268 6479/8123/2260
f 6479/8123/2260 6488/8133/2268 6489/8134/2269 6480/8124/2261
f 6480/8124/2261 6489/8134/2269 6490/8135/2270 6481/8125/2262
f 6481/8125/2262 6490/8135/2270 6491/8136/2271 6482/8126/2263
f 6482/8127/2263 6491/8137/2271 6492/8138/2272 6483/8128/2264
f 6483/8128/2264 6492/8138/2272 6493/8139/2273 6484/8129/2265
f 6484/8129/2265 6493/8139/2273 6494/8140/2274 6485/8130/2266
f 6485/8130/2266 6494/8140/2274 6495/8141/2275 6486/8131/2267
f 6486/8131/2267 6495/8141/2275 6487/8132/1187 6478/8122/2259
f 6487/8132/1187 6496/8142/2276 6497/8143/2277 6488/8133/2268
f 6488/8133/2268 6497/8143/2277 6498/8144/2278 6489/8134/2269
f 6489/8134/2269 6498/8144/2278 6499/8145/2279 6490/8135/2270
f 6490/8135/2270 6499/8145/2279 6500/8146/2280 6491/8136/2271
f 6491/8137/2271 6500/8147/2280 6501/8148/2281 6492/8138/2272
f 6492/8138/2272 6501/8148/2281 6502/8149/2282 6493/8139/2273
f 6493/8139/2273 6502/8149/2282 6503/8150/2283 6494/8140/2274
f 6494/8140/2274 6503/8150/2283 6504/8151/2284 6495/8141/2275
f 6495/8141/2275 6504/8151/2284 6496/8142/2276 6487/8132/1187
f 6496/8142/2276 6505/8152/2285 6506/8153/2286 6497/8143/2277
f 6497/8143/2277 6506/8153/2286 6507/8154/2287 6498/8144/2278
f 6498/8144/2278 6507/8154/2287 6508/8155/2288 6499/8145/2279
f 6499/8145/2279 6508/8155/2288 6509/8156/2289 6500/8146/2280
f 6500/8147/2280 6509/8157/2289 6510/8158/2290 6501/8148/2281
f 6501/8148/2281 6510/8158/2290 6511/8159/2291 6502/8149/2282
f 6502/8149/2282 6511/8159/2291 6512/8160/2292 6503/8150/2283
f 6503/8150/2283 6512/8160/2292 6513/8161/2293 6504/8151/2284
f 6504/8151/2284 6513/8161/2293 6505/8152/2285 6496/8142/2276
f 6505/8152/2285 6514/8162/517 6515/8164/2294 6506/8153/2286
f 6506/8153/2286 6515/8164/2294 6516/8166/2295 6507/8154/2287
f 6507/8154/2287 6516/8166/2295 6517/8168/2296 6508/8155/2288
f 6508/8155/2288 6517/8168/2296 6518/8170/2297 6509/8156/2289
f 6509/8157/2289 6518/8171/2297 6519/8174/2376 6510/8158/2290
f 6510/8158/2290 6519/8174/2376 6520/8176/2299 6511/8159/2291
f 6511/8159/2291 6520/8176/2299 6521/8178/2300 6512/8160/2292
f 6512/8160/2292 6521/8178/2300 6522/8180/2301 6513/8161/2293
f 6513/8161/2293 6522/8180/2301 6514/8162/517 6505/8152/2285
f 6514/8163/517 6523/8182/2302 6524/8183/2303 6515/8165/2294
f 6515/8165/2294 6524/8183/2303 6525/8184/2304 6516/8167/2295
f 6516/8167/2295 6525/8184/2304 6526/8185/2305 6517/8169/2296
f 6517/8169/2296 6526/8185/2305 6527/8186/2306 6518/8172/2297
f 6518/8173/2297 6527/8187/2306 6528/8188/2307 6519/8175/2376
f 6519/8175/2376 6528/8188/2307 6529/8189/2308 6520/8177/2299
f 6520/8177/2299 6529/8189/2308 6530/8190/2309 6521/8179/2300
f 6521/8179/2300 6530/8190/2309 6531/8191/2310 6522/8181/2301
f 6522/8181/2301 6531/8191/2310 6523/8182/2302 6514/8163/517
f 6523/8182/2302 6532/8192/2311 6533/8193/2312 6524/8183/2303
f 6524/8183/2303 6533/8193/2312 6534/8194/2313 6525/8184/2304
f 6525/8184/2304 6534/8194/2313 6535/8195/2314 6526/8185/2305
f 6526/8185/2305 6535/8195/2314 6536/8196/2315 6527/8186/2306
f 6527/8187/2306 6536/8197/2315 6537/8198/2316 6528/8188/2307
f 6528/8188/2307 6537/8198/2316 6538/8199/2317 6529/8189/2308
f 6529/8189/2308 6538/8199/2317 6539/8200/2318 6530/8190/2309
f 6530/8190/2309 6539/8200/2318 6540/8201/2319 6531/8191/2310
f 6531/8191/2310 6540/8201/2319 6532/8192/2311 6523/8182/2302
f 6532/8192/2311 6541/8202/1217 6542/8203/2320 6533/8193/2312
f 6533/8193/2312 6542/8203/2320 6543/8204/2321 6534/8194/2313
f 6534/8194/2313 6543/8204/2321 6544/8205/2322 6535/8195/2314
f 6535/8195/2314 6544/8205/2322 6545/8206/2323 6536/8196/2315
f 6536/8197/2315 6545/8207/2323 6546/8208/2324 6537/8198/2316
f 6537/8198/2316 6546/8208/2324 6547/8209/2325 6538/8199/2317
f 6538/8199/2317 6547/8209/2325 6548/8210/2326 6539/8200/2318
f 6539/8200/2318 6548/8210/2326 6549/8211/2327 6540/8201/2319
f 6540/8201/2319 6549/8211/2327 6541/8202/1217 6532/8192/2311
f 6541/8202/1217 6550/8212/2328 6551/8213/2329 6542/8203/2320
f 6542/8203/2320 6551/8213/2329 6552/8214/2330 6543/8204/2321
f 6543/8204/2321 6552/8214/2330 6553/8215/2331 6544/8205/2322
f 6544/8205/2322 6553/8215/2331 6554/8216/2332 6545/8206/2323
f 6545/8207/2323 6554/8217/2332 6555/8218/2333 6546/8208/2324
f 6546/8208/2324 6555/8218/2333 6556/8219/2334 6547/8209/2325
f 6547/8209/2325 6556/8219/2334 6557/8220/2335 6548/8210/2326
f 6548/8210/2326 6557/8220/2335 6558/8221/2336 6549/8211/2327
f 6549/8211/2327 6558/8221/2336 6550/8212/2328 6541/8202/1217
f 6550/8212/2328 6559/8222/2337 6560/8223/2338 6551/8213/2329
f 6551/8213/2329 6560/8223/2338 6561/8224/2339 6552/8214/2330
f 6552/8214/2330 6561/8224/2339 6562/8225/2340 6553/8215/2331
f 6553/8215/2331 6562/8225/2340 6563/8226/2341 6554/8216/2332
f 6554/8217/2332 6563/8227/2341 6564/8228/2342 6555/8218/2333
f 6555/8218/2333 6564/8228/2342 6565/8229/2343 6556/8219/2334
f 6556/8219/2334 6565/8229/2343 6566/8230/2344 6557/8220/2335
f 6557/8220/2335 6566/8230/2344 6567/8231/2345 6558/8221/2336
f 6558/8221/2336 6567/8231/2345 6559/8222/2337 6550/8212/2328
f 6559/8222/2337 6568/8232/1687 6569/8233/2346 6560/8223/2338
f 6560/8223/2338 6569/8233/2346 6570/8234/2347 6561/8224/2339
f 6561/8224/2339 6570/8234/2347 6571/8235/2348 6562/8225/2340
f 6562/8225/2340 6571/8235/2348 6572/8236/2349 6563/8226/2341
f 6563/8227/2341 6572/8237/2349 6573/8238/2350 6564/8228/2342
f 6564/8228/2342 6573/8238/2350 6574/8239/2351 6565/8229/2343
f 6565/8229/2343 6574/8239/2351 6575/8240/2352 6566/8230/2344
f 6566/8230/2344 6575/8240/2352 6576/8241/2353 6567/8231/2345
f 6567/8231/2345 6576/8241/2353 6568/8232/1687 6559/8222/2337
f 6568/8232/1687 6577/8242/2354 6578/8243/2355 6569/8233/2346
f 6569/8233/2346 6578/8243/2355 6579/8244/2356 6570/8234/2347
f 6570/8234/2347 6579/8244/2356 6580/8245/2357 6571/8235/2348
f 6571/8235/2348 6580/8245/2357 6581/8246/2358 6572/8236/2349
f 6572/8237/2349 6581/8247/2358 6582/8248/2359 6573/8238/2350
f 6573/8238/2350 6582/8248/2359 6583/8249/2360 6574/8239/2351
f 6574/8239/2351 6583/8249/2360 6584/8250/2361 6575/8240/2352
f 6575/8240/2352 6584/8250/2361 6585/8251/2362 6576/8241/2353
f 6576/8241/2353 6585/8251/2362 6577/8242/2354 6568/8232/1687
f 6577/8242/2354 6586/8252/2363 6587/8253/2364 6578/8243/2355
f 6578/8243/2355 6587/8253/2364 6588/8254/2365 6579/8244/2356
f 6579/8244/2356 6588/8254/2365 6589/8255/2379 6580/8245/2357
f 6580/8245/2357 6589/8255/2379 6590/8256/2367 6581/8246/2358
f 6581/8247/2358 6590/8257/2367 6591/8258/2368 6582/8248/2359
f 6582/8248/2359 6591/8258/2368 6592/8259/2369 6583/8249/2360
f 6583/8249/2360 6592/8259/2369 6593/8260/2370 6584/8250/2361
f 6584/8250/2361 6593/8260/2370 6594/8261/2371 6585/8251/2362
f 6585/8251/2362 6594/8261/2371 6586/8252/2363 6577/8242/2354
f 6586/8252/2363 6433/8072/532 6434/8073/2218 6587/8253/2364
f 6587/8253/2364 6434/8073/2218 6435/8074/2220 6588/8254/2365
f 6588/8254/2365 6435/8074/2220 6436/8075/2222 6589/8255/2379
f 6589/8255/2379 6436/8075/2222 6437/8076/2224 6590/8256/2367
f 6590/8257/2367 6437/8077/2224 6438/8078/2226 6591/8258/2368
f 6591/8258/2368 6438/8078/2226 6439/8079/2228 6592/8259/2369
f 6592/8259/2369 6439/8079/2228 6440/8080/2230 6593/8260/2370
f 6593/8260/2370 6440/8080/2230 6441/8081/2232 6594/8261/2371
f 6594/8261/2371 6441/8081/2232 6433/8072/532 6586/8252/2363
f 6595/8262/532 6604/8272/2216 6605/8273/2217 6596/8263/2218
f 6596/8263/2218 6605/8273/2217 6606/8274/2219 6597/8264/2220
f 6597/8264/2220 6606/8274/2219 6607/8275/2221 6598/8265/2222
f 6598/8265/2222 6607/8275/2221 6608/8276/2223 6599/8266/2224
f 6599/8267/2224 6608/8277/2223 6609/8278/2225 6600/8268/2226
f 6600/8268/2226 6609/8278/2225 6610/8279/2227 6601/8269/2228
f 6601/8269/2228 6610/8279/2227 6611/8280/2229 6602/8270/2230
f 6602/8270/2230 6611/8280/2229 6612/8281/2231 6603/8271/2232
f 6603/8271/2232 6612/8281/2231 6604/8272/2216 6595/8262/532
f 6604/8272/2216 6613/8282/2233 6614/8283/2234 6605/8273/2217
f 6605/8273/2217 6614/8283/2234 6615/8284/2235 6606/8274/2219
f 6606/8274/2219 6615/8284/2235 6616/8285/2236 6607/8275/2221
f 6607/8275/2221 6616/8285/2236 6617/8286/2237 6608/8276/2223
f 6608/8277/2223 6617/8287/2237 6618/8288/2238 6609/8278/2225
f 6609/8278/2225 6618/8288/2238 6619/8289/2239 6610/8279/2227
f 6610/8279/2227 6619/8289/2239 6620/8290/2240 6611/8280/2229
f 6611/8280/2229 6620/8290/2240 6621/8291/2241 6612/8281/2231
f 6612/8281/2231 6621/8291/2241 6613/8282/2233 6604/8272/2216
f 6613/8282/2233 6622/8292/1190 6623/8293/2242 6614/8283/2234
f 6614/8283/2234 6623/8293/2242 6624/8294/2243 6615/8284/2235
f 6615/8284/2235 6624/8294/2243 6625/8295/2244 6616/8285/2236
f 6616/8285/2236 6625/8295/2244 6626/8296/2245 6617/8286/2237
f 6617/8287/2237 6626/8297/2245 6627/8298/2246 6618/8288/2238
f 6618/8288/2238 6627/8298/2246 6628/8299/2247 6619/8289/2239
f 6619/8289/2239 6628/8299/2247 6629/8300/2248 6620/8290/2240
f 6620/8290/2240 6629/8300/2248 6630/8301/2249 6621/8291/2241
f 6621/8291/2241 6630/8301/2249 6622/8292/1190 6613/8282/2233
f 6622/8292/1190 6631/8302/2250 6632/8303/2251 6623/8293/2242
f 6623/8293/2242 6632/8303/2251 6633/8304/2252 6624/8294/2243
f 6624/8294/2243 6633/8304/2252 6634/8305/2253 6625/8295/2244
f 6625/8295/2244 6634/8305/2253 6635/8306/2254 6626/8296/2245
f 6626/8297/2245 6635/8307/2254 6636/8308/2255 6627/8298/2246
f 6627/8298/2246 6636/8308/2255 6637/8309/2256 6628/8299/2247
f 6628/8299/2247 6637/8309/2256 6638/8310/2257 6629/8300/2248
f 6629/8300/2248 6638/8310/2257 6639/8311/2258 6630/8301/2249
f 6630/8301/2249 6639/8311/2258 6631/8302/2250 6622/8292/1190
f 6631/8302/2250 6640/8312/2259 6641/8313/2260 6632/8303/2251
f 6632/8303/2251 6641/8313/2260 6642/8314/2261 6633/8304/2252
f 6633/8304/2252 6642/8314/2261 6643/8315/2262 6634/8305/2253
f 6634/8305/2253 6643/8315/2262 6644/8316/2263 6635/8306/2254
f 6635/8307/2254 6644/8317/2263 6645/8318/2264 6636/8308/2255
f 6636/8308/2255 6645/8318/2264 6646/8319/2265 6637/8309/2256
f 6637/8309/2256 6646/8319/2265 6647/8320/2266 6638/8310/2257
f 6638/8310/2257 6647/8320/2266 6648/8321/2267 6639/8311/2258
f 6639/8311/2258 6648/8321/2267 6640/8312/2259 6631/8302/2250
f 6640/8312/2259 6649/8322/1187 6650/8323/2268 6641/8313/2260
f 6641/8313/2260 6650/8323/2268 6651/8324/2269 6642/8314/2261
f 6642/8314/2261 6651/8324/2269 6652/8325/2270 6643/8315/2262
f 6643/8315/2262 6652/8325/2270 6653/8326/2271 6644/8316/2263
f 6644/8317/2263 6653/8327/2271 6654/8328/2272 6645/8318/2264
f 6645/8318/2264 6654/8328/2272 6655/8329/2273 6646/8319/2265
f 6646/8319/2265 6655/8329/2273 6656/8330/2274 6647/8320/2266
f 6647/8320/2266 6656/8330/2274 6657/8331/2275 6648/8321/2267
f 6648/8321/2267 6657/8331/2275 6649/8322/1187 6640/8312/2259
f 6649/8322/1187 6658/8332/2276 6659/8333/2277 6650/8323/2268
f 6650/8323/2268 6659/8333/2277 6660/8334/2278 6651/8324/2269
f 6651/8324/2269 6660/8334/2278 6661/8335/2279 6652/8325/2270
f 6652/8325/2270 6661/8335/2279 6662/8336/2280 6653/8326/2271
f 6653/8327/2271 6662/8337/2280 6663/8338/2281 6654/8328/2272
f 6654/8328/2272 6663/8338/2281 6664/8339/2282 6655/8329/2273
f 6655/8329/2273 6664/8339/2282 6665/8340/2283 6656/8330/2274
f 6656/8330/2274 6665/8340/2283 6666/8341/2284 6657/8331/2275
f 6657/8331/2275 6666/8341/2284 6658/8332/2276 6649/8322/1187
f 6658/8332/2276 6667/8342/2285 6668/8343/2286 6659/8333/2277
f 6659/8333/2277 6668/8343/2286 6669/8344/2287 6660/8334/2278
f 6660/8334/2278 6669/8344/2287 6670/8345/2288 6661/8335/2279
f 6661/8335/2279 6670/8345/2288 6671/8346/2289 6662/8336/2280
f 6662/8337/2280 6671/8347/2289 6672/8348/2290 6663/8338/2281
f 6663/8338/2281 6672/8348/2290 6673/8349/2291 6664/8339/2282
f 6664/8339/2282 6673/8349/2291 6674/8350/2292 6665/8340/2283
f 6665/8340/2283 6674/8350/2292 6675/8351/2293 6666/8341/2284
f 6666/8341/2284 6675/8351/2293 6667/8342/2285 6658/8332/2276
f 6667/8342/2285 6676/8352/517 6677/8354/2294 6668/8343/2286
f 6668/8343/2286 6677/8354/2294 6678/8356/2295 6669/8344/2287
f 6669/8344/2287 6678/8356/2295 6679/8358/2296 6670/8345/2288
f 6670/8345/2288 6679/8358/2296 6680/8360/2297 6671/8346/2289
f 6671/8347/2289 6680/8361/2297 6681/8364/2376 6672/8348/2290
f 6672/8348/2290 6681/8364/2376 6682/8366/2299 6673/8349/2291
f 6673/8349/2291 6682/8366/2299 6683/8368/2300 6674/8350/2292
f 6674/8350/2292 6683/8368/2300 6684/8370/2301 6675/8351/2293
f 6675/8351/2293 6684/8370/2301 6676/8352/517 6667/8342/2285
f 6676/8353/517 6685/8372/2302 6686/8373/2303 6677/8355/2294
f 6677/8355/2294 6686/8373/2303 6687/8374/2304 6678/8357/2295
f 6678/8357/2295 6687/8374/2304 6688/8375/2305 6679/8359/2296
f 6679/8359/2296 6688/8375/2305 6689/8376/2306 6680/8362/2297
f 6680/8363/2297 6689/8377/2306 6690/8378/2307 6681/8365/2376
f 6681/8365/2376 6690/8378/2307 6691/8379/2308 6682/8367/2299
f 6682/8367/2299 6691/8379/2308 6692/8380/2309 6683/8369/2300
f 6683/8369/2300 6692/8380/2309 6693/8381/2310 6684/8371/2301
f 6684/8371/2301 6693/8381/2310 6685/8372/2302 6676/8353/517
f 6685/8372/2302 6694/8382/2311 6695/8383/2312 6686/8373/2303
f 6686/8373/2303 6695/8383/2312 6696/8384/2313 6687/8374/2304
f 6687/8374/2304 6696/8384/2313 6697/8385/2314 6688/8375/2305
f 6688/8375/2305 6697/8385/2314 6698/8386/2315 6689/8376/2306
f 6689/8377/2306 6698/8387/2315 6699/8388/2316 6690/8378/2307
f 6690/8378/2307 6699/8388/2316 6700/8389/2317 6691/8379/2308
f 6691/8379/2308 6700/8389/2317 6701/8390/2318 6692/8380/2309
f 6692/8380/2309 6701/8390/2318 6702/8391/2319 6693/8381/2310
f 6693/8381/2310 6702/8391/2319 6694/8382/2311 6685/8372/2302
f 6694/8382/2311 6703/8392/1217 6704/8393/2320 6695/8383/2312
f 6695/8383/2312 6704/8393/2320 6705/8394/2321 6696/8384/2313
f 6696/8384/2313 6705/8394/2321 6706/8395/2322 6697/8385/2314
f 6697/8385/2314 6706/8395/2322 6707/8396/2323 6698/8386/2315
f 6698/8387/2315 6707/8397/2323 6708/8398/2324 6699/8388/2316
f 6699/8388/2316 6708/8398/2324 6709/8399/2325 6700/8389/2317
f 6700/8389/2317 6709/8399/2325 6710/8400/2326 6701/8390/2318
f 6701/8390/2318 6710/8400/2326 6711/8401/2327 6702/8391/2319
f 6702/8391/2319 6711/8401/2327 6703/8392/1217 6694/8382/2311
f 6703/8392/1217 6712/8402/2328 6713/8403/2329 6704/8393/2320
f 6704/8393/2320 6713/8403/2329 6714/8404/2330 6705/8394/2321
f 6705/8394/2321 6714/8404/2330 6715/8405/2331 6706/8395/2322
f 6706/8395/2322 6715/8405/2331 6716/8406/2332 6707/8396/2323
f 6707/8397/2323 6716/8407/2332 6717/8408/2333 6708/8398/2324
f 6708/8398/2324 6717/8408/2333 6718/8409/2334 6709/8399/2325
f 6709/8399/2325 6718/8409/2334 6719/8410/2335 6710/8400/2326
f 6710/8400/2326 6719/8410/2335 6720/8411/2336 6711/8401/2327
f 6711/8401/2327 6720/8411/2336 6712/8402/2328 6703/8392/1217
f 6712/8402/2328 6721/8412/2337 6722/8413/2338 6713/8403/2329
f 6713/8403/2329 6722/8413/2338 6723/8414/2339 6714/8404/2330
f 6714/8404/2330 6723/8414/2339 6724/8415/2340 6715/8405/2331
f 6715/8405/2331 6724/8415/2340 6725/8416/2341 6716/8406/2332
f 6716/8407/2332 6725/8417/2341 6726/8418/2342 6717/8408/2333
f 6717/8408/2333 6726/8418/2342 6727/8419/2343 6718/8409/2334
f 6718/8409/2334 6727/8419/2343 6728/8420/2344 6719/8410/2335
f 6719/8410/2335 6728/8420/2344 6729/8421/2345 6720/8411/2336
f 6720/8411/2336 6729/8421/2345 6721/8412/2337 6712/8402/2328
f 6721/8412/2337 6730/8422/1687 6731/8423/2346 6722/8413/2338
f 6722/8413/2338 6731/8423/2346 6732/8424/2347 6723/8414/2339
f 6723/8414/2339 6732/8424/2347 6733/8425/2348 6724/8415/2340
f 6724/8415/2340 6733/8425/2348 6734/8426/2349 6725/8416/2341
f 6725/8417/2341 6734/8427/2349 6735/8428/2350 6726/8418/2342
f 6726/8418/2342 6735/8428/2350 6736/8429/2351 6727/8419/2343
f 6727/8419/2343 6736/8429/2351 6737/8430/2352 6728/8420/2344
f 6728/8420/2344 6737/8430/2352 6738/8431/2353 6729/8421/2345
f 6729/8421/2345 6738/8431/2353 6730/8422/1687 6721/8412/2337
f 6730/8422/1687 6739/8432/2354 6740/8433/2355 6731/8423/2346
f 6731/8423/2346 6740/8433/2355 6741/8434/2356 6732/8424/2347
f 6732/8424/2347 6741/8434/2356 6742/8435/2357 6733/8425/2348
f 6733/8425/2348 6742/8435/2357 6743/8436/2358 6734/8426/2349
f 6734/8427/2349 6743/8437/2358 6744/8438/2359 6735/8428/2350
f 6735/8428/2350 6744/8438/2359 6745/8439/2360 6736/8429/2351
f 6736/8429/2351 6745/8439/2360 6746/8440/2361 6737/8430/2352
f 6737/8430/2352 6746/8440/2361 6747/8441/2362 6738/8431/2353
f 6738/8431/2353 6747/8441/2362 6739/8432/2354 6730/8422/1687
f 6739/8432/2354 6748/8442/2363 6749/8443/2364 6740/8433/2355
f 6740/8433/2355 6749/8443/2364 6750/8444/2365 6741/8434/2356
f 6741/8434/2356 6750/8444/2365 6751/8445/2379 6742/8435/2357
f 6742/8435/2357 6751/8445/2379 6752/8446/2367 6743/8436/2358
f 6743/8437/2358 6752/8447/2367 6753/8448/2368 6744/8438/2359
f 6744/8438/2359 6753/8448/2368 6754/8449/2369 6745/8439/2360
f 6745/8439/2360 6754/8449/2369 6755/8450/2370 6746/8440/2361
f 6746/8440/2361 6755/8450/2370 6756/8451/2371 6747/8441/2362
f 6747/8441/2362 6756/8451/2371 6748/8442/2363 6739/8432/2354
f 6748/8442/2363 6595/8262/532 6596/8263/2218 6749/8443/2364
f 6749/8443/2364 6596/8263/2218 6597/8264/2220 6750/8444/2365
f 6750/8444/2365 6597/8264/2220 6598/8265/2222 6751/8445/2379
f 6751/8445/2379 6598/8265/2222 6599/8266/2224 6752/8446/2367
f 6752/8447/2367 6599/8267/2224 6600/8268/2226 6753/8448/2368
f 6753/8448/2368 6600/8268/2226 6601/8269/2228 6754/8449/2369
f 6754/8449/2369 6601/8269/2228 6602/8270/2230 6755/8450/2370
f 6755/8450/2370 6602/8270/2230 6603/8271/2232 6756/8451/2371
f 6756/8451/2371 6603/8271/2232 6595/8262/532 6748/8442/2363
f 6757/8452/532 6766/8462/2216 6767/8463/2217 6758/8453/2218
f 6758/8453/2218 6767/8463/2217 6768/8464/2219 6759/8454/2220
f 6759/8454/2220 6768/8464/2219 6769/8465/2221 6760/8455/2222
f 6760/8455/2222 6769/8465/2221 6770/8466/2223 6761/8456/2224
f 6761/8457/2224 6770/8467/2223 6771/8468/2225 6762/8458/2226
f 6762/8458/2226 6771/8468/2225 6772/8469/2372 6763/8459/2228
f 6763/8459/2228 6772/8469/2372 6773/8470/2229 6764/8460/2230
f 6764/8460/2230 6773/8470/2229 6774/8471/2231 6765/8461/2232
f 6765/8461/2232 6774/8471/2231 6766/8462/2216 6757/8452/532
f 6766/8462/2216 6775/8472/2233 6776/8473/2234 6767/8463/2217
f 6767/8463/2217 6776/8473/2234 6777/8474/2235 6768/8464/2219
f 6768/8464/2219 6777/8474/2235 6778/8475/2236 6769/8465/2221
f 6769/8465/2221 6778/8475/2236 6779/8476/2237 6770/8466/2223
f 6770/8467/2223 6779/8477/2237 6780/8478/2238 6771/8468/2225
f 6771/8468/2225 6780/8478/2238 6781/8479/2239 6772/8469/2372
f 6772/8469/2372 6781/8479/2239 6782/8480/2240 6773/8470/2229
f 6773/8470/2229 6782/8480/2240 6783/8481/2241 6774/8471/2231
f 6774/8471/2231 6783/8481/2241 6775/8472/2233 6766/8462/2216
f 6775/8472/2233 6784/8482/1190 6785/8483/2242 6776/8473/2234
f 6776/8473/2234 6785/8483/2242 6786/8484/2243 6777/8474/2235
f 6777/8474/2235 6786/8484/2243 6787/8485/2244 6778/8475/2236
f 6778/8475/2236 6787/8485/2244 6788/8486/2245 6779/8476/2237
f 6779/8477/2237 6788/8487/2245 6789/8488/2246 6780/8478/2238
f 6780/8478/2238 6789/8488/2246 6790/8489/2247 6781/8479/2239
f 6781/8479/2239 6790/8489/2247 6791/8490/2248 6782/8480/2240
f 6782/8480/2240 6791/8490/2248 6792/8491/2375 6783/8481/2241
f 6783/8481/2241 6792/8491/2375 6784/8482/1190 6775/8472/2233
f 6784/8482/1190 6793/8492/2250 6794/8493/2251 6785/8483/2242
f 6785/8483/2242 6794/8493/2251 6795/8494/2252 6786/8484/2243
f 6786/8484/2243 6795/8494/2252 6796/8495/2253 6787/8485/2244
f 6787/8485/2244 6796/8495/2253 6797/8496/2254 6788/8486/2245
f 6788/8487/2245 6797/8497/2254 6798/8498/2255 6789/8488/2246
f 6789/8488/2246 6798/8498/2255 6799/8499/2256 6790/8489/2247
f 6790/8489/2247 6799/8499/2256 6800/8500/2257 6791/8490/2248
f 6791/8490/2248 6800/8500/2257 6801/8501/2258 6792/8491/2375
f 6792/8491/2375 6801/8501/2258 6793/8492/2250 6784/8482/1190
f 6793/8492/2250 6802/8502/2259 6803/8503/2260 6794/8493/2251
f 6794/8493/2251 6803/8503/2260 6804/8504/2261 6795/8494/2252
f 6795/8494/2252 6804/8504/2261 6805/8505/2262 6796/8495/2253
f 6796/8495/2253 6805/8505/2262 6806/8506/2263 6797/8496/2254
f 6797/8497/2254 6806/8507/2263 6807/8508/2264 6798/8498/2255
f 6798/8498/2255 6807/8508/2264 6808/8509/2265 6799/8499/2256
f 6799/8499/2256 6808/8509/2265 6809/8510/2266 6800/8500/2257
f 6800/8500/2257 6809/8510/2266 6810/8511/2267 6801/8501/2258
f 6801/8501/2258 6810/8511/2267 6802/8502/2259 6793/8492/2250
f 6802/8502/2259 6811/8512/1187 6812/8513/2268 6803/8503/2260
f 6803/8503/2260 6812/8513/2268 6813/8514/2269 6804/8504/2261
f 6804/8504/2261 6813/8514/2269 6814/8515/2270 6805/8505/2262
f 6805/8505/2262 6814/8515/2270 6815/8516/2271 6806/8506/2263
f 6806/8507/2263 6815/8517/2271 6816/8518/2272 6807/8508/2264
f 6807/8508/2264 6816/8518/2272 6817/8519/2273 6808/8509/2265
f 6808/8509/2265 6817/8519/2273 6818/8520/2274 6809/8510/2266
f 6809/8510/2266 6818/8520/2274 6819/8521/2275 6810/8511/2267
f 6810/8511/2267 6819/8521/2275 6811/8512/1187 6802/8502/2259
f 6811/8512/1187 6820/8522/2276 6821/8523/2277 6812/8513/2268
f 6812/8513/2268 6821/8523/2277 6822/8524/2278 6813/8514/2269
f 6813/8514/2269 6822/8524/2278 6823/8525/2279 6814/8515/2270
f 6814/8515/2270 6823/8525/2279 6824/8526/2280 6815/8516/2271
f 6815/8517/2271 6824/8527/2280 6825/8528/2281 6816/8518/2272
f 6816/8518/2272 6825/8528/2281 6826/8529/2282 6817/8519/2273
f 6817/8519/2273 6826/8529/2282 6827/8530/2283 6818/8520/2274
f 6818/8520/2274 6827/8530/2283 6828/8531/2284 6819/8521/2275
f 6819/8521/2275 6828/8531/2284 6820/8522/2276 6811/8512/1187
f 6820/8522/2276 6829/8532/2285 6830/8533/2286 6821/8523/2277
f 6821/8523/2277 6830/8533/2286 6831/8534/2287 6822/8524/2278
f 6822/8524/2278 6831/8534/2287 6832/8535/2288 6823/8525/2279
f 6823/8525/2279 6832/8535/2288 6833/8536/2289 6824/8526/2280
f 6824/8527/2280 6833/8537/2289 6834/8538/2290 6825/8528/2281
f 6825/8528/2281 6834/8538/2290 6835/8539/2291 6826/8529/2282
f 6826/8529/2282 6835/8539/2291 6836/8540/2292 6827/8530/2283
f 6827/8530/2283 6836/8540/2292 6837/8541/2293 6828/8531/2284
f 6828/8531/2284 6837/8541/2293 6829/8532/2285 6820/8522/2276
f 6829/8532/2285 6838/8542/517 6839/8544/2294 6830/8533/2286
f 6830/8533/2286 6839/8544/2294 6840/8546/2295 6831/8534/2287
f 6831/8534/2287 6840/8546/2295 6841/8548/2296 6832/8535/2288
f 6832/8535/2288 6841/8548/2296 6842/8550/2297 6833/8536/2289
f 6833/8537/2289 6842/8551/2297 6843/8554/2376 6834/8538/2290
f 6834/8538/2290 6843/8554/2376 6844/8556/2299 6835/8539/2291
f 6835/8539/2291 6844/8556/2299 6845/8558/2300 6836/8540/2292
f 6836/8540/2292 6845/8558/2300 6846/8560/2301 6837/8541/2293
f 6837/8541/2293 6846/8560/2301 6838/8542/517 6829/8532/2285
f 6838/8543/517 6847/8562/2302 6848/8563/2303 6839/8545/2294
f 6839/8545/2294 6848/8563/2303 6849/8564/2304 6840/8547/2295
f 6840/8547/2295 6849/8564/2304 6850/8565/2305 6841/8549/2296
f 6841/8549/2296 6850/8565/2305 6851/8566/2306 6842/8552/2297
f 6842/8553/2297 6851/8567/2306 6852/8568/2307 6843/8555/2376
f 6843/8555/2376 6852/8568/2307 6853/8569/2308 6844/8557/2299
f 6844/8557/2299 6853/8569/2308 6854/8570/2309 6845/8559/2300
f 6845/8559/2300 6854/8570/2309 6855/8571/2310 6846/8561/2301
f 6846/8561/2301 6855/8571/2310 6847/8562/2302 6838/8543/517
f 6847/8562/2302 6856/8572/2311 6857/8573/2312 6848/8563/2303
f 6848/8563/2303 6857/8573/2312 6858/8574/2313 6849/8564/2304
f 6849/8564/2304 6858/8574/2313 6859/8575/2314 6850/8565/2305
f 6850/8565/2305 6859/8575/2314 6860/8576/2315 6851/8566/2306
f 6851/8567/2306 6860/8577/2315 6861/8578/2316 6852/8568/2307
f 6852/8568/2307 6861/8578/2316 6862/8579/2317 6853/8569/2308
f 6853/8569/2308 6862/8579/2317 6863/8580/2318 6854/8570/2309
f 6854/8570/2309 6863/8580/2318 6864/8581/2319 6855/8571/2310
f 6855/8571/2310 6864/8581/2319 6856/8572/2311 6847/8562/2302
f 6856/8572/2311 6865/8582/1217 6866/8583/2320 6857/8573/2312
f 6857/8573/2312 6866/8583/2320 6867/8584/2321 6858/8574/2313
f 6858/8574/2313 6867/8584/2321 6868/8585/2322 6859/8575/2314
f 6859/8575/2314 6868/8585/2322 6869/8586/2323 6860/8576/2315
f 6860/8577/2315 6869/8587/2323 6870/8588/2324 6861/8578/2316
f 6861/8578/2316 6870/8588/2324 6871/8589/2325 6862/8579/2317
f 6862/8579/2317 6871/8589/2325 6872/8590/2326 6863/8580/2318
f 6863/8580/2318 6872/8590/2326 6873/8591/2327 6864/8581/2319
f 6864/8581/2319 6873/8591/2327 6865/8582/1217 6856/8572/2311
f 6865/8582/1217 6874/8592/2328 6875/8593/2329 6866/8583/2320
f 6866/8583/2320 6875/8593/2329 6876/8594/2330 6867/8584/2321
f 6867/8584/2321 6876/8594/2330 6877/8595/2331 6868/8585/2322
f 6868/8585/2322 6877/8595/2331 6878/8596/2332 6869/8586/2323
f 6869/8587/2323 6878/8597/2332 6879/8598/2333 6870/8588/2324
f 6870/8588/2324 6879/8598/2333 6880/8599/2334 6871/8589/2325
f 6871/8589/2325 6880/8599/2334 6881/8600/2335 6872/8590/2326
f 6872/8590/2326 6881/8600/2335 6882/8601/2336 6873/8591/2327
f 6873/8591/2327 6882/8601/2336 6874/8592/2328 6865/8582/1217
f 6874/8592/2328 6883/8602/2337 6884/8603/2338 6875/8593/2329
f 6875/8593/2329 6884/8603/2338 6885/8604/2339 6876/8594/2330
f 6876/8594/2330 6885/8604/2339 6886/8605/2340 6877/8595/2331
f 6877/8595/2331 6886/8605/2340 6887/8606/2341 6878/8596/2332
f 6878/8597/2332 6887/8607/2341 6888/8608/2342 6879/8598/2333
f 6879/8598/2333 6888/8608/2342 6889/8609/2343 6880/8599/2334
f 6880/8599/2334 6889/8609/2343 6890/8610/2344 6881/8600/2335
f 6881/8600/2335 6890/8610/2344 6891/8611/2345 6882/8601/2336
f 6882/8601/2336 6891/8611/2345 6883/8602/2337 6874/8592/2328
f 6883/8602/2337 6892/8612/1687 6893/8613/2346 6884/8603/2338
f 6884/8603/2338 6893/8613/2346 6894/8614/2347 6885/8604/2339
f 6885/8604/2339 6894/8614/2347 6895/8615/2348 6886/8605/2340
f 6886/8605/2340 6895/8615/2348 6896/8616/2349 6887/8606/2341
f 6887/8607/2341 6896/8617/2349 6897/8618/2350 6888/8608/2342
f 6888/8608/2342 6897/8618/2350 6898/8619/2351 6889/8609/2343
f 6889/8609/2343 6898/8619/2351 6899/8620/2352 6890/8610/2344
f 6890/8610/2344 6899/8620/2352 6900/8621/2353 6891/8611/2345
f 6891/8611/2345 6900/8621/2353 6892/8612/1687 6883/8602/2337
f 6892/8612/1687 6901/8622/2354 6902/8623/2355 6893/8613/2346
f 6893/8613/2346 6902/8623/2355 6903/8624/2356 6894/8614/2347
f 6894/8614/2347 6903/8624/2356 6904/8625/2357 6895/8615/2348
f 6895/8615/2348 6904/8625/2357 6905/8626/2358 6896/8616/2349
f 6896/8617/2349 6905/8627/2358 6906/8628/2359 6897/8618/2350
f 6897/8618/2350 6906/8628/2359 6907/8629/2360 6898/8619/2351
f 6898/8619/2351 6907/8629/2360 6908/8630/2361 6899/8620/2352
f 6899/8620/2352 6908/8630/2361 6909/8631/2362 6900/8621/2353
f 6900/8621/2353 6909/8631/2362 6901/8622/2354 6892/8612/1687
f 6901/8622/2354 6910/8632/2363 6911/8633/2364 6902/8623/2355
f 6902/8623/2355 6911/8633/2364 6912/8634/2365 6903/8624/2356
f 6903/8624/2356 6912/8634/2365 6913/8635/2366 6904/8625/2357
f 6904/8625/2357 6913/8635/2366 6914/8636/2367 6905/8626/2358
f 6905/8627/2358 6914/8637/2367 6915/8638/2368 6906/8628/2359
f 6906/8628/2359 6915/8638/2368 6916/8639/2369 6907/8629/2360
f 6907/8629/2360 6916/8639/2369 6917/8640/2370 6908/8630/2361
f 6908/8630/2361 6917/8640/2370 6918/8641/2371 6909/8631/2362
f 6909/8631/2362 6918/8641/2371 6910/8632/2363 6901/8622/2354
f 6910/8632/2363 6757/8452/532 6758/8453/2218 6911/8633/2364
f 6911/8633/2364 6758/8453/2218 6759/8454/2220 6912/8634/2365
f 6912/8634/2365 6759/8454/2220 6760/8455/2222 6913/8635/2366
f 6913/8635/2366 6760/8455/2222 6761/8456/2224 6914/8636/2367
f 6914/8637/2367 6761/8457/2224 6762/8458/2226 6915/8638/2368
f 6915/8638/2368 6762/8458/2226 6763/8459/2228 6916/8639/2369
f 6916/8639/2369 6763/8459/2228 6764/8460/2230 6917/8640/2370
f 6917/8640/2370 6764/8460/2230 6765/8461/2232 6918/8641/2371
f 6918/8641/2371 6765/8461/2232 6757/8452/532 6910/8632/2363
f 6919/8642/532 6928/8652/2216 6929/8653/2217 6920/8643/2218
f 6920/8643/2218 6929/8653/2217 6930/8654/2219 6921/8644/2220
f 6921/8644/2220 6930/8654/2219 6931/8655/2221 6922/8645/2222
f 6922/8645/2222 6931/8655/2221 6932/8656/2223 6923/8646/2224
f 6923/8647/2224 6932/8657/2223 6933/8658/2225 6924/8648/2226
f 6924/8648/2226 6933/8658/2225 6934/8659/2372 6925/8649/2228
f 6925/8649/2228 6934/8659/2372 6935/8660/2229 6926/8650/2230
f 6926/8650/2230 6935/8660/2229 6936/8661/2231 6927/8651/2232
f 6927/8651/2232 6936/8661/2231 6928/8652/2216 6919/8642/532
f 6928/8652/2216 6937/8662/2233 6938/8663/2234 6929/8653/2217
f 6929/8653/2217 6938/8663/2234 6939/8664/2235 6930/8654/2219
f 6930/8654/2219 6939/8664/2235 6940/8665/2236 6931/8655/2221
f 6931/8655/2221 6940/8665/2236 6941/8666/2237 6932/8656/2223
f 6932/8657/2223 6941/8667/2237 6942/8668/2238 6933/8658/2225
f 6933/8658/2225 6942/8668/2238 6943/8669/2239 6934/8659/2372
f 6934/8659/2372 6943/8669/2239 6944/8670/2240 6935/8660/2229
f 6935/8660/2229 6944/8670/2240 6945/8671/2241 6936/8661/2231
f 6936/8661/2231 6945/8671/2241 6937/8662/2233 6928/8652/2216
f 6937/8662/2233 6946/8672/1190 6947/8673/2242 6938/8663/2234
f 6938/8663/2234 6947/8673/2242 6948/8674/2243 6939/8664/2235
f 6939/8664/2235 6948/8674/2243 6949/8675/2244 6940/8665/2236
f 6940/8665/2236 6949/8675/2244 6950/8676/2245 6941/8666/2237
f 6941/8667/2237 6950/8677/2245 6951/8678/2246 6942/8668/2238
f 6942/8668/2238 6951/8678/2246 6952/8679/2247 6943/8669/2239
f 6943/8669/2239 6952/8679/2247 6953/8680/2248 6944/8670/2240
f 6944/8670/2240 6953/8680/2248 6954/8681/2375 6945/8671/2241
f 6945/8671/2241 6954/8681/2375 6946/8672/1190 6937/8662/2233
f 6946/8672/1190 6955/8682/2250 6956/8683/2251 6947/8673/2242
f 6947/8673/2242 6956/8683/2251 6957/8684/2252 6948/8674/2243
f 6948/8674/2243 6957/8684/2252 6958/8685/2253 6949/8675/2244
f 6949/8675/2244 6958/8685/2253 6959/8686/2254 6950/8676/2245
f 6950/8677/2245 6959/8687/2254 6960/8688/2255 6951/8678/2246
f 6951/8678/2246 6960/8688/2255 6961/8689/2256 6952/8679/2247
f 6952/8679/2247 6961/8689/2256 6962/8690/2257 6953/8680/2248
f 6953/8680/2248 6962/8690/2257 6963/8691/2258 6954/8681/2375
f 6954/8681/2375 6963/8691/2258 6955/8682/2250 6946/8672/1190
f 6955/8682/2250 6964/8692/2259 6965/8693/2260 6956/8683/2251
f 6956/8683/2251 6965/8693/2260 6966/8694/2261 6957/8684/2252
f 6957/8684/2252 6966/8694/2261 6967/8695/2262 6958/8685/2253
f 6958/8685/2253 6967/8695/2262 6968/8696/2263 6959/8686/2254
f 6959/8687/2254 6968/8697/2263 6969/8698/2264 6960/8688/2255
f 6960/8688/2255 6969/8698/2264 6970/8699/2265 6961/8689/2256
f 6961/8689/2256 6970/8699/2265 6971/8700/2266 6962/8690/2257
f 6962/8690/2257 6971/8700/2266 6972/8701/2267 6963/8691/2258
f 6963/8691/2258 6972/8701/2267 6964/8692/2259 6955/8682/2250
f 6964/8692/2259 6973/8702/1187 6974/8703/2268 6965/8693/2260
f 6965/8693/2260 6974/8703/2268 6975/8704/2269 6966/8694/2261
f 6966/8694/2261 6975/8704/2269 6976/8705/2270 6967/8695/2262
f 6967/8695/2262 6976/8705/2270 6977/8706/2271 6968/8696/2263
f 6968/8697/2263 6977/8707/2271 6978/8708/2272 6969/8698/2264
f 6969/8698/2264 6978/8708/2272 6979/8709/2273 6970/8699/2265
f 6970/8699/2265 6979/8709/2273 6980/8710/2274 6971/8700/2266
f 6971/8700/2266 6980/8710/2274 6981/8711/2275 6972/8701/2267
f 6972/8701/2267 6981/8711/2275 6973/8702/1187 6964/8692/2259
f 6973/8702/1187 6982/8712/2276 6983/8713/2277 6974/8703/2268
f 6974/8703/2268 6983/8713/2277 6984/8714/2278 6975/8704/2269
f 6975/8704/2269 6984/8714/2278 6985/8715/2279 6976/8705/2270
f 6976/8705/2270 6985/8715/2279 6986/8716/2280 6977/8706/2271
f 6977/8707/2271 6986/8717/2280 6987/8718/2281 6978/8708/2272
f 6978/8708/2272 6987/8718/2281 6988/8719/2282 6979/8709/2273
f 6979/8709/2273 6988/8719/2282 6989/8720/2283 6980/8710/2274
f 6980/8710/2274 6989/8720/2283 6990/8721/2284 6981/8711/2275
f 6981/8711/2275 6990/8721/2284 6982/8712/2276 6973/8702/1187
f 6982/8712/2276 6991/8722/2285 6992/8723/2373 6983/8713/2277
f 6983/8713/2277 6992/8723/2373 6993/8724/2287 6984/8714/2278
f 6984/8714/2278 6993/8724/2287 6994/8725/2288 6985/8715/2279
f 6985/8715/2279 6994/8725/2288 6995/8726/2289 6986/8716/2280
f 6986/8717/2280 6995/8727/2289 6996/8728/2290 6987/8718/2281
f 6987/8718/2281 6996/8728/2290 6997/8729/2291 6988/8719/2282
f 6988/8719/2282 6997/8729/2291 6998/8730/2292 6989/8720/2283
f 6989/8720/2283 6998/8730/2292 6999/8731/2293 6990/8721/2284
f 6990/8721/2284 6999/8731/2293 6991/8722/2285 6982/8712/2276
f 6991/8722/2285 7000/8732/517 7001/8734/2294 6992/8723/2373
f 6992/8723/2373 7001/8734/2294 7002/8736/2295 6993/8724/2287
f 6993/8724/2287 7002/8736/2295 7003/8738/2296 6994/8725/2288
f 6994/8725/2288 7003/8738/2296 7004/8740/2297 6995/8726/2289
f 6995/8727/2289 7004/8741/2297 7005/8744/2376 6996/8728/2290
f 6996/8728/2290 7005/8744/2376 7006/8746/2299 6997/8729/2291
f 6997/8729/2291 7006/8746/2299 7007/8748/2300 6998/8730/2292
f 6998/8730/2292 7007/8748/2300 7008/8750/2301 6999/8731/2293
f 6999/8731/2293 7008/8750/2301 7000/8732/517 6991/8722/2285
f 7000/8733/517 7009/8752/2302 7010/8753/2303 7001/8735/2294
f 7001/8735/2294 7010/8753/2303 7011/8754/2304 7002/8737/2295
f 7002/8737/2295 7011/8754/2304 7012/8755/2305 7003/8739/2296
f 7003/8739/2296 7012/8755/2305 7013/8756/2306 7004/8742/2297
f 7004/8743/2297 7013/8757/2306 7014/8758/2307 7005/8745/2376
f 7005/8745/2376 7014/8758/2307 7015/8759/2308 7006/8747/2299
f 7006/8747/2299 7015/8759/2308 7016/8760/2309 7007/8749/2300
f 7007/8749/2300 7016/8760/2309 7017/8761/2310 7008/8751/2301
f 7008/8751/2301 7017/8761/2310 7009/8752/2302 7000/8733/517
f 7009/8752/2302 7018/8762/2311 7019/8763/2312 7010/8753/2303
f 7010/8753/2303 7019/8763/2312 7020/8764/2313 7011/8754/2304
f 7011/8754/2304 7020/8764/2313 7021/8765/2314 7012/8755/2305
f 7012/8755/2305 7021/8765/2314 7022/8766/2315 7013/8756/2306
f 7013/8757/2306 7022/8767/2315 7023/8768/2316 7014/8758/2307
f 7014/8758/2307 7023/8768/2316 7024/8769/2317 7015/8759/2308
f 7015/8759/2308 7024/8769/2317 7025/8770/2318 7016/8760/2309
f 7016/8760/2309 7025/8770/2318 7026/8771/2319 7017/8761/2310
f 7017/8761/2310 7026/8771/2319 7018/8762/2311 7009/8752/2302
f 7018/8762/2311 7027/8772/1217 7028/8773/2320 7019/8763/2312
f 7019/8763/2312 7028/8773/2320 7029/8774/2321 7020/8764/2313
f 7020/8764/2313 7029/8774/2321 7030/8775/2322 7021/8765/2314
f 7021/8765/2314 7030/8775/2322 7031/8776/2323 7022/8766/2315
f 7022/8767/2315 7031/8777/2323 7032/8778/2324 7023/8768/2316
f 7023/8768/2316 7032/8778/2324 7033/8779/2325 7024/8769/2317
f 7024/8769/2317 7033/8779/2325 7034/8780/2326 7025/8770/2318
f 7025/8770/2318 7034/8780/2326 7035/8781/2327 7026/8771/2319
f 7026/8771/2319 7035/8781/2327 7027/8772/1217 7018/8762/2311
f 7027/8772/1217 7036/8782/2328 7037/8783/2329 7028/8773/2320
f 7028/8773/2320 7037/8783/2329 7038/8784/2330 7029/8774/2321
f 7029/8774/2321 7038/8784/2330 7039/8785/2331 7030/8775/2322
f 7030/8775/2322 7039/8785/2331 7040/8786/2332 7031/8776/2323
f 7031/8777/2323 7040/8787/2332 7041/8788/2333 7032/8778/2324
f 7032/8778/2324 7041/8788/2333 7042/8789/2334 7033/8779/2325
f 7033/8779/2325 7042/8789/2334 7043/8790/2335 7034/8780/2326
f 7034/8780/2326 7043/8790/2335 7044/8791/2336 7035/8781/2327
f 7035/8781/2327 7044/8791/2336 7036/8782/2328 7027/8772/1217
f 7036/8782/2328 7045/8792/2337 7046/8793/2338 7037/8783/2329
f 7037/8783/2329 7046/8793/2338 7047/8794/2339 7038/8784/2330
f 7038/8784/2330 7047/8794/2339 7048/8795/2340 7039/8785/2331
f 7039/8785/2331 7048/8795/2340 7049/8796/2341 7040/8786/2332
f 7040/8787/2332 7049/8797/2341 7050/8798/2342 7041/8788/2333
f 7041/8788/2333 7050/8798/2342 7051/8799/2343 7042/8789/2334
f 7042/8789/2334 7051/8799/2343 7052/8800/2344 7043/8790/2335
f 7043/8790/2335 7052/8800/2344 7053/8801/2345 7044/8791/2336
f 7044/8791/2336 7053/8801/2345 7045/8792/2337 7036/8782/2328
f 7045/8792/2337 7054/8802/1687 7055/8803/2346 7046/8793/2338
f 7046/8793/2338 7055/8803/2346 7056/8804/2347 7047/8794/2339
f 7047/8794/2339 7056/8804/2347 7057/8805/2348 7048/8795/2340
f 7048/8795/2340 7057/8805/2348 7058/8806/2349 7049/8796/2341
f 7049/8797/2341 7058/8807/2349 7059/8808/2350 7050/8798/2342
f 7050/8798/2342 7059/8808/2350 7060/8809/2351 7051/8799/2343
f 7051/8799/2343 7060/8809/2351 7061/8810/2352 7052/8800/2344
f 7052/8800/2344 7061/8810/2352 7062/8811/2353 7053/8801/2345
f 7053/8801/2345 7062/8811/2353 7054/8802/1687 7045/8792/2337
f 7054/8802/1687 7063/8812/2354 7064/8813/2355 7055/8803/2346
f 7055/8803/2346 7064/8813/2355 7065/8814/2356 7056/8804/2347
f 7056/8804/2347 7065/8814/2356 7066/8815/2357 7057/8805/2348
f 7057/8805/2348 7066/8815/2357 7067/8816/2358 7058/8806/2349
f 7058/8807/2349 7067/8817/2358 7068/8818/2359 7059/8808/2350
f 7059/8808/2350 7068/8818/2359 7069/8819/2360 7060/8809/2351
f 7060/8809/2351 7069/8819/2360 7070/8820/2361 7061/8810/2352
f 7061/8810/2352 7070/8820/2361 7071/8821/2362 7062/8811/2353
f 7062/8811/2353 7071/8821/2362 7063/8812/2354 7054/8802/1687
f 7063/8812/2354 7072/8822/2363 7073/8823/2364 7064/8813/2355
f 7064/8813/2355 7073/8823/2364 7074/8824/2365 7065/8814/2356
f 7065/8814/2356 7074/8824/2365 7075/8825/2366 7066/8815/2357
f 7066/8815/2357 7075/8825/2366 7076/8826/2367 7067/8816/2358
f 7067/8817/2358 7076/8827/2367 7077/8828/2368 7068/8818/2359
f 7068/8818/2359 7077/8828/2368 7078/8829/2369 7069/8819/2360
f 7069/8819/2360 7078/8829/2369 7079/8830/2370 7070/8820/2361
f 7070/8820/2361 7079/8830/2370 7080/8831/2371 7071/8821/2362
f 7071/8821/2362 7080/8831/2371 7072/8822/2363 7063/8812/2354
f 7072/8822/2363 6919/8642/532 6920/8643/2218 7073/8823/2364
f 7073/8823/2364 6920/8643/2218 6921/8644/2220 7074/8824/2365
f 7074/8824/2365 6921/8644/2220 6922/8645/2222 7075/8825/2366
f 7075/8825/2366 6922/8645/2222 6923/8646/2224 7076/8826/2367
f 7076/8827/2367 6923/8647/2224 6924/8648/2226 7077/8828/2368
f 7077/8828/2368 6924/8648/2226 6925/8649/2228 7078/8829/2369
f 7078/8829/2369 6925/8649/2228 6926/8650/2230 7079/8830/2370
f 7079/8830/2370 6926/8650/2230 6927/8651/2232 7080/8831/2371
f 7080/8831/2371 6927/8651/2232 6919/8642/532 7072/8822/2363
f 7081/8832/532 7090/8842/2216 7091/8843/2217 7082/8833/2218
f 7082/8833/2218 7091/8843/2217 7092/8844/2219 7083/8834/2220
f 7083/8834/2220 7092/8844/2219 7093/8845/2221 7084/8835/2222
f 7084/8835/2222 7093/8845/2221 7094/8846/2223 7085/8836/2224
f 7085/8837/2224 7094/8847/2223 7095/8848/2225 7086/8838/2226
f 7086/8838/2226 7095/8848/2225 7096/8849/2372 7087/8839/2228
f 7087/8839/2228 7096/8849/2372 7097/8850/2229 7088/8840/2230
f 7088/8840/2230 7097/8850/2229 7098/8851/2231 7089/8841/2383
f 7089/8841/2383 7098/8851/2231 7090/8842/2216 7081/8832/532
f 7090/8842/2216 7099/8852/2233 7100/8853/2234 7091/8843/2217
f 7091/8843/2217 7100/8853/2234 7101/8854/2235 7092/8844/2219
f 7092/8844/2219 7101/8854/2235 7102/8855/2236 7093/8845/2221
f 7093/8845/2221 7102/8855/2236 7103/8856/2237 7094/8846/2223
f 7094/8847/2223 7103/8857/2237 7104/8858/2238 7095/8848/2225
f 7095/8848/2225 7104/8858/2238 7105/8859/2239 7096/8849/2372
f 7096/8849/2372 7105/8859/2239 7106/8860/2240 7097/8850/2229
f 7097/8850/2229 7106/8860/2240 7107/8861/2241 7098/8851/2231
f 7098/8851/2231 7107/8861/2241 7099/8852/2233 7090/8842/2216
f 7099/8852/2233 7108/8862/1190 7109/8863/2242 7100/8853/2234
f 7100/8853/2234 7109/8863/2242 7110/8864/2243 7101/8854/2235
f 7101/8854/2235 7110/8864/2243 7111/8865/2244 7102/8855/2236
f 7102/8855/2236 7111/8865/2244 7112/8866/2245 7103/8856/2237
f 7103/8857/2237 7112/8867/2245 7113/8868/2246 7104/8858/2238
f 7104/8858/2238 7113/8868/2246 7114/8869/2247 7105/8859/2239
f 7105/8859/2239 7114/8869/2247 7115/8870/2248 7106/8860/2240
f 7106/8860/2240 7115/8870/2248 7116/8871/2375 7107/8861/2241
f 7107/8861/2241 7116/8871/2375 7108/8862/1190 7099/8852/2233
f 7108/8862/1190 7117/8872/2250 7118/8873/2251 7109/8863/2242
f 7109/8863/2242 7118/8873/2251 7119/8874/2252 7110/8864/2243
f 7110/8864/2243 7119/8874/2252 7120/8875/2253 7111/8865/2244
f 7111/8865/2244 7120/8875/2253 7121/8876/2254 7112/8866/2245
f 7112/8867/2245 7121/8877/2254 7122/8878/2255 7113/8868/2246
f 7113/8868/2246 7122/8878/2255 7123/8879/2256 7114/8869/2247
f 7114/8869/2247 7123/8879/2256 7124/8880/2257 7115/8870/2248
f 7115/8870/2248 7124/8880/2257 7125/8881/2258 7116/8871/2375
f 7116/8871/2375 7125/8881/2258 7117/8872/2250 7108/8862/1190
f 7117/8872/2250 7126/8882/2259 7127/8883/2260 7118/8873/2251
f 7118/8873/2251 7127/8883/2260 7128/8884/2261 7119/8874/2252
f 7119/8874/2252 7128/8884/2261 7129/8885/2262 7120/8875/2253
f 7120/8875/2253 7129/8885/2262 7130/8886/2263 7121/8876/2254
f 7121/8877/2254 7130/8887/2263 7131/8888/2264 7122/8878/2255
f 7122/8878/2255 7131/8888/2264 7132/8889/2265 7123/8879/2256
f 7123/8879/2256 7132/8889/2265 7133/8890/2266 7124/8880/2257
f 7124/8880/2257 7133/8890/2266 7134/8891/2267 7125/8881/2258
f 7125/8881/2258 7134/8891/2267 7126/8882/2259 7117/8872/2250
f 7126/8882/2259 7135/8892/1187 7136/8893/2268 7127/8883/2260
f 7127/8883/2260 7136/8893/2268 7137/8894/2269 7128/8884/2261
f 7128/8884/2261 7137/8894/2269 7138/8895/2270 7129/8885/2262
f 7129/8885/2262 7138/8895/2270 7139/8896/2271 7130/8886/2263
f 7130/8887/2263 7139/8897/2271 7140/8898/2272 7131/8888/2264
f 7131/8888/2264 7140/8898/2272 7141/8899/2273 7132/8889/2265
f 7132/8889/2265 7141/8899/2273 7142/8900/2274 7133/8890/2266
f 7133/8890/2266 7142/8900/2274 7143/8901/2275 7134/8891/2267
f 7134/8891/2267 7143/8901/2275 7135/8892/1187 7126/8882/2259
f 7135/8892/1187 7144/8902/2276 7145/8903/2277 7136/8893/2268
f 7136/8893/2268 7145/8903/2277 7146/8904/2278 7137/8894/2269
f 7137/8894/2269 7146/8904/2278 7147/8905/2279 7138/8895/2270
f 7138/8895/2270 7147/8905/2279 7148/8906/2280 7139/8896/2271
f 7139/8897/2271 7148/8907/2280 7149/8908/2281 7140/8898/2272
f 7140/8898/2272 7149/8908/2281 7150/8909/2282 7141/8899/2273
f 7141/8899/2273 7150/8909/2282 7151/8910/2283 7142/8900/2274
f 7142/8900/2274 7151/8910/2283 7152/8911/2284 7143/8901/2275
f 7143/8901/2275 7152/8911/2284 7144/8902/2276 7135/8892/1187
f 7144/8902/2276 7153/8912/2285 7154/8913/2286 7145/8903/2277
f 7145/8903/2277 7154/8913/2286 7155/8914/2287 7146/8904/2278
f 7146/8904/2278 7155/8914/2287 7156/8915/2288 7147/8905/2279
f 7147/8905/2279 7156/8915/2288 7157/8916/2289 7148/8906/2280
f 7148/8907/2280 7157/8917/2289 7158/8918/2290 7149/8908/2281
f 7149/8908/2281 7158/8918/2290 7159/8919/2380 7150/8909/2282
f 7150/8909/2282 7159/8919/2380 7160/8920/2292 7151/8910/2283
f 7151/8910/2283 7160/8920/2292 7161/8921/2293 7152/8911/2284
f 7152/8911/2284 7161/8921/2293 7153/8912/2285 7144/8902/2276
f 7153/8912/2285 7162/8922/517 7163/8924/2294 7154/8913/2286
f 7154/8913/2286 7163/8924/2294 7164/8926/2295 7155/8914/2287
f 7155/8914/2287 7164/8926/2295 7165/8928/2296 7156/8915/2288
f 7156/8915/2288 7165/8928/2296 7166/8930/2297 7157/8916/2289
f 7157/8917/2289 7166/8931/2297 7167/8934/2376 7158/8918/2290
f 7158/8918/2290 7167/8934/2376 7168/8936/2299 7159/8919/2380
f 7159/8919/2380 7168/8936/2299 7169/8938/2300 7160/8920/2292
f 7160/8920/2292 7169/8938/2300 7170/8940/2301 7161/8921/2293
f 7161/8921/2293 7170/8940/2301 7162/8922/517 7153/8912/2285
f 7162/8923/517 7171/8942/2302 7172/8943/2303 7163/8925/2294
f 7163/8925/2294 7172/8943/2303 7173/8944/2304 7164/8927/2295
f 7164/8927/2295 7173/8944/2304 7174/8945/2305 7165/8929/2296
f 7165/8929/2296 7174/8945/2305 7175/8946/2306 7166/8932/2297
f 7166/8933/2297 7175/8947/2306 7176/8948/2307 7167/8935/2376
f 7167/8935/2376 7176/8948/2307 7177/8949/2308 7168/8937/2299
f 7168/8937/2299 7177/8949/2308 7178/8950/2309 7169/8939/2300
f 7169/8939/2300 7178/8950/2309 7179/8951/2310 7170/8941/2301
f 7170/8941/2301 7179/8951/2310 7171/8942/2302 7162/8923/517
f 7171/8942/2302 7180/8952/2311 7181/8953/2312 7172/8943/2303
f 7172/8943/2303 7181/8953/2312 7182/8954/2313 7173/8944/2304
f 7173/8944/2304 7182/8954/2313 7183/8955/2314 7174/8945/2305
f 7174/8945/2305 7183/8955/2314 7184/8956/2315 7175/8946/2306
f 7175/8947/2306 7184/8957/2315 7185/8958/2316 7176/8948/2307
f 7176/8948/2307 7185/8958/2316 7186/8959/2317 7177/8949/2308
f 7177/8949/2308 7186/8959/2317 7187/8960/2318 7178/8950/2309
f 7178/8950/2309 7187/8960/2318 7188/8961/2319 7179/8951/2310
f 7179/8951/2310 7188/8961/2319 7180/8952/2311 7171/8942/2302
f 7180/8952/2311 7189/8962/1217 7190/8963/2320 7181/8953/2312
f 7181/8953/2312 7190/8963/2320 7191/8964/2321 7182/8954/2313
f 7182/8954/2313 7191/8964/2321 7192/8965/2322 7183/8955/2314
f 7183/8955/2314 7192/8965/2322 7193/8966/2323 7184/8956/2315
f 7184/8957/2315 7193/8967/2323 7194/8968/2324 7185/8958/2316
f 7185/8958/2316 7194/8968/2324 7195/8969/2325 7186/8959/2317
f 7186/8959/2317 7195/8969/2325 7196/8970/2326 7187/8960/2318
f 7187/8960/2318 7196/8970/2326 7197/8971/2327 7188/8961/2319
f 7188/8961/2319 7197/8971/2327 7189/8962/1217 7180/8952/2311
f 7189/8962/1217 7198/8972/2328 7199/8973/2329 7190/8963/2320
f 7190/8963/2320 7199/8973/2329 7200/8974/2330 7191/8964/2321
f 7191/8964/2321 7200/8974/2330 7201/8975/2331 7192/8965/2322
f 7192/8965/2322 7201/8975/2331 7202/8976/2332 7193/8966/2323
f 7193/8967/2323 7202/8977/2332 7203/8978/2333 7194/8968/2324
f 7194/8968/2324 7203/8978/2333 7204/8979/2334 7195/8969/2325
f 7195/8969/2325 7204/8979/2334 7205/8980/2335 7196/8970/2326
f 7196/8970/2326 7205/8980/2335 7206/8981/2336 7197/8971/2327
f 7197/8971/2327 7206/8981/2336 7198/8972/2328 7189/8962/1217
f 7198/8972/2328 7207/8982/2337 7208/8983/2338 7199/8973/2329
f 7199/8973/2329 7208/8983/2338 7209/8984/2339 7200/8974/2330
f 7200/8974/2330 7209/8984/2339 7210/8985/2340 7201/8975/2331
f 7201/8975/2331 7210/8985/2340 7211/8986/2341 7202/8976/2332
f 7202/8977/2332 7211/8987/2341 7212/8988/2342 7203/8978/2333
f 7203/8978/2333 7212/8988/2342 7213/8989/2343 7204/8979/2334
f 7204/8979/2334 7213/8989/2343 7214/8990/2344 7205/8980/2335
f 7205/8980/2335 7214/8990/2344 7215/8991/2345 7206/8981/2336
f 7206/8981/2336 7215/8991/2345 7207/8982/2337 7198/8972/2328
f 7207/8982/2337 7216/8992/1687 7217/8993/2378 7208/8983/2338
f 7208/8983/2338 7217/8993/2378 7218/8994/2347 7209/8984/2339
f 7209/8984/2339 7218/8994/2347 7219/8995/2348 7210/8985/2340
f 7210/8985/2340 7219/8995/2348 7220/8996/2349 7211/8986/2341
f 7211/8987/2341 7220/8997/2349 7221/8998/2350 7212/8988/2342
f 7212/8988/2342 7221/8998/2350 7222/8999/2351 7213/8989/2343
f 7213/8989/2343 7222/8999/2351 7223/9000/2352 7214/8990/2344
f 7214/8990/2344 7223/9000/2352 7224/9001/2382 7215/8991/2345
f 7215/8991/2345 7224/9001/2382 7216/8992/1687 7207/8982/2337
f 7216/8992/1687 7225/9002/2354 7226/9003/2355 7217/8993/2378
f 7217/8993/2378 7226/9003/2355 7227/9004/2356 7218/8994/2347
f 7218/8994/2347 7227/9004/2356 7228/9005/2357 7219/8995/2348
f 7219/8995/2348 7228/9005/2357 7229/9006/2358 7220/8996/2349
f 7220/8997/2349 7229/9007/2358 7230/9008/2359 7221/8998/2350
f 7221/8998/2350 7230/9008/2359 7231/9009/2360 7222/8999/2351
f 7222/8999/2351 7231/9009/2360 7232/9010/2361 7223/9000/2352
f 7223/9000/2352 7232/9010/2361 7233/9011/2362 7224/9001/2382
f 7224/9001/2382 7233/9011/2362 7225/9002/2354 7216/8992/1687
f 7225/9002/2354 7234/9012/2363 7235/9013/2364 7226/9003/2355
f 7226/9003/2355 7235/9013/2364 7236/9014/2365 7227/9004/2356
f 7227/9004/2356 7236/9014/2365 7237/9015/2379 7228/9005/2357
f 7228/9005/2357 7237/9015/2379 7238/9016/2367 7229/9006/2358
f 7229/9007/2358 7238/9017/2367 7239/9018/2368 7230/9008/2359
f 7230/9008/2359 7239/9018/2368 7240/9019/2384 7231/9009/2360
f 7231/9009/2360 7240/9019/2384 7241/9020/2370 7232/9010/2361
f 7232/9010/2361 7241/9020/2370 7242/9021/2371 7233/9011/2362
f 7233/9011/2362 7242/9021/2371 7234/9012/2363 7225/9002/2354
f 7234/9012/2363 7081/8832/532 7082/8833/2218 7235/9013/2364
f 7235/9013/2364 7082/8833/2218 7083/8834/2220 7236/9014/2365
f 7236/9014/2365 7083/8834/2220 7084/8835/2222 7237/9015/2379
f 7237/9015/2379 7084/8835/2222 7085/8836/2224 7238/9016/2367
f 7238/9017/2367 7085/8837/2224 7086/8838/2226 7239/9018/2368
f 7239/9018/2368 7086/8838/2226 7087/8839/2228 7240/9019/2384
f 7240/9019/2384 7087/8839/2228 7088/8840/2230 7241/9020/2370
f 7241/9020/2370 7088/8840/2230 7089/8841/2383 7242/9021/2371
f 7242/9021/2371 7089/8841/2383 7081/8832/532 7234/9012/2363
f 7243/9022/532 7252/9032/2216 7253/9033/2217 7244/9023/2218
f 7244/9023/2218 7253/9033/2217 7254/9034/2219 7245/9024/2220
f 7245/9024/2220 7254/9034/2219 7255/9035/2221 7246/9025/2222
f 7246/9025/2222 7255/9035/2221 7256/9036/2223 7247/9026/2224
f 7247/9027/2224 7256/9037/2223 7257/9038/2225 7248/9028/2226
f 7248/9028/2226 7257/9038/2225 7258/9039/2372 7249/9029/2228
f 7249/9029/2228 7258/9039/2372 7259/9040/2229 7250/9030/2230
f 7250/9030/2230 7259/9040/2229 7260/9041/2231 7251/9031/2232
f 7251/9031/2232 7260/9041/2231 7252/9032/2216 7243/9022/532
f 7252/9032/2216 7261/9042/2233 7262/9043/2234 7253/9033/2217
f 7253/9033/2217 7262/9043/2234 7263/9044/2235 7254/9034/2219
f 7254/9034/2219 7263/9044/2235 7264/9045/2236 7255/9035/2221
f 7255/9035/2221 7264/9045/2236 7265/9046/2237 7256/9036/2223
f 7256/9037/2223 7265/9047/2237 7266/9048/2238 7257/9038/2225
f 7257/9038/2225 7266/9048/2238 7267/9049/2239 7258/9039/2372
f 7258/9039/2372 7267/9049/2239 7268/9050/2240 7259/9040/2229
f 7259/9040/2229 7268/9050/2240 7269/9051/2241 7260/9041/2231
f 7260/9041/2231 7269/9051/2241 7261/9042/2233 7252/9032/2216
f 7261/9042/2233 7270/9052/1190 7271/9053/2242 7262/9043/2234
f 7262/9043/2234 7271/9053/2242 7272/9054/2243 7263/9044/2235
f 7263/9044/2235 7272/9054/2243 7273/9055/2244 7264/9045/2236
f 7264/9045/2236 7273/9055/2244 7274/9056/2245 7265/9046/2237
f 7265/9047/2237 7274/9057/2245 7275/9058/2246 7266/9048/2238
f 7266/9048/2238 7275/9058/2246 7276/9059/2247 7267/9049/2239
f 7267/9049/2239 7276/9059/2247 7277/9060/2248 7268/9050/2240
f 7268/9050/2240 7277/9060/2248 7278/9061/2375 7269/9051/2241
f 7269/9051/2241 7278/9061/2375 7270/9052/1190 7261/9042/2233
f 7270/9052/1190 7279/9062/2250 7280/9063/2251 7271/9053/2242
f 7271/9053/2242 7280/9063/2251 7281/9064/2252 7272/9054/2243
f 7272/9054/2243 7281/9064/2252 7282/9065/2253 7273/9055/2244
f 7273/9055/2244 7282/9065/2253 7283/9066/2254 7274/9056/2245
f 7274/9057/2245 7283/9067/2254 7284/9068/2255 7275/9058/2246
f 7275/9058/2246 7284/9068/2255 7285/9069/2256 7276/9059/2247
f 7276/9059/2247 7285/9069/2256 7286/9070/2257 7277/9060/2248
f 7277/9060/2248 7286/9070/2257 7287/9071/2258 7278/9061/2375
f 7278/9061/2375 7287/9071/2258 7279/9062/2250 7270/9052/1190
f 7279/9062/2250 7288/9072/2259 7289/9073/2260 7280/9063/2251
f 7280/9063/2251 7289/9073/2260 7290/9074/2261 7281/9064/2252
f 7281/9064/2252 7290/9074/2261 7291/9075/2262 7282/9065/2253
f 7282/9065/2253 7291/9075/2262 7292/9076/2263 7283/9066/2254
f 7283/9067/2254 7292/9077/2263 7293/9078/2264 7284/9068/2255
f 7284/9068/2255 7293/9078/2264 7294/9079/2265 7285/9069/2256
f 7285/9069/2256 7294/9079/2265 7295/9080/2266 7286/9070/2257
f 7286/9070/2257 7295/9080/2266 7296/9081/2267 7287/9071/2258
f 7287/9071/2258 7296/9081/2267 7288/9072/2259 7279/9062/2250
f 7288/9072/2259 7297/9082/1187 7298/9083/2268 7289/9073/2260
f 7289/9073/2260 7298/9083/2268 7299/9084/2269 7290/9074/2261
f 7290/9074/2261 7299/9084/2269 7300/9085/2270 7291/9075/2262
f 7291/9075/2262 7300/9085/2270 7301/9086/2271 7292/9076/2263
f 7292/9077/2263 7301/9087/2271 7302/9088/2272 7293/9078/2264
f 7293/9078/2264 7302/9088/2272 7303/9089/2273 7294/9079/2265
f 7294/9079/2265 7303/9089/2273 7304/9090/2274 7295/9080/2266
f 7295/9080/2266 7304/9090/2274 7305/9091/2275 7296/9081/2267
f 7296/9081/2267 7305/9091/2275 7297/9082/1187 7288/9072/2259
f 7297/9082/1187 7306/9092/2276 7307/9093/2277 7298/9083/2268
f 7298/9083/2268 7307/9093/2277 7308/9094/2278 7299/9084/2269
f 7299/9084/2269 7308/9094/2278 7309/9095/2279 7300/9085/2270
f 7300/9085/2270 7309/9095/2279 7310/9096/2280 7301/9086/2271
f 7301/9087/2271 7310/9097/2280 7311/9098/2281 7302/9088/2272
f 7302/9088/2272 7311/9098/2281 7312/9099/2282 7303/9089/2273
f 7303/9089/2273 7312/9099/2282 7313/9100/2283 7304/9090/2274
f 7304/9090/2274 7313/9100/2283 7314/9101/2284 7305/9091/2275
f 7305/9091/2275 7314/9101/2284 7306/9092/2276 7297/9082/1187
f 7306/9092/2276 7315/9102/2285 7316/9103/2286 7307/9093/2277
f 7307/9093/2277 7316/9103/2286 7317/9104/2287 7308/9094/2278
f 7308/9094/2278 7317/9104/2287 7318/9105/2288 7309/9095/2279
f 7309/9095/2279 7318/9105/2288 7319/9106/2289 7310/9096/2280
f 7310/9097/2280 7319/9107/2289 7320/9108/2290 7311/9098/2281
f 7311/9098/2281 7320/9108/2290 7321/9109/2380 7312/9099/2282
f 7312/9099/2282 7321/9109/2380 7322/9110/2292 7313/9100/2283
f 7313/9100/2283 7322/9110/2292 7323/9111/2293 7314/9101/2284
f 7314/9101/2284 7323/9111/2293 7315/9102/2285 7306/9092/2276
f 7315/9102/2285 7324/9112/517 7325/9114/2294 7316/9103/2286
f 7316/9103/2286 7325/9114/2294 7326/9116/2295 7317/9104/2287
f 7317/9104/2287 7326/9116/2295 7327/9118/2296 7318/9105/2288
f 7318/9105/2288 7327/9118/2296 7328/9120/2385 7319/9106/2289
f 7319/9107/2289 7328/9121/2385 7329/9124/2376 7320/9108/2290
f 7320/9108/2290 7329/9124/2376 7330/9126/2299 7321/9109/2380
f 7321/9109/2380 7330/9126/2299 7331/9128/2300 7322/9110/2292
f 7322/9110/2292 7331/9128/2300 7332/9130/2301 7323/9111/2293
f 7323/9111/2293 7332/9130/2301 7324/9112/517 7315/9102/2285
f 7324/9113/517 7333/9132/2302 7334/9133/2303 7325/9115/2294
f 7325/9115/2294 7334/9133/2303 7335/9134/2304 7326/9117/2295
f 7326/9117/2295 7335/9134/2304 7336/9135/2305 7327/9119/2296
f 7327/9119/2296 7336/9135/2305 7337/9136/2306 7328/9122/2385
f 7328/9123/2385 7337/9137/2306 7338/9138/2307 7329/9125/2376
f 7329/9125/2376 7338/9138/2307 7339/9139/2308 7330/9127/2299
f 7330/9127/2299 7339/9139/2308 7340/9140/2309 7331/9129/2300
f 7331/9129/2300 7340/9140/2309 7341/9141/2310 7332/9131/2301
f 7332/9131/2301 7341/9141/2310 7333/9132/2302 7324/9113/517
f 7333/9132/2302 7342/9142/2311 7343/9143/2312 7334/9133/2303
f 7334/9133/2303 7343/9143/2312 7344/9144/2313 7335/9134/2304
f 7335/9134/2304 7344/9144/2313 7345/9145/2314 7336/9135/2305
f 7336/9135/2305 7345/9145/2314 7346/9146/2315 7337/9136/2306
f 7337/9137/2306 7346/9147/2315 7347/9148/2316 7338/9138/2307
f 7338/9138/2307 7347/9148/2316 7348/9149/2317 7339/9139/2308
f 7339/9139/2308 7348/9149/2317 7349/9150/2318 7340/9140/2309
f 7340/9140/2309 7349/9150/2318 7350/9151/2319 7341/9141/2310
f 7341/9141/2310 7350/9151/2319 7342/9142/2311 7333/9132/2302
f 7342/9142/2311 7351/9152/1217 7352/9153/2320 7343/9143/2312
f 7343/9143/2312 7352/9153/2320 7353/9154/2321 7344/9144/2313
f 7344/9144/2313 7353/9154/2321 7354/9155/2322 7345/9145/2314
f 7345/9145/2314 7354/9155/2322 7355/9156/2323 7346/9146/2315
f 7346/9147/2315 7355/9157/2323 7356/9158/2324 7347/9148/2316
f 7347/9148/2316 7356/9158/2324 7357/9159/2325 7348/9149/2317
f 7348/9149/2317 7357/9159/2325 7358/9160/2326 7349/9150/2318
f 7349/9150/2318 7358/9160/2326 7359/9161/2327 7350/9151/2319
f 7350/9151/2319 7359/9161/2327 7351/9152/1217 7342/9142/2311
f 7351/9152/1217 7360/9162/2328 7361/9163/2329 7352/9153/2320
f 7352/9153/2320 7361/9163/2329 7362/9164/2330 7353/9154/2321
f 7353/9154/2321 7362/9164/2330 7363/9165/2331 7354/9155/2322
f 7354/9155/2322 7363/9165/2331 7364/9166/2332 7355/9156/2323
f 7355/9157/2323 7364/9167/2332 7365/9168/2333 7356/9158/2324
f 7356/9158/2324 7365/9168/2333 7366/9169/2334 7357/9159/2325
f 7357/9159/2325 7366/9169/2334 7367/9170/2335 7358/9160/2326
f 7358/9160/2326 7367/9170/2335 7368/9171/2336 7359/9161/2327
f 7359/9161/2327 7368/9171/2336 7360/9162/2328 7351/9152/1217
f 7360/9162/2328 7369/9172/2337 7370/9173/2338 7361/9163/2329
f 7361/9163/2329 7370/9173/2338 7371/9174/2339 7362/9164/2330
f 7362/9164/2330 7371/9174/2339 7372/9175/2340 7363/9165/2331
f 7363/9165/2331 7372/9175/2340 7373/9176/2341 7364/9166/2332
f 7364/9167/2332 7373/9177/2341 7374/9178/2342 7365/9168/2333
f 7365/9168/2333 7374/9178/2342 7375/9179/2343 7366/9169/2334
f 7366/9169/2334 7375/9179/2343 7376/9180/2344 7367/9170/2335
f 7367/9170/2335 7376/9180/2344 7377/9181/2345 7368/9171/2336
f 7368/9171/2336 7377/9181/2345 7369/9172/2337 7360/9162/2328
f 7369/9172/2337 7378/9182/1687 7379/9183/2378 7370/9173/2338
f 7370/9173/2338 7379/9183/2378 7380/9184/2347 7371/9174/2339
f 7371/9174/2339 7380/9184/2347 7381/9185/2348 7372/9175/2340
f 7372/9175/2340 7381/9185/2348 7382/9186/2349 7373/9176/2341
f 7373/9177/2341 7382/9187/2349 7383/9188/2350 7374/9178/2342
f 7374/9178/2342 7383/9188/2350 7384/9189/2351 7375/9179/2343
f 7375/9179/2343 7384/9189/2351 7385/9190/2352 7376/9180/2344
f 7376/9180/2344 7385/9190/2352 7386/9191/2353 7377/9181/2345
f 7377/9181/2345 7386/9191/2353 7378/9182/1687 7369/9172/2337
f 7378/9182/1687 7387/9192/2354 7388/9193/2355 7379/9183/2378
f 7379/9183/2378 7388/9193/2355 7389/9194/2356 7380/9184/2347
f 7380/9184/2347 7389/9194/2356 7390/9195/2357 7381/9185/2348
f 7381/9185/2348 7390/9195/2357 7391/9196/2358 7382/9186/2349
f 7382/9187/2349 7391/9197/2358 7392/9198/2359 7383/9188/2350
f 7383/9188/2350 7392/9198/2359 7393/9199/2360 7384/9189/2351
f 7384/9189/2351 7393/9199/2360 7394/9200/2361 7385/9190/2352
f 7385/9190/2352 7394/9200/2361 7395/9201/2362 7386/9191/2353
f 7386/9191/2353 7395/9201/2362 7387/9192/2354 7378/9182/1687
f 7387/9192/2354 7396/9202/2363 7397/9203/2364 7388/9193/2355
f 7388/9193/2355 7397/9203/2364 7398/9204/2365 7389/9194/2356
f 7389/9194/2356 7398/9204/2365 7399/9205/2379 7390/9195/2357
f 7390/9195/2357 7399/9205/2379 7400/9206/2367 7391/9196/2358
f 7391/9197/2358 7400/9207/2367 7401/9208/2368 7392/9198/2359
f 7392/9198/2359 7401/9208/2368 7402/9209/2369 7393/9199/2360
f 7393/9199/2360 7402/9209/2369 7403/9210/2370 7394/9200/2361
f 7394/9200/2361 7403/9210/2370 7404/9211/2371 7395/9201/2362
f 7395/9201/2362 7404/9211/2371 7396/9202/2363 7387/9192/2354
f 7396/9202/2363 7243/9022/532 7244/9023/2218 7397/9203/2364
f 7397/9203/2364 7244/9023/2218 7245/9024/2220 7398/9204/2365
f 7398/9204/2365 7245/9024/2220 7246/9025/2222 7399/9205/2379
f 7399/9205/2379 7246/9025/2222 7247/9026/2224 7400/9206/2367
f 7400/9207/2367 7247/9027/2224 7248/9028/2226 7401/9208/2368
f 7401/9208/2368 7248/9028/2226 7249/9029/2228 7402/9209/2369
f 7402/9209/2369 7249/9029/2228 7250/9030/2230 7403/9210/2370
f 7403/9210/2370 7250/9030/2230 7251/9031/2232 7404/9211/2371
f 7404/9211/2371 7251/9031/2232 7243/9022/532 7396/9202/2363
f 7511/9318/3 7512/9319/3 7515/9322/3 7514/9321/3
f 7512/9319/3 7513/9320/3 7516/9323/3 7515/9322/3
f 7514/9321/3 7515/9322/3 7518/9325/3 7517/9324/3
f 7515/9322/3 7516/9323/3 7519/9326/3 7518/9325/3
f 7414/9221/2 7456/9263/2 7511/9318/3 7460/9267/3
f 7456/9263/2 7455/9262/2 7512/9319/3 7511/9318/3
f 7455/9262/2 7454/9261/2 7513/9320/3 7512/9319/3
f 7454/9261/2 7408/9215/2386 7424/9231/2387 7513/9320/3
f 7513/9320/3 7424/9231/2387 7425/9232/2388 7516/9323/3
f 7516/9323/3 7425/9232/2388 7426/9233/2389 7519/9326/3
f 7519/9326/3 7426/9233/2389 7406/9213/2390 7451/9258/3
f 7518/9325/3 7519/9326/3 7451/9258/3 7452/9259/3
f 7517/9324/3 7518/9325/3 7452/9259/3 7453/9260/3
f 7462/9269/3 7517/9324/3 7453/9260/3 7416/9223/3
f 7461/9268/3 7514/9321/3 7517/9324/3 7462/9269/3
f 7460/9267/3 7511/9318/3 7514/9321/3 7461/9268/3
f 7520/9327/3 7521/9328/3 7524/9331/3 7523/9330/3
f 7521/9328/3 7522/9329/3 7525/9332/3 7524/9331/3
f 7523/9330/3 7524/9331/3 7527/9334/3 7526/9333/3
f 7524/9331/3 7525/9332/3 7528/9335/3 7527/9334/3
f 7407/9214/2391 7435/9242/2 7520/9327/3 7432/9239/2392
f 7435/9242/2 7434/9241/2 7521/9328/3 7520/9327/3
f 7434/9241/2 7433/9240/2 7522/9329/3 7521/9328/3
f 7433/9240/2 7414/9221/2 7460/9267/3 7522/9329/3
f 7522/9329/3 7460/9267/3 7461/9268/3 7525/9332/3
f 7525/9332/3 7461/9268/3 7462/9269/3 7528/9335/3
f 7528/9335/3 7462/9269/3 7416/9223/3 7427/9234/3
f 7527/9334/3 7528/9335/3 7427/9234/3 7428/9235/3
f 7526/9333/3 7527/9334/3 7428/9235/3 7429/9236/3
f 7430/9237/2393 7526/9333/3 7429/9236/3 7405/9212/2394
f 7431/9238/2395 7523/9330/3 7526/9333/3 7430/9237/2393
f 7432/9239/2392 7520/9327/3 7523/9330/3 7431/9238/2395
f 7529/9336/3 7530/9337/3 7533/9340/3 7532/9339/3
f 7530/9337/3 7531/9338/3 7534/9341/3 7533/9340/3
f 7532/9339/3 7533/9340/3 7536/9343/3 7535/9342/3
f 7533/9340/3 7534/9341/3 7537/9344/3 7536/9343/3
f 7413/9220/2396 7463/9270/2397 7529/9336/3 7489/9296/3
f 7463/9270/2397 7464/9271/2398 7530/9337/3 7529/9336/3
f 7464/9271/2398 7465/9272/2399 7531/9338/3 7530/9337/3
f 7465/9272/2399 7418/9225/2400 7490/9297/3 7531/9338/3
f 7531/9338/3 7490/9297/3 7491/9298/3 7534/9341/3
f 7534/9341/3 7491/9298/3 7492/9299/3 7537/9344/3
f 7537/9344/3 7492/9299/3 7405/9212/2394 7429/9236/3
f 7536/9343/3 7537/9344/3 7429/9236/3 7428/9235/3
f 7535/9342/3 7536/9343/3 7428/9235/3 7427/9234/3
f 7487/9294/3 7535/9342/3 7427/9234/3 7416/9223/3
f 7488/9295/3 7532/9339/3 7535/9342/3 7487/9294/3
f 7489/9296/3 7529/9336/3 7532/9339/3 7488/9295/3
f 7538/9345/3 7539/9346/3 7542/9349/3 7541/9348/3
f 7539/9346/3 7540/9347/3 7543/9350/3 7542/9349/3
f 7541/9348/3 7542/9349/3 7545/9352/3 7544/9351/3
f 7542/9349/3 7543/9350/3 7546/9353/3 7545/9352/3
f 7418/9225/2400 7438/9245/2401 7538/9345/3 7490/9297/3
f 7438/9245/2401 7437/9244/2402 7539/9346/3 7538/9345/3
f 7437/9244/2402 7436/9243/2403 7540/9347/3 7539/9346/3
f 7436/9243/2403 7417/9224/2404 7493/9300/3 7540/9347/3
f 7540/9347/3 7493/9300/3 7494/9301/3 7543/9350/3
f 7543/9350/3 7494/9301/3 7495/9302/3 7546/9353/3
f 7546/9353/3 7495/9302/3 7409/9216/2405 7466/9273/2406
f 7545/9352/3 7546/9353/3 7466/9273/2406 7467/9274/2407
f 7544/9351/3 7545/9352/3 7467/9274/2407 7468/9275/2408
f 7492/9299/3 7544/9351/3 7468/9275/2408 7405/9212/2394
f 7491/9298/3 7541/9348/3 7544/9351/3 7492/9299/3
f 7490/9297/3 7538/9345/3 7541/9348/3 7491/9298/3
f 7547/9354/3 7548/9355/3 7551/9358/3 7550/9357/3
f 7548/9355/3 7549/9356/3 7552/9359/3 7551/9358/3
f 7550/9357/3 7551/9358/3 7554/9361/3 7553/9360/3
f 7551/9358/3 7552/9359/3 7555/9362/3 7554/9361/3
f 7419/9226/2409 7441/9248/2410 7547/9354/3 7498/9305/3
f 7441/9248/2410 7440/9247/2411 7548/9355/3 7547/9354/3
f 7440/9247/2411 7439/9246/2412 7549/9356/3 7548/9355/3
f 7439/9246/2412 7420/9227/2413 7499/9306/3 7549/9356/3
f 7549/9356/3 7499/9306/3 7500/9307/3 7552/9359/3
f 7552/9359/3 7500/9307/3 7501/9308/3 7555/9362/3
f 7555/9362/3 7501/9308/3 7406/9213/2390 7469/9276/2414
f 7554/9361/3 7555/9362/3 7469/9276/2414 7470/9277/2415
f 7553/9360/3 7554/9361/3 7470/9277/2415 7471/9278/2416
f 7496/9303/3 7553/9360/3 7471/9278/2416 7410/9217/2417
f 7497/9304/3 7550/9357/3 7553/9360/3 7496/9303/3
f 7498/9305/3 7547/9354/3 7550/9357/3 7497/9304/3
f 7556/9363/2418 7557/9364/2418 7560/9367/3 7559/9366/3
f 7557/9364/2418 7558/9365/2418 7561/9368/3 7560/9367/3
f 7559/9366/3 7560/9367/3 7563/9370/3 7562/9369/3
f 7560/9367/3 7561/9368/3 7564/9371/3 7563/9370/3
f 7422/9229/2419 7444/9251/2420 7556/9363/2418 7504/9311/3
f 7444/9251/2420 7443/9250/2421 7557/9364/2418 7556/9363/2418
f 7443/9250/2421 7442/9249/2422 7558/9365/2418 7557/9364/2418
f 7442/9249/2422 7421/9228/2423 7505/9312/3 7558/9365/2418
f 7558/9365/2418 7505/9312/3 7506/9313/3 7561/9368/3
f 7561/9368/3 7506/9313/3 7507/9314/3 7564/9371/3
f 7564/9371/3 7507/9314/3 7415/9222/2424 7472/9279/2425
f 7563/9370/3 7564/9371/3 7472/9279/2425 7473/9280/2426
f 7562/9369/3 7563/9370/3 7473/9280/2426 7474/9281/2427
f 7502/9309/3 7562/9369/3 7474/9281/2427 7411/9218/2428
f 7503/9310/2418 7559/9366/3 7562/9369/3 7502/9309/3
f 7504/9311/3 7556/9363/2418 7559/9366/3 7503/9310/2418
f 7565/9372/3 7566/9373/3 7569/9376/3 7568/9375/3
f 7566/9373/3 7567/9374/3 7570/9377/3 7569/9376/3
f 7568/9375/3 7569/9376/3 7572/9379/3 7571/9378/3
f 7569/9376/3 7570/9377/3 7573/9380/3 7572/9379/3
f 7417/9224/2404 7447/9254/2429 7565/9372/3 7493/9300/3
f 7447/9254/2429 7446/9253/2430 7566/9373/3 7565/9372/3
f 7446/9253/2430 7445/9252/2431 7567/9374/3 7566/9373/3
f 7445/9252/2431 7422/9229/2419 7504/9311/3 7567/9374/3
f 7567/9374/3 7504/9311/3 7503/9310/2418 7570/9377/3
f 7570/9377/3 7503/9310/2418 7502/9309/3 7573/9380/3
f 7573/9380/3 7502/9309/3 7411/9218/2428 7475/9282/2432
f 7572/9379/3 7573/9380/3 7475/9282/2432 7476/9283/2433
f 7571/9378/3 7572/9379/3 7476/9283/2433 7477/9284/2434
f 7495/9302/3 7571/9378/3 7477/9284/2434 7409/9216/2405
f 7494/9301/3 7568/9375/3 7571/9378/3 7495/9302/3
f 7493/9300/3 7565/9372/3 7568/9375/3 7494/9301/3
f 7574/9381/3 7575/9382/3 7578/9385/3 7577/9384/3
f 7575/9382/3 7576/9383/3 7579/9386/3 7578/9385/3
f 7577/9384/3 7578/9385/3 7581/9388/3 7580/9387/3
f 7578/9385/3 7579/9386/3 7582/9389/3 7581/9388/3
f 7423/9230/2435 7450/9257/2436 7574/9381/3 7510/9317/3
f 7450/9257/2436 7449/9256/2437 7575/9382/3 7574/9381/3
f 7449/9256/2437 7448/9255/2438 7576/9383/3 7575/9382/3
f 7448/9255/2438 7419/9226/2409 7498/9305/3 7576/9383/3
f 7576/9383/3 7498/9305/3 7497/9304/3 7579/9386/3
f 7579/9386/3 7497/9304/3 7496/9303/3 7582/9389/3
f 7582/9389/3 7496/9303/3 7410/9217/2417 7478/9285/2439
f 7581/9388/3 7582/9389/3 7478/9285/2439 7479/9286/2440
f 7580/9387/3 7581/9388/3 7479/9286/2440 7480/9287/2441
f 7508/9315/3 7580/9387/3 7480/9287/2441 7412/9219/2442
f 7509/9316/3 7577/9384/3 7580/9387/3 7508/9315/3
f 7510/9317/3 7574/9381/3 7577/9384/3 7509/9316/3
f 7583/9390/3 7584/9391/3 7587/9394/3 7586/9393/3
f 7584/9391/3 7585/9392/3 7588/9395/3 7587/9394/3
f 7586/9393/3 7587/9394/3 7590/9397/3 7589/9396/3
f 7587/9394/3 7588/9395/3 7591/9398/3 7590/9397/3
f 7420/9227/2413 7481/9288/2443 7583/9390/3 7499/9306/3
f 7481/9288/2443 7482/9289/2444 7584/9391/3 7583/9390/3
f 7482/9289/2444 7483/9290/2445 7585/9392/3 7584/9391/3
f 7483/9290/2445 7413/9220/2396 7489/9296/3 7585/9392/3
f 7585/9392/3 7489/9296/3 7488/9295/3 7588/9395/3
f 7588/9395/3 7488/9295/3 7487/9294/3 7591/9398/3
f 7591/9398/3 7487/9294/3 7416/9223/3 7453/9260/3
f 7590/9397/3 7591/9398/3 7453/9260/3 7452/9259/3
f 7589/9396/3 7590/9397/3 7452/9259/3 7451/9258/3
f 7501/9308/3 7589/9396/3 7451/9258/3 7406/9213/2390
f 7500/9307/3 7586/9393/3 7589/9396/3 7501/9308/3
f 7499/9306/3 7583/9390/3 7586/9393/3 7500/9307/3
f 7592/9399/3 7593/9400/3 7596/9403/3 7595/9402/3
f 7593/9400/3 7594/9401/3 7597/9404/3 7596/9403/3
f 7595/9402/3 7596/9403/3 7599/9406/3 7598/9405/3
f 7596/9403/3 7597/9404/3 7600/9407/3 7599/9406/3
f 7421/9228/2423 7459/9266/2446 7592/9399/3 7505/9312/3
f 7459/9266/2446 7458/9265/2447 7593/9400/3 7592/9399/3
f 7458/9265/2447 7457/9264/2448 7594/9401/3 7593/9400/3
f 7457/9264/2448 7423/9230/2435 7510/9317/3 7594/9401/3
f 7594/9401/3 7510/9317/3 7509/9316/3 7597/9404/3
f 7597/9404/3 7509/9316/3 7508/9315/3 7600/9407/3
f 7600/9407/3 7508/9315/3 7412/9219/2442 7484/9291/2449
f 7599/9406/3 7600/9407/3 7484/9291/2449 7485/9292/2450
f 7598/9405/3 7599/9406/3 7485/9292/2450 7486/9293/2451
f 7507/9314/3 7598/9405/3 7486/9293/2451 7415/9222/2424
f 7506/9313/3 7595/9402/3 7598/9405/3 7507/9314/3
f 7505/9312/3 7592/9399/3 7595/9402/3 7506/9313/3
f 7707/9514/7 7710/9517/7 7711/9518/7 7708/9515/7
f 7708/9515/7 7711/9518/7 7712/9519/7 7709/9516/7
f 7710/9517/7 7713/9520/7 7714/9521/7 7711/9518/7
f 7711/9518/7 7714/9521/7 7715/9522/7 7712/9519/7
f 7610/9417/8 7656/9463/7 7707/9514/7 7652/9459/8
f 7652/9459/8 7707/9514/7 7708/9515/7 7651/9458/8
f 7651/9458/8 7708/9515/7 7709/9516/7 7650/9457/8
f 7650/9457/8 7709/9516/7 7620/9427/2452 7604/9411/2453
f 7709/9516/7 7712/9519/7 7621/9428/2454 7620/9427/2452
f 7712/9519/7 7715/9522/7 7622/9429/2455 7621/9428/2454
f 7715/9522/7 7647/9454/7 7602/9409/2456 7622/9429/2455
f 7714/9521/7 7648/9455/7 7647/9454/7 7715/9522/7
f 7713/9520/7 7649/9456/7 7648/9455/7 7714/9521/7
f 7658/9465/7 7612/9419/7 7649/9456/7 7713/9520/7
f 7657/9464/7 7658/9465/7 7713/9520/7 7710/9517/7
f 7656/9463/7 7657/9464/7 7710/9517/7 7707/9514/7
f 7716/9523/7 7719/9526/7 7720/9527/7 7717/9524/7
f 7717/9524/7 7720/9527/7 7721/9528/7 7718/9525/7
f 7719/9526/7 7722/9529/7 7723/9530/7 7720/9527/7
f 7720/9527/7 7723/9530/7 7724/9531/7 7721/9528/7
f 7603/9410/2457 7628/9435/2458 7716/9523/7 7631/9438/8
f 7631/9438/8 7716/9523/7 7717/9524/7 7630/9437/8
f 7630/9437/8 7717/9524/7 7718/9525/7 7629/9436/8
f 7629/9436/8 7718/9525/7 7656/9463/7 7610/9417/8
f 7718/9525/7 7721/9528/7 7657/9464/7 7656/9463/7
f 7721/9528/7 7724/9531/7 7658/9465/7 7657/9464/7
f 7724/9531/7 7623/9430/7 7612/9419/7 7658/9465/7
f 7723/9530/7 7624/9431/7 7623/9430/7 7724/9531/7
f 7722/9529/7 7625/9432/7 7624/9431/7 7723/9530/7
f 7626/9433/2459 7601/9408/2460 7625/9432/7 7722/9529/7
f 7627/9434/2461 7626/9433/2459 7722/9529/7 7719/9526/7
f 7628/9435/2458 7627/9434/2461 7719/9526/7 7716/9523/7
f 7725/9532/7 7728/9535/7 7729/9536/7 7726/9533/7
f 7726/9533/7 7729/9536/7 7730/9537/7 7727/9534/7
f 7728/9535/7 7731/9538/7 7732/9539/7 7729/9536/7
f 7729/9536/7 7732/9539/7 7733/9540/7 7730/9537/7
f 7609/9416/2462 7685/9492/7 7725/9532/7 7659/9466/2463
f 7659/9466/2463 7725/9532/7 7726/9533/7 7660/9467/2464
f 7660/9467/2464 7726/9533/7 7727/9534/7 7661/9468/2465
f 7661/9468/2465 7727/9534/7 7686/9493/7 7614/9421/2466
f 7727/9534/7 7730/9537/7 7687/9494/7 7686/9493/7
f 7730/9537/7 7733/9540/7 7688/9495/7 7687/9494/7
f 7733/9540/7 7625/9432/7 7601/9408/2460 7688/9495/7
f 7732/9539/7 7624/9431/7 7625/9432/7 7733/9540/7
f 7731/9538/7 7623/9430/7 7624/9431/7 7732/9539/7
f 7683/9490/7 7612/9419/7 7623/9430/7 7731/9538/7
f 7684/9491/7 7683/9490/7 7731/9538/7 7728/9535/7
f 7685/9492/7 7684/9491/7 7728/9535/7 7725/9532/7
f 7734/9541/7 7737/9544/7 7738/9545/7 7735/9542/7
f 7735/9542/7 7738/9545/7 7739/9546/7 7736/9543/7
f 7737/9544/7 7740/9547/7 7741/9548/7 7738/9545/7
f 7738/9545/7 7741/9548/7 7742/9549/7 7739/9546/7
f 7614/9421/2466 7686/9493/7 7734/9541/7 7634/9441/2467
f 7634/9441/2467 7734/9541/7 7735/9542/7 7633/9440/2468
f 7633/9440/2468 7735/9542/7 7736/9543/7 7632/9439/2469
f 7632/9439/2469 7736/9543/7 7689/9496/7 7613/9420/2470
f 7736/9543/7 7739/9546/7 7690/9497/7 7689/9496/7
f 7739/9546/7 7742/9549/7 7691/9498/7 7690/9497/7
f 7742/9549/7 7662/9469/2471 7605/9412/2472 7691/9498/7
f 7741/9548/7 7663/9470/2473 7662/9469/2471 7742/9549/7
f 7740/9547/7 7664/9471/2474 7663/9470/2473 7741/9548/7
f 7688/9495/7 7601/9408/2460 7664/9471/2474 7740/9547/7
f 7687/9494/7 7688/9495/7 7740/9547/7 7737/9544/7
f 7686/9493/7 7687/9494/7 7737/9544/7 7734/9541/7
f 7743/9550/7 7746/9553/7 7747/9554/7 7744/9551/7
f 7744/9551/7 7747/9554/7 7748/9555/7 7745/9552/7
f 7746/9553/7 7749/9556/7 7750/9557/7 7747/9554/7
f 7747/9554/7 7750/9557/7 7751/9558/7 7748/9555/7
f 7615/9422/2475 7694/9501/7 7743/9550/7 7637/9444/2476
f 7637/9444/2476 7743/9550/7 7744/9551/7 7636/9443/2477
f 7636/9443/2477 7744/9551/7 7745/9552/7 7635/9442/2478
f 7635/9442/2478 7745/9552/7 7695/9502/7 7616/9423/2479
f 7745/9552/7 7748/9555/7 7696/9503/7 7695/9502/7
f 7748/9555/7 7751/9558/7 7697/9504/7 7696/9503/7
f 7751/9558/7 7665/9472/2480 7602/9409/2456 7697/9504/7
f 7750/9557/7 7666/9473/2481 7665/9472/2480 7751/9558/7
f 7749/9556/7 7667/9474/2482 7666/9473/2481 7750/9557/7
f 7692/9499/7 7606/9413/2483 7667/9474/2482 7749/9556/7
f 7693/9500/7 7692/9499/7 7749/9556/7 7746/9553/7
f 7694/9501/7 7693/9500/7 7746/9553/7 7743/9550/7
f 7752/9559/7 7755/9562/7 7756/9563/7 7753/9560/7
f 7753/9560/7 7756/9563/7 7757/9564/7 7754/9561/7
f 7755/9562/7 7758/9565/7 7759/9566/7 7756/9563/7
f 7756/9563/7 7759/9566/7 7760/9567/7 7757/9564/7
f 7618/9425/2484 7700/9507/7 7752/9559/7 7640/9447/2485
f 7640/9447/2485 7752/9559/7 7753/9560/7 7639/9446/2486
f 7639/9446/2486 7753/9560/7 7754/9561/7 7638/9445/2487
f 7638/9445/2487 7754/9561/7 7701/9508/7 7617/9424/2488
f 7754/9561/7 7757/9564/7 7702/9509/7 7701/9508/7
f 7757/9564/7 7760/9567/7 7703/9510/2489 7702/9509/7
f 7760/9567/7 7668/9475/2490 7611/9418/2491 7703/9510/2489
f 7759/9566/7 7669/9476/2492 7668/9475/2490 7760/9567/7
f 7758/9565/7 7670/9477/2493 7669/9476/2492 7759/9566/7
f 7698/9505/7 7607/9414/2494 7670/9477/2493 7758/9565/7
f 7699/9506/7 7698/9505/7 7758/9565/7 7755/9562/7
f 7700/9507/7 7699/9506/7 7755/9562/7 7752/9559/7
f 7761/9568/7 7764/9571/7 7765/9572/7 7762/9569/7
f 7762/9569/7 7765/9572/7 7766/9573/7 7763/9570/7
f 7764/9571/7 7767/9574/7 7768/9575/7 7765/9572/7
f 7765/9572/7 7768/9575/7 7769/9576/7 7766/9573/7
f 7613/9420/2470 7689/9496/7 7761/9568/7 7643/9450/2495
f 7643/9450/2495 7761/9568/7 7762/9569/7 7642/9449/2496
f 7642/9449/2496 7762/9569/7 7763/9570/7 7641/9448/2497
f 7641/9448/2497 7763/9570/7 7700/9507/7 7618/9425/2484
f 7763/9570/7 7766/9573/7 7699/9506/7 7700/9507/7
f 7766/9573/7 7769/9576/7 7698/9505/7 7699/9506/7
f 7769/9576/7 7671/9478/2498 7607/9414/2494 7698/9505/7
f 7768/9575/7 7672/9479/2499 7671/9478/2498 7769/9576/7
f 7767/9574/7 7673/9480/2500 7672/9479/2499 7768/9575/7
f 7691/9498/7 7605/9412/2472 7673/9480/2500 7767/9574/7
f 7690/9497/7 7691/9498/7 7767/9574/7 7764/9571/7
f 7689/9496/7 7690/9497/7 7764/9571/7 7761/9568/7
f 7770/9577/7 7773/9580/7 7774/9581/7 7771/9578/7
f 7771/9578/7 7774/9581/7 7775/9582/7 7772/9579/7
f 7773/9580/7 7776/9583/7 7777/9584/7 7774/9581/7
f 7774/9581/7 7777/9584/7 7778/9585/7 7775/9582/7
f 7619/9426/2501 7706/9513/7 7770/9577/7 7646/9453/2502
f 7646/9453/2502 7770/9577/7 7771/9578/7 7645/9452/2503
f 7645/9452/2503 7771/9578/7 7772/9579/7 7644/9451/2504
f 7644/9451/2504 7772/9579/7 7694/9501/7 7615/9422/2475
f 7772/9579/7 7775/9582/7 7693/9500/7 7694/9501/7
f 7775/9582/7 7778/9585/7 7692/9499/7 7693/9500/7
f 7778/9585/7 7674/9481/2505 7606/9413/2483 7692/9499/7
f 7777/9584/7 7675/9482/2506 7674/9481/2505 7778/9585/7
f 7776/9583/7 7676/9483/2507 7675/9482/2506 7777/9584/7
f 7704/9511/7 7608/9415/2508 7676/9483/2507 7776/9583/7
f 7705/9512/7 7704/9511/7 7776/9583/7 7773/9580/7
f 7706/9513/7 7705/9512/7 7773/9580/7 7770/9577/7
f 7779/9586/7 7782/9589/7 7783/9590/7 7780/9587/7
f 7780/9587/7 7783/9590/7 7784/9591/7 7781/9588/7
f 7782/9589/7 7785/9592/7 7786/9593/7 7783/9590/7
f 7783/9590/7 7786/9593/7 7787/9594/7 7784/9591/7
f 7616/9423/2479 7695/9502/7 7779/9586/7 7677/9484/2509
f 7677/9484/2509 7779/9586/7 7780/9587/7 7678/9485/2510
f 7678/9485/2510 7780/9587/7 7781/9588/7 7679/9486/2511
f 7679/9486/2511 7781/9588/7 7685/9492/7 7609/9416/2462
f 7781/9588/7 7784/9591/7 7684/9491/7 7685/9492/7
f 7784/9591/7 7787/9594/7 7683/9490/7 7684/9491/7
f 7787/9594/7 7649/9456/7 7612/9419/7 7683/9490/7
f 7786/9593/7 7648/9455/7 7649/9456/7 7787/9594/7
f 7785/9592/7 7647/9454/7 7648/9455/7 7786/9593/7
f 7697/9504/7 7602/9409/2456 7647/9454/7 7785/9592/7
f 7696/9503/7 7697/9504/7 7785/9592/7 7782/9589/7
f 7695/9502/7 7696/9503/7 7782/9589/7 7779/9586/7
f 7788/9595/7 7791/9598/7 7792/9599/7 7789/9596/7
f 7789/9596/7 7792/9599/7 7793/9600/7 7790/9597/7
f 7791/9598/7 7794/9601/7 7795/9602/7 7792/9599/7
f 7792/9599/7 7795/9602/7 7796/9603/7 7793/9600/7
f 7617/9424/2488 7701/9508/7 7788/9595/7 7655/9462/2512
f 7655/9462/2512 7788/9595/7 7789/9596/7 7654/9461/2513
f 7654/9461/2513 7789/9596/7 7790/9597/7 7653/9460/2514
f 7653/9460/2514 7790/9597/7 7706/9513/7 7619/9426/2501
f 7790/9597/7 7793/9600/7 7705/9512/7 7706/9513/7
f 7793/9600/7 7796/9603/7 7704/9511/7 7705/9512/7
f 7796/9603/7 7680/9487/2515 7608/9415/2508 7704/9511/7
f 7795/9602/7 7681/9488/2516 7680/9487/2515 7796/9603/7
f 7794/9601/7 7682/9489/2517 7681/9488/2516 7795/9602/7
f 7703/9510/2489 7611/9418/2491 7682/9489/2517 7794/9601/7
f 7702/9509/7 7703/9510/2489 7794/9601/7 7791/9598/7
f 7701/9508/7 7702/9509/7 7791/9598/7 7788/9595/7
f 7424/9231/2387 7408/9215/2386 7604/9411/2453 7620/9427/2452
f 7425/9232/2388 7424/9231/2387 7620/9427/2452 7621/9428/2454
f 7426/9233/2389 7425/9232/2388 7621/9428/2454 7622/9429/2455
f 7406/9213/2390 7426/9233/2389 7622/9429/2455 7602/9409/2456
f 7430/9237/2393 7405/9212/2394 7601/9408/2460 7626/9433/2459
f 7431/9238/2395 7430/9237/2393 7626/9433/2459 7627/9434/2461
f 7432/9239/2392 7431/9238/2395 7627/9434/2461 7628/9435/2458
f 7407/9214/2391 7432/9239/2392 7628/9435/2458 7603/9410/2457
f 7414/9221/2 7433/9240/2 7629/9436/8 7610/9417/8
f 7433/9240/2 7434/9241/2 7630/9437/8 7629/9436/8
f 7434/9241/2 7435/9242/2 7631/9438/8 7630/9437/8
f 7435/9242/2 7407/9214/2391 7603/9410/2457 7631/9438/8
f 7417/9224/2404 7436/9243/2403 7632/9439/2469 7613/9420/2470
f 7436/9243/2403 7437/9244/2402 7633/9440/2468 7632/9439/2469
f 7437/9244/2402 7438/9245/2401 7634/9441/2467 7633/9440/2468
f 7438/9245/2401 7418/9225/2400 7614/9421/2466 7634/9441/2467
f 7420/9227/2413 7439/9246/2412 7635/9442/2478 7616/9423/2479
f 7439/9246/2412 7440/9247/2411 7636/9443/2477 7635/9442/2478
f 7440/9247/2411 7441/9248/2410 7637/9444/2476 7636/9443/2477
f 7441/9248/2410 7419/9226/2409 7615/9422/2475 7637/9444/2476
f 7421/9228/2423 7442/9249/2422 7638/9445/2487 7617/9424/2488
f 7442/9249/2422 7443/9250/2421 7639/9446/2486 7638/9445/2487
f 7443/9250/2421 7444/9251/2420 7640/9447/2485 7639/9446/2486
f 7444/9251/2420 7422/9229/2419 7618/9425/2484 7640/9447/2485
f 7422/9229/2419 7445/9252/2431 7641/9448/2497 7618/9425/2484
f 7445/9252/2431 7446/9253/2430 7642/9449/2496 7641/9448/2497
f 7446/9253/2430 7447/9254/2429 7643/9450/2495 7642/9449/2496
f 7447/9254/2429 7417/9224/2404 7613/9420/2470 7643/9450/2495
f 7419/9226/2409 7448/9255/2438 7644/9451/2504 7615/9422/2475
f 7448/9255/2438 7449/9256/2437 7645/9452/2503 7644/9451/2504
f 7449/9256/2437 7450/9257/2436 7646/9453/2502 7645/9452/2503
f 7450/9257/2436 7423/9230/2435 7619/9426/2501 7646/9453/2502
f 7408/9215/2386 7454/9261/2 7650/9457/8 7604/9411/2453
f 7454/9261/2 7455/9262/2 7651/9458/8 7650/9457/8
f 7455/9262/2 7456/9263/2 7652/9459/8 7651/9458/8
f 7456/9263/2 7414/9221/2 7610/9417/8 7652/9459/8
f 7423/9230/2435 7457/9264/2448 7653/9460/2514 7619/9426/2501
f 7457/9264/2448 7458/9265/2447 7654/9461/2513 7653/9460/2514
f 7458/9265/2447 7459/9266/2446 7655/9462/2512 7654/9461/2513
f 7459/9266/2446 7421/9228/2423 7617/9424/2488 7655/9462/2512
f 7463/9270/2397 7413/9220/2396 7609/9416/2462 7659/9466/2463
f 7464/9271/2398 7463/9270/2397 7659/9466/2463 7660/9467/2464
f 7465/9272/2399 7464/9271/2398 7660/9467/2464 7661/9468/2465
f 7418/9225/2400 7465/9272/2399 7661/9468/2465 7614/9421/2466
f 7466/9273/2406 7409/9216/2405 7605/9412/2472 7662/9469/2471
f 7467/9274/2407 7466/9273/2406 7662/9469/2471 7663/9470/2473
f 7468/9275/2408 7467/9274/2407 7663/9470/2473 7664/9471/2474
f 7405/9212/2394 7468/9275/2408 7664/9471/2474 7601/9408/2460
f 7469/9276/2414 7406/9213/2390 7602/9409/2456 7665/9472/2480
f 7470/9277/2415 7469/9276/2414 7665/9472/2480 7666/9473/2481
f 7471/9278/2416 7470/9277/2415 7666/9473/2481 7667/9474/2482
f 7410/9217/2417 7471/9278/2416 7667/9474/2482 7606/9413/2483
f 7472/9279/2425 7415/9222/2424 7611/9418/2491 7668/9475/2490
f 7473/9280/2426 7472/9279/2425 7668/9475/2490 7669/9476/2492
f 7474/9281/2427 7473/9280/2426 7669/9476/2492 7670/9477/2493
f 7411/9218/2428 7474/9281/2427 7670/9477/2493 7607/9414/2494
f 7475/9282/2432 7411/9218/2428 7607/9414/2494 7671/9478/2498
f 7476/9283/2433 7475/9282/2432 7671/9478/2498 7672/9479/2499
f 7477/9284/2434 7476/9283/2433 7672/9479/2499 7673/9480/2500
f 7409/9216/2405 7477/9284/2434 7673/9480/2500 7605/9412/2472
f 7478/9285/2439 7410/9217/2417 7606/9413/2483 7674/9481/2505
f 7479/9286/2440 7478/9285/2439 7674/9481/2505 7675/9482/2506
f 7480/9287/2441 7479/9286/2440 7675/9482/2506 7676/9483/2507
f 7412/9219/2442 7480/9287/2441 7676/9483/2507 7608/9415/2508
f 7481/9288/2443 7420/9227/2413 7616/9423/2479 7677/9484/2509
f 7482/9289/2444 7481/9288/2443 7677/9484/2509 7678/9485/2510
f 7483/9290/2445 7482/9289/2444 7678/9485/2510 7679/9486/2511
f 7413/9220/2396 7483/9290/2445 7679/9486/2511 7609/9416/2462
f 7484/9291/2449 7412/9219/2442 7608/9415/2508 7680/9487/2515
f 7485/9292/2450 7484/9291/2449 7680/9487/2515 7681/9488/2516
f 7486/9293/2451 7485/9292/2450 7681/9488/2516 7682/9489/2517
f 7415/9222/2424 7486/9293/2451 7682/9489/2517 7611/9418/2491
f 7903/9710/7 7906/9713/7 7907/9714/7 7904/9711/7
f 7904/9711/7 7907/9714/7 7908/9715/7 7905/9712/7
f 7906/9713/7 7909/9716/7 7910/9717/7 7907/9714/7
f 7907/9714/7 7910/9717/7 7911/9718/7 7908/9715/7
f 7806/9613/8 7852/9659/7 7903/9710/7 7848/9655/8
f 7848/9655/8 7903/9710/7 7904/9711/7 7847/9654/8
f 7847/9654/8 7904/9711/7 7905/9712/7 7846/9653/8
f 7846/9653/8 7905/9712/7 7816/9623/2452 7800/9607/2518
f 7905/9712/7 7908/9715/7 7817/9624/2454 7816/9623/2452
f 7908/9715/7 7911/9718/7 7818/9625/2455 7817/9624/2454
f 7911/9718/7 7843/9650/7 7798/9605/2456 7818/9625/2455
f 7910/9717/7 7844/9651/7 7843/9650/7 7911/9718/7
f 7909/9716/7 7845/9652/7 7844/9651/7 7910/9717/7
f 7854/9661/7 7808/9615/7 7845/9652/7 7909/9716/7
f 7853/9660/7 7854/9661/7 7909/9716/7 7906/9713/7
f 7852/9659/7 7853/9660/7 7906/9713/7 7903/9710/7
f 7912/9719/7 7915/9722/7 7916/9723/7 7913/9720/7
f 7913/9720/7 7916/9723/7 7917/9724/7 7914/9721/7
f 7915/9722/7 7918/9725/7 7919/9726/7 7916/9723/7
f 7916/9723/7 7919/9726/7 7920/9727/7 7917/9724/7
f 7799/9606/2519 7824/9631/2458 7912/9719/7 7827/9634/8
f 7827/9634/8 7912/9719/7 7913/9720/7 7826/9633/8
f 7826/9633/8 7913/9720/7 7914/9721/7 7825/9632/8
f 7825/9632/8 7914/9721/7 7852/9659/7 7806/9613/8
f 7914/9721/7 7917/9724/7 7853/9660/7 7852/9659/7
f 7917/9724/7 7920/9727/7 7854/9661/7 7853/9660/7
f 7920/9727/7 7819/9626/7 7808/9615/7 7854/9661/7
f 7919/9726/7 7820/9627/7 7819/9626/7 7920/9727/7
f 7918/9725/7 7821/9628/7 7820/9627/7 7919/9726/7
f 7822/9629/2459 7797/9604/2460 7821/9628/7 7918/9725/7
f 7823/9630/2461 7822/9629/2459 7918/9725/7 7915/9722/7
f 7824/9631/2458 7823/9630/2461 7915/9722/7 7912/9719/7
f 7921/9728/7 7924/9731/7 7925/9732/7 7922/9729/7
f 7922/9729/7 7925/9732/7 7926/9733/7 7923/9730/7
f 7924/9731/7 7927/9734/7 7928/9735/7 7925/9732/7
f 7925/9732/7 7928/9735/7 7929/9736/7 7926/9733/7
f 7805/9612/2462 7881/9688/7 7921/9728/7 7855/9662/2463
f 7855/9662/2463 7921/9728/7 7922/9729/7 7856/9663/2520
f 7856/9663/2520 7922/9729/7 7923/9730/7 7857/9664/2465
f 7857/9664/2465 7923/9730/7 7882/9689/7 7810/9617/2466
f 7923/9730/7 7926/9733/7 7883/9690/7 7882/9689/7
f 7926/9733/7 7929/9736/7 7884/9691/7 7883/9690/7
f 7929/9736/7 7821/9628/7 7797/9604/2460 7884/9691/7
f 7928/9735/7 7820/9627/7 7821/9628/7 7929/9736/7
f 7927/9734/7 7819/9626/7 7820/9627/7 7928/9735/7
f 7879/9686/7 7808/9615/7 7819/9626/7 7927/9734/7
f 7880/9687/7 7879/9686/7 7927/9734/7 7924/9731/7
f 7881/9688/7 7880/9687/7 7924/9731/7 7921/9728/7
f 7930/9737/7 7933/9740/7 7934/9741/7 7931/9738/7
f 7931/9738/7 7934/9741/7 7935/9742/7 7932/9739/7
f 7933/9740/7 7936/9743/7 7937/9744/7 7934/9741/7
f 7934/9741/7 7937/9744/7 7938/9745/7 7935/9742/7
f 7810/9617/2466 7882/9689/7 7930/9737/7 7830/9637/2467
f 7830/9637/2467 7930/9737/7 7931/9738/7 7829/9636/2468
f 7829/9636/2468 7931/9738/7 7932/9739/7 7828/9635/2469
f 7828/9635/2469 7932/9739/7 7885/9692/7 7809/9616/2470
f 7932/9739/7 7935/9742/7 7886/9693/7 7885/9692/7
f 7935/9742/7 7938/9745/7 7887/9694/7 7886/9693/7
f 7938/9745/7 7858/9665/2471 7801/9608/2521 7887/9694/7
f 7937/9744/7 7859/9666/2522 7858/9665/2471 7938/9745/7
f 7936/9743/7 7860/9667/2474 7859/9666/2522 7937/9744/7
f 7884/9691/7 7797/9604/2460 7860/9667/2474 7936/9743/7
f 7883/9690/7 7884/9691/7 7936/9743/7 7933/9740/7
f 7882/9689/7 7883/9690/7 7933/9740/7 7930/9737/7
f 7939/9746/7 7942/9749/7 7943/9750/7 7940/9747/7
f 7940/9747/7 7943/9750/7 7944/9751/7 7941/9748/7
f 7942/9749/7 7945/9752/7 7946/9753/7 7943/9750/7
f 7943/9750/7 7946/9753/7 7947/9754/7 7944/9751/7
f 7811/9618/2475 7890/9697/7 7939/9746/7 7833/9640/2476
f 7833/9640/2476 7939/9746/7 7940/9747/7 7832/9639/2477
f 7832/9639/2477 7940/9747/7 7941/9748/7 7831/9638/2478
f 7831/9638/2478 7941/9748/7 7891/9698/7 7812/9619/2479
f 7941/9748/7 7944/9751/7 7892/9699/7 7891/9698/7
f 7944/9751/7 7947/9754/7 7893/9700/7 7892/9699/7
f 7947/9754/7 7861/9668/2480 7798/9605/2456 7893/9700/7
f 7946/9753/7 7862/9669/2481 7861/9668/2480 7947/9754/7
f 7945/9752/7 7863/9670/2482 7862/9669/2481 7946/9753/7
f 7888/9695/7 7802/9609/2483 7863/9670/2482 7945/9752/7
f 7889/9696/7 7888/9695/7 7945/9752/7 7942/9749/7
f 7890/9697/7 7889/9696/7 7942/9749/7 7939/9746/7
f 7948/9755/7 7951/9758/7 7952/9759/7 7949/9756/7
f 7949/9756/7 7952/9759/7 7953/9760/7 7950/9757/7
f 7951/9758/7 7954/9761/7 7955/9762/7 7952/9759/7
f 7952/9759/7 7955/9762/7 7956/9763/7 7953/9760/7
f 7814/9621/2523 7896/9703/7 7948/9755/7 7836/9643/2524
f 7836/9643/2524 7948/9755/7 7949/9756/7 7835/9642/2525
f 7835/9642/2525 7949/9756/7 7950/9757/7 7834/9641/2487
f 7834/9641/2487 7950/9757/7 7897/9704/7 7813/9620/2488
f 7950/9757/7 7953/9760/7 7898/9705/7 7897/9704/7
f 7953/9760/7 7956/9763/7 7899/9706/7 7898/9705/7
f 7956/9763/7 7864/9671/2490 7807/9614/2526 7899/9706/7
f 7955/9762/7 7865/9672/2492 7864/9671/2490 7956/9763/7
f 7954/9761/7 7866/9673/2493 7865/9672/2492 7955/9762/7
f 7894/9701/7 7803/9610/2494 7866/9673/2493 7954/9761/7
f 7895/9702/7 7894/9701/7 7954/9761/7 7951/9758/7
f 7896/9703/7 7895/9702/7 7951/9758/7 7948/9755/7
f 7957/9764/7 7960/9767/7 7961/9768/7 7958/9765/7
f 7958/9765/7 7961/9768/7 7962/9769/7 7959/9766/7
f 7960/9767/7 7963/9770/7 7964/9771/7 7961/9768/7
f 7961/9768/7 7964/9771/7 7965/9772/7 7962/9769/7
f 7809/9616/2470 7885/9692/7 7957/9764/7 7839/9646/2495
f 7839/9646/2495 7957/9764/7 7958/9765/7 7838/9645/2527
f 7838/9645/2527 7958/9765/7 7959/9766/7 7837/9644/2528
f 7837/9644/2528 7959/9766/7 7896/9703/7 7814/9621/2523
f 7959/9766/7 7962/9769/7 7895/9702/7 7896/9703/7
f 7962/9769/7 7965/9772/7 7894/9701/7 7895/9702/7
f 7965/9772/7 7867/9674/2498 7803/9610/2494 7894/9701/7
f 7964/9771/7 7868/9675/2529 7867/9674/2498 7965/9772/7
f 7963/9770/7 7869/9676/2530 7868/9675/2529 7964/9771/7
f 7887/9694/7 7801/9608/2521 7869/9676/2530 7963/9770/7
f 7886/9693/7 7887/9694/7 7963/9770/7 7960/9767/7
f 7885/9692/7 7886/9693/7 7960/9767/7 7957/9764/7
f 7966/9773/7 7969/9776/7 7970/9777/7 7967/9774/7
f 7967/9774/7 7970/9777/7 7971/9778/7 7968/9775/7
f 7969/9776/7 7972/9779/7 7973/9780/7 7970/9777/7
f 7970/9777/7 7973/9780/7 7974/9781/7 7971/9778/7
f 7815/9622/2531 7902/9709/7 7966/9773/7 7842/9649/2502
f 7842/9649/2502 7966/9773/7 7967/9774/7 7841/9648/2532
f 7841/9648/2532 7967/9774/7 7968/9775/7 7840/9647/2504
f 7840/9647/2504 7968/9775/7 7890/9697/7 7811/9618/2475
f 7968/9775/7 7971/9778/7 7889/9696/7 7890/9697/7
f 7971/9778/7 7974/9781/7 7888/9695/7 7889/9696/7
f 7974/9781/7 7870/9677/2533 7802/9609/2483 7888/9695/7
f 7973/9780/7 7871/9678/2534 7870/9677/2533 7974/9781/7
f 7972/9779/7 7872/9679/2507 7871/9678/2534 7973/9780/7
f 7900/9707/7 7804/9611/2508 7872/9679/2507 7972/9779/7
f 7901/9708/7 7900/9707/7 7972/9779/7 7969/9776/7
f 7902/9709/7 7901/9708/7 7969/9776/7 7966/9773/7
f 7975/9782/7 7978/9785/7 7979/9786/7 7976/9783/7
f 7976/9783/7 7979/9786/7 7980/9787/7 7977/9784/7
f 7978/9785/7 7981/9788/7 7982/9789/7 7979/9786/7
f 7979/9786/7 7982/9789/7 7983/9790/7 7980/9787/7
f 7812/9619/2479 7891/9698/7 7975/9782/7 7873/9680/2509
f 7873/9680/2509 7975/9782/7 7976/9783/7 7874/9681/2535
f 7874/9681/2535 7976/9783/7 7977/9784/7 7875/9682/2511
f 7875/9682/2511 7977/9784/7 7881/9688/7 7805/9612/2462
f 7977/9784/7 7980/9787/7 7880/9687/7 7881/9688/7
f 7980/9787/7 7983/9790/7 7879/9686/7 7880/9687/7
f 7983/9790/7 7845/9652/7 7808/9615/7 7879/9686/7
f 7982/9789/7 7844/9651/7 7845/9652/7 7983/9790/7
f 7981/9788/7 7843/9650/7 7844/9651/7 7982/9789/7
f 7893/9700/7 7798/9605/2456 7843/9650/7 7981/9788/7
f 7892/9699/7 7893/9700/7 7981/9788/7 7978/9785/7
f 7891/9698/7 7892/9699/7 7978/9785/7 7975/9782/7
f 7984/9791/2536 7987/9794/2536 7988/9795/2536 7985/9792/2536
f 7985/9792/2536 7988/9795/2536 7989/9796/7 7986/9793/7
f 7987/9794/2536 7990/9797/7 7991/9798/7 7988/9795/2536
f 7988/9795/2536 7991/9798/7 7992/9799/7 7989/9796/7
f 7813/9620/2488 7897/9704/7 7984/9791/2536 7851/9658/2512
f 7851/9658/2512 7984/9791/2536 7985/9792/2536 7850/9657/2537
f 7850/9657/2537 7985/9792/2536 7986/9793/7 7849/9656/2538
f 7849/9656/2538 7986/9793/7 7902/9709/7 7815/9622/2531
f 7986/9793/7 7989/9796/7 7901/9708/7 7902/9709/7
f 7989/9796/7 7992/9799/7 7900/9707/7 7901/9708/7
f 7992/9799/7 7876/9683/2515 7804/9611/2508 7900/9707/7
f 7991/9798/7 7877/9684/2516 7876/9683/2515 7992/9799/7
f 7990/9797/7 7878/9685/2539 7877/9684/2516 7991/9798/7
f 7899/9706/7 7807/9614/2526 7878/9685/2539 7990/9797/7
f 7898/9705/7 7899/9706/7 7990/9797/7 7987/9794/2536
f 7897/9704/7 7898/9705/7 7987/9794/2536 7984/9791/2536
f 8099/9906/3 8100/9907/3 8103/9910/3 8102/9909/3
f 8100/9907/3 8101/9908/3 8104/9911/3 8103/9910/3
f 8102/9909/3 8103/9910/3 8106/9913/3 8105/9912/3
f 8103/9910/3 8104/9911/3 8107/9914/3 8106/9913/3
f 8002/9809/2 8044/9851/2 8099/9906/3 8048/9855/3
f 8044/9851/2 8043/9850/2 8100/9907/3 8099/9906/3
f 8043/9850/2 8042/9849/2 8101/9908/3 8100/9907/3
f 8042/9849/2 7996/9803/2540 8012/9819/2387 8101/9908/3
f 8101/9908/3 8012/9819/2387 8013/9820/2541 8104/9911/3
f 8104/9911/3 8013/9820/2541 8014/9821/2389 8107/9914/3
f 8107/9914/3 8014/9821/2389 7994/9801/2390 8039/9846/3
f 8106/9913/3 8107/9914/3 8039/9846/3 8040/9847/3
f 8105/9912/3 8106/9913/3 8040/9847/3 8041/9848/3
f 8050/9857/3 8105/9912/3 8041/9848/3 8004/9811/3
f 8049/9856/3 8102/9909/3 8105/9912/3 8050/9857/3
f 8048/9855/3 8099/9906/3 8102/9909/3 8049/9856/3
f 8108/9915/3 8109/9916/3 8112/9919/3 8111/9918/3
f 8109/9916/3 8110/9917/3 8113/9920/3 8112/9919/3
f 8111/9918/3 8112/9919/3 8115/9922/3 8114/9921/3
f 8112/9919/3 8113/9920/3 8116/9923/3 8115/9922/3
f 7995/9802/2542 8023/9830/2 8108/9915/3 8020/9827/2392
f 8023/9830/2 8022/9829/2 8109/9916/3 8108/9915/3
f 8022/9829/2 8021/9828/2 8110/9917/3 8109/9916/3
f 8021/9828/2 8002/9809/2 8048/9855/3 8110/9917/3
f 8110/9917/3 8048/9855/3 8049/9856/3 8113/9920/3
f 8113/9920/3 8049/9856/3 8050/9857/3 8116/9923/3
f 8116/9923/3 8050/9857/3 8004/9811/3 8015/9822/3
f 8115/9922/3 8116/9923/3 8015/9822/3 8016/9823/3
f 8114/9921/3 8115/9922/3 8016/9823/3 8017/9824/3
f 8018/9825/2393 8114/9921/3 8017/9824/3 7993/9800/2394
f 8019/9826/2395 8111/9918/3 8114/9921/3 8018/9825/2393
f 8020/9827/2392 8108/9915/3 8111/9918/3 8019/9826/2395
f 8117/9924/3 8118/9925/3 8121/9928/3 8120/9927/3
f 8118/9925/3 8119/9926/3 8122/9929/3 8121/9928/3
f 8120/9927/3 8121/9928/3 8124/9931/3 8123/9930/3
f 8121/9928/3 8122/9929/3 8125/9932/3 8124/9931/3
f 8001/9808/2396 8051/9858/2397 8117/9924/3 8077/9884/3
f 8051/9858/2397 8052/9859/2398 8118/9925/3 8117/9924/3
f 8052/9859/2398 8053/9860/2399 8119/9926/3 8118/9925/3
f 8053/9860/2399 8006/9813/2400 8078/9885/3 8119/9926/3
f 8119/9926/3 8078/9885/3 8079/9886/3 8122/9929/3
f 8122/9929/3 8079/9886/3 8080/9887/3 8125/9932/3
f 8125/9932/3 8080/9887/3 7993/9800/2394 8017/9824/3
f 8124/9931/3 8125/9932/3 8017/9824/3 8016/9823/3
f 8123/9930/3 8124/9931/3 8016/9823/3 8015/9822/3
f 8075/9882/3 8123/9930/3 8015/9822/3 8004/9811/3
f 8076/9883/3 8120/9927/3 8123/9930/3 8075/9882/3
f 8077/9884/3 8117/9924/3 8120/9927/3 8076/9883/3
f 8126/9933/3 8127/9934/3 8130/9937/3 8129/9936/3
f 8127/9934/3 8128/9935/3 8131/9938/3 8130/9937/3
f 8129/9936/3 8130/9937/3 8133/9940/3 8132/9939/3
f 8130/9937/3 8131/9938/3 8134/9941/3 8133/9940/3
f 8006/9813/2400 8026/9833/2401 8126/9933/3 8078/9885/3
f 8026/9833/2401 8025/9832/2402 8127/9934/3 8126/9933/3
f 8025/9832/2402 8024/9831/2403 8128/9935/3 8127/9934/3
f 8024/9831/2403 8005/9812/2404 8081/9888/3 8128/9935/3
f 8128/9935/3 8081/9888/3 8082/9889/3 8131/9938/3
f 8131/9938/3 8082/9889/3 8083/9890/3 8134/9941/3
f 8134/9941/3 8083/9890/3 7997/9804/2543 8054/9861/2544
f 8133/9940/3 8134/9941/3 8054/9861/2544 8055/9862/2407
f 8132/9939/3 8133/9940/3 8055/9862/2407 8056/9863/2545
f 8080/9887/3 8132/9939/3 8056/9863/2545 7993/9800/2394
f 8079/9886/3 8129/9936/3 8132/9939/3 8080/9887/3
f 8078/9885/3 8126/9933/3 8129/9936/3 8079/9886/3
f 8135/9942/3 8136/9943/3 8139/9946/3 8138/9945/3
f 8136/9943/3 8137/9944/3 8140/9947/3 8139/9946/3
f 8138/9945/3 8139/9946/3 8142/9949/3 8141/9948/3
f 8139/9946/3 8140/9947/3 8143/9950/3 8142/9949/3
f 8007/9814/2409 8029/9836/2410 8135/9942/3 8086/9893/3
f 8029/9836/2410 8028/9835/2411 8136/9943/3 8135/9942/3
f 8028/9835/2411 8027/9834/2412 8137/9944/3 8136/9943/3
f 8027/9834/2412 8008/9815/2413 8087/9894/3 8137/9944/3
f 8137/9944/3 8087/9894/3 8088/9895/3 8140/9947/3
f 8140/9947/3 8088/9895/3 8089/9896/3 8143/9950/3
f 8143/9950/3 8089/9896/3 7994/9801/2390 8057/9864/2414
f 8142/9949/3 8143/9950/3 8057/9864/2414 8058/9865/2546
f 8141/9948/3 8142/9949/3 8058/9865/2546 8059/9866/2416
f 8084/9891/3 8141/9948/3 8059/9866/2416 7998/9805/2417
f 8085/9892/3 8138/9945/3 8141/9948/3 8084/9891/3
f 8086/9893/3 8135/9942/3 8138/9945/3 8085/9892/3
f 8144/9951/3 8145/9952/3 8148/9955/3 8147/9954/3
f 8145/9952/3 8146/9953/3 8149/9956/3 8148/9955/3
f 8147/9954/3 8148/9955/3 8151/9958/3 8150/9957/3
f 8148/9955/3 8149/9956/3 8152/9959/3 8151/9958/3
f 8010/9817/2547 8032/9839/2548 8144/9951/3 8092/9899/3
f 8032/9839/2548 8031/9838/2549 8145/9952/3 8144/9951/3
f 8031/9838/2549 8030/9837/2550 8146/9953/3 8145/9952/3
f 8030/9837/2550 8009/9816/2423 8093/9900/3 8146/9953/3
f 8146/9953/3 8093/9900/3 8094/9901/3 8149/9956/3
f 8149/9956/3 8094/9901/3 8095/9902/3 8152/9959/3
f 8152/9959/3 8095/9902/3 8003/9810/2551 8060/9867/2552
f 8151/9958/3 8152/9959/3 8060/9867/2552 8061/9868/2553
f 8150/9957/3 8151/9958/3 8061/9868/2553 8062/9869/2427
f 8090/9897/3 8150/9957/3 8062/9869/2427 7999/9806/2554
f 8091/9898/3 8147/9954/3 8150/9957/3 8090/9897/3
f 8092/9899/3 8144/9951/3 8147/9954/3 8091/9898/3
f 8153/9960/3 8154/9961/3 8157/9964/3 8156/9963/3
f 8154/9961/3 8155/9962/3 8158/9965/3 8157/9964/3
f 8156/9963/3 8157/9964/3 8160/9967/3 8159/9966/3
f 8157/9964/3 8158/9965/3 8161/9968/3 8160/9967/3
f 8005/9812/2404 8035/9842/2429 8153/9960/3 8081/9888/3
f 8035/9842/2429 8034/9841/2555 8154/9961/3 8153/9960/3
f 8034/9841/2555 8033/9840/2556 8155/9962/3 8154/9961/3
f 8033/9840/2556 8010/9817/2547 8092/9899/3 8155/9962/3
f 8155/9962/3 8092/9899/3 8091/9898/3 8158/9965/3
f 8158/9965/3 8091/9898/3 8090/9897/3 8161/9968/3
f 8161/9968/3 8090/9897/3 7999/9806/2554 8063/9870/2432
f 8160/9967/3 8161/9968/3 8063/9870/2432 8064/9871/2557
f 8159/9966/3 8160/9967/3 8064/9871/2557 8065/9872/2558
f 8083/9890/3 8159/9966/3 8065/9872/2558 7997/9804/2543
f 8082/9889/3 8156/9963/3 8159/9966/3 8083/9890/3
f 8081/9888/3 8153/9960/3 8156/9963/3 8082/9889/3
f 8162/9969/3 8163/9970/3 8166/9973/3 8165/9972/3
f 8163/9970/3 8164/9971/3 8167/9974/3 8166/9973/3
f 8165/9972/3 8166/9973/3 8169/9976/3 8168/9975/3
f 8166/9973/3 8167/9974/3 8170/9977/3 8169/9976/3
f 8011/9818/2559 8038/9845/2436 8162/9969/3 8098/9905/3
f 8038/9845/2436 8037/9844/2560 8163/9970/3 8162/9969/3
f 8037/9844/2560 8036/9843/2438 8164/9971/3 8163/9970/3
f 8036/9843/2438 8007/9814/2409 8086/9893/3 8164/9971/3
f 8164/9971/3 8086/9893/3 8085/9892/3 8167/9974/3
f 8167/9974/3 8085/9892/3 8084/9891/3 8170/9977/3
f 8170/9977/3 8084/9891/3 7998/9805/2417 8066/9873/2561
f 8169/9976/3 8170/9977/3 8066/9873/2561 8067/9874/2562
f 8168/9975/3 8169/9976/3 8067/9874/2562 8068/9875/2441
f 8096/9903/3 8168/9975/3 8068/9875/2441 8000/9807/2563
f 8097/9904/3 8165/9972/3 8168/9975/3 8096/9903/3
f 8098/9905/3 8162/9969/3 8165/9972/3 8097/9904/3
f 8171/9978/3 8172/9979/3 8175/9982/3 8174/9981/3
f 8172/9979/3 8173/9980/3 8176/9983/3 8175/9982/3
f 8174/9981/3 8175/9982/3 8178/9985/3 8177/9984/3
f 8175/9982/3 8176/9983/3 8179/9986/3 8178/9985/3
f 8008/9815/2413 8069/9876/2443 8171/9978/3 8087/9894/3
f 8069/9876/2443 8070/9877/2444 8172/9979/3 8171/9978/3
f 8070/9877/2444 8071/9878/2445 8173/9980/3 8172/9979/3
f 8071/9878/2445 8001/9808/2396 8077/9884/3 8173/9980/3
f 8173/9980/3 8077/9884/3 8076/9883/3 8176/9983/3
f 8176/9983/3 8076/9883/3 8075/9882/3 8179/9986/3
f 8179/9986/3 8075/9882/3 8004/9811/3 8041/9848/3
f 8178/9985/3 8179/9986/3 8041/9848/3 8040/9847/3
f 8177/9984/3 8178/9985/3 8040/9847/3 8039/9846/3
f 8089/9896/3 8177/9984/3 8039/9846/3 7994/9801/2390
f 8088/9895/3 8174/9981/3 8177/9984/3 8089/9896/3
f 8087/9894/3 8171/9978/3 8174/9981/3 8088/9895/3
f 8180/9987/3 8181/9988/3 8184/9991/3 8183/9990/3
f 8181/9988/3 8182/9989/3 8185/9992/3 8184/9991/3
f 8183/9990/3 8184/9991/3 8187/9994/3 8186/9993/3
f 8184/9991/3 8185/9992/3 8188/9995/3 8187/9994/3
f 8009/9816/2423 8047/9854/2564 8180/9987/3 8093/9900/3
f 8047/9854/2564 8046/9853/2565 8181/9988/3 8180/9987/3
f 8046/9853/2565 8045/9852/2566 8182/9989/3 8181/9988/3
f 8045/9852/2566 8011/9818/2559 8098/9905/3 8182/9989/3
f 8182/9989/3 8098/9905/3 8097/9904/3 8185/9992/3
f 8185/9992/3 8097/9904/3 8096/9903/3 8188/9995/3
f 8188/9995/3 8096/9903/3 8000/9807/2563 8072/9879/2567
f 8187/9994/3 8188/9995/3 8072/9879/2567 8073/9880/2568
f 8186/9993/3 8187/9994/3 8073/9880/2568 8074/9881/2569
f 8095/9902/3 8186/9993/3 8074/9881/2569 8003/9810/2551
f 8094/9901/3 8183/9990/3 8186/9993/3 8095/9902/3
f 8093/9900/3 8180/9987/3 8183/9990/3 8094/9901/3
f 7816/9623/2452 8012/9819/2387 7996/9803/2540 7800/9607/2518
f 7817/9624/2454 8013/9820/2541 8012/9819/2387 7816/9623/2452
f 7818/9625/2455 8014/9821/2389 8013/9820/2541 7817/9624/2454
f 7798/9605/2456 7994/9801/2390 8014/9821/2389 7818/9625/2455
f 7822/9629/2459 8018/9825/2393 7993/9800/2394 7797/9604/2460
f 7823/9630/2461 8019/9826/2395 8018/9825/2393 7822/9629/2459
f 7824/9631/2458 8020/9827/2392 8019/9826/2395 7823/9630/2461
f 7799/9606/2519 7995/9802/2542 8020/9827/2392 7824/9631/2458
f 7806/9613/8 8002/9809/2 8021/9828/2 7825/9632/8
f 7825/9632/8 8021/9828/2 8022/9829/2 7826/9633/8
f 7826/9633/8 8022/9829/2 8023/9830/2 7827/9634/8
f 7827/9634/8 8023/9830/2 7995/9802/2542 7799/9606/2519
f 7809/9616/2470 8005/9812/2404 8024/9831/2403 7828/9635/2469
f 7828/9635/2469 8024/9831/2403 8025/9832/2402 7829/9636/2468
f 7829/9636/2468 8025/9832/2402 8026/9833/2401 7830/9637/2467
f 7830/9637/2467 8026/9833/2401 8006/9813/2400 7810/9617/2466
f 7812/9619/2479 8008/9815/2413 8027/9834/2412 7831/9638/2478
f 7831/9638/2478 8027/9834/2412 8028/9835/2411 7832/9639/2477
f 7832/9639/2477 8028/9835/2411 8029/9836/2410 7833/9640/2476
f 7833/9640/2476 8029/9836/2410 8007/9814/2409 7811/9618/2475
f 7813/9620/2488 8009/9816/2423 8030/9837/2550 7834/9641/2487
f 7834/9641/2487 8030/9837/2550 8031/9838/2549 7835/9642/2525
f 7835/9642/2525 8031/9838/2549 8032/9839/2548 7836/9643/2524
f 7836/9643/2524 8032/9839/2548 8010/9817/2547 7814/9621/2523
f 7814/9621/2523 8010/9817/2547 8033/9840/2556 7837/9644/2528
f 7837/9644/2528 8033/9840/2556 8034/9841/2555 7838/9645/2527
f 7838/9645/2527 8034/9841/2555 8035/9842/2429 7839/9646/2495
f 7839/9646/2495 8035/9842/2429 8005/9812/2404 7809/9616/2470
f 7811/9618/2475 8007/9814/2409 8036/9843/2438 7840/9647/2504
f 7840/9647/2504 8036/9843/2438 8037/9844/2560 7841/9648/2532
f 7841/9648/2532 8037/9844/2560 8038/9845/2436 7842/9649/2502
f 7842/9649/2502 8038/9845/2436 8011/9818/2559 7815/9622/2531
f 7800/9607/2518 7996/9803/2540 8042/9849/2 7846/9653/8
f 7846/9653/8 8042/9849/2 8043/9850/2 7847/9654/8
f 7847/9654/8 8043/9850/2 8044/9851/2 7848/9655/8
f 7848/9655/8 8044/9851/2 8002/9809/2 7806/9613/8
f 7815/9622/2531 8011/9818/2559 8045/9852/2566 7849/9656/2538
f 7849/9656/2538 8045/9852/2566 8046/9853/2565 7850/9657/2537
f 7850/9657/2537 8046/9853/2565 8047/9854/2564 7851/9658/2512
f 7851/9658/2512 8047/9854/2564 8009/9816/2423 7813/9620/2488
f 7855/9662/2463 8051/9858/2397 8001/9808/2396 7805/9612/2462
f 7856/9663/2520 8052/9859/2398 8051/9858/2397 7855/9662/2463
f 7857/9664/2465 8053/9860/2399 8052/9859/2398 7856/9663/2520
f 7810/9617/2466 8006/9813/2400 8053/9860/2399 7857/9664/2465
f 7858/9665/2471 8054/9861/2544 7997/9804/2543 7801/9608/2521
f 7859/9666/2522 8055/9862/2407 8054/9861/2544 7858/9665/2471
f 7860/9667/2474 8056/9863/2545 8055/9862/2407 7859/9666/2522
f 7797/9604/2460 7993/9800/2394 8056/9863/2545 7860/9667/2474
f 7861/9668/2480 8057/9864/2414 7994/9801/2390 7798/9605/2456
f 7862/9669/2481 8058/9865/2546 8057/9864/2414 7861/9668/2480
f 7863/9670/2482 8059/9866/2416 8058/9865/2546 7862/9669/2481
f 7802/9609/2483 7998/9805/2417 8059/9866/2416 7863/9670/2482
f 7864/9671/2490 8060/9867/2552 8003/9810/2551 7807/9614/2526
f 7865/9672/2492 8061/9868/2553 8060/9867/2552 7864/9671/2490
f 7866/9673/2493 8062/9869/2427 8061/9868/2553 7865/9672/2492
f 7803/9610/2494 7999/9806/2554 8062/9869/2427 7866/9673/2493
f 7867/9674/2498 8063/9870/2432 7999/9806/2554 7803/9610/2494
f 7868/9675/2529 8064/9871/2557 8063/9870/2432 7867/9674/2498
f 7869/9676/2530 8065/9872/2558 8064/9871/2557 7868/9675/2529
f 7801/9608/2521 7997/9804/2543 8065/9872/2558 7869/9676/2530
f 7870/9677/2533 8066/9873/2561 7998/9805/2417 7802/9609/2483
f 7871/9678/2534 8067/9874/2562 8066/9873/2561 7870/9677/2533
f 7872/9679/2507 8068/9875/2441 8067/9874/2562 7871/9678/2534
f 7804/9611/2508 8000/9807/2563 8068/9875/2441 7872/9679/2507
f 7873/9680/2509 8069/9876/2443 8008/9815/2413 7812/9619/2479
f 7874/9681/2535 8070/9877/2444 8069/9876/2443 7873/9680/2509
f 7875/9682/2511 8071/9878/2445 8070/9877/2444 7874/9681/2535
f 7805/9612/2462 8001/9808/2396 8071/9878/2445 7875/9682/2511
f 7876/9683/2515 8072/9879/2567 8000/9807/2563 7804/9611/2508
f 7877/9684/2516 8073/9880/2568 8072/9879/2567 7876/9683/2515
f 7878/9685/2539 8074/9881/2569 8073/9880/2568 7877/9684/2516
f 7807/9614/2526 8003/9810/2551 8074/9881/2569 7878/9685/2539
f 8189/9996/2570 8190/9999/2571 8192/10004/2572 8191/10002/2573
f 8191/10002/2573 8192/10004/2572 8194/10008/2574 8193/10006/2575
f 8193/10006/2575 8194/10008/2574 8196/10012/2576 8195/10010/2577
f 8195/10010/2577 8196/10012/2576 8198/10016/2578 8197/10014/2579
f 8197/10014/2579 8198/10016/2578 8200/10020/2580 8199/10018/2581
f 8199/10018/2581 8200/10020/2580 8202/10025/2582 8201/10022/2583
f 8192/10005/2572 8190/10000/2571 8204/10028/2584 8202/10024/2582 8200/10021/2580 8198/10017/2578 8196/10013/2576 8194/10009/2574
f 8201/10022/2583 8202/10025/2582 8204/10029/2584 8203/10026/2585
f 8203/10026/2585 8204/10029/2584 8190/10001/2571 8189/9997/2570
f 8189/9998/2570 8191/10003/2573 8193/10007/2575 8195/10011/2577 8197/10015/2579 8199/10019/2581 8201/10023/2583 8203/10027/2585
