# Blender 3.6.3
# www.blender.org
mtllib lighthouse.mtl
o lighthouse
v 11.108654 252.115875 -28.827799
v 17.427652 252.115875 -25.239834
v 11.171255 252.115875 -28.930103
v 11.171255 252.115875 -28.930103
v 17.490255 252.115875 -25.342138
v 17.490255 252.115875 -25.342138
v 11.159299 252.186523 -28.910564
v 11.159299 252.186523 -28.910564
v 17.478298 252.186523 -25.322599
v 17.478298 252.186523 -25.322599
v 11.127999 252.230179 -28.859411
v 11.127999 252.230179 -28.859411
v 17.446999 252.230179 -25.271448
v 17.446999 252.230179 -25.271448
v 11.089308 252.230179 -28.796185
v 11.089308 252.230179 -28.796185
v 17.408308 252.230179 -25.208220
v 17.408308 252.230179 -25.208220
v 11.058008 252.186523 -28.745031
v 11.058008 252.186523 -28.745031
v 17.377007 252.186523 -25.157066
v 17.377007 252.186523 -25.157066
v 11.046052 252.115875 -28.725492
v 11.046052 252.115875 -28.725492
v 17.365051 252.115875 -25.137527
v 17.365051 252.115875 -25.137527
v 11.058008 252.045242 -28.745031
v 11.058008 252.045242 -28.745031
v 17.377007 252.045242 -25.157066
v 17.377007 252.045242 -25.157066
v 11.089309 252.001587 -28.796185
v 11.089309 252.001587 -28.796185
v 17.408308 252.001587 -25.208220
v 17.408308 252.001587 -25.208220
v 11.127999 252.001587 -28.859411
v 11.127999 252.001587 -28.859411
v 17.446999 252.001587 -25.271448
v 17.446999 252.001587 -25.271448
v 11.159299 252.045242 -28.910564
v 11.159299 252.045242 -28.910564
v 17.478298 252.045242 -25.322599
v 17.478298 252.045242 -25.322599
v 11.108654 253.452393 -28.827799
v 17.427652 253.452393 -25.239834
v 11.171255 253.452393 -28.930103
v 11.171255 253.452393 -28.930103
v 17.490255 253.452393 -25.342138
v 17.490255 253.452393 -25.342138
v 11.159299 253.523026 -28.910564
v 11.159299 253.523026 -28.910564
v 17.478298 253.523026 -25.322599
v 17.478298 253.523026 -25.322599
v 11.127999 253.566681 -28.859411
v 11.127999 253.566681 -28.859411
v 17.446999 253.566681 -25.271448
v 17.446999 253.566681 -25.271448
v 11.089308 253.566681 -28.796185
v 11.089308 253.566681 -28.796185
v 17.408308 253.566681 -25.208220
v 17.408308 253.566681 -25.208220
v 11.058008 253.523026 -28.745031
v 11.058008 253.523026 -28.745031
v 17.377007 253.523026 -25.157066
v 17.377007 253.523026 -25.157066
v 11.046052 253.452393 -28.725492
v 11.046052 253.452393 -28.725492
v 17.365051 253.452393 -25.137527
v 17.365051 253.452393 -25.137527
v 11.058008 253.381760 -28.745031
v 11.058008 253.381760 -28.745031
v 17.377007 253.381760 -25.157066
v 17.377007 253.381760 -25.157066
v 11.089308 253.338104 -28.796185
v 11.089308 253.338104 -28.796185
v 17.408308 253.338104 -25.208220
v 17.408308 253.338104 -25.208220
v 11.127999 253.338104 -28.859411
v 11.127999 253.338104 -28.859411
v 17.446999 253.338104 -25.271448
v 17.446999 253.338104 -25.271448
v 11.159299 253.381760 -28.910564
v 11.159299 253.381760 -28.910564
v 17.478298 253.381760 -25.322599
v 17.478298 253.381760 -25.322599
v 17.430584 246.790588 -24.829464
v 17.430584 251.505402 -24.829464
v 17.961208 246.790588 -25.469355
v 17.961208 251.505402 -25.469355
v 11.022669 246.790588 -29.318047
v 11.022669 251.505402 -29.318047
v 10.701460 246.790588 -28.559914
v 10.701460 251.505402 -28.559914
v 11.032567 251.505402 -28.376356
v 11.351228 251.505402 -29.135799
v 17.127077 251.505402 -24.997719
v 17.661667 251.505402 -25.635506
v 17.430584 252.975403 -24.829464
v 17.961208 252.975403 -25.469355
v 17.127077 252.975403 -24.997719
v 17.661667 252.975403 -25.635506
v 11.022669 252.975403 -29.318047
v 10.701460 252.975403 -28.559914
v 11.032567 252.975403 -28.376356
v 11.351228 252.975403 -29.135799
v 17.430584 254.055389 -24.829464
v 17.961208 254.055389 -25.469355
v 17.127077 254.055389 -24.997719
v 17.661667 254.055389 -25.635506
v 11.022669 254.055389 -29.318047
v 10.701460 254.055389 -28.559914
v 11.032567 254.055389 -28.376356
v 11.351228 254.055389 -29.135799
v 17.430584 254.055389 -24.829464
v 17.961208 254.055389 -25.469355
v 17.127077 254.055389 -24.997719
v 17.661667 254.055389 -25.635506
v 11.022669 254.055389 -29.318047
v 10.701460 254.055389 -28.559914
v 11.032567 254.055389 -28.376356
v 11.351228 254.055389 -29.135799
v 17.387045 251.505402 -25.307871
v 17.685993 254.726318 -25.137466
v 17.387045 254.055389 -25.307871
v 10.850705 254.055389 -28.912167
v 10.850705 254.726318 -28.912167
v 11.181993 254.055389 -28.732973
v 17.982489 252.115875 -24.994417
v 23.829018 252.115875 -19.232647
v 18.066839 252.115875 -25.080009
v 18.066839 252.115875 -25.080009
v 23.913368 252.115875 -19.318239
v 23.913368 252.115875 -19.318239
v 18.050732 252.186523 -25.063663
v 18.050732 252.186523 -25.063663
v 23.897259 252.186523 -19.301891
v 23.897259 252.186523 -19.301891
v 18.008554 252.230179 -25.020866
v 18.008554 252.230179 -25.020866
v 23.855083 252.230179 -19.259096
v 23.855083 252.230179 -19.259096
v 17.956423 252.230179 -24.967970
v 17.956423 252.230179 -24.967970
v 23.802952 252.230179 -19.206198
v 23.802952 252.230179 -19.206198
v 17.914248 252.186523 -24.925173
v 17.914248 252.186523 -24.925173
v 23.760775 252.186523 -19.163401
v 23.760775 252.186523 -19.163401
v 17.898136 252.115875 -24.908827
v 17.898136 252.115875 -24.908827
v 23.744665 252.115875 -19.147055
v 23.744665 252.115875 -19.147055
v 17.914248 252.045242 -24.925173
v 17.914248 252.045242 -24.925173
v 23.760775 252.045242 -19.163401
v 23.760775 252.045242 -19.163401
v 17.956423 252.001587 -24.967970
v 17.956423 252.001587 -24.967970
v 23.802952 252.001587 -19.206198
v 23.802952 252.001587 -19.206198
v 18.008554 252.001587 -25.020866
v 18.008554 252.001587 -25.020866
v 23.855083 252.001587 -19.259096
v 23.855083 252.001587 -19.259096
v 18.050732 252.045242 -25.063663
v 18.050732 252.045242 -25.063663
v 23.897259 252.045242 -19.301891
v 23.897259 252.045242 -19.301891
v 17.982489 253.452393 -24.994417
v 23.829018 253.452393 -19.232647
v 18.066839 253.452393 -25.080009
v 18.066839 253.452393 -25.080009
v 23.913368 253.452393 -19.318239
v 23.913368 253.452393 -19.318239
v 18.050732 253.523026 -25.063663
v 18.050732 253.523026 -25.063663
v 23.897259 253.523026 -19.301891
v 23.897259 253.523026 -19.301891
v 18.008554 253.566681 -25.020868
v 18.008554 253.566681 -25.020868
v 23.855083 253.566681 -19.259096
v 23.855083 253.566681 -19.259096
v 17.956423 253.566681 -24.967970
v 17.956423 253.566681 -24.967970
v 23.802952 253.566681 -19.206198
v 23.802952 253.566681 -19.206198
v 17.914248 253.523026 -24.925173
v 17.914248 253.523026 -24.925173
v 23.760775 253.523026 -19.163401
v 23.760775 253.523026 -19.163401
v 17.898136 253.452393 -24.908827
v 17.898136 253.452393 -24.908827
v 23.744665 253.452393 -19.147055
v 23.744665 253.452393 -19.147055
v 17.914248 253.381760 -24.925173
v 17.914248 253.381760 -24.925173
v 23.760775 253.381760 -19.163401
v 23.760775 253.381760 -19.163401
v 17.956423 253.338104 -24.967970
v 17.956423 253.338104 -24.967970
v 23.802952 253.338104 -19.206198
v 23.802952 253.338104 -19.206198
v 18.008554 253.338104 -25.020868
v 18.008554 253.338104 -25.020868
v 23.855083 253.338104 -19.259096
v 23.855083 253.338104 -19.259096
v 18.050732 253.381760 -25.063663
v 18.050732 253.381760 -25.063663
v 23.897259 253.381760 -19.301891
v 23.897259 253.381760 -19.301891
v 23.753366 246.790588 -18.806971
v 23.753366 251.505402 -18.806971
v 24.424770 246.790588 -19.297245
v 24.424770 251.505402 -19.297245
v 17.987570 246.790588 -25.529688
v 17.987570 251.505402 -25.529688
v 17.510050 246.790588 -24.849154
v 17.510050 251.505402 -24.849154
v 17.817253 251.505402 -24.551847
v 18.292389 251.505402 -25.234566
v 23.471771 251.505402 -19.079494
v 24.146872 251.505402 -19.566305
v 23.753366 252.975403 -18.806971
v 24.424770 252.975403 -19.297245
v 23.471771 252.975403 -19.079494
v 24.146872 252.975403 -19.566305
v 17.987570 252.975403 -25.529688
v 17.510050 252.975403 -24.849154
v 17.817253 252.975403 -24.551847
v 18.292389 252.975403 -25.234566
v 23.753366 254.055389 -18.806971
v 24.424770 254.055389 -19.297245
v 23.471771 254.055389 -19.079494
v 24.146872 254.055389 -19.566305
v 17.987570 254.055389 -25.529688
v 17.510050 254.055389 -24.849154
v 17.817253 254.055389 -24.551847
v 18.292389 254.055389 -25.234566
v 23.753366 254.055389 -18.806971
v 24.424770 254.055389 -19.297245
v 23.471771 254.055389 -19.079494
v 24.146872 254.055389 -19.566305
v 17.987570 254.055389 -25.529688
v 17.510050 254.055389 -24.849154
v 17.817253 254.055389 -24.551847
v 18.292389 254.055389 -25.234566
v 23.800068 251.505402 -19.316227
v 24.076538 254.726318 -19.042959
v 23.800068 254.055389 -19.316227
v 17.731920 254.055389 -25.165352
v 17.731920 254.726318 -25.165352
v 18.040148 254.055389 -24.872503
v 24.278839 252.115875 -18.829159
v 28.188805 252.115875 -11.611674
v 24.384502 252.115875 -18.886400
v 24.384502 252.115875 -18.886400
v 28.294468 252.115875 -11.668916
v 28.294468 252.115875 -11.668916
v 24.364323 252.186523 -18.875467
v 24.364323 252.186523 -18.875467
v 28.274286 252.186523 -11.657983
v 28.274286 252.186523 -11.657983
v 24.311493 252.230179 -18.846848
v 24.311493 252.230179 -18.846848
v 28.221455 252.230179 -11.629363
v 28.221455 252.230179 -11.629363
v 24.246187 252.230179 -18.811470
v 24.246187 252.230179 -18.811470
v 28.156153 252.230179 -11.593987
v 28.156153 252.230179 -11.593987
v 24.193357 252.186523 -18.782848
v 24.193357 252.186523 -18.782848
v 28.103321 252.186523 -11.565365
v 28.103321 252.186523 -11.565365
v 24.173178 252.115875 -18.771917
v 24.173178 252.115875 -18.771917
v 28.083141 252.115875 -11.554433
v 28.083141 252.115875 -11.554433
v 24.193357 252.045242 -18.782848
v 24.193357 252.045242 -18.782848
v 28.103321 252.045242 -11.565365
v 28.103321 252.045242 -11.565365
v 24.246187 252.001587 -18.811470
v 24.246187 252.001587 -18.811470
v 28.156153 252.001587 -11.593987
v 28.156153 252.001587 -11.593987
v 24.311493 252.001587 -18.846848
v 24.311493 252.001587 -18.846848
v 28.221455 252.001587 -11.629363
v 28.221455 252.001587 -11.629363
v 24.364323 252.045242 -18.875467
v 24.364323 252.045242 -18.875467
v 28.274286 252.045242 -11.657983
v 28.274286 252.045242 -11.657983
v 24.278839 253.452393 -18.829159
v 28.188805 253.452393 -11.611674
v 24.384502 253.452393 -18.886400
v 24.384502 253.452393 -18.886400
v 28.294468 253.452393 -11.668916
v 28.294468 253.452393 -11.668916
v 24.364323 253.523026 -18.875467
v 24.364323 253.523026 -18.875467
v 28.274286 253.523026 -11.657984
v 28.274286 253.523026 -11.657984
v 24.311493 253.566681 -18.846848
v 24.311493 253.566681 -18.846848
v 28.221455 253.566681 -11.629363
v 28.221455 253.566681 -11.629363
v 24.246187 253.566681 -18.811470
v 24.246187 253.566681 -18.811470
v 28.156153 253.566681 -11.593987
v 28.156153 253.566681 -11.593987
v 24.193357 253.523026 -18.782848
v 24.193357 253.523026 -18.782848
v 28.103321 253.523026 -11.565365
v 28.103321 253.523026 -11.565365
v 24.173178 253.452393 -18.771917
v 24.173178 253.452393 -18.771917
v 28.083141 253.452393 -11.554433
v 28.083141 253.452393 -11.554433
v 24.193357 253.381760 -18.782848
v 24.193357 253.381760 -18.782848
v 28.103321 253.381760 -11.565365
v 28.103321 253.381760 -11.565365
v 24.246187 253.338104 -18.811470
v 24.246187 253.338104 -18.811470
v 28.156153 253.338104 -11.593987
v 28.156153 253.338104 -11.593987
v 24.311493 253.338104 -18.846848
v 24.311493 253.338104 -18.846848
v 28.221455 253.338104 -11.629363
v 28.221455 253.338104 -11.629363
v 24.364323 253.381760 -18.875467
v 24.364323 253.381760 -18.875467
v 28.274286 253.381760 -11.657984
v 28.274286 253.381760 -11.657984
v 27.992189 246.790588 -11.226622
v 27.992189 251.505402 -11.226622
v 28.777468 246.790588 -11.499552
v 28.777468 251.505402 -11.499552
v 24.439949 246.790588 -19.339632
v 24.439949 251.505402 -19.339632
v 23.784573 246.790588 -18.828131
v 23.784573 251.505402 -18.828131
v 23.991610 251.505402 -18.454098
v 24.645344 251.505402 -18.968384
v 27.802410 251.505402 -11.569476
v 28.590214 251.505402 -11.838015
v 27.992189 252.975403 -11.226622
v 28.777468 252.975403 -11.499552
v 27.802410 252.975403 -11.569476
v 28.590214 252.975403 -11.838015
v 24.439949 252.975403 -19.339632
v 23.784573 252.975403 -18.828131
v 23.991610 252.975403 -18.454098
v 24.645344 252.975403 -18.968384
v 27.992189 254.055389 -11.226622
v 28.777468 254.055389 -11.499552
v 27.802410 254.055389 -11.569476
v 28.590214 254.055389 -11.838015
v 24.439949 254.055389 -19.339632
v 23.784573 254.055389 -18.828131
v 23.991610 254.055389 -18.454098
v 24.645344 254.055389 -18.968384
v 27.992189 254.055389 -11.226622
v 28.777468 254.055389 -11.499552
v 27.802410 254.055389 -11.569476
v 28.590214 254.055389 -11.838015
v 24.439949 254.055389 -19.339632
v 23.784573 254.055389 -18.828131
v 23.991610 254.055389 -18.454098
v 24.645344 254.055389 -18.968384
v 28.185514 251.505402 -11.700065
v 28.370173 254.726318 -11.357994
v 28.185514 254.055389 -11.700065
v 24.089083 254.055389 -19.065790
v 24.089083 254.726318 -19.065790
v 24.298401 254.055389 -18.695723
v 28.497700 252.115875 -11.126825
v 30.311998 252.115875 -3.121313
v 28.614899 252.115875 -11.153386
v 28.614899 252.115875 -11.153386
v 30.429197 252.115875 -3.147874
v 30.429197 252.115875 -3.147874
v 28.592516 252.186523 -11.148314
v 28.592516 252.186523 -11.148314
v 30.406815 252.186523 -3.142802
v 30.406815 252.186523 -3.142802
v 28.533915 252.230179 -11.135033
v 28.533915 252.230179 -11.135033
v 30.348213 252.230179 -3.129521
v 30.348213 252.230179 -3.129521
v 28.461481 252.230179 -11.118617
v 28.461481 252.230179 -11.118617
v 30.275782 252.230179 -3.113106
v 30.275782 252.230179 -3.113106
v 28.402882 252.186523 -11.105337
v 28.402882 252.186523 -11.105337
v 30.217180 252.186523 -3.099825
v 30.217180 252.186523 -3.099825
v 28.380499 252.115875 -11.100265
v 28.380499 252.115875 -11.100265
v 30.194798 252.115875 -3.094752
v 30.194798 252.115875 -3.094752
v 28.402882 252.045242 -11.105337
v 28.402882 252.045242 -11.105337
v 30.217180 252.045242 -3.099825
v 30.217180 252.045242 -3.099825
v 28.461481 252.001587 -11.118617
v 28.461481 252.001587 -11.118617
v 30.275782 252.001587 -3.113106
v 30.275782 252.001587 -3.113106
v 28.533915 252.001587 -11.135033
v 28.533915 252.001587 -11.135033
v 30.348213 252.001587 -3.129521
v 30.348213 252.001587 -3.129521
v 28.592516 252.045242 -11.148314
v 28.592516 252.045242 -11.148314
v 30.406815 252.045242 -3.142802
v 30.406815 252.045242 -3.142802
v 28.497700 253.452393 -11.126825
v 30.311998 253.452393 -3.121313
v 28.614899 253.452393 -11.153386
v 28.614899 253.452393 -11.153386
v 30.429197 253.452393 -3.147874
v 30.429197 253.452393 -3.147874
v 28.592516 253.523026 -11.148314
v 28.592516 253.523026 -11.148314
v 30.406815 253.523026 -3.142802
v 30.406815 253.523026 -3.142802
v 28.533915 253.566681 -11.135033
v 28.533915 253.566681 -11.135033
v 30.348213 253.566681 -3.129521
v 30.348213 253.566681 -3.129521
v 28.461481 253.566681 -11.118617
v 28.461481 253.566681 -11.118617
v 30.275782 253.566681 -3.113106
v 30.275782 253.566681 -3.113106
v 28.402882 253.523026 -11.105337
v 28.402882 253.523026 -11.105337
v 30.217180 253.523026 -3.099825
v 30.217180 253.523026 -3.099825
v 28.380499 253.452393 -11.100265
v 28.380499 253.452393 -11.100265
v 30.194798 253.452393 -3.094752
v 30.194798 253.452393 -3.094752
v 28.402882 253.381760 -11.105337
v 28.402882 253.381760 -11.105337
v 30.217180 253.381760 -3.099825
v 30.217180 253.381760 -3.099825
v 28.461481 253.338104 -11.118617
v 28.461481 253.338104 -11.118617
v 30.275782 253.338104 -3.113106
v 30.275782 253.338104 -3.113106
v 28.533915 253.338104 -11.135033
v 28.533915 253.338104 -11.135033
v 30.348213 253.338104 -3.129521
v 30.348213 253.338104 -3.129521
v 28.592516 253.381760 -11.148314
v 28.592516 253.381760 -11.148314
v 30.406815 253.381760 -3.142802
v 30.406815 253.381760 -3.142802
v 30.018652 246.790588 -2.803711
v 30.018652 251.505402 -2.803711
v 30.848467 246.790588 -2.854300
v 30.848467 251.505402 -2.854301
v 28.790749 246.790588 -11.574777
v 28.790749 251.505402 -11.574777
v 28.021540 246.790588 -11.259389
v 28.021540 251.505402 -11.259389
v 28.119808 251.505402 -10.843328
v 28.888187 251.505402 -11.161839
v 29.928576 251.505402 -3.185092
v 30.759634 251.505402 -3.230771
v 30.018652 252.975403 -2.803711
v 30.848467 252.975403 -2.854301
v 29.928576 252.975403 -3.185092
v 30.759634 252.975403 -3.230771
v 28.790749 252.975403 -11.574777
v 28.021540 252.975403 -11.259389
v 28.119808 252.975403 -10.843328
v 28.888187 252.975403 -11.161839
v 30.018652 254.055389 -2.803711
v 30.848467 254.055389 -2.854301
v 29.928576 254.055389 -3.185092
v 30.759634 254.055389 -3.230771
v 28.790749 254.055389 -11.574777
v 28.021540 254.055389 -11.259389
v 28.119808 254.055389 -10.843328
v 28.888187 254.055389 -11.161839
v 30.018652 254.055389 -2.803711
v 30.848467 254.055389 -2.854301
v 29.928576 254.055389 -3.185092
v 30.759634 254.055389 -3.230771
v 28.790749 254.055389 -11.574777
v 28.021540 254.055389 -11.259389
v 28.119808 254.055389 -10.843328
v 28.888187 254.055389 -11.161839
v 30.332714 251.505402 -3.207305
v 30.418074 254.726318 -2.828062
v 30.332714 254.055389 -3.207305
v 28.378941 254.055389 -11.405929
v 28.378941 254.726318 -11.405929
v 28.480474 254.055389 -10.993067
v 30.418812 252.115875 -2.539900
v 29.879410 252.115875 5.650884
v 30.538723 252.115875 -2.532003
v 30.538723 252.115875 -2.532003
v 29.999323 252.115875 5.658781
v 29.999323 252.115875 5.658781
v 30.515821 252.186523 -2.533511
v 30.515821 252.186523 -2.533511
v 29.976421 252.186523 5.657273
v 29.976421 252.186523 5.657273
v 30.455866 252.230179 -2.537460
v 30.455866 252.230179 -2.537460
v 29.916466 252.230179 5.653324
v 29.916466 252.230179 5.653324
v 30.381756 252.230179 -2.542340
v 30.381756 252.230179 -2.542340
v 29.842356 252.230179 5.648444
v 29.842356 252.230179 5.648444
v 30.321800 252.186523 -2.546288
v 30.321800 252.186523 -2.546288
v 29.782398 252.186523 5.644496
v 29.782398 252.186523 5.644496
v 30.298899 252.115875 -2.547796
v 30.298899 252.115875 -2.547796
v 29.759499 252.115875 5.642987
v 29.759499 252.115875 5.642987
v 30.321800 252.045242 -2.546288
v 30.321800 252.045242 -2.546288
v 29.782398 252.045242 5.644496
v 29.782398 252.045242 5.644496
v 30.381756 252.001587 -2.542340
v 30.381756 252.001587 -2.542340
v 29.842356 252.001587 5.648444
v 29.842356 252.001587 5.648444
v 30.455866 252.001587 -2.537460
v 30.455866 252.001587 -2.537460
v 29.916466 252.001587 5.653324
v 29.916466 252.001587 5.653324
v 30.515821 252.045242 -2.533511
v 30.515821 252.045242 -2.533511
v 29.976421 252.045242 5.657273
v 29.976421 252.045242 5.657273
v 30.418812 253.452393 -2.539900
v 29.879410 253.452393 5.650884
v 30.538723 253.452393 -2.532003
v 30.538723 253.452393 -2.532003
v 29.999323 253.452393 5.658781
v 29.999323 253.452393 5.658781
v 30.515821 253.523026 -2.533511
v 30.515821 253.523026 -2.533511
v 29.976421 253.523026 5.657273
v 29.976421 253.523026 5.657273
v 30.455866 253.566681 -2.537460
v 30.455866 253.566681 -2.537460
v 29.916466 253.566681 5.653324
v 29.916466 253.566681 5.653324
v 30.381756 253.566681 -2.542340
v 30.381756 253.566681 -2.542340
v 29.842356 253.566681 5.648444
v 29.842356 253.566681 5.648444
v 30.321800 253.523026 -2.546288
v 30.321800 253.523026 -2.546288
v 29.782398 253.523026 5.644496
v 29.782398 253.523026 5.644496
v 30.298899 253.452393 -2.547796
v 30.298899 253.452393 -2.547796
v 29.759499 253.452393 5.642987
v 29.759499 253.452393 5.642987
v 30.321800 253.381760 -2.546288
v 30.321800 253.381760 -2.546288
v 29.782398 253.381760 5.644496
v 29.782398 253.381760 5.644496
v 30.381756 253.338104 -2.542340
v 30.381756 253.338104 -2.542340
v 29.842356 253.338104 5.648444
v 29.842356 253.338104 5.648444
v 30.455866 253.338104 -2.537460
v 30.455866 253.338104 -2.537460
v 29.916466 253.338104 5.653324
v 29.916466 253.338104 5.653324
v 30.515821 253.381760 -2.533511
v 30.515821 253.381760 -2.533511
v 29.976421 253.381760 5.657273
v 29.976421 253.381760 5.657273
v 29.507797 246.790588 5.871853
v 29.507797 251.505402 5.871853
v 30.317688 246.790588 6.059551
v 30.317688 251.505402 6.059551
v 30.827244 246.790588 -2.885910
v 30.827244 251.505402 -2.885910
v 30.000080 246.790588 -2.802513
v 30.000080 251.505402 -2.802513
v 29.975859 251.505402 -2.375690
v 30.803114 251.505402 -2.462318
v 29.530001 251.505402 5.480608
v 30.339685 251.505402 5.673367
v 29.507797 252.975403 5.871853
v 30.317688 252.975403 6.059551
v 29.530001 252.975403 5.480608
v 30.339685 252.975403 5.673367
v 30.827244 252.975403 -2.885910
v 30.000080 252.975403 -2.802513
v 29.975859 252.975403 -2.375690
v 30.803114 252.975403 -2.462318
v 29.507797 254.055389 5.871853
v 30.317688 254.055389 6.059551
v 29.530001 254.055389 5.480608
v 30.339685 254.055389 5.673367
v 30.827244 254.055389 -2.885910
v 30.000080 254.055389 -2.802513
v 29.975859 254.055389 -2.375690
v 30.803114 254.055389 -2.462318
v 29.507797 254.055389 5.871853
v 30.317688 254.055389 6.059551
v 29.530001 254.055389 5.480608
v 30.339685 254.055389 5.673367
v 30.827244 254.055389 -2.885910
v 30.000080 254.055389 -2.802513
v 29.975859 254.055389 -2.375690
v 30.803114 254.055389 -2.462318
v 29.923746 251.505402 5.574346
v 29.897629 254.726318 5.962199
v 29.923746 254.055389 5.574346
v 30.384409 254.055389 -2.841262
v 30.384409 254.726318 -2.841262
v 30.364227 254.055389 -2.416577
v 29.833204 252.115875 6.232169
v 26.998940 252.115875 13.935859
v 29.945986 252.115875 6.273662
v 29.945986 252.115875 6.273662
v 27.111719 252.115875 13.977352
v 27.111719 252.115875 13.977352
v 29.924446 252.186523 6.265738
v 29.924446 252.186523 6.265738
v 27.090181 252.186523 13.969428
v 27.090181 252.186523 13.969428
v 29.868055 252.230179 6.244991
v 29.868055 252.230179 6.244991
v 27.033791 252.230179 13.948681
v 27.033791 252.230179 13.948681
v 29.798353 252.230179 6.219347
v 29.798353 252.230179 6.219347
v 26.964088 252.230179 13.923037
v 26.964088 252.230179 13.923037
v 29.741962 252.186523 6.198600
v 29.741962 252.186523 6.198600
v 26.907698 252.186523 13.902290
v 26.907698 252.186523 13.902290
v 29.720423 252.115875 6.190676
v 29.720423 252.115875 6.190676
v 26.886160 252.115875 13.894366
v 26.886160 252.115875 13.894366
v 29.741962 252.045242 6.198600
v 29.741962 252.045242 6.198600
v 26.907698 252.045242 13.902290
v 26.907698 252.045242 13.902290
v 29.798353 252.001587 6.219347
v 29.798353 252.001587 6.219347
v 26.964088 252.001587 13.923037
v 26.964088 252.001587 13.923037
v 29.868055 252.001587 6.244991
v 29.868055 252.001587 6.244991
v 27.033791 252.001587 13.948681
v 27.033791 252.001587 13.948681
v 29.924446 252.045242 6.265738
v 29.924446 252.045242 6.265738
v 27.090181 252.045242 13.969428
v 27.090181 252.045242 13.969428
v 29.833204 253.452393 6.232169
v 26.998940 253.452393 13.935859
v 29.945986 253.452393 6.273662
v 29.945986 253.452393 6.273662
v 27.111719 253.452393 13.977352
v 27.111719 253.452393 13.977352
v 29.924446 253.523026 6.265738
v 29.924446 253.523026 6.265738
v 27.090181 253.523026 13.969428
v 27.090181 253.523026 13.969428
v 29.868055 253.566681 6.244991
v 29.868055 253.566681 6.244991
v 27.033791 253.566681 13.948681
v 27.033791 253.566681 13.948681
v 29.798353 253.566681 6.219347
v 29.798353 253.566681 6.219347
v 26.964088 253.566681 13.923037
v 26.964088 253.566681 13.923037
v 29.741962 253.523026 6.198600
v 29.741962 253.523026 6.198600
v 26.907698 253.523026 13.902290
v 26.907698 253.523026 13.902290
v 29.720423 253.452393 6.190676
v 29.720423 253.452393 6.190676
v 26.886160 253.452393 13.894366
v 26.886160 253.452393 13.894366
v 29.741962 253.381760 6.198600
v 29.741962 253.381760 6.198600
v 26.907698 253.381760 13.902290
v 26.907698 253.381760 13.902290
v 29.798353 253.338104 6.219347
v 29.798353 253.338104 6.219347
v 26.964088 253.338104 13.923037
v 26.964088 253.338104 13.923037
v 29.868055 253.338104 6.244991
v 29.868055 253.338104 6.244991
v 27.033791 253.338104 13.948681
v 27.033791 253.338104 13.948681
v 29.924446 253.381760 6.265738
v 29.924446 253.381760 6.265738
v 27.090181 253.381760 13.969428
v 27.090181 253.381760 13.969428
v 26.580000 246.790588 14.042686
v 26.580000 251.505402 14.042686
v 27.303720 246.790588 14.451809
v 27.303720 251.505402 14.451809
v 30.322830 246.790588 6.015821
v 30.322830 251.505402 6.015821
v 29.505859 246.790588 5.861837
v 29.505859 251.505402 5.861837
v 29.361893 251.505402 6.264376
v 30.179867 251.505402 6.415289
v 26.711966 251.505402 13.673702
v 27.434057 251.505402 14.087620
v 26.580000 252.975403 14.042686
v 27.303720 252.975403 14.451809
v 26.711966 252.975403 13.673702
v 27.434057 252.975403 14.087620
v 30.322830 252.975403 6.015821
v 29.505859 252.975403 5.861837
v 29.361893 252.975403 6.264376
v 30.179867 252.975403 6.415289
v 26.580000 254.055389 14.042686
v 27.303720 254.055389 14.451809
v 26.711966 254.055389 13.673702
v 27.434057 254.055389 14.087620
v 30.322830 254.055389 6.015821
v 29.505859 254.055389 5.861837
v 29.361893 254.055389 6.264376
v 30.179867 254.055389 6.415289
v 26.580000 254.055389 14.042686
v 27.303720 254.055389 14.451809
v 26.711966 254.055389 13.673702
v 27.434057 254.055389 14.087620
v 30.322830 254.055389 6.015821
v 29.505859 254.055389 5.861837
v 29.361893 254.055389 6.264376
v 30.179867 254.055389 6.415289
v 27.063114 251.505402 13.874988
v 26.928354 254.726318 14.239613
v 27.063114 254.055389 13.874988
v 29.885452 254.055389 5.933383
v 29.885452 254.726318 5.933383
v 29.745966 254.055389 6.335016
v 6.197912 252.115875 29.870312
v -1.991422 252.115875 30.431297
v 6.206124 252.115875 29.990202
v 6.206124 252.115875 29.990202
v -1.983209 252.115875 30.551188
v -1.983209 252.115875 30.551188
v 6.204556 252.186523 29.967304
v 6.204556 252.186523 29.967304
v -1.984778 252.186523 30.528292
v -1.984778 252.186523 30.528292
v 6.200450 252.230179 29.907360
v 6.200450 252.230179 29.907360
v -1.988884 252.230179 30.468346
v -1.988884 252.230179 30.468346
v 6.195374 252.230179 29.833263
v 6.195374 252.230179 29.833263
v -1.993960 252.230179 30.394249
v -1.993960 252.230179 30.394249
v 6.191267 252.186523 29.773317
v 6.191267 252.186523 29.773317
v -1.998066 252.186523 30.334305
v -1.998066 252.186523 30.334305
v 6.189699 252.115875 29.750422
v 6.189699 252.115875 29.750422
v -1.999635 252.115875 30.311407
v -1.999635 252.115875 30.311407
v 6.191267 252.045242 29.773317
v 6.191267 252.045242 29.773317
v -1.998066 252.045242 30.334305
v -1.998066 252.045242 30.334305
v 6.195374 252.001587 29.833263
v 6.195374 252.001587 29.833263
v -1.993960 252.001587 30.394249
v -1.993960 252.001587 30.394249
v 6.200450 252.001587 29.907360
v 6.200450 252.001587 29.907360
v -1.988884 252.001587 30.468346
v -1.988884 252.001587 30.468346
v 6.204556 252.045242 29.967304
v 6.204556 252.045242 29.967304
v -1.984778 252.045242 30.528292
v -1.984778 252.045242 30.528292
v 6.197912 253.452393 29.870312
v -1.991422 253.452393 30.431297
v 6.206124 253.452393 29.990202
v 6.206124 253.452393 29.990202
v -1.983209 253.452393 30.551188
v -1.983209 253.452393 30.551188
v 6.204556 253.523026 29.967304
v 6.204556 253.523026 29.967304
v -1.984778 253.523026 30.528292
v -1.984778 253.523026 30.528292
v 6.200450 253.566681 29.907360
v 6.200450 253.566681 29.907360
v -1.988884 253.566681 30.468346
v -1.988884 253.566681 30.468346
v 6.195374 253.566681 29.833263
v 6.195374 253.566681 29.833263
v -1.993960 253.566681 30.394249
v -1.993960 253.566681 30.394249
v 6.191267 253.523026 29.773317
v 6.191267 253.523026 29.773317
v -1.998066 253.523026 30.334305
v -1.998066 253.523026 30.334305
v 6.189699 253.452393 29.750422
v 6.189699 253.452393 29.750422
v -1.999635 253.452393 30.311407
v -1.999635 253.452393 30.311407
v 6.191267 253.381760 29.773317
v 6.191267 253.381760 29.773317
v -1.998066 253.381760 30.334305
v -1.998066 253.381760 30.334305
v 6.195374 253.338104 29.833263
v 6.195374 253.338104 29.833263
v -1.993960 253.338104 30.394249
v -1.993960 253.338104 30.394249
v 6.200450 253.338104 29.907360
v 6.200450 253.338104 29.907360
v -1.988884 253.338104 30.468346
v -1.988884 253.338104 30.468346
v 6.204556 253.381760 29.967304
v 6.204556 253.381760 29.967304
v -1.984778 253.381760 30.528292
v -1.984778 253.381760 30.528292
v -2.260109 246.790588 30.092579
v -2.260109 251.505402 30.092579
v -2.337796 246.790588 30.920298
v -2.337796 251.505402 30.920298
v 6.595442 246.790588 30.228794
v 6.595442 251.505402 30.228794
v 6.402159 246.790588 29.420218
v 6.402159 251.505402 29.420218
v 5.975931 251.505402 29.453302
v 6.172428 251.505402 30.261538
v -1.869411 251.505402 30.062252
v -1.952140 251.505402 30.890444
v -2.260109 252.975403 30.092579
v -2.337796 252.975403 30.920298
v -1.869411 252.975403 30.062252
v -1.952140 252.975403 30.890444
v 6.595442 252.975403 30.228794
v 6.402159 252.975403 29.420218
v 5.975931 252.975403 29.453302
v 6.172428 252.975403 30.261538
v -2.260109 254.055389 30.092579
v -2.337796 254.055389 30.920298
v -1.869411 254.055389 30.062252
v -1.952140 254.055389 30.890444
v 6.595442 254.055389 30.228794
v 6.402159 254.055389 29.420218
v 5.975931 254.055389 29.453302
v 6.172428 254.055389 30.261538
v -2.260109 254.055389 30.092579
v -2.337796 254.055389 30.920298
v -1.869411 254.055389 30.062252
v -1.952140 254.055389 30.890444
v 6.595442 254.055389 30.228794
v 6.402159 254.055389 29.420218
v 5.975931 254.055389 29.453302
v 6.172428 254.055389 30.261538
v -1.909642 251.505402 30.464996
v -2.297503 254.726318 30.490992
v -1.909642 254.055389 30.464996
v 6.491965 254.055389 29.795910
v 6.491965 254.726318 29.795910
v 6.068396 254.055389 29.832712
v 14.443528 252.115875 26.820404
v 6.747335 252.115875 29.674961
v 14.485319 252.115875 26.933075
v 14.485319 252.115875 26.933075
v 6.789125 252.115875 29.787632
v 6.789125 252.115875 29.787632
v 14.477337 252.186523 26.911556
v 14.477337 252.186523 26.911556
v 6.781144 252.186523 29.766115
v 6.781144 252.186523 29.766115
v 14.456442 252.230179 26.855223
v 14.456442 252.230179 26.855223
v 6.760249 252.230179 29.709780
v 6.760249 252.230179 29.709780
v 14.430614 252.230179 26.785587
v 14.430614 252.230179 26.785587
v 6.734421 252.230179 29.640144
v 6.734421 252.230179 29.640144
v 14.409719 252.186523 26.729252
v 14.409719 252.186523 26.729252
v 6.713526 252.186523 29.583809
v 6.713526 252.186523 29.583809
v 14.401738 252.115875 26.707733
v 14.401738 252.115875 26.707733
v 6.705545 252.115875 29.562290
v 6.705545 252.115875 29.562290
v 14.409719 252.045242 26.729252
v 14.409719 252.045242 26.729252
v 6.713526 252.045242 29.583809
v 6.713526 252.045242 29.583809
v 14.430614 252.001587 26.785587
v 14.430614 252.001587 26.785587
v 6.734421 252.001587 29.640144
v 6.734421 252.001587 29.640144
v 14.456442 252.001587 26.855223
v 14.456442 252.001587 26.855223
v 6.760249 252.001587 29.709780
v 6.760249 252.001587 29.709780
v 14.477337 252.045242 26.911556
v 14.477337 252.045242 26.911556
v 6.781144 252.045242 29.766115
v 6.781144 252.045242 29.766115
v 14.443528 253.452393 26.820404
v 6.747335 253.452393 29.674961
v 14.485319 253.452393 26.933075
v 14.485319 253.452393 26.933075
v 6.789125 253.452393 29.787632
v 6.789125 253.452393 29.787632
v 14.477337 253.523026 26.911556
v 14.477337 253.523026 26.911556
v 6.781144 253.523026 29.766115
v 6.781144 253.523026 29.766115
v 14.456442 253.566681 26.855223
v 14.456442 253.566681 26.855223
v 6.760249 253.566681 29.709780
v 6.760249 253.566681 29.709780
v 14.430614 253.566681 26.785587
v 14.430614 253.566681 26.785587
v 6.734421 253.566681 29.640144
v 6.734421 253.566681 29.640144
v 14.409719 253.523026 26.729252
v 14.409719 253.523026 26.729252
v 6.713526 253.523026 29.583809
v 6.713526 253.523026 29.583809
v 14.401738 253.452393 26.707733
v 14.401738 253.452393 26.707733
v 6.705545 253.452393 29.562290
v 6.705545 253.452393 29.562290
v 14.409719 253.381760 26.729252
v 14.409719 253.381760 26.729252
v 6.713526 253.381760 29.583809
v 6.713526 253.381760 29.583809
v 14.430614 253.338104 26.785587
v 14.430614 253.338104 26.785587
v 6.734421 253.338104 29.640144
v 6.734421 253.338104 29.640144
v 14.456442 253.338104 26.855223
v 14.456442 253.338104 26.855223
v 6.760249 253.338104 29.709780
v 6.760249 253.338104 29.709780
v 14.477337 253.381760 26.911556
v 14.477337 253.381760 26.911556
v 6.781144 253.381760 29.766115
v 6.781144 253.381760 29.766115
v 6.393809 246.790588 29.426081
v 6.393809 251.505402 29.426081
v 6.553429 246.790588 30.241968
v 6.553429 251.505402 30.241968
v 14.926226 246.790588 27.051798
v 14.926226 251.505402 27.051798
v 14.512118 246.790588 26.330919
v 14.512118 251.505402 26.330919
v 14.112656 251.505402 26.483215
v 14.529751 251.505402 27.202862
v 6.759973 251.505402 29.286476
v 6.914890 251.505402 30.104246
v 6.393809 252.975403 29.426081
v 6.553429 252.975403 30.241968
v 6.759973 252.975403 29.286476
v 6.914890 252.975403 30.104246
v 14.926226 252.975403 27.051798
v 14.512118 252.975403 26.330919
v 14.112656 252.975403 26.483215
v 14.529751 252.975403 27.202862
v 6.393809 254.055389 29.426081
v 6.553429 254.055389 30.241968
v 6.759973 254.055389 29.286476
v 6.914890 254.055389 30.104246
v 14.926226 254.055389 27.051798
v 14.512118 254.055389 26.330919
v 14.112656 254.055389 26.483215
v 14.529751 254.055389 27.202862
v 6.393809 254.055389 29.426081
v 6.553429 254.055389 30.241968
v 6.759973 254.055389 29.286476
v 6.914890 254.055389 30.104246
v 14.926226 254.055389 27.051798
v 14.512118 254.055389 26.330919
v 14.112656 254.055389 26.483215
v 14.529751 254.055389 27.202862
v 6.835308 251.505402 29.684153
v 6.470640 254.726318 29.818798
v 6.835308 254.055389 29.684153
v 14.704526 254.055389 26.665863
v 14.704526 254.726318 26.665863
v 14.308667 254.055389 26.820976
v 21.495880 252.115875 21.558249
v 14.930543 252.115875 26.485340
v 21.568012 252.115875 21.654366
v 21.568012 252.115875 21.654366
v 15.002675 252.115875 26.581455
v 15.002675 252.115875 26.581455
v 21.554237 252.186523 21.636007
v 21.554237 252.186523 21.636007
v 14.988899 252.186523 26.563101
v 14.988899 252.186523 26.563101
v 21.518171 252.230179 21.587952
v 21.518171 252.230179 21.587952
v 14.952833 252.230179 26.515041
v 14.952833 252.230179 26.515041
v 21.473591 252.230179 21.528547
v 21.473591 252.230179 21.528547
v 14.908253 252.230179 26.455641
v 14.908253 252.230179 26.455641
v 21.437525 252.186523 21.480490
v 21.437525 252.186523 21.480490
v 14.872187 252.186523 26.407581
v 14.872187 252.186523 26.407581
v 21.423750 252.115875 21.462133
v 21.423750 252.115875 21.462133
v 14.858411 252.115875 26.389225
v 14.858411 252.115875 26.389225
v 21.437525 252.045242 21.480490
v 21.437525 252.045242 21.480490
v 14.872187 252.045242 26.407581
v 14.872187 252.045242 26.407581
v 21.473591 252.001587 21.528547
v 21.473591 252.001587 21.528547
v 14.908253 252.001587 26.455641
v 14.908253 252.001587 26.455641
v 21.518171 252.001587 21.587952
v 21.518171 252.001587 21.587952
v 14.952833 252.001587 26.515041
v 14.952833 252.001587 26.515041
v 21.554237 252.045242 21.636007
v 21.554237 252.045242 21.636007
v 14.988899 252.045242 26.563101
v 14.988899 252.045242 26.563101
v 21.495880 253.452393 21.558249
v 14.930543 253.452393 26.485340
v 21.568012 253.452393 21.654366
v 21.568012 253.452393 21.654366
v 15.002675 253.452393 26.581455
v 15.002675 253.452393 26.581455
v 21.554237 253.523026 21.636007
v 21.554237 253.523026 21.636007
v 14.988899 253.523026 26.563101
v 14.988899 253.523026 26.563101
v 21.518171 253.566681 21.587952
v 21.518171 253.566681 21.587952
v 14.952833 253.566681 26.515041
v 14.952833 253.566681 26.515041
v 21.473591 253.566681 21.528547
v 21.473591 253.566681 21.528547
v 14.908253 253.566681 26.455641
v 14.908253 253.566681 26.455641
v 21.437525 253.523026 21.480490
v 21.437525 253.523026 21.480490
v 14.872187 253.523026 26.407581
v 14.872187 253.523026 26.407581
v 21.423750 253.452393 21.462133
v 21.423750 253.452393 21.462133
v 14.858411 253.452393 26.389225
v 14.858411 253.452393 26.389225
v 21.437525 253.381760 21.480490
v 21.437525 253.381760 21.480490
v 14.872187 253.381760 26.407581
v 14.872187 253.381760 26.407581
v 21.473591 253.338104 21.528547
v 21.473591 253.338104 21.528547
v 14.908253 253.338104 26.455641
v 14.908253 253.338104 26.455641
v 21.518171 253.338104 21.587952
v 21.518171 253.338104 21.587952
v 14.952833 253.338104 26.515041
v 14.952833 253.338104 26.515041
v 21.554237 253.381760 21.636007
v 21.554237 253.381760 21.636007
v 14.988899 253.381760 26.563101
v 14.988899 253.381760 26.563101
v 14.520800 246.790588 26.347380
v 14.520800 251.505402 26.347380
v 14.906048 246.790588 27.084085
v 14.906048 251.505402 27.084085
v 22.024475 246.790588 21.642679
v 22.024475 251.505402 21.642679
v 21.422308 246.790588 21.069489
v 21.422308 251.505402 21.069489
v 21.082720 251.505402 21.329187
v 21.687399 251.505402 21.900345
v 14.832082 251.505402 26.109327
v 15.213357 251.505402 26.849176
v 14.520800 252.975403 26.347380
v 14.906048 252.975403 27.084085
v 14.832082 252.975403 26.109327
v 15.213357 252.975403 26.849176
v 22.024475 252.975403 21.642679
v 21.422308 252.975403 21.069489
v 21.082720 252.975403 21.329187
v 21.687399 252.975403 21.900345
v 14.520800 254.055389 26.347380
v 14.906048 254.055389 27.084085
v 14.832082 254.055389 26.109327
v 15.213357 254.055389 26.849176
v 22.024475 254.055389 21.642679
v 21.422308 254.055389 21.069489
v 21.082720 254.055389 21.329187
v 21.687399 254.055389 21.900345
v 14.520800 254.055389 26.347380
v 14.906048 254.055389 27.084085
v 14.832082 254.055389 26.109327
v 15.213357 254.055389 26.849176
v 22.024475 254.055389 21.642679
v 21.422308 254.055389 21.069489
v 21.082720 254.055389 21.329187
v 21.687399 254.055389 21.900345
v 15.017493 251.505402 26.469110
v 14.706235 254.726318 26.701984
v 15.017493 254.055389 26.469110
v 21.702095 254.055389 21.335812
v 21.702095 254.726318 21.335812
v 21.366760 254.055389 21.597185
v 26.801970 252.115875 14.560382
v 21.812187 252.115875 21.078201
v 26.897388 252.115875 14.633432
v 26.897388 252.115875 14.633432
v 21.907608 252.115875 21.151253
v 21.907608 252.115875 21.151253
v 26.879166 252.186523 14.619480
v 26.879166 252.186523 14.619480
v 21.889383 252.186523 21.137300
v 21.889383 252.186523 21.137300
v 26.831455 252.230179 14.582956
v 26.831455 252.230179 14.582956
v 21.841675 252.230179 21.100777
v 21.841675 252.230179 21.100777
v 26.772482 252.230179 14.537807
v 26.772482 252.230179 14.537807
v 21.782701 252.230179 21.055630
v 21.782701 252.230179 21.055630
v 26.724771 252.186523 14.501284
v 26.724771 252.186523 14.501284
v 21.734991 252.186523 21.019104
v 21.734991 252.186523 21.019104
v 26.706549 252.115875 14.487332
v 26.706549 252.115875 14.487332
v 21.716768 252.115875 21.005154
v 21.716768 252.115875 21.005154
v 26.724771 252.045242 14.501284
v 26.724771 252.045242 14.501284
v 21.734991 252.045242 21.019104
v 21.734991 252.045242 21.019104
v 26.772482 252.001587 14.537807
v 26.772482 252.001587 14.537807
v 21.782701 252.001587 21.055630
v 21.782701 252.001587 21.055630
v 26.831455 252.001587 14.582956
v 26.831455 252.001587 14.582956
v 21.841675 252.001587 21.100777
v 21.841675 252.001587 21.100777
v 26.879166 252.045242 14.619480
v 26.879166 252.045242 14.619480
v 21.889383 252.045242 21.137300
v 21.889383 252.045242 21.137300
v 26.801970 253.452393 14.560382
v 21.812187 253.452393 21.078201
v 26.897388 253.452393 14.633432
v 26.897388 253.452393 14.633432
v 21.907608 253.452393 21.151253
v 21.907608 253.452393 21.151253
v 26.879166 253.523026 14.619480
v 26.879166 253.523026 14.619480
v 21.889383 253.523026 21.137300
v 21.889383 253.523026 21.137300
v 26.831455 253.566681 14.582956
v 26.831455 253.566681 14.582956
v 21.841675 253.566681 21.100777
v 21.841675 253.566681 21.100777
v 26.772482 253.566681 14.537807
v 26.772482 253.566681 14.537807
v 21.782701 253.566681 21.055630
v 21.782701 253.566681 21.055630
v 26.724771 253.523026 14.501284
v 26.724771 253.523026 14.501284
v 21.734991 253.523026 21.019104
v 21.734991 253.523026 21.019104
v 26.706549 253.452393 14.487332
v 26.706549 253.452393 14.487332
v 21.716768 253.452393 21.005154
v 21.716768 253.452393 21.005154
v 26.724771 253.381760 14.501284
v 26.724771 253.381760 14.501284
v 21.734991 253.381760 21.019104
v 21.734991 253.381760 21.019104
v 26.772482 253.338104 14.537807
v 26.772482 253.338104 14.537807
v 21.782701 253.338104 21.055630
v 21.782701 253.338104 21.055630
v 26.831455 253.338104 14.582956
v 26.831455 253.338104 14.582956
v 21.841675 253.338104 21.100777
v 21.841675 253.338104 21.100777
v 26.879166 253.381760 14.619480
v 26.879166 253.381760 14.619480
v 21.889383 253.381760 21.137300
v 21.889383 253.381760 21.137300
v 21.380407 246.790588 21.056087
v 21.380407 251.505402 21.056087
v 21.950390 246.790588 21.661293
v 21.950390 251.505402 21.661293
v 27.333714 246.790588 14.498841
v 27.333714 251.505402 14.498841
v 26.599066 246.790588 14.109682
v 26.599066 251.505402 14.109682
v 26.342281 251.505402 14.451480
v 27.078798 251.505402 14.838003
v 21.615788 251.505402 20.742781
v 22.182793 251.505402 21.352085
v 21.380407 252.975403 21.056087
v 21.950390 252.975403 21.661293
v 21.615788 252.975403 20.742781
v 22.182793 252.975403 21.352085
v 27.333714 252.975403 14.498841
v 26.599066 252.975403 14.109682
v 26.342281 252.975403 14.451480
v 27.078798 252.975403 14.838003
v 21.380407 254.055389 21.056087
v 21.950390 254.055389 21.661293
v 21.615788 254.055389 20.742781
v 22.182793 254.055389 21.352085
v 27.333714 254.055389 14.498841
v 26.599066 254.055389 14.109682
v 26.342281 254.055389 14.451480
v 27.078798 254.055389 14.838003
v 21.380407 254.055389 21.056087
v 21.950390 254.055389 21.661293
v 21.615788 254.055389 20.742781
v 22.182793 254.055389 21.352085
v 27.333714 254.055389 14.498841
v 26.599066 254.055389 14.109682
v 26.342281 254.055389 14.451480
v 27.078798 254.055389 14.838003
v 21.891518 251.505402 21.039082
v 21.654762 254.726318 21.347397
v 21.891518 254.055389 21.039082
v 26.940409 254.055389 14.290498
v 26.940409 254.726318 14.290498
v 26.688171 254.055389 14.632758
v -2.574598 252.115875 30.463673
v -10.560142 252.115875 28.563412
v -2.602418 252.115875 30.580580
v -2.602418 252.115875 30.580580
v -10.587961 252.115875 28.680319
v -10.587961 252.115875 28.680319
v -2.597105 252.186523 30.558250
v -2.597105 252.186523 30.558250
v -10.582648 252.186523 28.657991
v -10.582648 252.186523 28.657991
v -2.583195 252.230179 30.499798
v -2.583195 252.230179 30.499798
v -10.568739 252.230179 28.599539
v -10.568739 252.230179 28.599539
v -2.566002 252.230179 30.427546
v -2.566002 252.230179 30.427546
v -10.551545 252.230179 28.527285
v -10.551545 252.230179 28.527285
v -2.552092 252.186523 30.369091
v -2.552092 252.186523 30.369091
v -10.537635 252.186523 28.468830
v -10.537635 252.186523 28.468830
v -2.546779 252.115875 30.346764
v -2.546779 252.115875 30.346764
v -10.532322 252.115875 28.446505
v -10.532322 252.115875 28.446505
v -2.552092 252.045242 30.369091
v -2.552092 252.045242 30.369091
v -10.537635 252.045242 28.468830
v -10.537635 252.045242 28.468830
v -2.566002 252.001587 30.427546
v -2.566002 252.001587 30.427546
v -10.551545 252.001587 28.527285
v -10.551545 252.001587 28.527285
v -2.583195 252.001587 30.499798
v -2.583195 252.001587 30.499798
v -10.568739 252.001587 28.599539
v -10.568739 252.001587 28.599539
v -2.597105 252.045242 30.558250
v -2.597105 252.045242 30.558250
v -10.582648 252.045242 28.657991
v -10.582648 252.045242 28.657991
v -2.574598 253.452393 30.463673
v -10.560142 253.452393 28.563412
v -2.602418 253.452393 30.580580
v -2.602418 253.452393 30.580580
v -10.587961 253.452393 28.680319
v -10.587961 253.452393 28.680319
v -2.597105 253.523026 30.558250
v -2.597105 253.523026 30.558250
v -10.582648 253.523026 28.657991
v -10.582648 253.523026 28.657991
v -2.583195 253.566681 30.499798
v -2.583195 253.566681 30.499798
v -10.568739 253.566681 28.599539
v -10.568739 253.566681 28.599539
v -2.566002 253.566681 30.427546
v -2.566002 253.566681 30.427546
v -10.551545 253.566681 28.527285
v -10.551545 253.566681 28.527285
v -2.552092 253.523026 30.369091
v -2.552092 253.523026 30.369091
v -10.537635 253.523026 28.468830
v -10.537635 253.523026 28.468830
v -2.546779 253.452393 30.346764
v -2.546779 253.452393 30.346764
v -10.532322 253.452393 28.446505
v -10.532322 253.452393 28.446505
v -2.552092 253.381760 30.369091
v -2.552092 253.381760 30.369091
v -10.537635 253.381760 28.468830
v -10.537635 253.381760 28.468830
v -2.566002 253.338104 30.427546
v -2.566002 253.338104 30.427546
v -10.551545 253.338104 28.527285
v -10.551545 253.338104 28.527285
v -2.583195 253.338104 30.499798
v -2.583195 253.338104 30.499798
v -10.568739 253.338104 28.599539
v -10.568739 253.338104 28.599539
v -2.597105 253.381760 30.558250
v -2.597105 253.381760 30.558250
v -10.582648 253.381760 28.657991
v -10.582648 253.381760 28.657991
v -10.715919 246.790588 28.160105
v -10.715919 251.505402 28.160105
v -11.036288 246.790588 28.927254
v -11.036288 251.505402 28.927254
v -2.301688 246.790588 30.924171
v -2.301688 251.505402 30.924171
v -2.245719 246.790588 30.094702
v -2.245719 251.505402 30.094702
v -2.662496 251.505402 29.999510
v -2.715296 251.505402 30.829613
v -10.333884 251.505402 28.247362
v -10.659208 251.505402 29.013460
v -10.715919 252.975403 28.160105
v -11.036288 252.975403 28.927254
v -10.333884 252.975403 28.247362
v -10.659208 252.975403 29.013460
v -2.301688 252.975403 30.924171
v -2.245719 252.975403 30.094702
v -2.662496 252.975403 29.999510
v -2.715296 252.975403 30.829613
v -10.715919 254.055389 28.160105
v -11.036288 254.055389 28.927254
v -10.333884 254.055389 28.247362
v -10.659208 254.055389 29.013460
v -2.301688 254.055389 30.924171
v -2.245719 254.055389 30.094702
v -2.662496 254.055389 29.999510
v -2.715296 254.055389 30.829613
v -10.715919 254.055389 28.160105
v -11.036288 254.055389 28.927254
v -10.333884 254.055389 28.247362
v -10.659208 254.055389 29.013460
v -2.301688 254.055389 30.924171
v -2.245719 254.055389 30.094702
v -2.662496 254.055389 29.999510
v -2.715296 254.055389 30.829613
v -10.492087 251.505402 28.619911
v -10.870125 254.726318 28.529362
v -10.492087 254.055389 28.619911
v -2.271724 254.055389 30.480101
v -2.271724 254.726318 30.480101
v -2.687069 254.055389 30.389252
v -11.127423 252.115875 28.470207
v -18.302456 252.115875 24.482876
v -11.185797 252.115875 28.575249
v -11.185797 252.115875 28.575249
v -18.360828 252.115875 24.587917
v -18.360828 252.115875 24.587917
v -11.174649 252.186523 28.555187
v -11.174649 252.186523 28.555187
v -18.349680 252.186523 24.567856
v -18.349680 252.186523 24.567856
v -11.145462 252.230179 28.502666
v -11.145462 252.230179 28.502666
v -18.320494 252.230179 24.515335
v -18.320494 252.230179 24.515335
v -11.109385 252.230179 28.437748
v -11.109385 252.230179 28.437748
v -18.284416 252.230179 24.450417
v -18.284416 252.230179 24.450417
v -11.080198 252.186523 28.385227
v -11.080198 252.186523 28.385227
v -18.255230 252.186523 24.397896
v -18.255230 252.186523 24.397896
v -11.069049 252.115875 28.365166
v -11.069049 252.115875 28.365166
v -18.244081 252.115875 24.377834
v -18.244081 252.115875 24.377834
v -11.080198 252.045242 28.385227
v -11.080198 252.045242 28.385227
v -18.255230 252.045242 24.397896
v -18.255230 252.045242 24.397896
v -11.109385 252.001587 28.437748
v -11.109385 252.001587 28.437748
v -18.284416 252.001587 24.450417
v -18.284416 252.001587 24.450417
v -11.145462 252.001587 28.502666
v -11.145462 252.001587 28.502666
v -18.320494 252.001587 24.515335
v -18.320494 252.001587 24.515335
v -11.174649 252.045242 28.555187
v -11.174649 252.045242 28.555187
v -18.349680 252.045242 24.567856
v -18.349680 252.045242 24.567856
v -11.127423 253.452393 28.470207
v -18.302456 253.452393 24.482876
v -11.185797 253.452393 28.575249
v -11.185797 253.452393 28.575249
v -18.360828 253.452393 24.587917
v -18.360828 253.452393 24.587917
v -11.174649 253.523026 28.555187
v -11.174649 253.523026 28.555187
v -18.349680 253.523026 24.567856
v -18.349680 253.523026 24.567856
v -11.145462 253.566681 28.502666
v -11.145462 253.566681 28.502666
v -18.320494 253.566681 24.515335
v -18.320494 253.566681 24.515335
v -11.109385 253.566681 28.437748
v -11.109385 253.566681 28.437748
v -18.284416 253.566681 24.450417
v -18.284416 253.566681 24.450417
v -11.080198 253.523026 28.385227
v -11.080198 253.523026 28.385227
v -18.255230 253.523026 24.397896
v -18.255230 253.523026 24.397896
v -11.069049 253.452393 28.365166
v -11.069049 253.452393 28.365166
v -18.244081 253.452393 24.377834
v -18.244081 253.452393 24.377834
v -11.080198 253.381760 28.385227
v -11.080198 253.381760 28.385227
v -18.255230 253.381760 24.397896
v -18.255230 253.381760 24.397896
v -11.109385 253.338104 28.437748
v -11.109385 253.338104 28.437748
v -18.284416 253.338104 24.450417
v -18.284416 253.338104 24.450417
v -11.145462 253.338104 28.502666
v -11.145462 253.338104 28.502666
v -18.320494 253.338104 24.515335
v -18.320494 253.338104 24.515335
v -11.174649 253.381760 28.555187
v -11.174649 253.381760 28.555187
v -18.349680 253.381760 24.567856
v -18.349680 253.381760 24.567856
v -18.343460 246.790588 24.052479
v -18.343460 251.505402 24.052479
v -18.859201 246.790588 24.704523
v -18.859201 251.505402 24.704523
v -10.989095 246.790588 28.987320
v -10.989095 251.505402 28.987320
v -10.711079 246.790588 28.203829
v -10.711079 251.505402 28.203829
v -11.086631 251.505402 27.999561
v -11.361767 251.505402 28.784517
v -17.999214 251.505402 24.239719
v -18.519444 251.505402 24.889416
v -18.343460 252.975403 24.052479
v -18.859201 252.975403 24.704523
v -17.999214 252.975403 24.239719
v -18.519444 252.975403 24.889416
v -10.989095 252.975403 28.987320
v -10.711079 252.975403 28.203829
v -11.086631 252.975403 27.999561
v -11.361767 252.975403 28.784517
v -18.343460 254.055389 24.052479
v -18.859201 254.055389 24.704523
v -17.999214 254.055389 24.239719
v -18.519444 254.055389 24.889416
v -10.989095 254.055389 28.987320
v -10.711079 254.055389 28.203829
v -11.086631 254.055389 27.999561
v -11.361767 254.055389 28.784517
v -18.343460 254.055389 24.052479
v -18.859201 254.055389 24.704523
v -17.999214 254.055389 24.239719
v -18.519444 254.055389 24.889416
v -10.989095 254.055389 28.987320
v -10.711079 254.055389 28.203829
v -11.086631 254.055389 27.999561
v -11.361767 254.055389 28.784517
v -18.252197 251.505402 24.555662
v -18.591707 254.726318 24.366333
v -18.252197 254.055389 24.555662
v -10.840255 254.055389 28.567865
v -10.840255 254.726318 28.567865
v -11.215601 254.055389 28.368164
v -18.806911 252.115875 24.174696
v -24.550217 252.115875 18.310028
v -18.892769 252.115875 24.258778
v -18.892769 252.115875 24.258778
v -24.636074 252.115875 18.394110
v -24.636074 252.115875 18.394110
v -18.876371 252.186523 24.242720
v -18.876371 252.186523 24.242720
v -24.619678 252.186523 18.378052
v -24.619678 252.186523 18.378052
v -18.833443 252.230179 24.200680
v -18.833443 252.230179 24.200680
v -24.576750 252.230179 18.336010
v -24.576750 252.230179 18.336010
v -18.780380 252.230179 24.148714
v -18.780380 252.230179 24.148714
v -24.523685 252.230179 18.284044
v -24.523685 252.230179 18.284044
v -18.737452 252.186523 24.106672
v -18.737452 252.186523 24.106672
v -24.480757 252.186523 18.242004
v -24.480757 252.186523 18.242004
v -18.721054 252.115875 24.090614
v -18.721054 252.115875 24.090614
v -24.464359 252.115875 18.225946
v -24.464359 252.115875 18.225946
v -18.737452 252.045242 24.106672
v -18.737452 252.045242 24.106672
v -24.480757 252.045242 18.242004
v -24.480757 252.045242 18.242004
v -18.780380 252.001587 24.148714
v -18.780380 252.001587 24.148714
v -24.523685 252.001587 18.284044
v -24.523685 252.001587 18.284044
v -18.833443 252.001587 24.200680
v -18.833443 252.001587 24.200680
v -24.576750 252.001587 18.336010
v -24.576750 252.001587 18.336010
v -18.876371 252.045242 24.242720
v -18.876371 252.045242 24.242720
v -24.619678 252.045242 18.378052
v -24.619678 252.045242 18.378052
v -18.806911 253.452393 24.174696
v -24.550217 253.452393 18.310028
v -18.892769 253.452393 24.258778
v -18.892769 253.452393 24.258778
v -24.636074 253.452393 18.394110
v -24.636074 253.452393 18.394110
v -18.876371 253.523026 24.242720
v -18.876371 253.523026 24.242720
v -24.619678 253.523026 18.378052
v -24.619678 253.523026 18.378052
v -18.833443 253.566681 24.200680
v -18.833443 253.566681 24.200680
v -24.576750 253.566681 18.336010
v -24.576750 253.566681 18.336010
v -18.780380 253.566681 24.148714
v -18.780380 253.566681 24.148714
v -24.523685 253.566681 18.284044
v -24.523685 253.566681 18.284044
v -18.737452 253.523026 24.106672
v -18.737452 253.523026 24.106672
v -24.480757 253.523026 18.242004
v -24.480757 253.523026 18.242004
v -18.721054 253.452393 24.090614
v -18.721054 253.452393 24.090614
v -24.464359 253.452393 18.225946
v -24.464359 253.452393 18.225946
v -18.737452 253.381760 24.106672
v -18.737452 253.381760 24.106672
v -24.480757 253.381760 18.242004
v -24.480757 253.381760 18.242004
v -18.780380 253.338104 24.148714
v -18.780380 253.338104 24.148714
v -24.523685 253.338104 18.284044
v -24.523685 253.338104 18.284044
v -18.833443 253.338104 24.200680
v -18.833443 253.338104 24.200680
v -24.576750 253.338104 18.336010
v -24.576750 253.338104 18.336010
v -18.876371 253.381760 24.242720
v -18.876371 253.381760 24.242720
v -24.619678 253.381760 18.378052
v -24.619678 253.381760 18.378052
v -24.467022 246.790588 17.885761
v -24.467022 251.505402 17.885761
v -25.147024 246.790588 18.364038
v -25.147024 251.505402 18.364038
v -18.821493 246.790588 24.709791
v -18.821493 251.505402 24.709791
v -18.331968 246.790588 24.037842
v -18.331968 251.505402 24.037842
v -18.633842 251.505402 23.735128
v -19.121025 251.505402 24.409304
v -24.190308 251.505402 18.163242
v -24.873945 251.505402 18.637989
v -24.467022 252.975403 17.885761
v -25.147024 252.975403 18.364038
v -24.190308 252.975403 18.163242
v -24.873945 252.975403 18.637989
v -18.821493 252.975403 24.709791
v -18.331968 252.975403 24.037842
v -18.633842 252.975403 23.735128
v -19.121025 252.975403 24.409304
v -24.467022 254.055389 17.885761
v -25.147024 254.055389 18.364038
v -24.190308 254.055389 18.163242
v -24.873945 254.055389 18.637989
v -18.821493 254.055389 24.709791
v -18.331968 254.055389 24.037842
v -18.633842 254.055389 23.735128
v -19.121025 254.055389 24.409304
v -24.467022 254.055389 17.885761
v -25.147024 254.055389 18.364038
v -24.190308 254.055389 18.163242
v -24.873945 254.055389 18.637989
v -18.821493 254.055389 24.709791
v -18.331968 254.055389 24.037842
v -18.633842 254.055389 23.735128
v -19.121025 254.055389 24.409304
v -24.522757 251.505402 18.394110
v -24.794333 254.726318 18.115974
v -24.522757 254.055389 18.394110
v -18.559418 254.055389 24.350052
v -18.559418 254.726318 24.350052
v -18.862396 254.055389 24.051775
v -24.952522 252.115875 17.887918
v -28.802355 252.115875 10.638181
v -25.058659 252.115875 17.944279
v -25.058659 252.115875 17.944279
v -28.908489 252.115875 10.694541
v -28.908489 252.115875 10.694541
v -25.038387 252.186523 17.933516
v -25.038387 252.186523 17.933516
v -28.888220 252.186523 10.683777
v -28.888220 252.186523 10.683777
v -24.985321 252.230179 17.905334
v -24.985321 252.230179 17.905334
v -28.835152 252.230179 10.655597
v -28.835152 252.230179 10.655597
v -24.919725 252.230179 17.870501
v -24.919725 252.230179 17.870501
v -28.769558 252.230179 10.620764
v -28.769558 252.230179 10.620764
v -24.866657 252.186523 17.842321
v -24.866657 252.186523 17.842321
v -28.716490 252.186523 10.592584
v -28.716490 252.186523 10.592584
v -24.846388 252.115875 17.831556
v -24.846388 252.115875 17.831556
v -28.696220 252.115875 10.581820
v -28.696220 252.115875 10.581820
v -24.866657 252.045242 17.842321
v -24.866657 252.045242 17.842321
v -28.716490 252.045242 10.592584
v -28.716490 252.045242 10.592584
v -24.919725 252.001587 17.870501
v -24.919725 252.001587 17.870501
v -28.769558 252.001587 10.620764
v -28.769558 252.001587 10.620764
v -24.985321 252.001587 17.905334
v -24.985321 252.001587 17.905334
v -28.835152 252.001587 10.655597
v -28.835152 252.001587 10.655597
v -25.038387 252.045242 17.933516
v -25.038387 252.045242 17.933516
v -28.888220 252.045242 10.683777
v -28.888220 252.045242 10.683777
v -24.952522 253.452393 17.887918
v -28.802355 253.452393 10.638181
v -25.058659 253.452393 17.944279
v -25.058659 253.452393 17.944279
v -28.908489 253.452393 10.694541
v -28.908489 253.452393 10.694541
v -25.038387 253.523026 17.933516
v -25.038387 253.523026 17.933516
v -28.888220 253.523026 10.683777
v -28.888220 253.523026 10.683777
v -24.985321 253.566681 17.905334
v -24.985321 253.566681 17.905334
v -28.835152 253.566681 10.655597
v -28.835152 253.566681 10.655597
v -24.919725 253.566681 17.870501
v -24.919725 253.566681 17.870501
v -28.769558 253.566681 10.620764
v -28.769558 253.566681 10.620764
v -24.866657 253.523026 17.842321
v -24.866657 253.523026 17.842321
v -28.716490 253.523026 10.592584
v -28.716490 253.523026 10.592584
v -24.846388 253.452393 17.831556
v -24.846388 253.452393 17.831556
v -28.696220 253.452393 10.581820
v -28.696220 253.452393 10.581820
v -24.866657 253.381760 17.842321
v -24.866657 253.381760 17.842321
v -28.716490 253.381760 10.592584
v -28.716490 253.381760 10.592584
v -24.919725 253.338104 17.870501
v -24.919725 253.338104 17.870501
v -28.769558 253.338104 10.620764
v -28.769558 253.338104 10.620764
v -24.985321 253.338104 17.905334
v -24.985321 253.338104 17.905334
v -28.835152 253.338104 10.655597
v -28.835152 253.338104 10.655597
v -25.038387 253.381760 17.933516
v -25.038387 253.381760 17.933516
v -28.888220 253.381760 10.683777
v -28.888220 253.381760 10.683777
v -28.602547 246.790588 10.254776
v -28.602547 251.505402 10.254776
v -29.390066 246.790588 10.521169
v -29.390066 251.505402 10.521169
v -25.117870 246.790588 18.397036
v -25.117870 251.505402 18.397036
v -24.458265 246.790588 17.890999
v -24.458265 251.505402 17.890999
v -24.662186 251.505402 17.515257
v -25.320171 251.505402 18.024092
v -28.415625 251.505402 10.599195
v -29.205631 251.505402 10.861176
v -28.602547 252.975403 10.254776
v -29.390066 252.975403 10.521169
v -28.415625 252.975403 10.599195
v -29.205631 252.975403 10.861176
v -25.117870 252.975403 18.397036
v -24.458265 252.975403 17.890999
v -24.662186 252.975403 17.515257
v -25.320171 252.975403 18.024092
v -28.602547 254.055389 10.254776
v -29.390066 254.055389 10.521169
v -28.415625 254.055389 10.599195
v -29.205631 254.055389 10.861176
v -25.117870 254.055389 18.397036
v -24.458265 254.055389 17.890999
v -24.662186 254.055389 17.515257
v -25.320171 254.055389 18.024092
v -28.602547 254.055389 10.254776
v -29.390066 254.055389 10.521169
v -28.415625 254.055389 10.599195
v -29.205631 254.055389 10.861176
v -25.117870 254.055389 18.397036
v -24.458265 254.055389 17.890999
v -24.662186 254.055389 17.515257
v -25.320171 254.055389 18.024092
v -28.799801 251.505402 10.726596
v -28.981609 254.726318 10.383001
v -28.799801 254.055389 10.726596
v -24.764740 254.055389 18.126120
v -24.764740 254.726318 18.126120
v -24.970972 254.055389 17.754322
v -26.790487 252.115875 -15.417228
v -21.779530 252.115875 -21.918781
v -26.885670 252.115875 -15.490588
v -26.885670 252.115875 -15.490588
v -21.874710 252.115875 -21.992142
v -21.874710 252.115875 -21.992142
v -26.867491 252.186523 -15.476578
v -26.867491 252.186523 -15.476578
v -21.856533 252.186523 -21.978130
v -21.856533 252.186523 -21.978130
v -26.819901 252.230179 -15.439898
v -26.819901 252.230179 -15.439898
v -21.808943 252.230179 -21.941452
v -21.808943 252.230179 -21.941452
v -26.761074 252.230179 -15.394559
v -26.761074 252.230179 -15.394559
v -21.750116 252.230179 -21.896112
v -21.750116 252.230179 -21.896112
v -26.713484 252.186523 -15.357879
v -26.713484 252.186523 -15.357879
v -21.702524 252.186523 -21.859432
v -21.702524 252.186523 -21.859432
v -26.695307 252.115875 -15.343869
v -26.695307 252.115875 -15.343869
v -21.684347 252.115875 -21.845423
v -21.684347 252.115875 -21.845423
v -26.713484 252.045242 -15.357879
v -26.713484 252.045242 -15.357879
v -21.702524 252.045242 -21.859432
v -21.702524 252.045242 -21.859432
v -26.761074 252.001587 -15.394559
v -26.761074 252.001587 -15.394559
v -21.750116 252.001587 -21.896112
v -21.750116 252.001587 -21.896112
v -26.819901 252.001587 -15.439898
v -26.819901 252.001587 -15.439898
v -21.808943 252.001587 -21.941452
v -21.808943 252.001587 -21.941452
v -26.867491 252.045242 -15.476578
v -26.867491 252.045242 -15.476578
v -21.856533 252.045242 -21.978130
v -21.856533 252.045242 -21.978130
v -26.790487 253.452393 -15.417228
v -21.779530 253.452393 -21.918781
v -26.885670 253.452393 -15.490588
v -26.885670 253.452393 -15.490588
v -21.874710 253.452393 -21.992142
v -21.874710 253.452393 -21.992142
v -26.867491 253.523026 -15.476578
v -26.867491 253.523026 -15.476578
v -21.856533 253.523026 -21.978130
v -21.856533 253.523026 -21.978130
v -26.819901 253.566681 -15.439898
v -26.819901 253.566681 -15.439898
v -21.808943 253.566681 -21.941452
v -21.808943 253.566681 -21.941452
v -26.761074 253.566681 -15.394559
v -26.761074 253.566681 -15.394559
v -21.750116 253.566681 -21.896112
v -21.750116 253.566681 -21.896112
v -26.713484 253.523026 -15.357879
v -26.713484 253.523026 -15.357879
v -21.702524 253.523026 -21.859432
v -21.702524 253.523026 -21.859432
v -26.695307 253.452393 -15.343869
v -26.695307 253.452393 -15.343869
v -21.684347 253.452393 -21.845423
v -21.684347 253.452393 -21.845423
v -26.713484 253.381760 -15.357879
v -26.713484 253.381760 -15.357879
v -21.702524 253.381760 -21.859432
v -21.702524 253.381760 -21.859432
v -26.761074 253.338104 -15.394559
v -26.761074 253.338104 -15.394559
v -21.750116 253.338104 -21.896112
v -21.750116 253.338104 -21.896112
v -26.819901 253.338104 -15.439898
v -26.819901 253.338104 -15.439898
v -21.808943 253.338104 -21.941452
v -21.808943 253.338104 -21.941452
v -26.867491 253.381760 -15.476578
v -26.867491 253.381760 -15.476578
v -21.856533 253.381760 -21.978130
v -21.856533 253.381760 -21.978130
v -21.347822 246.790588 -21.895264
v -21.347822 251.505402 -21.895264
v -21.915833 246.790588 -22.502319
v -21.915833 251.505402 -22.502319
v -27.322430 246.790588 -15.357417
v -27.322430 251.505402 -15.357417
v -26.589052 246.790588 -14.965870
v -26.589052 251.505402 -14.965870
v -26.331156 251.505402 -15.306831
v -27.066412 251.505402 -15.695748
v -21.584221 251.505402 -21.582724
v -22.149240 251.505402 -22.193869
v -21.347822 252.975403 -21.895264
v -21.915833 252.975403 -22.502319
v -21.584221 252.975403 -21.582724
v -22.149240 252.975403 -22.193869
v -27.322430 252.975403 -15.357417
v -26.589052 252.975403 -14.965870
v -26.331156 252.975403 -15.306831
v -27.066412 252.975403 -15.695748
v -21.347822 254.055389 -21.895264
v -21.915833 254.055389 -22.502319
v -21.584221 254.055389 -21.582724
v -22.149240 254.055389 -22.193869
v -27.322430 254.055389 -15.357417
v -26.589052 254.055389 -14.965870
v -26.331156 254.055389 -15.306831
v -27.066412 254.055389 -15.695748
v -21.347822 254.055389 -21.895264
v -21.915833 254.055389 -22.502319
v -21.584221 254.055389 -21.582724
v -22.149240 254.055389 -22.193869
v -27.322430 254.055389 -15.357417
v -26.589052 254.055389 -14.965870
v -26.331156 254.055389 -15.306831
v -27.066412 254.055389 -15.695748
v -21.858986 251.505402 -21.879919
v -21.621227 254.726318 -22.187462
v -21.858986 254.055389 -21.879919
v -26.929804 254.055389 -15.147796
v -26.929804 254.726318 -15.147796
v -26.676456 254.055389 -15.489234
v -29.975870 252.115875 -7.222995
v -27.008629 252.115875 -14.876451
v -30.087915 252.115875 -7.266435
v -30.087915 252.115875 -7.266435
v -27.120674 252.115875 -14.919890
v -27.120674 252.115875 -14.919890
v -30.066517 252.186523 -7.258138
v -30.066517 252.186523 -7.258138
v -27.099276 252.186523 -14.911593
v -27.099276 252.186523 -14.911593
v -30.010494 252.230179 -7.236418
v -30.010494 252.230179 -7.236418
v -27.043253 252.230179 -14.889874
v -27.043253 252.230179 -14.889874
v -29.941246 252.230179 -7.209571
v -29.941246 252.230179 -7.209571
v -26.974005 252.230179 -14.863026
v -26.974005 252.230179 -14.863026
v -29.885223 252.186523 -7.187851
v -29.885223 252.186523 -7.187851
v -26.917982 252.186523 -14.841306
v -26.917982 252.186523 -14.841306
v -29.863825 252.115875 -7.179555
v -29.863825 252.115875 -7.179555
v -26.896584 252.115875 -14.833010
v -26.896584 252.115875 -14.833010
v -29.885223 252.045242 -7.187851
v -29.885223 252.045242 -7.187851
v -26.917982 252.045242 -14.841306
v -26.917982 252.045242 -14.841306
v -29.941246 252.001587 -7.209571
v -29.941246 252.001587 -7.209571
v -26.974005 252.001587 -14.863026
v -26.974005 252.001587 -14.863026
v -30.010494 252.001587 -7.236418
v -30.010494 252.001587 -7.236418
v -27.043253 252.001587 -14.889874
v -27.043253 252.001587 -14.889874
v -30.066517 252.045242 -7.258138
v -30.066517 252.045242 -7.258138
v -27.099276 252.045242 -14.911593
v -27.099276 252.045242 -14.911593
v -29.975870 253.452393 -7.222995
v -27.008629 253.452393 -14.876451
v -30.087915 253.452393 -7.266435
v -30.087915 253.452393 -7.266435
v -27.120674 253.452393 -14.919890
v -27.120674 253.452393 -14.919890
v -30.066517 253.523026 -7.258138
v -30.066517 253.523026 -7.258138
v -27.099276 253.523026 -14.911593
v -27.099276 253.523026 -14.911593
v -30.010494 253.566681 -7.236418
v -30.010494 253.566681 -7.236418
v -27.043253 253.566681 -14.889874
v -27.043253 253.566681 -14.889874
v -29.941246 253.566681 -7.209571
v -29.941246 253.566681 -7.209571
v -26.974005 253.566681 -14.863026
v -26.974005 253.566681 -14.863026
v -29.885223 253.523026 -7.187851
v -29.885223 253.523026 -7.187851
v -26.917982 253.523026 -14.841306
v -26.917982 253.523026 -14.841306
v -29.863825 253.452393 -7.179555
v -29.863825 253.452393 -7.179555
v -26.896584 253.452393 -14.833010
v -26.896584 253.452393 -14.833010
v -29.885223 253.381760 -7.187851
v -29.885223 253.381760 -7.187851
v -26.917982 253.381760 -14.841306
v -26.917982 253.381760 -14.841306
v -29.941246 253.338104 -7.209571
v -29.941246 253.338104 -7.209571
v -26.974005 253.338104 -14.863026
v -26.974005 253.338104 -14.863026
v -30.010494 253.338104 -7.236418
v -30.010494 253.338104 -7.236418
v -27.043253 253.338104 -14.889874
v -27.043253 253.338104 -14.889874
v -30.066517 253.381760 -7.258138
v -30.066517 253.381760 -7.258138
v -27.099276 253.381760 -14.911593
v -27.099276 253.381760 -14.911593
v -26.587902 246.790588 -14.976007
v -26.587902 251.505402 -14.976007
v -27.304428 246.790588 -15.397600
v -27.304428 251.505402 -15.397600
v -30.469170 246.790588 -7.015158
v -30.469170 251.505402 -7.015158
v -29.654987 246.790588 -6.847049
v -29.654987 251.505402 -6.847050
v -29.504070 251.505402 -7.247035
v -30.319309 251.505402 -7.412090
v -26.726238 251.505402 -14.609362
v -27.441053 251.505402 -15.035723
v -26.587902 252.975403 -14.976007
v -27.304428 252.975403 -15.397600
v -26.726238 252.975403 -14.609362
v -27.441053 252.975403 -15.035723
v -30.469170 252.975403 -7.015158
v -29.654987 252.975403 -6.847050
v -29.504070 252.975403 -7.247036
v -30.319309 252.975403 -7.412090
v -26.587902 254.055389 -14.976007
v -27.304428 254.055389 -15.397600
v -26.726238 254.055389 -14.609362
v -27.441053 254.055389 -15.035723
v -30.469170 254.055389 -7.015158
v -29.654987 254.055389 -6.847050
v -29.504070 254.055389 -7.247036
v -30.319309 254.055389 -7.412090
v -26.587902 254.055389 -14.976007
v -27.304428 254.055389 -15.397600
v -26.726238 254.055389 -14.609362
v -27.441053 254.055389 -15.035723
v -30.469170 254.055389 -7.015158
v -29.654987 254.055389 -6.847050
v -29.504070 254.055389 -7.247036
v -30.319309 254.055389 -7.412090
v -27.073849 251.505402 -14.816699
v -26.932795 254.726318 -15.178936
v -27.073849 254.055389 -14.816699
v -30.033283 254.055389 -6.925158
v -30.033283 254.726318 -6.925158
v -29.886864 254.055389 -7.324315
v -30.714109 252.115875 1.545184
v -30.048052 252.115875 -6.636274
v -30.833885 252.115875 1.535433
v -30.833885 252.115875 1.535433
v -30.167828 252.115875 -6.646025
v -30.167828 252.115875 -6.646025
v -30.811010 252.186523 1.537295
v -30.811010 252.186523 1.537295
v -30.144953 252.186523 -6.644163
v -30.144953 252.186523 -6.644163
v -30.751122 252.230179 1.542171
v -30.751122 252.230179 1.542171
v -30.085064 252.230179 -6.639287
v -30.085064 252.230179 -6.639287
v -30.677097 252.230179 1.548197
v -30.677097 252.230179 1.548197
v -30.011040 252.230179 -6.633261
v -30.011040 252.230179 -6.633261
v -30.617208 252.186523 1.553073
v -30.617208 252.186523 1.553073
v -29.951151 252.186523 -6.628385
v -29.951151 252.186523 -6.628385
v -30.594334 252.115875 1.554935
v -30.594334 252.115875 1.554935
v -29.928276 252.115875 -6.626523
v -29.928276 252.115875 -6.626523
v -30.617208 252.045242 1.553073
v -30.617208 252.045242 1.553073
v -29.951151 252.045242 -6.628385
v -29.951151 252.045242 -6.628385
v -30.677097 252.001587 1.548197
v -30.677097 252.001587 1.548197
v -30.011040 252.001587 -6.633261
v -30.011040 252.001587 -6.633261
v -30.751122 252.001587 1.542171
v -30.751122 252.001587 1.542171
v -30.085064 252.001587 -6.639287
v -30.085064 252.001587 -6.639287
v -30.811010 252.045242 1.537295
v -30.811010 252.045242 1.537295
v -30.144953 252.045242 -6.644163
v -30.144953 252.045242 -6.644163
v -30.714109 253.452393 1.545184
v -30.048052 253.452393 -6.636274
v -30.833885 253.452393 1.535433
v -30.833885 253.452393 1.535433
v -30.167828 253.452393 -6.646025
v -30.167828 253.452393 -6.646025
v -30.811010 253.523026 1.537295
v -30.811010 253.523026 1.537295
v -30.144953 253.523026 -6.644163
v -30.144953 253.523026 -6.644163
v -30.751122 253.566681 1.542171
v -30.751122 253.566681 1.542171
v -30.085064 253.566681 -6.639287
v -30.085064 253.566681 -6.639287
v -30.677097 253.566681 1.548197
v -30.677097 253.566681 1.548197
v -30.011040 253.566681 -6.633261
v -30.011040 253.566681 -6.633261
v -30.617210 253.523026 1.553073
v -30.617210 253.523026 1.553073
v -29.951151 253.523026 -6.628386
v -29.951151 253.523026 -6.628386
v -30.594334 253.452393 1.554935
v -30.594334 253.452393 1.554935
v -29.928276 253.452393 -6.626523
v -29.928276 253.452393 -6.626523
v -30.617208 253.381760 1.553073
v -30.617208 253.381760 1.553073
v -29.951151 253.381760 -6.628386
v -29.951151 253.381760 -6.628386
v -30.677097 253.338104 1.548197
v -30.677097 253.338104 1.548197
v -30.011040 253.338104 -6.633261
v -30.011040 253.338104 -6.633261
v -30.751122 253.338104 1.542171
v -30.751122 253.338104 1.542171
v -30.085064 253.338104 -6.639287
v -30.085064 253.338104 -6.639287
v -30.811010 253.381760 1.537295
v -30.811010 253.381760 1.537295
v -30.144953 253.381760 -6.644163
v -30.144953 253.381760 -6.644163
v -29.673065 246.790588 -6.851467
v -29.673065 251.505402 -6.851467
v -30.479954 246.790588 -7.051672
v -30.479954 251.505402 -7.051672
v -31.127846 246.790588 1.884834
v -31.127846 251.505402 1.884834
v -30.299492 246.790588 1.814244
v -30.299492 251.505402 1.814244
v -30.268669 251.505402 1.387847
v -31.097166 251.505402 1.461666
v -29.701319 251.505402 -6.460613
v -30.507923 251.505402 -6.665876
v -29.673065 252.975403 -6.851467
v -30.479954 252.975403 -7.051672
v -29.701319 252.975403 -6.460613
v -30.507923 252.975403 -6.665876
v -31.127846 252.975403 1.884834
v -30.299492 252.975403 1.814244
v -30.268669 252.975403 1.387847
v -31.097166 252.975403 1.461666
v -29.673065 254.055389 -6.851467
v -30.479954 254.055389 -7.051672
v -29.701319 254.055389 -6.460613
v -30.507923 254.055389 -6.665876
v -31.127846 254.055389 1.884834
v -30.299492 254.055389 1.814244
v -30.268669 254.055389 1.387847
v -31.097166 254.055389 1.461666
v -29.673065 254.055389 -6.851467
v -30.479954 254.055389 -7.051672
v -29.701319 254.055389 -6.460613
v -30.507923 254.055389 -6.665876
v -31.127846 254.055389 1.884834
v -30.299492 254.055389 1.814244
v -30.268669 254.055389 1.387847
v -31.097166 254.055389 1.461666
v -30.093567 251.505402 -6.560431
v -30.061453 254.726318 -6.947833
v -30.093567 254.055389 -6.560431
v -30.684374 254.055389 1.847043
v -30.684374 254.726318 1.847043
v -30.657625 254.055389 1.422720
v -28.995153 252.115875 10.157379
v -30.564568 252.115875 2.100281
v -29.113110 252.115875 10.180355
v -29.113110 252.115875 10.180355
v -30.682522 252.115875 2.123257
v -30.682522 252.115875 2.123257
v -29.090582 252.186523 10.175967
v -29.090582 252.186523 10.175967
v -30.659994 252.186523 2.118869
v -30.659994 252.186523 2.118869
v -29.031605 252.230179 10.164479
v -29.031605 252.230179 10.164479
v -30.601019 252.230179 2.107381
v -30.601019 252.230179 2.107381
v -28.958704 252.230179 10.150279
v -28.958704 252.230179 10.150279
v -30.528118 252.230179 2.093181
v -30.528118 252.230179 2.093181
v -28.899727 252.186523 10.138791
v -28.899727 252.186523 10.138791
v -30.469139 252.186523 2.081693
v -30.469139 252.186523 2.081693
v -28.877199 252.115875 10.134403
v -28.877199 252.115875 10.134403
v -30.446613 252.115875 2.077305
v -30.446613 252.115875 2.077305
v -28.899727 252.045242 10.138791
v -28.899727 252.045242 10.138791
v -30.469139 252.045242 2.081693
v -30.469139 252.045242 2.081693
v -28.958704 252.001587 10.150279
v -28.958704 252.001587 10.150279
v -30.528118 252.001587 2.093181
v -30.528118 252.001587 2.093181
v -29.031605 252.001587 10.164479
v -29.031605 252.001587 10.164479
v -30.601019 252.001587 2.107381
v -30.601019 252.001587 2.107381
v -29.090582 252.045242 10.175967
v -29.090582 252.045242 10.175967
v -30.659994 252.045242 2.118869
v -30.659994 252.045242 2.118869
v -28.995153 253.452393 10.157379
v -30.564568 253.452393 2.100281
v -29.113110 253.452393 10.180355
v -29.113110 253.452393 10.180355
v -30.682522 253.452393 2.123257
v -30.682522 253.452393 2.123257
v -29.090582 253.523026 10.175967
v -29.090582 253.523026 10.175967
v -30.659994 253.523026 2.118869
v -30.659994 253.523026 2.118869
v -29.031605 253.566681 10.164479
v -29.031605 253.566681 10.164479
v -30.601019 253.566681 2.107381
v -30.601019 253.566681 2.107381
v -28.958704 253.566681 10.150279
v -28.958704 253.566681 10.150279
v -30.528118 253.566681 2.093181
v -30.528118 253.566681 2.093181
v -28.899727 253.523026 10.138791
v -28.899727 253.523026 10.138791
v -30.469139 253.523026 2.081693
v -30.469139 253.523026 2.081693
v -28.877199 253.452393 10.134403
v -28.877199 253.452393 10.134403
v -30.446613 253.452393 2.077305
v -30.446613 253.452393 2.077305
v -28.899727 253.381760 10.138791
v -28.899727 253.381760 10.138791
v -30.469139 253.381760 2.081693
v -30.469139 253.381760 2.081693
v -28.958704 253.338104 10.150279
v -28.958704 253.338104 10.150279
v -30.528118 253.338104 2.093181
v -30.528118 253.338104 2.093181
v -29.031605 253.338104 10.164479
v -29.031605 253.338104 10.164479
v -30.601019 253.338104 2.107381
v -30.601019 253.338104 2.107381
v -29.090582 253.381760 10.175967
v -29.090582 253.381760 10.175967
v -30.659994 253.381760 2.118869
v -30.659994 253.381760 2.118869
v -30.261677 246.790588 1.791768
v -30.261677 251.505402 1.791768
v -31.092648 246.790588 1.817038
v -31.092648 251.505402 1.817038
v -29.301723 246.790588 10.596189
v -29.301723 251.505402 10.596189
v -28.523256 246.790588 10.304397
v -28.523258 251.505402 10.304397
v -28.608797 251.505402 9.885533
v -29.386530 251.505402 10.180473
v -30.183268 251.505402 2.175718
v -31.015331 251.505402 2.196042
v -30.261677 252.975403 1.791768
v -31.092648 252.975403 1.817038
v -30.183268 252.975403 2.175718
v -31.015331 252.975403 2.196042
v -29.301723 252.975403 10.596189
v -28.523258 252.975403 10.304397
v -28.608797 252.975403 9.885533
v -29.386530 252.975403 10.180473
v -30.261677 254.055389 1.791768
v -31.092648 254.055389 1.817038
v -30.183268 254.055389 2.175718
v -31.015331 254.055389 2.196042
v -29.301723 254.055389 10.596189
v -28.523258 254.055389 10.304397
v -28.608797 254.055389 9.885533
v -29.386530 254.055389 10.180473
v -30.261677 254.055389 1.791768
v -31.092648 254.055389 1.817038
v -30.183268 254.055389 2.175718
v -31.015331 254.055389 2.196042
v -29.301723 254.055389 10.596189
v -28.523258 254.055389 10.304397
v -28.608797 254.055389 9.885533
v -29.386530 254.055389 10.180473
v -30.587894 251.505402 2.185601
v -30.661655 254.726318 1.803932
v -30.587894 254.055389 2.185601
v -28.884958 254.055389 10.439974
v -28.884958 254.726318 10.439974
v -28.973862 254.055389 10.024208
v -21.526157 252.115875 -22.364677
v -14.839736 252.115875 -27.126154
v -21.595865 252.115875 -22.462564
v -21.595865 252.115875 -22.462564
v -14.909443 252.115875 -27.224043
v -14.909443 252.115875 -27.224043
v -21.582552 252.186523 -22.443871
v -21.582552 252.186523 -22.443871
v -14.896131 252.186523 -27.205347
v -14.896131 252.186523 -27.205347
v -21.547697 252.230179 -22.394926
v -21.547697 252.230179 -22.394926
v -14.861277 252.230179 -27.156403
v -14.861277 252.230179 -27.156403
v -21.504618 252.230179 -22.334429
v -21.504618 252.230179 -22.334429
v -14.818195 252.230179 -27.095905
v -14.818195 252.230179 -27.095905
v -21.469763 252.186523 -22.285484
v -21.469763 252.186523 -22.285484
v -14.783342 252.186523 -27.046961
v -14.783342 252.186523 -27.046961
v -21.456450 252.115875 -22.266788
v -21.456450 252.115875 -22.266788
v -14.770029 252.115875 -27.028267
v -14.770029 252.115875 -27.028267
v -21.469763 252.045242 -22.285484
v -21.469763 252.045242 -22.285484
v -14.783342 252.045242 -27.046961
v -14.783342 252.045242 -27.046961
v -21.504618 252.001587 -22.334429
v -21.504618 252.001587 -22.334429
v -14.818195 252.001587 -27.095905
v -14.818195 252.001587 -27.095905
v -21.547697 252.001587 -22.394926
v -21.547697 252.001587 -22.394926
v -14.861277 252.001587 -27.156403
v -14.861277 252.001587 -27.156403
v -21.582552 252.045242 -22.443871
v -21.582552 252.045242 -22.443871
v -14.896131 252.045242 -27.205347
v -14.896131 252.045242 -27.205347
v -21.526157 253.452393 -22.364677
v -14.839736 253.452393 -27.126154
v -21.595865 253.452393 -22.462564
v -21.595865 253.452393 -22.462564
v -14.909443 253.452393 -27.224043
v -14.909443 253.452393 -27.224043
v -21.582552 253.523026 -22.443871
v -21.582552 253.523026 -22.443871
v -14.896131 253.523026 -27.205347
v -14.896131 253.523026 -27.205347
v -21.547697 253.566681 -22.394926
v -21.547697 253.566681 -22.394926
v -14.861277 253.566681 -27.156403
v -14.861277 253.566681 -27.156403
v -21.504618 253.566681 -22.334429
v -21.504618 253.566681 -22.334429
v -14.818195 253.566681 -27.095905
v -14.818195 253.566681 -27.095905
v -21.469763 253.523026 -22.285484
v -21.469763 253.523026 -22.285484
v -14.783342 253.523026 -27.046961
v -14.783342 253.523026 -27.046961
v -21.456450 253.452393 -22.266788
v -21.456450 253.452393 -22.266788
v -14.770029 253.452393 -27.028267
v -14.770029 253.452393 -27.028267
v -21.469763 253.381760 -22.285484
v -21.469763 253.381760 -22.285484
v -14.783342 253.381760 -27.046961
v -14.783342 253.381760 -27.046961
v -21.504618 253.338104 -22.334429
v -21.504618 253.338104 -22.334429
v -14.818195 253.338104 -27.095905
v -14.818195 253.338104 -27.095905
v -21.547697 253.338104 -22.394926
v -21.547697 253.338104 -22.394926
v -14.861277 253.338104 -27.156403
v -14.861277 253.338104 -27.156403
v -21.582552 253.381760 -22.443871
v -21.582552 253.381760 -22.443871
v -14.896131 253.381760 -27.205347
v -14.896131 253.381760 -27.205347
v -14.433569 246.790588 -26.977995
v -14.433569 251.505402 -26.977995
v -14.800285 246.790588 -27.724100
v -14.800285 251.505402 -27.724100
v -22.052477 246.790588 -22.462292
v -22.052477 251.505402 -22.462292
v -21.464823 246.790588 -21.874229
v -21.464823 251.505402 -21.874229
v -21.118849 251.505402 -22.125360
v -21.709064 251.505402 -22.711452
v -14.750703 251.505402 -26.747799
v -15.113369 251.505402 -27.496943
v -14.433569 252.975403 -26.977995
v -14.800285 252.975403 -27.724100
v -14.750703 252.975403 -26.747799
v -15.113369 252.975403 -27.496943
v -22.052477 252.975403 -22.462292
v -21.464823 252.975403 -21.874229
v -21.118849 252.975403 -22.125360
v -21.709064 252.975403 -22.711452
v -14.433569 254.055389 -26.977995
v -14.800285 254.055389 -27.724100
v -14.750703 254.055389 -26.747799
v -15.113369 254.055389 -27.496943
v -22.052477 254.055389 -22.462292
v -21.464823 254.055389 -21.874229
v -21.118849 254.055389 -22.125360
v -21.709064 254.055389 -22.711452
v -14.433569 254.055389 -26.977995
v -14.800285 254.055389 -27.724100
v -14.750703 254.055389 -26.747799
v -15.113369 254.055389 -27.496943
v -22.052477 254.055389 -22.462292
v -21.464823 254.055389 -21.874229
v -21.118849 254.055389 -22.125360
v -21.709064 254.055389 -22.711452
v -14.927065 251.505402 -27.112103
v -14.610083 254.726318 -27.337124
v -14.927065 254.055389 -27.112103
v -21.737865 254.055389 -22.147463
v -21.737865 254.726318 -22.147463
v -21.396105 254.055389 -22.400373
v -14.396204 252.115875 -27.491905
v -6.671915 252.115875 -30.269541
v -14.436868 252.115875 -27.604988
v -14.436868 252.115875 -27.604988
v -6.712579 252.115875 -30.382624
v -6.712579 252.115875 -30.382624
v -14.429102 252.186523 -27.583391
v -14.429102 252.186523 -27.583391
v -6.704813 252.186523 -30.361027
v -6.704813 252.186523 -30.361027
v -14.408770 252.230179 -27.526850
v -14.408770 252.230179 -27.526850
v -6.684481 252.230179 -30.304485
v -6.684481 252.230179 -30.304485
v -14.383638 252.230179 -27.456961
v -14.383638 252.230179 -27.456961
v -6.659349 252.230179 -30.234596
v -6.659349 252.230179 -30.234596
v -14.363306 252.186523 -27.400419
v -14.363306 252.186523 -27.400419
v -6.639017 252.186523 -30.178055
v -6.639017 252.186523 -30.178055
v -14.355540 252.115875 -27.378822
v -14.355540 252.115875 -27.378822
v -6.631251 252.115875 -30.156458
v -6.631251 252.115875 -30.156458
v -14.363306 252.045242 -27.400419
v -14.363306 252.045242 -27.400419
v -6.639017 252.045242 -30.178055
v -6.639017 252.045242 -30.178055
v -14.383638 252.001587 -27.456961
v -14.383638 252.001587 -27.456961
v -6.659349 252.001587 -30.234596
v -6.659349 252.001587 -30.234596
v -14.408770 252.001587 -27.526850
v -14.408770 252.001587 -27.526850
v -6.684481 252.001587 -30.304485
v -6.684481 252.001587 -30.304485
v -14.429102 252.045242 -27.583391
v -14.429102 252.045242 -27.583391
v -6.704813 252.045242 -30.361027
v -6.704813 252.045242 -30.361027
v -14.396204 253.452393 -27.491905
v -6.671915 253.452393 -30.269541
v -14.436868 253.452393 -27.604988
v -14.436868 253.452393 -27.604988
v -6.712579 253.452393 -30.382624
v -6.712579 253.452393 -30.382624
v -14.429102 253.523026 -27.583391
v -14.429102 253.523026 -27.583391
v -6.704813 253.523026 -30.361027
v -6.704813 253.523026 -30.361027
v -14.408770 253.566681 -27.526850
v -14.408770 253.566681 -27.526850
v -6.684481 253.566681 -30.304485
v -6.684481 253.566681 -30.304485
v -14.383638 253.566681 -27.456961
v -14.383638 253.566681 -27.456961
v -6.659349 253.566681 -30.234596
v -6.659349 253.566681 -30.234596
v -14.363306 253.523026 -27.400419
v -14.363306 253.523026 -27.400419
v -6.639017 253.523026 -30.178055
v -6.639017 253.523026 -30.178055
v -14.355540 253.452393 -27.378822
v -14.355540 253.452393 -27.378822
v -6.631251 253.452393 -30.156458
v -6.631251 253.452393 -30.156458
v -14.363306 253.381760 -27.400419
v -14.363306 253.381760 -27.400419
v -6.639017 253.381760 -30.178055
v -6.639017 253.381760 -30.178055
v -14.383638 253.338104 -27.456961
v -14.383638 253.338104 -27.456961
v -6.659349 253.338104 -30.234596
v -6.659349 253.338104 -30.234596
v -14.408770 253.338104 -27.526850
v -14.408770 253.338104 -27.526850
v -6.684481 253.338104 -30.304485
v -6.684481 253.338104 -30.304485
v -14.429102 253.381760 -27.583391
v -14.429102 253.381760 -27.583391
v -6.704813 253.381760 -30.361027
v -6.704813 253.381760 -30.361027
v -6.320890 246.790588 -30.017143
v -6.320890 251.505402 -30.017143
v -6.472362 246.790588 -30.834583
v -6.472362 251.505402 -30.834583
v -14.876569 246.790588 -27.728104
v -14.876569 251.505402 -27.728104
v -14.469673 246.790588 -27.003130
v -14.469673 251.505402 -27.003130
v -14.068712 251.505402 -27.151434
v -14.478606 251.505402 -27.875204
v -6.688428 251.505402 -29.881201
v -6.835179 251.505402 -30.700474
v -6.320890 252.975403 -30.017143
v -6.472362 252.975403 -30.834583
v -6.688428 252.975403 -29.881201
v -6.835179 252.975403 -30.700474
v -14.876569 252.975403 -27.728104
v -14.469673 252.975403 -27.003130
v -14.068712 252.975403 -27.151434
v -14.478606 252.975403 -27.875204
v -6.320890 254.055389 -30.017143
v -6.472362 254.055389 -30.834583
v -6.688428 254.055389 -29.881201
v -6.835179 254.055389 -30.700474
v -14.876569 254.055389 -27.728104
v -14.469673 254.055389 -27.003130
v -14.068712 254.055389 -27.151434
v -14.478606 254.055389 -27.875204
v -6.320890 254.055389 -30.017143
v -6.472362 254.055389 -30.834583
v -6.688428 254.055389 -29.881201
v -6.835179 254.055389 -30.700474
v -14.876569 254.055389 -27.728104
v -14.469673 254.055389 -27.003130
v -14.068712 254.055389 -27.151434
v -14.478606 254.055389 -27.875204
v -6.759792 251.505402 -30.279608
v -6.393799 254.726318 -30.410608
v -6.759792 254.055389 -30.279608
v -14.658731 254.055389 -27.339975
v -14.658731 254.726318 -27.339975
v -14.261343 254.055389 -27.491133
v -6.107881 252.115875 -30.446505
v 2.087513 252.115875 -30.910637
v -6.114675 252.115875 -30.566483
v -6.114675 252.115875 -30.566483
v 2.080718 252.115875 -31.030617
v 2.080718 252.115875 -31.030617
v -6.113378 252.186523 -30.543570
v -6.113378 252.186523 -30.543570
v 2.082016 252.186523 -31.007702
v 2.082016 252.186523 -31.007702
v -6.109980 252.230179 -30.483580
v -6.109980 252.230179 -30.483580
v 2.085413 252.230179 -30.947714
v 2.085413 252.230179 -30.947714
v -6.105781 252.230179 -30.409428
v -6.105781 252.230179 -30.409428
v 2.089613 252.230179 -30.873562
v 2.089613 252.230179 -30.873562
v -6.102383 252.186523 -30.349440
v -6.102383 252.186523 -30.349440
v 2.093010 252.186523 -30.813572
v 2.093010 252.186523 -30.813572
v -6.101086 252.115875 -30.326525
v -6.101086 252.115875 -30.326525
v 2.094308 252.115875 -30.790659
v 2.094308 252.115875 -30.790659
v -6.102383 252.045242 -30.349440
v -6.102383 252.045242 -30.349440
v 2.093010 252.045242 -30.813572
v 2.093010 252.045242 -30.813572
v -6.105781 252.001587 -30.409428
v -6.105781 252.001587 -30.409428
v 2.089613 252.001587 -30.873562
v 2.089613 252.001587 -30.873562
v -6.109980 252.001587 -30.483580
v -6.109980 252.001587 -30.483580
v 2.085413 252.001587 -30.947714
v 2.085413 252.001587 -30.947714
v -6.113378 252.045242 -30.543570
v -6.113378 252.045242 -30.543570
v 2.082016 252.045242 -31.007702
v 2.082016 252.045242 -31.007702
v -6.107881 253.452393 -30.446505
v 2.087513 253.452393 -30.910637
v -6.114675 253.452393 -30.566483
v -6.114675 253.452393 -30.566483
v 2.080718 253.452393 -31.030617
v 2.080718 253.452393 -31.030617
v -6.113378 253.523026 -30.543570
v -6.113378 253.523026 -30.543570
v 2.082016 253.523026 -31.007702
v 2.082016 253.523026 -31.007702
v -6.109980 253.566681 -30.483580
v -6.109980 253.566681 -30.483580
v 2.085413 253.566681 -30.947714
v 2.085413 253.566681 -30.947714
v -6.105781 253.566681 -30.409428
v -6.105781 253.566681 -30.409428
v 2.089613 253.566681 -30.873562
v 2.089613 253.566681 -30.873562
v -6.102383 253.523026 -30.349440
v -6.102383 253.523026 -30.349440
v 2.093010 253.523026 -30.813572
v 2.093010 253.523026 -30.813572
v -6.101086 253.452393 -30.326525
v -6.101086 253.452393 -30.326525
v 2.094308 253.452393 -30.790659
v 2.094308 253.452393 -30.790659
v -6.102383 253.381760 -30.349440
v -6.102383 253.381760 -30.349440
v 2.093010 253.381760 -30.813572
v 2.093010 253.381760 -30.813572
v -6.105781 253.338104 -30.409428
v -6.105781 253.338104 -30.409428
v 2.089613 253.338104 -30.873562
v 2.089613 253.338104 -30.873562
v -6.109980 253.338104 -30.483580
v -6.109980 253.338104 -30.483580
v 2.085413 253.338104 -30.947714
v 2.085413 253.338104 -30.947714
v -6.113378 253.381760 -30.543570
v -6.113378 253.381760 -30.543570
v 2.082016 253.381760 -31.007702
v 2.082016 253.381760 -31.007702
v 2.352177 246.790588 -30.568766
v 2.352177 251.505402 -30.568766
v 2.439643 246.790588 -31.395508
v 2.439643 251.505402 -31.395508
v -6.501145 246.790588 -30.809662
v -6.501145 251.505402 -30.809662
v -6.317434 246.790588 -29.998857
v -6.317434 251.505402 -29.998857
v -5.890845 251.505402 -30.026899
v -6.077774 251.505402 -30.837402
v 1.961147 251.505402 -30.543060
v 2.053662 251.505402 -31.370216
v 2.352177 252.975403 -30.568766
v 2.439643 252.975403 -31.395508
v 1.961147 252.975403 -30.543060
v 2.053662 252.975403 -31.370216
v -6.501145 252.975403 -30.809662
v -6.317434 252.975403 -29.998857
v -5.890845 252.975403 -30.026899
v -6.077774 252.975403 -30.837402
v 2.352177 254.055389 -30.568766
v 2.439643 254.055389 -31.395508
v 1.961147 254.055389 -30.543060
v 2.053662 254.055389 -31.370216
v -6.501145 254.055389 -30.809662
v -6.317434 254.055389 -29.998857
v -5.890845 254.055389 -30.026899
v -6.077774 254.055389 -30.837402
v 2.352177 254.055389 -30.568766
v 2.439643 254.055389 -31.395508
v 1.961147 254.055389 -30.543060
v 2.053662 254.055389 -31.370216
v -6.501145 254.055389 -30.809662
v -6.317434 254.055389 -29.998857
v -5.890845 254.055389 -30.026899
v -6.077774 254.055389 -30.837402
v 2.006137 251.505402 -30.945303
v 2.394278 254.726318 -30.966709
v 2.006137 254.055389 -30.945303
v -6.402792 254.055389 -30.375584
v -6.402792 254.726318 -30.375584
v -5.978818 254.055389 -30.407377
v 2.670092 252.115875 -30.935711
v 10.662069 252.115875 -29.062691
v 2.697513 252.115875 -31.052711
v 2.697513 252.115875 -31.052711
v 10.689490 252.115875 -29.179691
v 10.689490 252.115875 -29.179691
v 2.692276 252.186523 -31.030367
v 2.692276 252.186523 -31.030367
v 10.684253 252.186523 -29.157347
v 10.684253 252.186523 -29.157347
v 2.678566 252.230179 -30.971865
v 2.678566 252.230179 -30.971865
v 10.670542 252.230179 -29.098845
v 10.670542 252.230179 -29.098845
v 2.661619 252.230179 -30.899553
v 2.661619 252.230179 -30.899553
v 10.653595 252.230179 -29.026535
v 10.653595 252.230179 -29.026535
v 2.647908 252.186523 -30.841055
v 2.647908 252.186523 -30.841055
v 10.639885 252.186523 -28.968035
v 10.639885 252.186523 -28.968035
v 2.642671 252.115875 -30.818708
v 2.642671 252.115875 -30.818708
v 10.634648 252.115875 -28.945688
v 10.634648 252.115875 -28.945688
v 2.647908 252.045242 -30.841055
v 2.647908 252.045242 -30.841055
v 10.639885 252.045242 -28.968035
v 10.639885 252.045242 -28.968035
v 2.661619 252.001587 -30.899553
v 2.661619 252.001587 -30.899553
v 10.653595 252.001587 -29.026535
v 10.653595 252.001587 -29.026535
v 2.678566 252.001587 -30.971865
v 2.678566 252.001587 -30.971865
v 10.670542 252.001587 -29.098845
v 10.670542 252.001587 -29.098845
v 2.692276 252.045242 -31.030367
v 2.692276 252.045242 -31.030367
v 10.684253 252.045242 -29.157347
v 10.684253 252.045242 -29.157347
v 2.670092 253.452393 -30.935711
v 10.662069 253.452393 -29.062691
v 2.697513 253.452393 -31.052711
v 2.697513 253.452393 -31.052711
v 10.689490 253.452393 -29.179691
v 10.689490 253.452393 -29.179691
v 2.692276 253.523026 -31.030367
v 2.692276 253.523026 -31.030367
v 10.684253 253.523026 -29.157347
v 10.684253 253.523026 -29.157347
v 2.678566 253.566681 -30.971865
v 2.678566 253.566681 -30.971865
v 10.670542 253.566681 -29.098845
v 10.670542 253.566681 -29.098845
v 2.661619 253.566681 -30.899553
v 2.661619 253.566681 -30.899553
v 10.653595 253.566681 -29.026535
v 10.653595 253.566681 -29.026535
v 2.647908 253.523026 -30.841055
v 2.647908 253.523026 -30.841055
v 10.639885 253.523026 -28.968035
v 10.639885 253.523026 -28.968035
v 2.642671 253.452393 -30.818708
v 2.642671 253.452393 -30.818708
v 10.634648 253.452393 -28.945688
v 10.634648 253.452393 -28.945688
v 2.647908 253.381760 -30.841055
v 2.647908 253.381760 -30.841055
v 10.639885 253.381760 -28.968035
v 10.639885 253.381760 -28.968035
v 2.661619 253.338104 -30.899553
v 2.661619 253.338104 -30.899553
v 10.653595 253.338104 -29.026535
v 10.653595 253.338104 -29.026535
v 2.678566 253.338104 -30.971865
v 2.678566 253.338104 -30.971865
v 10.670542 253.338104 -29.098845
v 10.670542 253.338104 -29.098845
v 2.692276 253.381760 -31.030367
v 2.692276 253.381760 -31.030367
v 10.684253 253.381760 -29.157347
v 10.684253 253.381760 -29.157347
v 10.819220 246.790588 -28.659918
v 10.819220 251.505402 -28.659918
v 11.136971 246.790588 -29.428154
v 11.136971 251.505402 -29.428154
v 2.395613 246.790588 -31.395277
v 2.395613 251.505402 -31.395277
v 2.342473 246.790588 -30.565620
v 2.342473 251.505402 -30.565620
v 2.759572 251.505402 -30.471849
v 2.809541 251.505402 -31.302128
v 10.436890 251.505402 -28.745871
v 10.759600 251.505402 -29.513075
v 10.819220 252.975403 -28.659918
v 11.136971 252.975403 -29.428154
v 10.436890 252.975403 -28.745871
v 10.759600 252.975403 -29.513075
v 2.395613 252.975403 -31.395277
v 2.342473 252.975403 -30.565620
v 2.759572 252.975403 -30.471849
v 2.809541 252.975403 -31.302128
v 10.819220 254.055389 -28.659918
v 11.136971 254.055389 -29.428154
v 10.436890 254.055389 -28.745871
v 10.759600 254.055389 -29.513075
v 2.395613 254.055389 -31.395277
v 2.342473 254.055389 -30.565620
v 2.759572 254.055389 -30.471849
v 2.809541 254.055389 -31.302128
v 10.819220 254.055389 -28.659918
v 11.136971 254.055389 -29.428154
v 10.436890 254.055389 -28.745871
v 10.759600 254.055389 -29.513075
v 2.395613 254.055389 -31.395277
v 2.342473 254.055389 -30.565620
v 2.759572 254.055389 -30.471849
v 2.809541 254.055389 -31.302128
v 10.593821 251.505402 -29.118958
v 10.972166 254.726318 -29.029697
v 10.593821 254.055389 -29.118958
v 2.367164 254.055389 -30.951107
v 2.367164 254.726318 -30.951107
v 2.782816 254.055389 -30.861673
v -0.373128 247.125519 -0.068956
v -0.373128 260.017456 -0.068957
v 0.434743 247.125519 -2.195691
v 0.434743 247.125519 -2.195691
v 0.434743 258.791107 -2.195692
v 0.434743 258.791107 -2.195692
v -1.305706 247.125519 -2.144035
v -1.305706 247.125519 -2.144035
v -1.305706 258.791107 -2.144036
v -1.305706 258.791107 -2.144036
v -2.499863 247.125519 -0.876827
v -2.499863 247.125519 -0.876827
v -2.499863 258.791107 -0.876828
v -2.499863 258.791107 -0.876828
v -2.448208 247.125519 0.863622
v -2.448208 247.125519 0.863622
v -2.448208 258.791107 0.863621
v -2.448208 258.791107 0.863621
v -1.180999 247.125519 2.057779
v -1.180999 247.125519 2.057779
v -1.180999 258.791107 2.057778
v -1.180999 258.791107 2.057778
v 0.559449 247.125519 2.006124
v 0.559449 247.125519 2.006124
v 0.559449 258.791107 2.006124
v 0.559449 258.791107 2.006124
v 1.753607 247.125519 0.738915
v 1.753607 247.125519 0.738915
v 1.753607 258.791107 0.738914
v 1.753607 258.791107 0.738914
v 1.701951 247.125519 -1.001534
v 1.701951 247.125519 -1.001534
v 1.701951 258.791107 -1.001535
v 1.701951 258.791107 -1.001535
v -7.128620 255.303940 3.784693
v -2.986084 255.303940 -7.120610
v -2.925642 266.969360 -7.097651
v -7.068178 266.969360 3.807651
v 5.878004 261.071991 2.485992
v -0.144687 258.773285 -0.670333
v 0.273902 258.776062 -0.359744
v -0.689192 258.778687 -0.772231
v -1.178440 258.782501 -0.374866
v -0.986853 258.774536 0.206862
v -0.634146 258.777161 0.618178
v -0.047527 258.779663 0.655539
v 0.399101 258.781006 0.224386
v -0.163712 260.042358 -0.620248
v 0.225033 260.045135 -0.337781
v -0.667230 260.047729 -0.723363
v -1.128354 260.051544 -0.355840
v -0.937985 260.043579 0.184900
v -0.615121 260.046204 0.568093
v -0.069489 260.048706 0.606671
v 0.349016 260.050049 0.205360
v 6.180325 269.104248 -16.376534
v 0.031691 279.100983 -0.190140
v 1.781468 269.104248 -17.416380
v -2.736633 269.104248 -17.282286
v -7.066077 269.104248 -15.983389
v -10.911820 269.104248 -13.608209
v -14.011781 269.104248 -10.318611
v -16.154703 269.104248 -6.338774
v -17.194548 269.104248 -1.939917
v -17.060453 269.104248 2.578184
v -15.761559 269.104248 6.907628
v -13.386379 269.104248 10.753372
v -10.096781 269.104248 13.853333
v -6.116943 269.104248 15.996254
v -1.718087 269.104248 17.036098
v 2.800014 269.104248 16.902004
v 7.129458 269.104248 15.603110
v 10.975201 269.104248 13.227931
v 14.075162 269.104248 9.938332
v 16.218084 269.104248 5.958495
v 17.257931 269.104248 1.559638
v 17.123835 269.104248 -2.958463
v 15.824940 269.104248 -7.287908
v 13.449761 269.104248 -11.133650
v 10.160162 269.104248 -14.233611
v 5.052029 273.245026 -13.406275
v 1.460378 273.245026 -14.255306
v -2.228636 273.245026 -14.145818
v -5.763612 273.245026 -13.085274
v -8.903649 273.245026 -11.145949
v -11.434756 273.245026 -8.460002
v -13.184444 273.245026 -5.210478
v -14.033475 273.245026 -1.618828
v -13.923987 273.245026 2.070186
v -12.863444 273.245026 5.605164
v -10.924118 273.245026 8.745199
v -8.238172 273.245026 11.276306
v -4.988648 273.245026 13.025995
v -1.396997 273.245026 13.875025
v 2.292017 273.245026 13.765538
v 5.826994 273.245026 12.704994
v 8.967030 273.245026 10.765668
v 11.498137 273.245026 8.079722
v 13.247825 273.245026 4.830198
v 14.096856 273.245026 1.238547
v 13.987368 273.245026 -2.450467
v 12.926825 273.245026 -5.985443
v 10.987499 273.245026 -9.125479
v 8.301553 273.245026 -11.656587
v 3.581606 276.422363 -9.535359
v 1.041925 276.422363 -10.135714
v -1.566602 276.422363 -10.058295
v -4.066208 276.422363 -9.308377
v -6.286548 276.422363 -7.937067
v -8.076312 276.422363 -6.037816
v -9.313528 276.422363 -3.740056
v -9.913883 276.422363 -1.200375
v -9.836464 276.422363 1.408152
v -9.086546 276.422363 3.907758
v -7.715236 276.422363 6.128099
v -5.815985 276.422363 7.917862
v -3.518225 276.422363 9.155078
v -0.978544 276.422363 9.755433
v 1.629983 276.422363 9.678014
v 4.129589 276.422363 8.928096
v 6.349929 276.422363 7.556786
v 8.139693 276.422363 5.657535
v 9.376909 276.422363 3.359775
v 9.977264 276.422363 0.820094
v 9.899845 276.422363 -1.788433
v 9.149927 276.422363 -4.288038
v 7.778617 276.422363 -6.508379
v 5.879366 276.422363 -8.298143
v 1.869262 278.419708 -5.027581
v 0.554626 278.419708 -5.338348
v -0.795646 278.419708 -5.298273
v -2.089538 278.419708 -4.910087
v -3.238871 278.419708 -4.200244
v -4.165320 278.419708 -3.217120
v -4.805751 278.419708 -2.027712
v -5.116517 278.419708 -0.713076
v -5.076442 278.419708 0.637197
v -4.688256 278.419708 1.931088
v -3.978414 278.419708 3.080421
v -2.995289 278.419708 4.006870
v -1.805881 278.419708 4.647301
v -0.491245 278.419708 4.958067
v 0.859028 278.419708 4.917992
v 2.152919 278.419708 4.529806
v 3.302252 278.419708 3.819964
v 4.228701 278.419708 2.836839
v 4.869132 278.419708 1.647431
v 5.179898 278.419708 0.332796
v 5.139823 278.419708 -1.017477
v 4.751637 278.419708 -2.311368
v 4.041795 278.419708 -3.460701
v 3.058670 278.419708 -4.387151
v 5.481901 247.206100 -14.633228
v 5.741544 247.206100 -15.316741
v 5.741544 247.206100 -15.316741
v 5.741544 254.860443 -15.316741
v 5.741544 270.169128 -15.316742
v 5.741544 270.169128 -15.316742
v 5.481901 270.169128 -14.633229
v 5.481901 254.860443 -14.633228
v 5.481901 247.206100 -14.633228
v 2.891217 247.206100 -15.366318
v 3.028224 247.206100 -16.084534
v 3.028224 247.206100 -16.084534
v 3.028224 254.860443 -16.084534
v 3.028224 270.169128 -16.084536
v 3.028224 270.169128 -16.084536
v 2.891217 270.169128 -15.366319
v 2.891217 254.860443 -15.366318
v 2.891217 247.206100 -15.366318
v 0.212590 247.206100 -15.638403
v 0.222799 247.206100 -16.369497
v 0.222799 247.206100 -16.369497
v 0.222799 254.860443 -16.369497
v 0.222799 262.514771 -16.369497
v 0.222799 270.169128 -16.369499
v 0.222799 270.169128 -16.369499
v 0.212590 270.169128 -15.638404
v 0.212590 270.169128 -15.638404
v 0.212590 262.514771 -15.638404
v 0.212590 254.860443 -15.638403
v 0.212590 247.206100 -15.638403
v -2.472588 247.206100 -15.441216
v -2.589488 247.206100 -16.162977
v -2.589488 247.206100 -16.162977
v -2.589488 254.860443 -16.162977
v -2.589488 262.514771 -16.162977
v -2.589488 270.169128 -16.162979
v -2.589488 270.169128 -16.162979
v -2.472588 270.169128 -15.441217
v -2.472588 270.169128 -15.441217
v -2.472588 262.514771 -15.441217
v -2.472588 254.860443 -15.441216
v -2.472588 247.206100 -15.441216
v -5.082732 247.206100 -14.780748
v -5.323188 247.206100 -15.471244
v -5.323188 247.206100 -15.471244
v -5.323188 254.860443 -15.471244
v -5.323188 270.169128 -15.471245
v -5.323188 270.169128 -15.471245
v -5.082732 270.169128 -14.780749
v -5.082732 254.860443 -14.780748
v -5.082732 247.206100 -14.780748
v -7.538533 247.206100 -13.677067
v -7.895240 247.206100 -14.315319
v -7.895240 247.206100 -14.315319
v -7.895240 254.860443 -14.315319
v -7.895240 270.169128 -14.315320
v -7.895240 270.169128 -14.315320
v -7.538533 270.169128 -13.677068
v -7.538533 254.860443 -13.677067
v -7.538533 247.206100 -13.677067
v -9.765372 247.206100 -12.163709
v -10.227491 247.206100 -12.730322
v -10.227491 247.206100 -12.730322
v -10.227491 254.860443 -12.730322
v -10.227491 270.169128 -12.730323
v -10.227491 270.169128 -12.730323
v -9.765372 270.169128 -12.163710
v -9.765372 254.860443 -12.163709
v -9.765372 247.206100 -12.163709
v -11.695589 247.206100 -10.286655
v -12.249079 247.206100 -10.764414
v -12.249079 247.206100 -10.764414
v -12.249079 254.860443 -10.764414
v -12.249079 262.514771 -10.764415
v -12.249079 270.169128 -10.764415
v -12.249079 270.169128 -10.764415
v -11.695589 270.169128 -10.286656
v -11.695589 270.169128 -10.286656
v -11.695589 262.514771 -10.286656
v -11.695589 254.860443 -10.286655
v -11.695589 247.206100 -10.286655
v -13.270535 247.206100 -8.102939
v -13.898577 247.206100 -8.477328
v -13.898577 247.206100 -8.477328
v -13.898577 254.860443 -8.477328
v -13.898577 262.514771 -8.477329
v -13.898577 270.169128 -8.477329
v -13.898577 270.169128 -8.477329
v -13.270535 270.169128 -8.102940
v -13.270535 270.169128 -8.102940
v -13.270535 262.514771 -8.102940
v -13.270535 254.860443 -8.102939
v -13.270535 247.206100 -8.102939
v -14.442355 247.206100 -5.678912
v -15.125868 247.206100 -5.938555
v -15.125868 247.206100 -5.938555
v -15.125868 254.860443 -5.938555
v -15.125868 270.169128 -5.938557
v -15.125868 270.169128 -5.938557
v -14.442355 270.169128 -5.678914
v -14.442355 254.860443 -5.678912
v -14.442355 247.206100 -5.678912
v -15.175445 247.206100 -3.088228
v -15.893661 247.206100 -3.225234
v -15.893661 247.206100 -3.225234
v -15.893661 254.860443 -3.225234
v -15.893661 270.169128 -3.225235
v -15.893661 270.169128 -3.225235
v -15.175445 270.169128 -3.088229
v -15.175445 254.860443 -3.088228
v -15.175445 247.206100 -3.088228
v -15.447530 247.206100 -0.409601
v -16.178625 247.206100 -0.419810
v -16.178625 247.206100 -0.419810
v -16.178625 254.860443 -0.419810
v -16.178625 270.169128 -0.419811
v -16.178625 270.169128 -0.419811
v -15.447530 270.169128 -0.409602
v -15.447530 254.860443 -0.409601
v -15.447530 247.206100 -0.409601
v -15.250343 247.206100 2.275577
v -15.972104 247.206100 2.392478
v -15.972104 247.206100 2.392478
v -15.972104 254.860443 2.392477
v -15.972104 262.514771 2.392476
v -15.972104 270.169128 2.392476
v -15.972104 270.169128 2.392476
v -15.250343 270.169128 2.275575
v -15.250343 270.169128 2.275575
v -15.250343 262.514771 2.275576
v -15.250343 254.860443 2.275577
v -15.250343 247.206100 2.275577
v -14.589875 247.206100 4.885721
v -15.280371 247.206100 5.126178
v -15.280371 247.206100 5.126178
v -15.280371 254.860443 5.126178
v -15.280371 262.514771 5.126177
v -15.280371 270.169128 5.126176
v -15.280371 270.169128 5.126176
v -14.589875 270.169128 4.885719
v -14.589875 270.169128 4.885719
v -14.589875 262.514771 4.885720
v -14.589875 254.860443 4.885721
v -14.589875 247.206100 4.885721
v -13.486194 247.206100 7.341522
v -14.124446 247.206100 7.698229
v -14.124446 247.206100 7.698229
v -14.124446 254.860443 7.698229
v -14.124446 270.169128 7.698227
v -14.124446 270.169128 7.698227
v -13.486194 270.169128 7.341520
v -13.486194 254.860443 7.341522
v -13.486194 247.206100 7.341522
v -11.972835 247.206100 9.568361
v -12.539449 247.206100 10.030480
v -12.539449 247.206100 10.030480
v -12.539449 254.860443 10.030480
v -12.539449 270.169128 10.030479
v -12.539449 270.169128 10.030479
v -11.972835 270.169128 9.568360
v -11.972835 254.860443 9.568361
v -11.972835 247.206100 9.568361
v -10.095782 247.206100 11.498578
v -10.573541 247.206100 12.052068
v -10.573541 247.206100 12.052068
v -10.573541 254.860443 12.052068
v -10.573541 270.169128 12.052067
v -10.573541 270.169128 12.052067
v -10.095782 270.169128 11.498577
v -10.095782 254.860443 11.498578
v -10.095782 247.206100 11.498578
v -7.912066 247.206100 13.073524
v -8.286454 247.206100 13.701567
v -8.286454 247.206100 13.701567
v -8.286454 254.860443 13.701567
v -8.286454 262.514771 13.701566
v -8.286454 270.169128 13.701566
v -8.286454 270.169128 13.701566
v -7.912066 270.169128 13.073523
v -7.912066 270.169128 13.073523
v -7.912066 262.514771 13.073523
v -7.912066 254.860443 13.073524
v -7.912066 247.206100 13.073524
v -5.488039 247.206100 14.245344
v -5.747681 247.206100 14.928857
v -5.747681 247.206100 14.928857
v -5.747681 254.860443 14.928857
v -5.747681 262.514771 14.928856
v -5.747681 270.169128 14.928856
v -5.747681 270.169128 14.928856
v -5.488039 270.169128 14.245343
v -5.488039 270.169128 14.245343
v -5.488039 262.514771 14.245343
v -5.488039 254.860443 14.245344
v -5.488039 247.206100 14.245344
v -2.897354 247.206100 14.978434
v -3.034361 247.206100 15.696650
v -3.034361 247.206100 15.696650
v -3.034361 254.860443 15.696650
v -3.034361 270.169128 15.696649
v -3.034361 270.169128 15.696649
v -2.897354 270.169128 14.978433
v -2.897354 254.860443 14.978434
v -2.897354 247.206100 14.978434
v -0.218728 247.206100 15.250519
v -0.228937 247.206100 15.981614
v -0.228937 247.206100 15.981614
v -0.228937 254.860443 15.981614
v -0.228937 270.169128 15.981613
v -0.228937 270.169128 15.981613
v -0.218728 270.169128 15.250518
v -0.218728 254.860443 15.250519
v -0.218728 247.206100 15.250519
v 2.466451 247.206100 15.053332
v 2.583350 247.206100 15.775093
v 2.583350 247.206100 15.775093
v 2.583350 254.860443 15.775093
v 2.583350 270.169128 15.775092
v 2.583350 270.169128 15.775092
v 2.466451 270.169128 15.053331
v 2.466451 254.860443 15.053332
v 2.466451 247.206100 15.053332
v 5.076594 247.206100 14.392864
v 5.317051 247.206100 15.083360
v 5.317051 247.206100 15.083360
v 5.317051 254.860443 15.083360
v 5.317051 262.514771 15.083359
v 5.317051 270.169128 15.083359
v 5.317051 270.169128 15.083359
v 5.076594 270.169128 14.392863
v 5.076594 270.169128 14.392863
v 5.076594 262.514771 14.392863
v 5.076594 254.860443 14.392864
v 5.076594 247.206100 14.392864
v 7.532395 247.206100 13.289183
v 7.889102 247.206100 13.927435
v 7.889102 247.206100 13.927435
v 7.889102 254.860443 13.927435
v 7.889102 262.514771 13.927434
v 7.889102 270.169128 13.927434
v 7.889102 270.169128 13.927434
v 7.532395 270.169128 13.289182
v 7.532395 270.169128 13.289182
v 7.532395 262.514771 13.289182
v 7.532395 254.860443 13.289183
v 7.532395 247.206100 13.289183
v 9.759235 247.206100 11.775825
v 10.221353 247.206100 12.342438
v 10.221353 247.206100 12.342438
v 10.221353 254.860443 12.342438
v 10.221353 270.169128 12.342437
v 10.221353 270.169128 12.342437
v 9.759235 270.169128 11.775824
v 9.759235 254.860443 11.775825
v 9.759235 247.206100 11.775825
v 11.689451 247.206100 9.898771
v 12.242941 247.206100 10.376530
v 12.242941 247.206100 10.376530
v 12.242941 254.860443 10.376530
v 12.242941 270.169128 10.376529
v 12.242941 270.169128 10.376529
v 11.689451 270.169128 9.898770
v 11.689451 254.860443 9.898771
v 11.689451 247.206100 9.898771
v 13.264397 247.206100 7.715055
v 13.892440 247.206100 8.089444
v 13.892440 247.206100 8.089444
v 13.892440 254.860443 8.089444
v 13.892440 270.169128 8.089443
v 13.892440 270.169128 8.089443
v 13.264397 270.169128 7.715054
v 13.264397 254.860443 7.715055
v 13.264397 247.206100 7.715055
v 14.436217 247.206100 5.291028
v 15.119731 247.206100 5.550672
v 15.119731 247.206100 5.550672
v 15.119731 254.860443 5.550671
v 15.119731 262.514771 5.550670
v 15.119731 270.169128 5.550670
v 15.119731 270.169128 5.550670
v 14.436217 270.169128 5.291027
v 14.436217 270.169128 5.291027
v 14.436217 262.514771 5.291027
v 14.436217 254.860443 5.291028
v 14.436217 247.206100 5.291028
v 15.169307 247.206100 2.700343
v 15.887523 247.206100 2.837350
v 15.887523 247.206100 2.837350
v 15.887523 254.860443 2.837350
v 15.887523 262.514771 2.837349
v 15.887523 270.169128 2.837348
v 15.887523 270.169128 2.837348
v 15.169307 270.169128 2.700341
v 15.169307 270.169128 2.700341
v 15.169307 262.514771 2.700342
v 15.169307 254.860443 2.700343
v 15.169307 247.206100 2.700343
v 15.441392 247.206100 0.021717
v 16.172487 247.206100 0.031926
v 16.172487 247.206100 0.031926
v 16.172487 254.860443 0.031926
v 16.172487 270.169128 0.031925
v 16.172487 270.169128 0.031925
v 15.441392 270.169128 0.021716
v 15.441392 254.860443 0.021717
v 15.441392 247.206100 0.021717
v 15.244205 247.206100 -2.663460
v 15.965966 247.206100 -2.780361
v 17.088596 247.206100 -2.673061
v 17.088596 254.860443 -2.673061
v 15.965966 270.169128 -2.780363
v 15.965966 270.169128 -2.780363
v 15.244205 270.169128 -2.663462
v 16.381269 254.860443 -2.858249
v 16.381269 247.206100 -2.858249
v 14.583737 247.206100 -5.273604
v 15.274233 247.206100 -5.514061
v 17.562330 247.206100 -5.452843
v 17.562330 254.860443 -5.452843
v 15.274233 270.169128 -5.514063
v 15.274233 270.169128 -5.514063
v 14.583737 270.169128 -5.273606
v 16.833593 254.860443 -5.512391
v 16.833593 247.206100 -5.512391
v 13.480056 247.206100 -7.729405
v 14.118308 247.206100 -8.086113
v 14.118308 247.206100 -8.086113
v 14.118308 254.860443 -8.086113
v 14.118308 270.169128 -8.086114
v 14.118308 270.169128 -8.086114
v 13.480056 270.169128 -7.729407
v 13.480056 254.860443 -7.729406
v 13.480056 247.206100 -7.729405
v 11.966698 247.206100 -9.956245
v 12.533311 247.206100 -10.418365
v 12.533311 247.206100 -10.418365
v 12.533311 254.860443 -10.418365
v 12.533311 262.514771 -10.418365
v 12.533311 270.169128 -10.418365
v 12.533311 270.169128 -10.418365
v 11.966698 270.169128 -9.956246
v 11.966698 270.169128 -9.956246
v 11.966698 262.514771 -9.956246
v 11.966698 254.860443 -9.956245
v 11.966698 247.206100 -9.956245
v 10.089644 247.206100 -11.886462
v 10.567403 247.206100 -12.439952
v 10.567403 247.206100 -12.439952
v 10.567403 254.860443 -12.439952
v 10.567403 262.514771 -12.439953
v 10.567403 270.169128 -12.439953
v 10.567403 270.169128 -12.439953
v 10.089644 270.169128 -11.886463
v 10.089644 270.169128 -11.886463
v 10.089644 262.514771 -11.886463
v 10.089644 254.860443 -11.886462
v 10.089644 247.206100 -11.886462
v 7.905928 247.206100 -13.461408
v 8.280317 247.206100 -14.089451
v 8.280317 247.206100 -14.089451
v 8.280317 254.860443 -14.089451
v 8.280317 270.169128 -14.089452
v 8.280317 270.169128 -14.089452
v 7.905928 270.169128 -13.461409
v 7.905928 254.860443 -13.461408
v 7.905928 247.206100 -13.461408
v 5.424291 254.860443 -14.481569
v 5.424291 270.169128 -14.481570
v 2.860817 254.860443 -15.206959
v 2.860817 270.169128 -15.206960
v 0.132859 254.860443 -15.484054
v 0.132859 262.514771 -15.484055
v 0.132859 270.169128 -15.484055
v 10.046791 254.860443 -11.718105
v 10.046791 262.514771 -11.718106
v 10.046791 270.169128 -11.718106
v 7.822858 254.860443 -13.322056
v 7.822858 270.169128 -13.322057
v -2.371165 254.860443 -15.300170
v -2.371165 262.514771 -15.300171
v -2.371165 270.169128 -15.300171
v -5.029379 254.860443 -14.627539
v -5.029379 270.169128 -14.627540
v -7.459386 254.860443 -13.535450
v -7.459386 270.169128 -13.535451
v -9.662836 254.860443 -12.037987
v -9.662836 270.169128 -12.037988
v -11.628602 254.860443 -10.126364
v -11.628602 262.514771 -10.126365
v -11.628602 270.169128 -10.126365
v -13.097294 254.860443 -8.089972
v -13.097294 262.514771 -8.089973
v -13.097294 270.169128 -8.089973
v -14.290695 254.860443 -5.621302
v -14.290695 270.169128 -5.621304
v -15.016085 254.860443 -3.057828
v -15.016085 270.169128 -3.057830
v -15.285313 254.860443 -0.407336
v -15.285313 270.169128 -0.407337
v -15.084494 254.860443 2.327295
v -15.084494 262.514771 2.327294
v -15.084494 270.169128 2.327293
v -14.468584 254.860443 4.761346
v -14.468584 262.514771 4.761345
v -14.468584 270.169128 4.761344
v -13.344577 254.860443 7.262375
v -13.344577 270.169128 7.262373
v -11.847114 254.860443 9.465825
v -11.847114 270.169128 9.465824
v -9.989775 254.860443 11.375769
v -9.989775 270.169128 11.375768
v -7.765842 254.860443 12.979720
v -7.765842 262.514771 12.979719
v -7.765842 270.169128 12.979719
v -5.505352 254.860443 14.072483
v -5.505352 262.514771 14.072482
v -5.505352 270.169128 14.072482
v -2.866955 254.860443 14.819075
v -2.866955 270.169128 14.819074
v -0.216463 254.860443 15.088302
v -0.216463 270.169128 15.088301
v 2.440513 254.860443 14.893186
v 2.440513 270.169128 14.893185
v 5.098727 254.860443 14.220554
v 5.098727 262.514771 14.220553
v 5.098727 270.169128 14.220553
v 7.388848 254.860443 13.191333
v 7.388848 262.514771 13.191332
v 7.388848 270.169128 13.191332
v 9.656699 254.860443 11.650103
v 9.656699 270.169128 11.650102
v 11.566642 254.860443 9.792764
v 11.566642 270.169128 9.792763
v 13.125045 254.860443 7.631985
v 13.125045 270.169128 7.631983
v 14.318447 254.860443 5.163315
v 14.318447 262.514771 5.163314
v 14.318447 270.169128 5.163313
v 15.002079 254.860443 2.747410
v 15.002079 262.514771 2.747409
v 15.002079 270.169128 2.747408
v 15.279175 254.860443 0.019452
v 15.279175 270.169128 0.019451
v 16.224327 254.860443 -2.899339
v 15.084059 270.169128 -2.637525
v 16.671900 254.860443 -5.525604
v 14.430528 270.169128 -5.220253
v 13.338440 254.860443 -7.650259
v 13.338440 270.169128 -7.650260
v 11.797210 254.860443 -9.918110
v 11.797210 262.514771 -9.918111
v 11.797210 270.169128 -9.918111
v 16.139355 247.206100 -0.017774
v 16.139355 254.860443 -0.017774
v 15.474931 254.860443 -0.322974
v 15.474931 247.206100 -0.322974
v 17.546164 247.206100 -8.272657
v 17.546164 254.860443 -8.272657
v 16.818157 254.860443 -8.204756
v 16.818157 247.206100 -8.204756
v 15.327508 254.860443 -0.390693
v 16.656626 254.860443 -8.189692
v -0.003069 -1.433618 -0.193923
v -0.003069 247.350021 -0.193942
v 15.471164 -1.433621 -40.930130
v 15.471164 -1.433621 -40.930130
v 15.453332 6.520690 -40.883186
v 15.419823 14.475001 -40.794971
v 15.370638 22.429312 -40.665489
v 15.305776 30.383623 -40.494743
v 15.225237 38.337933 -40.282726
v 15.129022 46.292244 -40.029438
v 15.017131 54.246555 -39.734882
v 14.889562 62.200867 -39.399055
v 14.746318 70.155182 -39.021961
v 14.587396 78.109489 -38.603603
v 14.412799 86.063805 -38.143970
v 14.222524 94.018112 -37.643070
v 14.016573 101.972427 -37.100899
v 13.794945 109.926735 -36.517460
v 13.557641 117.881050 -35.892754
v 13.304661 125.835358 -35.226776
v 13.036003 133.789673 -34.519535
v 12.751670 141.743988 -33.771019
v 12.451659 149.698288 -32.981239
v 12.135972 157.652603 -32.150185
v 11.804609 165.606918 -31.277866
v 11.457569 173.561218 -30.364277
v 11.094852 181.515533 -29.409420
v 10.716459 189.469849 -28.413292
v 10.322389 197.424164 -27.375896
v 9.912643 205.378464 -26.297234
v 9.487220 213.332779 -25.177299
v 9.046120 221.287094 -24.016098
v 8.589344 229.241409 -22.813627
v 8.116891 237.195709 -21.569885
v 7.628762 245.150024 -20.284880
v 7.628762 245.150024 -20.284880
v 3.367634 -1.433621 -43.639622
v 3.367634 -1.433621 -43.639622
v 3.301234 6.513345 -42.783783
v 3.293939 14.463172 -42.689754
v 3.345736 22.429312 -43.357384
v 3.331608 30.383623 -43.175278
v 3.314064 38.337933 -42.949158
v 3.293106 46.292244 -42.679024
v 3.268733 54.246555 -42.364872
v 3.240945 62.200867 -42.006710
v 3.209743 70.155182 -41.604534
v 3.175125 78.109489 -41.158348
v 3.137093 86.063805 -40.668144
v 3.095646 94.018112 -40.133926
v 3.050785 101.972427 -39.555698
v 3.002508 109.926735 -38.933453
v 2.950817 117.881050 -38.267193
v 2.895711 125.835358 -37.556919
v 2.837190 133.789673 -36.802639
v 2.775255 141.743988 -36.004337
v 2.709904 149.698288 -35.162022
v 2.641139 157.652603 -34.275696
v 2.568960 165.606918 -33.345356
v 2.493365 173.561218 -32.370998
v 2.414356 181.515533 -31.352633
v 2.331931 189.469849 -30.290249
v 2.246092 197.424164 -29.183855
v 2.156839 205.378464 -28.033443
v 2.064170 213.332779 -26.839020
v 1.968087 221.287094 -25.600586
v 1.868589 229.241409 -24.318132
v 1.765676 237.195709 -22.991669
v 1.659348 245.150024 -21.621191
v 1.659348 245.150024 -21.621191
v -9.008971 -1.433621 -42.829403
v -9.008971 -1.433621 -42.829403
v -8.998593 6.520689 -42.780270
v -8.979091 14.475001 -42.687943
v -8.950466 22.429312 -42.552425
v -8.912716 30.383623 -42.373718
v -8.865844 38.337933 -42.151814
v -8.809847 46.292244 -41.886719
v -8.744727 54.246555 -41.578426
v -8.670483 62.200867 -41.226944
v -8.587115 70.155182 -40.832268
v -8.494624 78.109489 -40.394402
v -8.393009 86.063805 -39.913342
v -8.282271 94.018112 -39.389088
v -8.162409 101.972427 -38.821640
v -8.033423 109.926735 -38.210999
v -7.895314 117.881050 -37.557163
v -7.748080 125.835358 -36.860138
v -7.591724 133.789673 -36.119923
v -7.426243 141.743988 -35.336510
v -7.251639 149.698288 -34.509903
v -7.067911 157.652603 -33.640106
v -6.875060 165.606918 -32.727112
v -6.673085 173.561218 -31.770931
v -6.461986 181.515533 -30.771553
v -6.241764 189.469849 -29.728983
v -6.012418 197.424164 -28.643221
v -5.773948 205.378464 -27.514265
v -5.526355 213.332779 -26.342115
v -5.269638 221.287094 -25.126776
v -5.003797 229.241409 -23.868240
v -4.728833 237.195709 -22.566513
v -4.444745 245.150024 -21.221594
v -4.444745 245.150024 -21.221594
v -20.655972 -1.433621 -38.565109
v -20.655972 -1.433621 -38.565109
v -20.632172 6.520690 -38.520889
v -20.587448 14.475001 -38.437801
v -20.521803 22.429312 -38.315838
v -20.435234 30.383623 -38.155003
v -20.327742 38.337933 -37.955292
v -20.199327 46.292244 -37.716709
v -20.049990 54.246555 -37.439255
v -19.879728 62.200867 -37.122925
v -19.688545 70.155182 -36.767723
v -19.476439 78.109489 -36.373653
v -19.243408 86.063805 -35.940708
v -18.989456 94.018112 -35.468887
v -18.714581 101.972427 -34.958195
v -18.418783 109.926735 -34.408627
v -18.102060 117.881050 -33.820190
v -17.764418 125.835358 -33.192875
v -17.405849 133.789673 -32.526695
v -17.026360 141.743988 -31.821638
v -16.625948 149.698288 -31.077707
v -16.204611 157.652603 -30.294903
v -15.762352 165.606918 -29.473228
v -15.299170 173.561218 -28.612680
v -14.815065 181.515533 -27.713257
v -14.310037 189.469849 -26.774961
v -13.784086 197.424164 -25.797796
v -13.237213 205.378464 -24.781755
v -12.669416 213.332779 -23.726841
v -12.080696 221.287094 -22.633057
v -11.471054 229.241409 -21.500397
v -10.840488 237.195709 -20.328865
v -10.189000 245.150024 -19.118462
v -10.189000 245.150024 -19.118462
v -30.629795 -1.433620 -31.192211
v -30.629795 -1.433620 -31.192211
v -30.594503 6.520690 -31.156490
v -30.528181 14.475002 -31.089367
v -30.430834 22.429314 -30.990837
v -30.302458 30.383625 -30.860905
v -30.143057 38.337933 -30.699572
v -29.952625 46.292244 -30.506830
v -29.731171 54.246555 -30.282686
v -29.478685 62.200867 -30.027140
v -29.195173 70.155182 -29.740191
v -28.880636 78.109489 -29.421837
v -28.535070 86.063805 -29.072079
v -28.158478 94.018112 -28.690920
v -27.750858 101.972427 -28.278353
v -27.312210 109.926735 -27.834385
v -26.842537 117.881050 -27.359015
v -26.341835 125.835358 -26.852238
v -25.810106 133.789673 -26.314060
v -25.247351 141.743988 -25.744478
v -24.653568 149.698288 -25.143492
v -24.028757 157.652603 -24.511101
v -23.372919 165.606918 -23.847309
v -22.686054 173.561218 -23.152111
v -21.968164 181.515533 -22.425510
v -21.219246 189.469849 -21.667505
v -20.439299 197.424164 -20.878099
v -19.628325 205.378464 -20.057287
v -18.786325 213.332779 -19.205070
v -17.913298 221.287094 -18.321455
v -17.009241 229.241409 -17.406431
v -16.074160 237.195709 -16.460005
v -15.108051 245.150024 -15.482176
v -15.108051 245.150024 -15.482176
v -38.122425 -1.433619 -21.308018
v -38.122425 -1.433619 -21.308018
v -38.078499 6.520691 -21.283686
v -37.995953 14.475002 -21.237967
v -37.874786 22.429314 -21.170855
v -37.715008 30.383625 -21.082352
v -37.516609 38.337936 -20.972462
v -37.279591 46.292248 -20.841179
v -37.003956 54.246559 -20.688507
v -36.689705 62.200871 -20.514444
v -36.336834 70.155182 -20.318995
v -35.945347 78.109489 -20.102150
v -35.515240 86.063805 -19.863916
v -35.046516 94.018112 -19.604296
v -34.539173 101.972427 -19.323282
v -33.993214 109.926735 -19.020878
v -33.408638 117.881050 -18.697086
v -32.785442 125.835358 -18.351902
v -32.123631 133.789673 -17.985329
v -31.423201 141.743988 -17.597366
v -30.684153 149.698288 -17.188011
v -29.906487 157.652603 -16.757267
v -29.090202 165.606918 -16.305134
v -28.235300 173.561218 -15.831609
v -27.341782 181.515533 -15.336694
v -26.409643 189.469849 -14.820388
v -25.438889 197.424164 -14.282694
v -24.429518 205.378464 -13.723608
v -23.381527 213.332779 -13.143133
v -22.294918 221.287094 -12.541268
v -21.169691 229.241409 -11.918013
v -20.005848 237.195709 -11.273366
v -18.803387 245.150024 -10.607330
v -18.803387 245.150024 -10.607330
v -42.526852 -1.433619 -9.713284
v -42.526852 -1.433619 -9.713284
v -42.477848 6.520692 -9.702315
v -42.385765 14.475003 -9.681701
v -42.250603 22.429316 -9.651444
v -42.072357 30.383627 -9.611543
v -41.851036 38.337936 -9.561999
v -41.586632 46.292248 -9.502810
v -41.279152 54.246559 -9.433978
v -40.928589 62.200871 -9.355502
v -40.534946 70.155182 -9.267383
v -40.098225 78.109489 -9.169618
v -39.618423 86.063805 -9.062211
v -39.095539 94.018112 -8.945159
v -38.529579 101.972427 -8.818463
v -37.920540 109.926735 -8.682124
v -37.268417 117.881050 -8.536141
v -36.573219 125.835358 -8.380514
v -35.834938 133.789673 -8.215244
v -35.053577 141.743988 -8.040330
v -34.229137 149.698288 -7.855772
v -33.361618 157.652603 -7.661569
v -32.451015 165.606918 -7.457724
v -31.497337 173.561218 -7.244233
v -30.500580 181.515533 -7.021100
v -29.460739 189.469849 -6.788322
v -28.377821 197.424164 -6.545901
v -27.251822 205.378464 -6.293837
v -26.082745 213.332779 -6.032127
v -24.870586 221.287094 -5.760775
v -23.615349 229.241409 -5.479778
v -22.317030 237.195709 -5.189138
v -20.975632 245.150024 -4.888854
v -20.975632 245.150024 -4.888854
v -43.486256 -1.433618 2.652651
v -43.486256 -1.433618 2.652651
v -43.436146 6.520693 2.649370
v -43.341984 14.475004 2.643206
v -43.203770 22.429316 2.634157
v -43.021507 30.383627 2.622225
v -42.795189 38.337936 2.607408
v -42.524822 46.292248 2.589708
v -42.210403 54.246559 2.569125
v -41.851933 62.200871 2.545657
v -41.449409 70.155182 2.519306
v -41.002834 78.109489 2.490071
v -40.512207 86.063805 2.457952
v -39.977528 94.018112 2.422950
v -39.398796 101.972427 2.385063
v -38.776016 109.926735 2.344293
v -38.109180 117.881050 2.300639
v -37.398296 125.835358 2.254101
v -36.643360 133.789673 2.204679
v -35.844372 141.743988 2.152373
v -35.001331 149.698288 2.097185
v -34.114239 157.652603 2.039111
v -33.183094 165.606918 1.978155
v -32.207897 173.561218 1.914314
v -31.188650 181.515533 1.847589
v -30.125351 189.469849 1.777982
v -29.018000 197.424164 1.705489
v -27.866596 205.378464 1.630113
v -26.671141 213.332779 1.551854
v -25.431635 221.287094 1.470710
v -24.148077 229.241409 1.386684
v -22.820467 237.195709 1.299772
v -21.448807 245.150024 1.209978
v -21.448807 245.150024 1.209978
v -40.922909 -1.433617 14.787974
v -40.922909 -1.433617 14.787974
v -40.875751 6.520694 14.770708
v -40.787140 14.475005 14.738265
v -40.657078 22.429317 14.690644
v -40.485558 30.383629 14.627845
v -40.272579 38.337936 14.549869
v -40.018150 46.292248 14.456715
v -39.722267 54.246559 14.348382
v -39.384930 62.200871 14.224873
v -39.006134 70.155182 14.086184
v -38.585884 78.109489 13.932319
v -38.124180 86.063805 13.763275
v -37.621021 94.018112 13.579054
v -37.076408 101.972427 13.379656
v -36.490337 109.926735 13.165077
v -35.862816 117.881050 12.935325
v -35.193836 125.835358 12.690392
v -34.483402 133.789673 12.430281
v -33.731514 141.743988 12.154993
v -32.938171 149.698288 11.864528
v -32.103374 157.652603 11.558885
v -31.227119 165.606918 11.238063
v -30.309414 173.561218 10.902063
v -29.350250 181.515533 10.550887
v -28.349632 189.469849 10.184532
v -27.307560 197.424164 9.802999
v -26.224033 205.378464 9.406290
v -25.099051 213.332779 8.994401
v -23.932613 221.287094 8.567335
v -22.724722 229.241409 8.125092
v -21.475374 237.195709 7.667670
v -20.184572 245.150024 7.195071
v -20.184572 245.150024 7.195071
v -35.044479 -1.433616 25.709553
v -35.044479 -1.433616 25.709553
v -35.004097 6.520695 25.679701
v -34.928215 14.475006 25.623606
v -34.816837 22.429317 25.541271
v -34.669956 30.383629 25.432693
v -34.487576 38.337940 25.297873
v -34.269695 46.292248 25.136810
v -34.016319 54.246559 24.949509
v -33.727440 62.200871 24.735962
v -33.403065 70.155182 24.496172
v -33.043186 78.109489 24.230141
v -32.647808 86.063805 23.937870
v -32.216930 94.018112 23.619352
v -31.750555 101.972427 23.274595
v -31.248680 109.926735 22.903597
v -30.711304 117.881050 22.506353
v -30.138430 125.835358 22.082870
v -29.530054 133.789673 21.633146
v -28.886181 141.743988 21.157175
v -28.206806 149.698288 20.654966
v -27.491934 157.652603 20.126514
v -26.741562 165.606918 19.571817
v -25.955688 173.561218 18.990881
v -25.134315 181.515533 18.383703
v -24.277445 189.469849 17.750282
v -23.385073 197.424164 17.090616
v -22.457203 205.378464 16.404713
v -21.493832 213.332779 15.692564
v -20.494963 221.287094 14.954174
v -19.460592 229.241409 14.189542
v -18.390722 237.195709 13.398667
v -17.285355 245.150024 12.581552
v -17.285355 245.150024 12.581552
v -26.327202 -1.433615 34.532585
v -26.327202 -1.433615 34.532585
v -26.296867 6.520695 34.492565
v -26.239862 14.475007 34.417370
v -26.156191 22.429317 34.306988
v -26.045851 30.383629 34.161427
v -25.908840 38.337940 33.980682
v -25.745165 46.292252 33.764763
v -25.554819 54.246563 33.513660
v -25.337805 62.200874 33.227379
v -25.094124 70.155182 32.905918
v -24.823772 78.109489 32.549271
v -24.526754 86.063805 32.157444
v -24.203068 94.018112 31.730442
v -23.852711 101.972427 31.268257
v -23.475687 109.926735 30.770891
v -23.071995 117.881050 30.238342
v -22.641636 125.835358 29.670616
v -22.184607 133.789673 29.067709
v -21.700909 141.743988 28.429619
v -21.190544 149.698288 27.756350
v -20.653509 157.652603 27.047901
v -20.089808 165.606918 26.304270
v -19.499437 173.561218 25.525459
v -18.882399 181.515533 24.711468
v -18.238691 189.469849 23.862297
v -17.568316 197.424164 22.977943
v -16.871271 205.378464 22.058411
v -16.147560 213.332779 21.103697
v -15.397180 221.287094 20.113802
v -14.620131 229.241409 19.088728
v -13.816414 237.195709 18.028473
v -12.986028 245.150024 16.933037
v -12.986028 245.150024 16.933037
v -15.477302 -1.433615 40.542282
v -15.477302 -1.433615 40.542282
v -15.459470 6.520696 40.495338
v -15.425961 14.475007 40.407127
v -15.376775 22.429319 40.277645
v -15.311914 30.383631 40.106892
v -15.231375 38.337940 39.894871
v -15.135160 46.292252 39.641582
v -15.023268 54.246563 39.347027
v -14.895700 62.200874 39.011204
v -14.752455 70.155182 38.634106
v -14.593534 78.109489 38.215740
v -14.418936 86.063805 37.756107
v -14.228662 94.018112 37.255207
v -14.022711 101.972427 36.713036
v -13.801083 109.926735 36.129597
v -13.563779 117.881050 35.504890
v -13.310798 125.835358 34.838913
v -13.042141 133.789673 34.131664
v -12.757807 141.743988 33.383152
v -12.457797 149.698288 32.593369
v -12.142110 157.652603 31.762316
v -11.810746 165.606918 30.889994
v -11.463706 173.561218 29.976404
v -11.100990 181.515533 29.021547
v -10.722596 189.469849 28.025419
v -10.328527 197.424164 26.988020
v -9.918780 205.378464 25.909355
v -9.493357 213.332779 24.789423
v -9.052258 221.287094 23.628218
v -8.595482 229.241409 22.425747
v -8.123029 237.195709 21.182005
v -7.634900 245.150024 19.896996
v -7.634900 245.150024 19.896996
v -3.373771 -1.433615 43.251774
v -3.373771 -1.433615 43.251774
v -3.369887 6.520696 43.201710
v -3.362588 14.475007 43.107632
v -3.351874 22.429319 42.969536
v -3.337745 30.383631 42.787426
v -3.320202 38.337940 42.561306
v -3.299244 46.292252 42.291168
v -3.274871 54.246563 41.977020
v -3.247083 62.200874 41.618858
v -3.215880 70.155182 41.216682
v -3.181263 78.109489 40.770489
v -3.143231 86.063805 40.280285
v -3.101784 94.018112 39.746067
v -3.056922 101.972427 39.167835
v -3.008646 109.926735 38.545589
v -2.956955 117.881050 37.879330
v -2.901849 125.835358 37.169060
v -2.843328 133.789673 36.414768
v -2.781393 141.743988 35.616470
v -2.716042 149.698288 34.774155
v -2.647277 157.652603 33.887825
v -2.575097 165.606918 32.957485
v -2.499503 173.561218 31.983130
v -2.420493 181.515533 30.964760
v -2.338069 189.469849 29.902376
v -2.252230 197.424164 28.795979
v -2.162976 205.378464 27.645567
v -2.070308 213.332779 26.451143
v -1.974225 221.287094 25.212706
v -1.874727 229.241409 23.930252
v -1.771814 237.195709 22.603788
v -1.665486 245.150024 21.233305
v -1.665486 245.150024 21.233305
v 9.002834 -1.433615 42.441555
v 9.002834 -1.433615 42.441555
v 8.992455 6.520696 42.392426
v 8.972953 14.475007 42.300098
v 8.944328 22.429319 42.164581
v 8.906579 30.383631 41.985867
v 8.859706 38.337940 41.763962
v 8.803709 46.292252 41.498863
v 8.738589 54.246563 41.190575
v 8.664345 62.200874 40.839088
v 8.580978 70.155182 40.444416
v 8.488487 78.109489 40.006542
v 8.386872 86.063805 39.525478
v 8.276133 94.018112 39.001225
v 8.156271 101.972427 38.433777
v 8.027285 109.926735 37.823135
v 7.889176 117.881050 37.169304
v 7.741943 125.835358 36.472275
v 7.585586 133.789673 35.732052
v 7.420106 141.743988 34.948639
v 7.245501 149.698288 34.122036
v 7.061774 157.652603 33.252235
v 6.868922 165.606918 32.339245
v 6.666947 173.561218 31.383059
v 6.455848 181.515533 30.383680
v 6.235626 189.469849 29.341110
v 6.006280 197.424164 28.255344
v 5.767810 205.378464 27.126389
v 5.520217 213.332779 25.954239
v 5.263500 221.287094 24.738895
v 4.997659 229.241409 23.480360
v 4.722695 237.195709 22.178633
v 4.438607 245.150024 20.833710
v 4.438607 245.150024 20.833710
v 20.649834 -1.433615 38.177265
v 20.649834 -1.433615 38.177265
v 20.626034 6.520696 38.133045
v 20.581310 14.475007 38.049953
v 20.515665 22.429319 37.927990
v 20.429096 30.383629 37.767151
v 20.321604 38.337940 37.567440
v 20.193190 46.292252 37.328857
v 20.043852 54.246563 37.051403
v 19.873590 62.200874 36.735073
v 19.682407 70.155182 36.379871
v 19.470301 78.109489 35.985794
v 19.237270 86.063805 35.552845
v 18.983318 94.018112 35.081024
v 18.708443 101.972427 34.570332
v 18.412645 109.926735 34.020767
v 18.095924 117.881050 33.432327
v 17.758280 125.835358 32.805016
v 17.399712 133.789673 32.138828
v 17.020222 141.743988 31.433769
v 16.619808 149.698288 30.689838
v 16.198473 157.652603 29.907034
v 15.756214 165.606918 29.085356
v 15.293032 173.561218 28.224806
v 14.808927 181.515533 27.325384
v 14.303899 189.469849 26.387089
v 13.777949 197.424164 25.409920
v 13.231075 205.378464 24.393879
v 12.663278 213.332779 23.338964
v 12.074558 221.287094 22.245176
v 11.464916 229.241409 21.112516
v 10.834350 237.195709 19.940985
v 10.182862 245.150024 18.730577
v 10.182862 245.150024 18.730577
v 30.623659 -1.433616 30.804365
v 30.623659 -1.433616 30.804365
v 30.588366 6.520695 30.768644
v 30.522043 14.475006 30.701517
v 30.424696 22.429317 30.602987
v 30.296322 30.383629 30.473055
v 30.136917 38.337940 30.311716
v 29.946489 46.292252 30.118977
v 29.725033 54.246563 29.894833
v 29.472548 62.200874 29.639286
v 29.189037 70.155182 29.352333
v 28.874498 78.109489 29.033979
v 28.528933 86.063805 28.684221
v 28.152340 94.018112 28.303059
v 27.744720 101.972427 27.890491
v 27.306072 109.926735 27.446524
v 26.836399 117.881050 26.971149
v 26.335697 125.835358 26.464373
v 25.803968 133.789673 25.926195
v 25.241213 141.743988 25.356609
v 24.647430 149.698288 24.755623
v 24.022619 157.652603 24.123232
v 23.366781 165.606918 23.459436
v 22.679918 173.561218 22.764238
v 21.962027 181.515533 22.037638
v 21.213106 189.469849 21.279633
v 20.433161 197.424164 20.490223
v 19.622189 205.378464 19.669411
v 18.780188 213.332779 18.817194
v 17.907160 221.287094 17.933575
v 17.003105 229.241409 17.018551
v 16.068024 237.195709 16.072124
v 15.101913 245.150024 15.094294
v 15.101913 245.150024 15.094294
v 38.116287 -1.433616 20.920172
v 38.116287 -1.433616 20.920172
v 38.072361 6.520694 20.895840
v 37.989815 14.475006 20.850117
v 37.868652 22.429317 20.783005
v 37.708870 30.383629 20.694502
v 37.510471 38.337936 20.584608
v 37.273453 46.292248 20.453325
v 36.997818 54.246559 20.300653
v 36.683567 62.200871 20.126591
v 36.330696 70.155182 19.931135
v 35.939205 78.109489 19.714293
v 35.509102 86.063805 19.476059
v 35.040379 94.018112 19.216434
v 34.533035 101.972427 18.935421
v 33.987076 109.926735 18.633017
v 33.402500 117.881050 18.309221
v 32.779305 125.835358 17.964037
v 32.117493 133.789673 17.597462
v 31.417063 141.743988 17.209497
v 30.678015 149.698288 16.800142
v 29.900349 157.652603 16.369398
v 29.084064 165.606918 15.917262
v 28.229162 173.561218 15.443736
v 27.335644 181.515533 14.948821
v 26.403505 189.469849 14.432513
v 25.432753 197.424164 13.894817
v 24.423380 205.378464 13.335732
v 23.375387 213.332779 12.755255
v 22.288780 221.287094 12.153388
v 21.163553 229.241409 11.530132
v 19.999710 237.195709 10.885484
v 18.797249 245.150024 10.219448
v 18.797249 245.150024 10.219448
v 42.520714 -1.433617 9.325438
v 42.520714 -1.433617 9.325438
v 42.471710 6.520693 9.314467
v 42.379627 14.475005 9.293853
v 42.244465 22.429316 9.263595
v 42.066219 30.383627 9.223693
v 41.844898 38.337936 9.174148
v 41.580494 46.292248 9.114957
v 41.273014 54.246559 9.046124
v 40.922451 62.200871 8.967647
v 40.528809 70.155182 8.879525
v 40.092087 78.109489 8.781760
v 39.612286 86.063805 8.674352
v 39.089405 94.018112 8.557300
v 38.523441 101.972427 8.430602
v 37.914402 109.926735 8.294261
v 37.262280 117.881050 8.148278
v 36.567081 125.835358 7.992650
v 35.828800 133.789673 7.827378
v 35.047440 141.743988 7.652462
v 34.223000 149.698288 7.467903
v 33.355480 157.652603 7.273699
v 32.444881 165.606918 7.069853
v 31.491199 173.561218 6.856361
v 30.494440 181.515533 6.633226
v 29.454601 189.469849 6.400448
v 28.371683 197.424164 6.158025
v 27.245686 205.378464 5.905959
v 26.076607 213.332779 5.644249
v 24.864449 221.287094 5.372895
v 23.609209 229.241409 5.091897
v 22.310892 237.195709 4.801255
v 20.969494 245.150024 4.500970
v 20.969494 245.150024 4.500970
v 43.480118 -1.433618 -3.040497
v 43.480118 -1.433618 -3.040497
v 43.430008 6.520693 -3.037217
v 43.335846 14.475004 -3.031054
v 43.197632 22.429316 -3.022007
v 43.015369 30.383627 -3.010075
v 42.789051 38.337936 -2.995260
v 42.518684 46.292248 -2.977561
v 42.204266 54.246559 -2.956979
v 41.845795 62.200871 -2.933513
v 41.443272 70.155182 -2.907162
v 40.996696 78.109489 -2.877929
v 40.506069 86.063805 -2.845811
v 39.971390 94.018112 -2.810810
v 39.392658 101.972427 -2.772925
v 38.769878 109.926735 -2.732155
v 38.103043 117.881050 -2.688503
v 37.392159 125.835358 -2.641966
v 36.637222 133.789673 -2.592545
v 35.838234 141.743988 -2.540241
v 34.995193 149.698288 -2.485053
v 34.108101 157.652603 -2.426981
v 33.176956 165.606918 -2.366025
v 32.201759 173.561218 -2.302186
v 31.182512 181.515533 -2.235463
v 30.119211 189.469849 -2.165856
v 29.011862 197.424164 -2.093365
v 27.860458 205.378464 -2.017991
v 26.665005 213.332779 -1.939732
v 25.425497 221.287094 -1.858590
v 24.141939 229.241409 -1.774564
v 22.814329 237.195709 -1.687654
v 21.442669 245.150024 -1.597860
v 21.442669 245.150024 -1.597860
v 40.916767 -1.433619 -15.175820
v 40.916767 -1.433619 -15.175820
v 40.869614 6.520692 -15.158556
v 40.781002 14.475003 -15.126113
v 40.650936 22.429314 -15.078494
v 40.479420 30.383625 -15.015695
v 40.266445 38.337936 -14.937720
v 40.012012 46.292248 -14.844568
v 39.716129 54.246559 -14.736236
v 39.378792 62.200871 -14.612728
v 38.999996 70.155182 -14.474041
v 38.579746 78.109489 -14.320176
v 38.118042 86.063805 -14.151134
v 37.614883 94.018112 -13.966913
v 37.070271 101.972427 -13.767517
v 36.484200 109.926735 -13.552941
v 35.856678 117.881050 -13.323188
v 35.187698 125.835358 -13.078257
v 34.477264 133.789673 -12.818148
v 33.725376 141.743988 -12.542860
v 32.932034 149.698288 -12.252397
v 32.097237 157.652603 -11.946754
v 31.220984 165.606918 -11.625934
v 30.303274 173.561218 -11.289936
v 29.344112 181.515533 -10.938761
v 28.343494 189.469849 -10.572407
v 27.301422 197.424164 -10.190876
v 26.217896 205.378464 -9.794167
v 25.092913 213.332779 -9.382280
v 23.926476 221.287094 -8.955215
v 22.718584 229.241409 -8.512972
v 21.469236 237.195709 -8.055552
v 20.178434 245.150024 -7.582954
v 20.178434 245.150024 -7.582954
v 35.038342 -1.433620 -26.097399
v 35.038342 -1.433620 -26.097399
v 34.997959 6.520691 -26.067547
v 34.922077 14.475002 -26.011457
v 34.810699 22.429314 -25.929121
v 34.663818 30.383625 -25.820543
v 34.481438 38.337933 -25.685726
v 34.263561 46.292244 -25.524664
v 34.010181 54.246555 -25.337362
v 33.721302 62.200871 -25.123816
v 33.396927 70.155182 -24.884029
v 33.037048 78.109489 -24.617998
v 32.641670 86.063805 -24.325727
v 32.210793 94.018112 -24.007214
v 31.744417 101.972427 -23.662457
v 31.242542 109.926735 -23.291458
v 30.705168 117.881050 -22.894218
v 30.132292 125.835358 -22.470736
v 29.523916 133.789673 -22.021011
v 28.880043 141.743988 -21.545044
v 28.200668 149.698288 -21.042835
v 27.485796 157.652603 -20.514383
v 26.735422 165.606918 -19.959690
v 25.949551 173.561218 -19.378754
v 25.128180 181.515533 -18.771576
v 24.271307 189.469849 -18.138155
v 23.378937 197.424164 -17.478493
v 22.451065 205.378464 -16.792589
v 21.487694 213.332779 -16.080441
v 20.488825 221.287094 -15.342054
v 19.454454 229.241409 -14.577422
v 18.384586 237.195709 -13.786551
v 17.279217 245.150024 -12.969434
v 17.279217 245.150024 -12.969434
v 26.321064 -1.433621 -34.920429
v 26.321064 -1.433621 -34.920429
v 26.290730 6.520690 -34.880413
v 26.233725 14.475001 -34.805214
v 26.150053 22.429314 -34.694836
v 26.039713 30.383625 -34.549278
v 25.902704 38.337933 -34.368538
v 25.739027 46.292244 -34.152618
v 25.548681 54.246555 -33.901516
v 25.331667 62.200867 -33.615234
v 25.087984 70.155182 -33.293770
v 24.817635 78.109489 -32.937130
v 24.520617 86.063805 -32.545307
v 24.196930 94.018112 -32.118301
v 23.846573 101.972427 -31.656118
v 23.469549 109.926735 -31.158752
v 23.065859 117.881050 -30.626207
v 22.635496 125.835358 -30.058481
v 22.178469 133.789673 -29.455574
v 21.694771 141.743988 -28.817488
v 21.184406 149.698288 -28.144218
v 20.647371 157.652603 -27.435770
v 20.083670 165.606918 -26.692142
v 19.493299 173.561218 -25.913332
v 18.876261 181.515533 -25.099340
v 18.232553 189.469849 -24.250170
v 17.562178 197.424164 -23.365820
v 16.865133 205.378464 -22.446287
v 16.141422 213.332779 -21.491573
v 15.391042 221.287094 -20.501682
v 14.613993 229.241409 -19.476608
v 13.810276 237.195709 -18.416353
v 12.979891 245.150024 -17.320921
v 12.979891 245.150024 -17.320921
v 11.171163 246.250031 -29.610315
v 2.430978 246.250031 -31.566891
v -6.506399 246.250031 -30.981815
v -14.916914 246.250031 -27.902491
v -22.119200 246.250031 -22.578382
v -27.529766 246.250031 -15.440821
v -30.710283 246.250031 -7.068049
v -31.403086 246.250031 1.861622
v -29.552046 246.250031 10.624764
v -25.307121 246.250031 18.511440
v -19.012217 246.250031 24.882715
v -11.177301 246.250031 29.222431
v -2.437116 246.250031 31.179007
v 6.500261 246.250031 30.593931
v 14.910777 246.250031 27.514606
v 22.113062 246.250031 22.190498
v 27.523628 246.250031 15.052938
v 30.704145 246.250031 6.680166
v 31.396948 246.250031 -2.249506
v 29.545908 246.250031 -11.012647
v 25.300985 246.250031 -18.899324
v 19.006079 246.250031 -25.270599
v 11.171163 247.350021 -29.610315
v 2.430978 247.350021 -31.566891
v -6.506399 247.350021 -30.981815
v -14.916914 247.350021 -27.902491
v -22.119200 247.350021 -22.578382
v -27.529766 247.350021 -15.440822
v -30.710283 247.350021 -7.068049
v -31.403086 247.350021 1.861622
v -29.552046 247.350021 10.624763
v -25.307121 247.350021 18.511440
v -19.012217 247.350021 24.882715
v -11.177301 247.350021 29.222431
v -2.437116 247.350021 31.179007
v 6.500261 247.350021 30.593931
v 14.910777 247.350021 27.514606
v 22.113062 247.350021 22.190498
v 27.523628 247.350021 15.052938
v 30.704145 247.350021 6.680166
v 31.396948 247.350021 -2.249506
v 29.545908 247.350021 -11.012648
v 25.300985 247.350021 -18.899324
v 19.006079 247.350021 -25.270599
v 15.296405 -1.438620 -40.149467
v 15.278576 6.513494 -40.102535
v 15.245078 14.463411 -40.014374
v 15.195901 22.415525 -39.884930
v 3.305117 -1.438723 -42.833832
v 3.283228 22.415239 -42.551701
v -8.956713 -1.438620 -42.031124
v -8.946336 6.513494 -41.982010
v -8.926837 14.463411 -41.889732
v -8.898214 22.415525 -41.754253
v 15.050574 38.310978 -39.502491
v 14.954359 46.265285 -39.249203
v 3.139401 38.310978 -42.168922
v 3.118443 46.265285 -41.898788
v 14.715020 62.160759 -38.619358
v 14.571775 70.115074 -38.242264
v 3.066403 62.160759 -41.227016
v 3.035200 70.115074 -40.824841
v 14.238423 86.010582 -37.365021
v 14.048149 93.964890 -36.864120
v 2.962718 86.010582 -39.889198
v 2.921271 93.964890 -39.354980
v 13.620784 109.860443 -35.739468
v 13.383480 117.814751 -35.114761
v 2.828347 109.860443 -38.155460
v 2.776656 117.814751 -37.489201
v 12.862102 133.710358 -33.742702
v 12.577768 141.664658 -32.994190
v 2.663289 133.710358 -36.025806
v 2.601354 141.664658 -35.227505
v 11.962376 157.560333 -31.374718
v 11.631013 165.514633 -30.502399
v 2.467543 157.560333 -33.500229
v 2.395364 165.514633 -32.569889
v 10.921606 181.410385 -28.635515
v 10.543213 189.364685 -27.639387
v 2.241110 181.410385 -30.578728
v 2.158685 189.364685 -29.516346
v 9.739790 205.260513 -25.525087
v 9.314367 213.214828 -24.405155
v 1.983987 205.260513 -27.261301
v 1.891318 213.214828 -26.066875
v 8.416929 229.110733 -22.043432
v 7.944476 237.065048 -20.799694
v 1.696173 229.110733 -23.547939
v 1.593261 237.065048 -22.221474
vn -0.8530 -0.0000 -0.5218
vn 0.4697 0.3083 -0.8272
vn 0.8530 -0.0000 0.5220
vn -0.8529 -0.0000 -0.5220
vn 0.2907 0.8083 -0.5120
vn 0.8530 -0.0000 0.5219
vn -0.0000 1.0000 -0.0000
vn 0.8531 -0.0000 0.5218
vn -0.8531 -0.0000 -0.5218
vn -0.2907 0.8083 0.5120
vn -0.8529 -0.0000 -0.5221
vn -0.4697 0.3083 0.8272
vn 0.8529 -0.0000 0.5221
vn -0.8531 -0.0000 -0.5217
vn -0.4697 -0.3084 0.8272
vn 0.8531 -0.0000 0.5217
vn -0.2907 -0.8083 0.5120
vn 0.8529 0.0001 0.5221
vn -0.0000 -1.0000 -0.0000
vn 0.8529 -0.0000 0.5220
vn -0.8530 -0.0000 -0.5220
vn 0.2907 -0.8083 -0.5120
vn 0.8528 -0.0000 0.5222
vn -0.8530 -0.0000 -0.5219
vn 0.4697 -0.3084 -0.8272
vn 0.4696 0.3083 -0.8273
vn -0.8528 -0.0000 -0.5222
vn -0.4696 0.3083 0.8273
vn 0.8528 0.0001 0.5222
vn 0.4851 -0.0000 -0.8745
vn -0.4849 -0.0000 0.8746
vn -0.7664 -0.0000 -0.6424
vn 0.7698 -0.0000 0.6383
vn -0.0000 0.1240 0.9923
vn -0.9208 -0.0000 -0.3901
vn -0.0000 0.9988 0.0480
vn -0.2193 0.5867 -0.7796
vn 0.2590 0.6446 0.7193
vn 0.9221 -0.0000 0.3869
vn -0.4848 -0.0000 0.8746
vn -0.0000 -0.0000 1.0000
vn -0.7594 0.6470 0.0691
vn 0.7507 0.6282 -0.2044
vn -0.7121 -0.0000 -0.7021
vn 0.6676 0.3090 -0.6773
vn 0.7121 -0.0000 0.7021
vn -0.7123 -0.0000 -0.7019
vn 0.4126 0.8090 -0.4187
vn 0.7122 -0.0000 0.7019
vn -0.7123 -0.0000 -0.7018
vn 0.7124 -0.0000 0.7018
vn -0.4126 0.8090 0.4187
vn 0.7123 -0.0000 0.7019
vn -0.6676 0.3090 0.6773
vn -0.7124 -0.0000 -0.7017
vn -0.6676 -0.3090 0.6774
vn 0.7125 -0.0000 0.7017
vn -0.7120 -0.0000 -0.7022
vn -0.4126 -0.8090 0.4187
vn 0.7120 -0.0000 0.7022
vn 0.7123 -0.0000 0.7018
vn -0.7120 -0.0000 -0.7021
vn 0.4126 -0.8090 -0.4187
vn 0.6676 -0.3090 -0.6774
vn 0.6676 0.3090 -0.6774
vn 0.7122 -0.0000 0.7020
vn -0.7122 -0.0000 -0.7020
vn -0.6676 0.3090 0.6774
vn -0.7122 -0.0000 -0.7019
vn -0.7121 -0.0000 -0.7020
vn 0.6956 -0.0000 -0.7184
vn -0.6954 -0.0000 0.7186
vn -0.5849 -0.0000 -0.8111
vn 0.5897 -0.0000 0.8076
vn -0.0000 -0.0624 0.9981
vn -0.8186 -0.0000 -0.5744
vn -0.0000 0.9991 0.0421
vn 0.0239 0.6164 -0.7871
vn 0.0324 0.6767 0.7355
vn 0.8208 -0.0000 0.5712
vn -0.7392 0.6700 -0.0678
vn 0.7629 0.6436 -0.0610
vn -0.4763 -0.0000 -0.8793
vn 0.8363 0.3090 -0.4530
vn 0.4763 -0.0000 0.8793
vn 0.5168 0.8090 -0.2800
vn -0.4764 -0.0000 -0.8792
vn -0.0000 1.0000 -0.0001
vn -0.5168 0.8090 0.2800
vn -0.8363 0.3090 0.4530
vn -0.4766 -0.0000 -0.8791
vn -0.8362 -0.3090 0.4530
vn 0.4766 -0.0000 0.8791
vn -0.5168 -0.8090 0.2800
vn 0.4762 -0.0000 0.8793
vn -0.4762 -0.0000 -0.8793
vn 0.5168 -0.8090 -0.2800
vn 0.8362 -0.3090 -0.4530
vn 0.8362 0.3090 -0.4530
vn 0.4764 -0.0000 0.8792
vn -0.4762 -0.0000 -0.8794
vn -0.5168 0.8090 0.2799
vn -0.8362 0.3090 0.4530
vn -0.5168 -0.8090 0.2799
vn -0.4761 -0.0000 -0.8794
vn 0.5168 -0.8090 -0.2799
vn 0.8750 -0.0000 -0.4841
vn -0.8749 -0.0000 0.4843
vn -0.3226 -0.0000 -0.9465
vn 0.3283 -0.0000 0.9446
vn -0.6153 -0.0000 -0.7883
vn 0.2526 0.6164 -0.7458
vn -0.1837 0.6767 0.7130
vn 0.6183 -0.0000 0.7859
vn -0.6152 -0.0000 -0.7883
vn -0.6873 0.6700 -0.2806
vn 0.7475 0.6436 0.1643
vn -0.2211 -0.0000 -0.9753
vn 0.9275 0.3090 -0.2102
vn 0.2211 -0.0000 0.9753
vn 0.5732 0.8090 -0.1299
vn -0.2211 -0.0000 -0.9752
vn -0.2209 -0.0000 -0.9753
vn -0.5732 0.8090 0.1299
vn 0.2210 -0.0000 0.9753
vn -0.9275 0.3090 0.2102
vn -0.2210 -0.0000 -0.9753
vn -0.9275 -0.3091 0.2102
vn -0.5732 -0.8090 0.1299
vn 0.2209 -0.0000 0.9753
vn 0.5732 -0.8090 -0.1299
vn 0.9275 -0.3091 -0.2102
vn 0.2211 -0.0000 0.9752
vn 0.9275 0.3091 -0.2102
vn -0.9275 0.3091 0.2102
vn -0.5733 -0.8090 0.1298
vn 0.9733 -0.0000 -0.2297
vn -0.9732 -0.0000 0.2299
vn -0.0549 -0.0000 -0.9985
vn 0.0609 -0.0000 0.9981
vn -0.0000 0.0312 -0.9995
vn -0.3794 -0.0000 -0.9252
vn 0.4447 0.6164 -0.6498
vn -0.3695 0.6767 0.6368
vn 0.3829 -0.0000 0.9238
vn -0.5859 0.6700 -0.4559
vn 0.6753 0.6436 0.3602
vn 0.0657 -0.0000 -0.9978
vn 0.9490 0.3090 0.0625
vn -0.0657 -0.0000 0.9978
vn 0.5865 0.8090 0.0386
vn -0.5865 0.8090 -0.0386
vn -0.9490 0.3090 -0.0625
vn -0.9490 -0.3091 -0.0625
vn -0.5865 -0.8090 -0.0386
vn 0.5865 -0.8090 0.0386
vn 0.9490 -0.3090 0.0625
vn -0.0658 -0.0000 0.9978
vn -0.9490 0.3091 -0.0625
vn 0.9984 -0.0000 0.0569
vn -0.9984 -0.0000 -0.0567
vn 0.2316 -0.0000 -0.9728
vn -0.2258 -0.0000 0.9742
vn -0.1003 -0.0000 -0.9950
vn 0.6113 0.6164 -0.4963
vn -0.5355 0.6767 0.5053
vn 0.1041 -0.0000 0.9946
vn -0.4319 0.6700 -0.6038
vn 0.5448 0.6436 0.5375
vn 0.3454 -0.0000 -0.9385
vn 0.8926 0.3090 0.3284
vn -0.3454 -0.0000 0.9385
vn 0.5516 0.8090 0.2029
vn 0.3452 -0.0000 -0.9385
vn -0.3452 -0.0000 0.9385
vn -0.5516 0.8090 -0.2029
vn -0.3453 -0.0000 0.9385
vn -0.8926 0.3090 -0.3283
vn 0.3453 -0.0000 -0.9385
vn -0.8926 -0.3090 -0.3284
vn -0.5516 -0.8090 -0.2030
vn 0.5516 -0.8090 0.2030
vn 0.8926 -0.3090 0.3283
vn -0.3455 -0.0000 0.9384
vn 0.3451 -0.0000 -0.9386
vn -0.3451 -0.0000 0.9386
vn 0.3455 -0.0000 -0.9384
vn -0.8926 0.3090 -0.3284
vn -0.8926 -0.3090 -0.3283
vn -0.5516 -0.8090 -0.2029
vn 0.5516 -0.8090 0.2029
vn 0.8925 -0.3090 0.3285
vn 0.9415 -0.0000 0.3370
vn -0.9416 -0.0000 -0.3368
vn 0.4973 -0.0000 -0.8676
vn -0.4921 -0.0000 0.8705
vn -0.0000 0.1240 -0.9923
vn 0.1852 -0.0000 -0.9827
vn 0.7267 0.6164 -0.3031
vn -0.6566 0.6767 0.3332
vn -0.1814 -0.0000 0.9834
vn 0.9415 -0.0000 0.3369
vn -0.2434 0.6700 -0.7013
vn 0.3706 0.6436 0.6697
vn 0.9977 -0.0000 -0.0684
vn 0.0650 0.3091 0.9488
vn -0.9977 -0.0000 0.0683
vn 0.9977 -0.0000 -0.0683
vn 0.0402 0.8091 0.5863
vn -0.0402 0.8091 -0.5863
vn -0.0650 0.3088 -0.9489
vn -0.0650 -0.3091 -0.9488
vn -0.9977 -0.0000 0.0684
vn -0.0402 -0.8087 -0.5868
vn 0.0402 -0.8091 0.5863
vn 0.0650 -0.3091 0.9488
vn 0.0650 0.3089 0.9489
vn -0.0650 0.3089 -0.9489
vn -0.0650 -0.3092 -0.9488
vn -0.0402 -0.8091 -0.5863
vn 0.0650 -0.3089 0.9489
vn 0.0772 -0.0000 0.9970
vn -0.0774 -0.0000 -0.9970
vn 0.9950 -0.0000 0.0994
vn -0.9956 -0.0000 -0.0934
vn 0.9726 -0.0000 -0.2325
vn -0.0000 0.9998 0.0212
vn 0.5736 0.6164 0.5394
vn -0.5724 0.6767 -0.4631
vn -0.9717 -0.0000 0.2362
vn 0.5406 0.6700 -0.5088
vn -0.4598 0.6436 0.6118
vn 0.9376 -0.0000 -0.3478
vn 0.3308 0.3090 0.8917
vn -0.9376 -0.0000 0.3476
vn 0.2044 0.8090 0.5511
vn -0.9376 -0.0000 0.3478
vn 0.9376 -0.0000 -0.3477
vn -0.9376 -0.0000 0.3477
vn -0.2044 0.8090 -0.5511
vn -0.3308 0.3090 -0.8917
vn -0.3307 -0.3090 -0.8917
vn -0.2044 -0.8090 -0.5512
vn 0.2044 -0.8090 0.5512
vn 0.3307 -0.3090 0.8917
vn -0.9375 -0.0000 0.3479
vn 0.3307 0.3090 0.8917
vn 0.9375 -0.0000 -0.3479
vn -0.9375 -0.0000 0.3480
vn 0.9376 -0.0000 -0.3476
vn -0.3307 0.3090 -0.8917
vn -0.2044 -0.8090 -0.5511
vn 0.2044 -0.8090 0.5511
vn 0.3560 -0.0000 0.9345
vn -0.3562 -0.0000 -0.9344
vn 0.9825 -0.0000 -0.1861
vn -0.9814 -0.0000 0.1920
vn -0.0000 -0.1240 -0.9923
vn 0.8671 -0.0000 -0.4981
vn -0.0000 0.9991 0.0423
vn 0.7028 0.6164 0.3551
vn -0.6800 0.6767 -0.2823
vn -0.8652 -0.0000 0.5014
vn 0.3561 -0.0000 0.9345
vn 0.3746 0.6700 -0.6409
vn -0.2680 0.6436 0.7169
vn 0.7998 -0.0001 -0.6003
vn 0.5708 0.3089 0.7607
vn -0.7998 -0.0000 0.6003
vn 0.7997 -0.0000 -0.6003
vn 0.3528 0.8090 0.4701
vn 0.7999 -0.0000 -0.6002
vn -0.7999 -0.0000 0.6001
vn -0.3528 0.8090 -0.4701
vn -0.7998 -0.0000 0.6002
vn 0.7998 -0.0000 -0.6003
vn -0.5708 0.3089 -0.7607
vn 0.7999 -0.0000 -0.6001
vn -0.5709 -0.3090 -0.7607
vn 0.7997 -0.0000 -0.6004
vn -0.3528 -0.8090 -0.4701
vn -0.7997 -0.0000 0.6004
vn 0.7998 -0.0000 -0.6002
vn -0.7999 -0.0000 0.6002
vn 0.3528 -0.8090 0.4701
vn 0.8000 -0.0000 -0.6001
vn 0.5709 -0.3090 0.7607
vn 0.8000 -0.0001 -0.6001
vn 0.5708 0.3090 0.7608
vn 0.7996 -0.0000 -0.6005
vn -0.5709 0.3091 -0.7606
vn -0.5709 -0.3091 -0.7606
vn 0.5709 -0.3091 0.7606
vn 0.6073 -0.0000 0.7945
vn -0.6075 -0.0000 -0.7943
vn 0.8889 -0.0000 -0.4581
vn -0.8861 -0.0000 0.4634
vn 0.6895 -0.0000 -0.7243
vn -0.0000 0.9964 0.0848
vn -0.8862 -0.0000 0.4634
vn 0.7748 0.6164 0.1404
vn -0.7322 0.6767 -0.0771
vn -0.6867 -0.0000 0.7270
vn 0.1767 0.6700 -0.7210
vn -0.0528 0.6436 0.7635
vn 0.6894 -0.0000 -0.7243
vn 0.6079 -0.0001 -0.7940
vn 0.7552 0.3090 0.5782
vn -0.6079 -0.0000 0.7940
vn 0.6079 0.0001 -0.7940
vn 0.4667 0.8090 0.3574
vn 0.6079 -0.0000 -0.7940
vn 0.6080 -0.0000 -0.7939
vn -0.4667 0.8090 -0.3574
vn -0.6078 -0.0000 0.7941
vn 0.6077 -0.0000 -0.7942
vn -0.7552 0.3089 -0.5782
vn -0.7552 -0.3090 -0.5781
vn -0.6080 -0.0000 0.7939
vn 0.6078 -0.0000 -0.7941
vn -0.4667 -0.8090 -0.3572
vn 0.4667 -0.8090 0.3572
vn -0.6077 -0.0000 0.7942
vn 0.6080 0.0001 -0.7939
vn 0.7552 -0.3091 0.5781
vn -0.6081 -0.0000 0.7939
vn 0.6078 -0.0001 -0.7941
vn 0.7552 0.3091 0.5781
vn -0.6080 -0.0000 0.7940
vn -0.7552 0.3090 -0.5781
vn -0.6076 -0.0000 0.7942
vn 0.7994 -0.0000 0.6008
vn -0.7995 -0.0000 -0.6007
vn 0.7321 -0.0000 -0.6812
vn -0.7280 -0.0000 0.6856
vn 0.4681 -0.0000 -0.8837
vn -0.0000 0.9964 -0.0844
vn 0.7839 0.6164 -0.0742
vn -0.7258 0.6767 0.1236
vn -0.4647 -0.0000 0.8855
vn -0.0247 0.6700 -0.7419
vn 0.1555 0.6436 0.7494
vn 0.9728 -0.0000 0.2316
vn -0.2202 0.3090 0.9252
vn -0.9728 -0.0000 -0.2316
vn 0.9729 -0.0000 0.2314
vn -0.1361 0.8090 0.5719
vn -0.9728 -0.0000 -0.2315
vn -0.0000 1.0000 -0.0002
vn 0.9728 -0.0000 0.2315
vn 0.1361 0.8091 -0.5717
vn 0.2202 0.3089 -0.9253
vn 0.9729 -0.0000 0.2313
vn 0.2202 -0.3090 -0.9252
vn -0.9729 -0.0000 -0.2313
vn 0.1361 -0.8091 -0.5717
vn -0.0000 -1.0000 -0.0002
vn -0.1361 -0.8091 0.5717
vn -0.2202 -0.3090 0.9252
vn 0.9728 -0.0000 0.2314
vn -0.2202 0.3091 0.9252
vn 0.9728 -0.0000 0.2317
vn -0.9728 -0.0000 -0.2314
vn 0.1361 0.8090 -0.5718
vn 0.2202 0.3091 -0.9252
vn 0.2201 -0.3089 -0.9253
vn 0.1361 -0.8090 -0.5718
vn -0.0000 -1.0000 0.0002
vn -0.1361 -0.8090 0.5719
vn -0.2229 -0.0000 0.9748
vn 0.2227 -0.0000 -0.9749
vn 0.9204 -0.0000 0.3909
vn -0.9228 -0.0000 -0.3854
vn 0.9977 -0.0000 0.0673
vn 0.3872 0.6164 0.6856
vn -0.4087 0.6767 -0.6124
vn -0.9980 -0.0000 -0.0635
vn 0.6674 0.6700 -0.3249
vn -0.6210 0.6436 0.4474
vn 0.8742 -0.0000 0.4856
vn -0.4620 0.3090 0.8313
vn -0.8741 -0.0000 -0.4857
vn 0.8740 -0.0000 0.4859
vn -0.2855 0.8090 0.5138
vn 0.8741 -0.0000 0.4857
vn -0.8741 -0.0000 -0.4858
vn 0.8741 -0.0000 0.4858
vn 0.2855 0.8090 -0.5138
vn 0.4620 0.3090 -0.8314
vn -0.8742 -0.0000 -0.4856
vn 0.4620 -0.3091 -0.8313
vn 0.2855 -0.8090 -0.5138
vn -0.2855 -0.8090 0.5138
vn -0.4620 -0.3091 0.8313
vn 0.8740 -0.0000 0.4860
vn -0.8740 -0.0000 -0.4859
vn 0.4620 0.3090 -0.8313
vn 0.4620 -0.3090 -0.8313
vn -0.4620 -0.3090 0.8313
vn -0.4780 -0.0000 0.8784
vn 0.4778 -0.0000 -0.8785
vn 0.7806 -0.0000 0.6250
vn -0.7843 -0.0000 -0.6204
vn 0.9424 -0.0000 0.3344
vn 0.1875 0.6164 0.7648
vn -0.2280 0.6767 -0.7001
vn -0.9437 -0.0000 -0.3308
vn 0.7304 0.6700 -0.1325
vn -0.7188 0.6436 0.2629
vn 0.6997 -0.0000 0.7145
vn -0.6795 0.3090 0.6654
vn -0.6997 -0.0000 -0.7144
vn -0.4200 0.8090 0.4113
vn -0.6997 -0.0000 -0.7145
vn 0.6998 -0.0000 0.7143
vn 0.4200 0.8090 -0.4113
vn 0.6795 0.3090 -0.6654
vn 0.6795 -0.3090 -0.6654
vn -0.6998 0.0001 -0.7143
vn 0.6996 -0.0000 0.7145
vn 0.4200 -0.8090 -0.4113
vn -0.6996 -0.0000 -0.7145
vn -0.4200 -0.8090 0.4113
vn -0.6795 -0.3090 0.6654
vn -0.6998 -0.0000 -0.7143
vn 0.6997 -0.0000 0.7144
vn -0.6998 -0.0000 -0.7144
vn -0.7082 -0.0000 0.7060
vn 0.7081 -0.0000 -0.7061
vn 0.5704 -0.0000 0.8214
vn -0.5753 -0.0000 -0.8179
vn 0.8083 -0.0000 0.5888
vn -0.0000 0.9991 -0.0425
vn -0.0379 0.6165 0.7865
vn -0.0193 0.6767 -0.7360
vn -0.8105 -0.0000 -0.5857
vn 0.7379 0.6700 0.0809
vn -0.7639 0.6436 0.0475
vn 0.8082 -0.0000 0.5888
vn 0.4689 -0.0000 0.8832
vn -0.8400 0.3090 0.4460
vn -0.4689 -0.0000 -0.8832
vn 0.4691 -0.0000 0.8831
vn -0.5191 0.8090 0.2757
vn -0.4691 -0.0000 -0.8832
vn -0.0000 1.0000 0.0001
vn 0.4691 -0.0000 0.8832
vn 0.5191 0.8090 -0.2757
vn 0.4689 -0.0001 0.8832
vn 0.8400 0.3090 -0.4460
vn 0.4690 0.0001 0.8832
vn 0.8400 -0.3090 -0.4460
vn -0.4690 -0.0000 -0.8832
vn 0.4690 -0.0000 0.8832
vn 0.5191 -0.8090 -0.2757
vn -0.0000 -1.0000 0.0001
vn 0.4689 -0.0000 0.8833
vn -0.5191 -0.8090 0.2757
vn -0.8400 -0.3090 0.4460
vn 0.4692 -0.0000 0.8831
vn -0.4689 -0.0000 -0.8833
vn 0.4690 -0.0001 0.8832
vn 0.4688 -0.0000 0.8833
vn -0.4688 -0.0000 -0.8833
vn -0.8790 -0.0000 0.4768
vn 0.8789 -0.0000 -0.4770
vn 0.3148 -0.0000 0.9492
vn -0.3204 -0.0000 -0.9473
vn 0.6087 -0.0000 0.7934
vn -0.2588 0.6164 0.7437
vn 0.1897 0.6767 -0.7114
vn -0.6117 -0.0000 -0.7911
vn 0.6849 0.6700 0.2863
vn -0.7461 0.6436 -0.1705
vn -0.6106 -0.0000 0.7919
vn -0.7533 0.3090 -0.5806
vn 0.6104 -0.0000 -0.7921
vn -0.6104 -0.0000 0.7921
vn -0.4656 0.8090 -0.3588
vn -0.6105 -0.0000 0.7920
vn 0.6105 -0.0000 -0.7920
vn 0.4656 0.8090 0.3588
vn 0.7533 0.3090 0.5806
vn 0.6106 -0.0000 -0.7919
vn -0.6108 -0.0000 0.7918
vn 0.7532 -0.3090 0.5807
vn -0.6103 -0.0000 0.7922
vn 0.4656 -0.8090 0.3588
vn -0.4656 -0.8090 -0.3588
vn 0.6102 -0.0000 -0.7922
vn -0.6106 -0.0000 0.7920
vn -0.7532 -0.3090 -0.5806
vn 0.6108 -0.0000 -0.7918
vn -0.7532 0.3090 -0.5806
vn 0.6106 -0.0000 -0.7920
vn -0.6103 -0.0000 0.7921
vn 0.6103 -0.0000 -0.7922
vn -0.6102 -0.0000 0.7922
vn 0.6103 -0.0000 -0.7921
vn 0.7532 0.3090 0.5807
vn 0.7533 -0.3090 0.5805
vn -0.7533 -0.3091 -0.5805
vn -0.7974 -0.0000 -0.6034
vn 0.7976 -0.0000 0.6033
vn -0.7343 -0.0000 0.6789
vn 0.7302 -0.0000 -0.6832
vn -0.4710 -0.0000 0.8821
vn -0.0000 0.9965 -0.0839
vn -0.7841 0.6164 0.0716
vn 0.7262 0.6767 -0.1213
vn 0.7975 -0.0000 0.6033
vn 0.4676 -0.0000 -0.8840
vn 0.7976 -0.0000 0.6032
vn 0.0223 0.6700 0.7420
vn -0.1530 0.6436 -0.7499
vn -0.4710 -0.0000 0.8822
vn -0.3615 -0.0000 0.9324
vn -0.8868 0.3089 -0.3438
vn 0.3615 -0.0000 -0.9324
vn -0.3616 -0.0000 0.9323
vn -0.5481 0.8090 -0.2124
vn 0.3616 -0.0000 -0.9323
vn 0.5480 0.8090 0.2124
vn 0.8867 0.3090 0.3438
vn 0.8867 -0.3090 0.3438
vn -0.3614 -0.0000 0.9324
vn 0.5480 -0.8090 0.2124
vn 0.3614 -0.0000 -0.9324
vn -0.5481 -0.8090 -0.2124
vn -0.8867 -0.3090 -0.3438
vn -0.8867 0.3090 -0.3438
vn -0.5480 0.8090 -0.2125
vn 0.5480 0.8090 0.2125
vn 0.8868 -0.3090 0.3437
vn 0.5480 -0.8090 0.2125
vn -0.5480 -0.8090 -0.2125
vn -0.8868 -0.3090 -0.3437
vn -0.9355 -0.0000 -0.3532
vn 0.9356 -0.0000 0.3530
vn -0.5123 -0.0000 0.8588
vn 0.5071 -0.0000 -0.8619
vn -0.0000 -0.0624 -0.9981
vn -0.2022 -0.0000 0.9793
vn -0.0000 0.9965 -0.0841
vn -0.7319 0.6164 0.2905
vn 0.6622 0.6767 -0.3217
vn 0.1984 -0.0000 -0.9801
vn 0.2313 0.6700 0.7054
vn -0.3589 0.6436 -0.6760
vn -0.0812 -0.0000 0.9967
vn -0.9479 0.3090 -0.0772
vn 0.0811 -0.0000 -0.9967
vn -0.0811 -0.0000 0.9967
vn -0.5858 0.8090 -0.0477
vn 0.0812 -0.0000 -0.9967
vn 0.5858 0.8090 0.0477
vn 0.9479 0.3090 0.0772
vn 0.9479 -0.3090 0.0772
vn 0.5858 -0.8090 0.0477
vn -0.5858 -0.8090 -0.0477
vn -0.9479 -0.3090 -0.0772
vn 0.9479 0.3091 0.0772
vn 0.9479 -0.3091 0.0772
vn -0.9974 -0.0000 -0.0723
vn 0.9974 -0.0000 0.0721
vn -0.2466 -0.0000 0.9691
vn 0.2408 -0.0000 -0.9706
vn -0.0000 -0.0000 -1.0000
vn 0.0849 -0.0000 0.9964
vn -0.0000 0.9964 0.0844
vn -0.6189 0.6164 0.4868
vn 0.5433 0.6767 -0.4969
vn -0.0887 -0.0000 -0.9961
vn 0.4225 0.6700 0.6104
vn -0.5365 0.6436 -0.5459
vn 0.1911 -0.0000 0.9816
vn -0.9335 0.3090 0.1818
vn -0.1911 -0.0000 -0.9816
vn 0.1913 -0.0000 0.9815
vn -0.5769 0.8090 0.1124
vn -0.1912 -0.0000 -0.9815
vn 0.1912 -0.0000 0.9816
vn -0.1912 -0.0000 -0.9816
vn 0.5769 0.8090 -0.1124
vn 0.9335 0.3090 -0.1818
vn 0.9335 -0.3090 -0.1818
vn 0.5769 -0.8090 -0.1124
vn -0.5769 -0.8090 0.1124
vn -0.9335 -0.3090 0.1818
vn -0.1913 -0.0000 -0.9815
vn -0.9335 0.3090 0.1819
vn -0.5770 0.8090 0.1124
vn -0.1910 -0.0000 -0.9816
vn 0.1912 -0.0000 0.9815
vn -0.5770 -0.8090 0.1124
vn -0.9798 -0.0000 0.1999
vn 0.9798 -0.0000 -0.2001
vn 0.0244 -0.0000 0.9997
vn -0.0304 -0.0000 -0.9995
vn 0.3510 -0.0000 0.9364
vn -0.4643 0.6164 0.6359
vn 0.3888 0.6767 -0.6252
vn -0.3546 -0.0000 -0.9350
vn 0.5717 0.6700 0.4735
vn -0.6640 0.6436 -0.3806
vn -0.8146 -0.0000 0.5801
vn -0.5517 0.3090 -0.7747
vn 0.8146 -0.0000 -0.5801
vn -0.8145 -0.0000 0.5801
vn -0.3410 0.8090 -0.4788
vn 0.8146 -0.0000 -0.5800
vn 0.3410 0.8090 0.4788
vn 0.5517 0.3089 0.7747
vn -0.8145 -0.0000 0.5802
vn 0.5518 -0.3091 0.7746
vn 0.8145 -0.0000 -0.5802
vn -0.8145 0.0001 0.5802
vn 0.3409 -0.8090 0.4789
vn -0.8146 -0.0000 0.5800
vn -0.3410 -0.8090 -0.4788
vn -0.5517 -0.3090 -0.7747
vn -0.8147 -0.0000 0.5799
vn 0.8147 -0.0000 -0.5799
vn -0.3409 0.8090 -0.4789
vn 0.3409 0.8090 0.4789
vn 0.5517 0.3090 0.7747
vn 0.5517 -0.3090 0.7747
vn 0.3410 -0.8090 0.4788
vn -0.5873 -0.0000 -0.8094
vn 0.5874 -0.0000 0.8093
vn -0.9001 -0.0000 0.4357
vn 0.8975 -0.0000 -0.4411
vn -0.7073 -0.0000 0.7069
vn -0.7074 -0.0000 0.7069
vn -0.7710 0.6164 -0.1597
vn 0.7301 0.6767 0.0954
vn 0.7046 -0.0000 -0.7096
vn -0.5872 -0.0000 -0.8094
vn -0.7074 -0.0000 0.7068
vn -0.1947 0.6700 0.7164
vn 0.0719 0.6436 -0.7620
vn -0.9410 -0.0000 0.3383
vn -0.3219 0.3090 -0.8950
vn 0.9410 -0.0000 -0.3383
vn -0.9410 -0.0000 0.3384
vn -0.1989 0.8090 -0.5532
vn 0.1989 0.8090 0.5532
vn 0.9410 -0.0000 -0.3384
vn 0.3219 0.3090 0.8950
vn 0.3218 -0.3090 0.8950
vn 0.1989 -0.8091 0.5531
vn -0.9410 -0.0000 0.3385
vn -0.1989 -0.8091 -0.5531
vn 0.9410 -0.0000 -0.3385
vn -0.3218 -0.3090 -0.8950
vn -0.9411 -0.0000 0.3382
vn -0.3218 0.3090 -0.8950
vn 0.9411 -0.0000 -0.3382
vn -0.1989 0.8091 -0.5531
vn 0.1989 0.8091 0.5531
vn 0.3218 0.3090 0.8950
vn 0.3218 -0.3090 0.8949
vn -0.9409 -0.0000 0.3386
vn 0.1989 -0.8090 0.5532
vn -0.1989 -0.8090 -0.5532
vn -0.3218 -0.3091 -0.8949
vn -0.3467 -0.0000 -0.9380
vn 0.3469 -0.0000 0.9379
vn -0.9843 -0.0000 0.1763
vn 0.9833 -0.0000 -0.1822
vn -0.8720 -0.0000 0.4894
vn -0.6992 0.6164 -0.3621
vn -0.0000 -1.0000 -0.0001
vn 0.6771 0.6767 0.2891
vn 0.8701 -0.0000 -0.4928
vn -0.3810 0.6700 0.6371
vn 0.2751 0.6436 -0.7142
vn -0.9984 -0.0000 0.0565
vn -0.0537 0.3088 -0.9496
vn 0.9984 -0.0000 -0.0565
vn -0.9984 -0.0000 0.0566
vn -0.0332 0.8093 -0.5865
vn -0.0000 1.0000 -0.0004
vn 0.9984 -0.0000 -0.0566
vn 0.0332 0.8089 0.5870
vn 0.0538 0.3090 0.9495
vn 0.0538 -0.3089 0.9496
vn 0.0332 -0.8093 0.5865
vn -0.0000 -1.0000 0.0004
vn -0.0332 -0.8089 -0.5870
vn -0.0538 -0.3091 -0.9495
vn -0.0538 0.3089 -0.9496
vn -0.0332 0.8091 -0.5867
vn 0.0332 0.8087 0.5873
vn 0.0538 0.3091 0.9495
vn -0.0654 -0.0000 -0.9979
vn 0.0656 -0.0000 0.9978
vn -0.9938 -0.0000 -0.1112
vn 0.9945 -0.0000 0.1052
vn -0.0000 0.0624 0.9981
vn -0.9753 -0.0000 0.2210
vn -0.0000 0.9998 -0.0212
vn -0.5672 0.6164 -0.5462
vn 0.5668 0.6767 0.4699
vn 0.9744 -0.0000 -0.2247
vn -0.5466 0.6700 0.5023
vn 0.4670 0.6436 -0.6063
vn -0.9736 -0.0000 -0.2280
vn 0.2170 0.3089 -0.9260
vn 0.9736 -0.0000 0.2281
vn -0.9736 -0.0000 -0.2283
vn 0.1341 0.8090 -0.5723
vn 0.9736 -0.0000 0.2282
vn -0.9736 -0.0000 -0.2282
vn -0.1341 0.8090 0.5723
vn -0.9737 -0.0000 -0.2280
vn -0.2170 0.3090 0.9260
vn 0.9736 -0.0000 0.2280
vn -0.2170 -0.3090 0.9260
vn -0.1341 -0.8090 0.5723
vn 0.1341 -0.8090 -0.5723
vn 0.2170 -0.3090 -0.9260
vn 0.2170 0.3090 -0.9260
vn -0.0000 1.0000 0.0002
vn -0.9736 -0.0000 -0.2281
vn -0.2170 -0.3091 0.9259
vn 0.2195 -0.0000 -0.9756
vn -0.2193 -0.0000 0.9756
vn -0.9218 -0.0000 -0.3877
vn 0.9241 -0.0000 0.3822
vn -0.9980 -0.0000 -0.0639
vn -0.0000 1.0000 -0.0053
vn -0.3895 0.6164 -0.6843
vn 0.4108 0.6767 0.6110
vn 0.9982 -0.0000 0.0601
vn -0.6663 0.6700 0.3272
vn 0.6195 0.6436 -0.4495
vn -0.0297 -0.0000 -0.9996
vn 0.0013 0.9990 0.0456
vn -0.7278 -0.0000 -0.6858
vn 0.0332 0.9990 0.0313
vn -0.9996 -0.0000 0.0297
vn 0.0456 0.9990 -0.0014
vn -0.6858 -0.0000 0.7278
vn 0.0313 0.9990 -0.0331
vn 0.0297 -0.0000 0.9996
vn -0.0014 0.9990 -0.0456
vn 0.7278 -0.0000 0.6858
vn -0.0332 0.9990 -0.0313
vn 0.9996 -0.0000 -0.0297
vn -0.0456 0.9990 0.0014
vn 0.6858 -0.0000 -0.7278
vn -0.0313 0.9990 0.0332
vn 0.4134 -0.8969 0.1570
vn 0.7357 -0.0025 -0.6773
vn 0.4227 0.8919 0.1606
vn 0.1004 -0.0025 0.9949
vn -0.0083 0.9999 0.0075
vn 0.0021 0.9999 0.0104
vn 0.0066 1.0000 0.0044
vn 0.0092 1.0000 0.0025
vn 0.0066 0.9999 -0.0083
vn -0.0011 1.0000 -0.0091
vn -0.0091 1.0000 -0.0014
vn -0.0061 1.0000 -0.0052
vn 0.1922 0.0380 -0.9806
vn -0.6263 0.0386 -0.7786
vn -0.9459 0.0373 0.3224
vn -0.7614 0.0387 0.6471
vn -0.0670 0.0388 0.9970
vn 0.6928 0.0389 0.7201
vn 0.9756 0.0383 -0.2160
vn 0.5914 0.0387 -0.8055
vn 0.1831 0.6055 -0.7745
vn -0.0236 0.6055 -0.7955
vn -0.2287 0.6055 -0.7623
vn -0.4182 0.6055 -0.6771
vn -0.5792 0.6055 -0.5458
vn -0.7007 0.6055 -0.3773
vn -0.7745 0.6055 -0.1831
vn -0.7955 0.6055 0.0236
vn -0.7623 0.6055 0.2287
vn -0.6771 0.6055 0.4182
vn -0.5458 0.6055 0.5792
vn -0.3773 0.6055 0.7007
vn -0.1831 0.6055 0.7745
vn 0.0236 0.6055 0.7955
vn 0.2287 0.6055 0.7623
vn 0.4182 0.6055 0.6771
vn 0.5792 0.6055 0.5458
vn 0.7007 0.6055 0.3773
vn 0.7745 0.6055 0.1831
vn 0.7955 0.6055 -0.0236
vn 0.7623 0.6055 -0.2287
vn 0.6771 0.6055 -0.4182
vn 0.5458 0.6055 -0.5792
vn 0.3773 0.6055 -0.7007
vn 0.1408 0.7908 -0.5956
vn -0.0182 0.7908 -0.6118
vn -0.1759 0.7908 -0.5862
vn -0.3216 0.7908 -0.5207
vn -0.4454 0.7908 -0.4198
vn -0.5389 0.7908 -0.2902
vn -0.5956 0.7908 -0.1408
vn -0.6118 0.7908 0.0182
vn -0.5862 0.7908 0.1759
vn -0.5207 0.7908 0.3216
vn -0.4198 0.7908 0.4454
vn -0.2902 0.7908 0.5389
vn -0.1408 0.7908 0.5956
vn 0.0182 0.7908 0.6118
vn 0.1759 0.7908 0.5862
vn 0.3216 0.7908 0.5207
vn 0.4454 0.7908 0.4198
vn 0.5389 0.7908 0.2902
vn 0.5956 0.7908 0.1408
vn 0.6118 0.7908 -0.0182
vn 0.5862 0.7908 -0.1759
vn 0.5207 0.7908 -0.3216
vn 0.4198 0.7908 -0.4454
vn 0.2902 0.7908 -0.5389
vn 0.0887 0.9227 -0.3752
vn -0.0114 0.9227 -0.3853
vn -0.1108 0.9227 -0.3692
vn -0.2026 0.9227 -0.3280
vn -0.2806 0.9227 -0.2644
vn -0.3394 0.9227 -0.1828
vn -0.3752 0.9227 -0.0887
vn -0.3853 0.9227 0.0114
vn -0.3692 0.9227 0.1108
vn -0.3280 0.9227 0.2026
vn -0.2644 0.9227 0.2806
vn -0.1828 0.9227 0.3394
vn -0.0887 0.9227 0.3752
vn 0.0114 0.9227 0.3853
vn 0.1108 0.9227 0.3692
vn 0.2026 0.9227 0.3280
vn 0.2806 0.9227 0.2644
vn 0.3394 0.9227 0.1828
vn 0.3752 0.9227 0.0887
vn 0.3853 0.9227 -0.0114
vn 0.3692 0.9227 -0.1108
vn 0.3280 0.9227 -0.2026
vn 0.2644 0.9227 -0.2806
vn 0.1828 0.9227 -0.3394
vn 0.0303 0.9913 -0.1281
vn -0.0039 0.9913 -0.1316
vn -0.0378 0.9913 -0.1261
vn -0.0692 0.9913 -0.1120
vn -0.0958 0.9913 -0.0903
vn -0.1159 0.9913 -0.0624
vn -0.1281 0.9913 -0.0303
vn -0.1316 0.9913 0.0039
vn -0.1261 0.9913 0.0378
vn -0.1120 0.9913 0.0692
vn -0.0903 0.9913 0.0958
vn -0.0624 0.9913 0.1159
vn -0.0303 0.9913 0.1281
vn 0.0039 0.9913 0.1316
vn 0.0378 0.9913 0.1261
vn 0.0692 0.9913 0.1120
vn 0.0958 0.9913 0.0903
vn 0.1159 0.9913 0.0624
vn 0.1281 0.9913 0.0303
vn 0.1316 0.9913 -0.0039
vn 0.1261 0.9913 -0.0378
vn 0.1120 0.9913 -0.0692
vn 0.0903 0.9913 -0.0958
vn 0.0624 0.9913 -0.1159
vn 0.2723 -0.0000 -0.9622
vn -0.8271 -0.0000 0.5621
vn 0.7169 -0.0000 -0.6972
vn -0.2723 -0.0000 0.9622
vn 0.1011 -0.0000 -0.9949
vn -0.7169 -0.0000 0.6972
vn -0.1011 -0.0000 0.9949
vn -0.0732 -0.0000 -0.9973
vn 0.0732 -0.0000 0.9973
vn -0.2453 -0.0000 -0.9694
vn 0.5850 -0.0000 -0.8111
vn 0.2453 -0.0000 0.9694
vn -0.4099 -0.0000 -0.9121
vn -0.5850 -0.0000 0.8111
vn 0.4352 -0.0000 -0.9003
vn 0.4099 -0.0000 0.9121
vn -0.5621 -0.0000 -0.8271
vn -0.4352 -0.0000 0.9003
vn 0.5621 -0.0000 0.8271
vn -0.6972 -0.0000 -0.7169
vn 0.9949 -0.0000 0.1011
vn 0.6972 -0.0000 0.7169
vn -0.8111 -0.0000 -0.5850
vn 0.8111 -0.0000 0.5850
vn -0.9003 -0.0000 -0.4352
vn 0.9003 -0.0000 0.4352
vn -0.9622 -0.0000 -0.2723
vn -0.9694 -0.0000 0.2453
vn 0.9622 -0.0000 0.2723
vn -0.9949 -0.0000 -0.1011
vn -0.9973 -0.0000 0.0732
vn 0.9973 -0.0000 -0.0732
vn 0.9694 -0.0000 -0.2453
vn -0.9121 -0.0000 0.4099
vn 0.9121 -0.0000 -0.4099
vn 0.8271 -0.0000 -0.5621
vn 0.9416 -0.0000 0.3366
vn -0.9416 -0.0000 -0.3366
vn 0.9858 -0.0000 0.1680
vn -0.9858 -0.0000 -0.1680
vn 1.0000 -0.0000 -0.0057
vn -1.0000 -0.0000 0.0057
vn 0.2184 0.0062 -0.9758
vn 0.2184 0.0117 -0.9758
vn 0.2184 0.0172 -0.9757
vn 0.2184 0.0227 -0.9756
vn 0.2184 0.0282 -0.9755
vn 0.2183 0.0337 -0.9753
vn 0.2183 0.0392 -0.9751
vn 0.2182 0.0447 -0.9749
vn 0.2182 0.0501 -0.9746
vn 0.2181 0.0556 -0.9743
vn 0.2180 0.0611 -0.9740
vn 0.2180 0.0665 -0.9737
vn 0.2179 0.0720 -0.9733
vn 0.2178 0.0774 -0.9729
vn 0.2177 0.0829 -0.9725
vn 0.2176 0.0883 -0.9720
vn 0.2175 0.0937 -0.9716
vn 0.2174 0.0991 -0.9710
vn 0.2173 0.1046 -0.9705
vn 0.2171 0.1100 -0.9699
vn 0.2170 0.1153 -0.9693
vn 0.2169 0.1207 -0.9687
vn 0.2167 0.1261 -0.9681
vn 0.2166 0.1314 -0.9674
vn 0.2164 0.1368 -0.9667
vn 0.2162 0.1421 -0.9659
vn 0.2161 0.1474 -0.9652
vn 0.2159 0.1528 -0.9644
vn 0.2157 0.1581 -0.9636
vn 0.2155 0.1633 -0.9627
vn 0.2153 0.1686 -0.9619
vn -0.0653 0.0062 -0.9978
vn -0.0653 0.0117 -0.9978
vn -0.0653 0.0172 -0.9977
vn -0.0653 0.0227 -0.9976
vn -0.0653 0.0282 -0.9975
vn -0.0653 0.0337 -0.9973
vn -0.0653 0.0392 -0.9971
vn -0.0653 0.0447 -0.9969
vn -0.0652 0.0501 -0.9966
vn -0.0652 0.0556 -0.9963
vn -0.0652 0.0611 -0.9960
vn -0.0652 0.0665 -0.9957
vn -0.0652 0.0720 -0.9953
vn -0.0651 0.0774 -0.9949
vn -0.0651 0.0829 -0.9944
vn -0.0651 0.0883 -0.9940
vn -0.0650 0.0937 -0.9935
vn -0.0650 0.0991 -0.9929
vn -0.0650 0.1046 -0.9924
vn -0.0649 0.1100 -0.9918
vn -0.0649 0.1153 -0.9912
vn -0.0648 0.1207 -0.9906
vn -0.0648 0.1261 -0.9899
vn -0.0648 0.1314 -0.9892
vn -0.0647 0.1368 -0.9885
vn -0.0647 0.1421 -0.9877
vn -0.0646 0.1474 -0.9870
vn -0.0646 0.1528 -0.9862
vn -0.0645 0.1581 -0.9853
vn -0.0644 0.1633 -0.9845
vn -0.0644 0.1686 -0.9836
vn -0.3438 0.0062 -0.9390
vn -0.3438 0.0117 -0.9390
vn -0.3438 0.0172 -0.9389
vn -0.3437 0.0227 -0.9388
vn -0.3437 0.0282 -0.9387
vn -0.3436 0.0337 -0.9385
vn -0.3435 0.0392 -0.9383
vn -0.3435 0.0447 -0.9381
vn -0.3434 0.0501 -0.9379
vn -0.3433 0.0556 -0.9376
vn -0.3432 0.0611 -0.9373
vn -0.3430 0.0665 -0.9370
vn -0.3429 0.0720 -0.9366
vn -0.3428 0.0774 -0.9362
vn -0.3426 0.0829 -0.9358
vn -0.3425 0.0883 -0.9354
vn -0.3423 0.0937 -0.9349
vn -0.3421 0.0991 -0.9344
vn -0.3419 0.1046 -0.9339
vn -0.3417 0.1100 -0.9333
vn -0.3415 0.1153 -0.9328
vn -0.3413 0.1207 -0.9322
vn -0.3411 0.1261 -0.9315
vn -0.3408 0.1314 -0.9309
vn -0.3406 0.1368 -0.9302
vn -0.3403 0.1421 -0.9295
vn -0.3401 0.1474 -0.9288
vn -0.3398 0.1528 -0.9280
vn -0.3395 0.1581 -0.9272
vn -0.3392 0.1633 -0.9264
vn -0.3389 0.1686 -0.9256
vn -0.5944 0.0062 -0.8041
vn -0.5944 0.0117 -0.8041
vn -0.5944 0.0172 -0.8040
vn -0.5943 0.0227 -0.8039
vn -0.5942 0.0282 -0.8038
vn -0.5941 0.0337 -0.8037
vn -0.5940 0.0392 -0.8035
vn -0.5938 0.0447 -0.8033
vn -0.5937 0.0501 -0.8031
vn -0.5935 0.0556 -0.8029
vn -0.5933 0.0611 -0.8026
vn -0.5931 0.0665 -0.8024
vn -0.5929 0.0720 -0.8021
vn -0.5927 0.0774 -0.8017
vn -0.5924 0.0829 -0.8014
vn -0.5921 0.0883 -0.8010
vn -0.5918 0.0937 -0.8006
vn -0.5915 0.0991 -0.8002
vn -0.5912 0.1046 -0.7997
vn -0.5908 0.1100 -0.7993
vn -0.5905 0.1153 -0.7988
vn -0.5901 0.1207 -0.7983
vn -0.5897 0.1261 -0.7977
vn -0.5893 0.1314 -0.7972
vn -0.5889 0.1368 -0.7966
vn -0.5884 0.1421 -0.7960
vn -0.5879 0.1474 -0.7954
vn -0.5875 0.1528 -0.7947
vn -0.5870 0.1581 -0.7940
vn -0.5865 0.1633 -0.7933
vn -0.5859 0.1686 -0.7926
vn -0.7969 0.0062 -0.6041
vn -0.7969 0.0117 -0.6041
vn -0.7968 0.0172 -0.6040
vn -0.7967 0.0227 -0.6039
vn -0.7966 0.0282 -0.6039
vn -0.7965 0.0337 -0.6038
vn -0.7963 0.0392 -0.6036
vn -0.7961 0.0447 -0.6035
vn -0.7959 0.0501 -0.6033
vn -0.7957 0.0556 -0.6032
vn -0.7954 0.0611 -0.6030
vn -0.7951 0.0665 -0.6028
vn -0.7948 0.0720 -0.6025
vn -0.7945 0.0774 -0.6023
vn -0.7942 0.0829 -0.6020
vn -0.7938 0.0883 -0.6017
vn -0.7934 0.0937 -0.6014
vn -0.7930 0.0991 -0.6011
vn -0.7925 0.1046 -0.6008
vn -0.7921 0.1100 -0.6004
vn -0.7916 0.1153 -0.6001
vn -0.7911 0.1207 -0.5997
vn -0.7906 0.1261 -0.5993
vn -0.7900 0.1314 -0.5989
vn -0.7894 0.1368 -0.5984
vn -0.7888 0.1421 -0.5980
vn -0.7882 0.1474 -0.5975
vn -0.7876 0.1528 -0.5970
vn -0.7869 0.1581 -0.5965
vn -0.7862 0.1633 -0.5960
vn -0.7855 0.1686 -0.5954
vn -0.9348 0.0062 -0.3551
vn -0.9348 0.0117 -0.3551
vn -0.9347 0.0172 -0.3551
vn -0.9346 0.0227 -0.3550
vn -0.9345 0.0282 -0.3550
vn -0.9343 0.0337 -0.3549
vn -0.9341 0.0392 -0.3548
vn -0.9339 0.0447 -0.3548
vn -0.9337 0.0501 -0.3547
vn -0.9334 0.0556 -0.3546
vn -0.9331 0.0611 -0.3544
vn -0.9328 0.0665 -0.3543
vn -0.9324 0.0720 -0.3542
vn -0.9320 0.0774 -0.3540
vn -0.9316 0.0829 -0.3539
vn -0.9312 0.0883 -0.3537
vn -0.9307 0.0937 -0.3535
vn -0.9302 0.0991 -0.3534
vn -0.9297 0.1046 -0.3532
vn -0.9292 0.1100 -0.3530
vn -0.9286 0.1153 -0.3527
vn -0.9280 0.1207 -0.3525
vn -0.9274 0.1261 -0.3523
vn -0.9267 0.1314 -0.3520
vn -0.9260 0.1368 -0.3518
vn -0.9253 0.1421 -0.3515
vn -0.9246 0.1474 -0.3512
vn -0.9239 0.1528 -0.3509
vn -0.9231 0.1581 -0.3506
vn -0.9223 0.1633 -0.3503
vn -0.9214 0.1686 -0.3500
vn -0.9970 0.0062 -0.0774
vn -0.9969 0.0117 -0.0773
vn -0.9969 0.0172 -0.0773
vn -0.9967 0.0227 -0.0773
vn -0.9966 0.0282 -0.0773
vn -0.9964 0.0337 -0.0773
vn -0.9962 0.0392 -0.0773
vn -0.9960 0.0447 -0.0773
vn -0.9958 0.0501 -0.0773
vn -0.9955 0.0556 -0.0772
vn -0.9951 0.0611 -0.0772
vn -0.9948 0.0665 -0.0772
vn -0.9944 0.0720 -0.0772
vn -0.9940 0.0774 -0.0771
vn -0.9936 0.0829 -0.0771
vn -0.9931 0.0883 -0.0770
vn -0.9926 0.0937 -0.0770
vn -0.9921 0.0991 -0.0770
vn -0.9915 0.1046 -0.0769
vn -0.9910 0.1100 -0.0769
vn -0.9903 0.1153 -0.0768
vn -0.9897 0.1207 -0.0768
vn -0.9890 0.1261 -0.0767
vn -0.9884 0.1314 -0.0767
vn -0.9876 0.1368 -0.0766
vn -0.9869 0.1421 -0.0766
vn -0.9861 0.1474 -0.0765
vn -0.9853 0.1528 -0.0764
vn -0.9845 0.1581 -0.0764
vn -0.9836 0.1633 -0.0763
vn -0.9827 0.1686 -0.0762
vn -0.9784 0.0062 0.2067
vn -0.9783 0.0117 0.2067
vn -0.9783 0.0172 0.2066
vn -0.9782 0.0227 0.2066
vn -0.9780 0.0282 0.2066
vn -0.9779 0.0337 0.2066
vn -0.9777 0.0392 0.2065
vn -0.9774 0.0447 0.2065
vn -0.9772 0.0501 0.2064
vn -0.9769 0.0556 0.2064
vn -0.9766 0.0611 0.2063
vn -0.9762 0.0665 0.2062
vn -0.9759 0.0720 0.2061
vn -0.9755 0.0774 0.2060
vn -0.9750 0.0829 0.2060
vn -0.9746 0.0883 0.2059
vn -0.9741 0.0937 0.2058
vn -0.9736 0.0991 0.2057
vn -0.9730 0.1046 0.2055
vn -0.9725 0.1100 0.2054
vn -0.9719 0.1153 0.2053
vn -0.9713 0.1207 0.2052
vn -0.9706 0.1261 0.2050
vn -0.9699 0.1314 0.2049
vn -0.9692 0.1368 0.2047
vn -0.9685 0.1421 0.2046
vn -0.9677 0.1474 0.2044
vn -0.9669 0.1528 0.2042
vn -0.9661 0.1581 0.2041
vn -0.9653 0.1633 0.2039
vn -0.9644 0.1686 0.2037
vn -0.8805 0.0062 0.4739
vn -0.8805 0.0117 0.4739
vn -0.8804 0.0172 0.4739
vn -0.8803 0.0227 0.4738
vn -0.8802 0.0282 0.4738
vn -0.8801 0.0337 0.4737
vn -0.8799 0.0392 0.4736
vn -0.8797 0.0447 0.4735
vn -0.8794 0.0501 0.4734
vn -0.8792 0.0556 0.4732
vn -0.8789 0.0611 0.4731
vn -0.8786 0.0665 0.4729
vn -0.8783 0.0720 0.4727
vn -0.8779 0.0774 0.4725
vn -0.8775 0.0829 0.4723
vn -0.8771 0.0883 0.4721
vn -0.8767 0.0937 0.4719
vn -0.8762 0.0991 0.4716
vn -0.8757 0.1046 0.4714
vn -0.8752 0.1100 0.4711
vn -0.8747 0.1153 0.4708
vn -0.8741 0.1207 0.4705
vn -0.8735 0.1261 0.4702
vn -0.8729 0.1314 0.4698
vn -0.8723 0.1368 0.4695
vn -0.8716 0.1421 0.4691
vn -0.8709 0.1474 0.4688
vn -0.8702 0.1528 0.4684
vn -0.8695 0.1581 0.4680
vn -0.8687 0.1633 0.4676
vn -0.8679 0.1686 0.4672
vn -0.7113 0.0062 0.7028
vn -0.7113 0.0117 0.7028
vn -0.7113 0.0172 0.7027
vn -0.7112 0.0227 0.7026
vn -0.7111 0.0282 0.7026
vn -0.7110 0.0337 0.7024
vn -0.7108 0.0392 0.7023
vn -0.7106 0.0447 0.7021
vn -0.7105 0.0501 0.7019
vn -0.7103 0.0556 0.7017
vn -0.7100 0.0611 0.7015
vn -0.7098 0.0665 0.7013
vn -0.7095 0.0720 0.7010
vn -0.7092 0.0774 0.7007
vn -0.7089 0.0829 0.7004
vn -0.7086 0.0883 0.7001
vn -0.7082 0.0937 0.6997
vn -0.7079 0.0991 0.6994
vn -0.7075 0.1046 0.6990
vn -0.7070 0.1100 0.6986
vn -0.7066 0.1153 0.6981
vn -0.7062 0.1207 0.6977
vn -0.7057 0.1261 0.6972
vn -0.7052 0.1314 0.6967
vn -0.7047 0.1368 0.6962
vn -0.7041 0.1421 0.6957
vn -0.7036 0.1474 0.6951
vn -0.7030 0.1528 0.6946
vn -0.7024 0.1581 0.6940
vn -0.7018 0.1633 0.6934
vn -0.7012 0.1686 0.6928
vn -0.4845 0.0062 0.8748
vn -0.4845 0.0117 0.8747
vn -0.4845 0.0172 0.8746
vn -0.4844 0.0227 0.8745
vn -0.4843 0.0282 0.8744
vn -0.4843 0.0337 0.8743
vn -0.4842 0.0392 0.8741
vn -0.4840 0.0447 0.8739
vn -0.4839 0.0501 0.8737
vn -0.4838 0.0556 0.8734
vn -0.4836 0.0611 0.8731
vn -0.4835 0.0665 0.8728
vn -0.4833 0.0720 0.8725
vn -0.4831 0.0774 0.8721
vn -0.4829 0.0829 0.8718
vn -0.4826 0.0883 0.8714
vn -0.4824 0.0937 0.8709
vn -0.4821 0.0991 0.8705
vn -0.4819 0.1046 0.8700
vn -0.4816 0.1100 0.8695
vn -0.4813 0.1153 0.8689
vn -0.4810 0.1207 0.8684
vn -0.4807 0.1261 0.8678
vn -0.4803 0.1314 0.8672
vn -0.4800 0.1368 0.8666
vn -0.4796 0.1421 0.8659
vn -0.4792 0.1474 0.8652
vn -0.4788 0.1528 0.8645
vn -0.4784 0.1581 0.8638
vn -0.4780 0.1633 0.8630
vn -0.4776 0.1686 0.8623
vn -0.2184 0.0062 0.9758
vn -0.2184 0.0117 0.9758
vn -0.2184 0.0172 0.9757
vn -0.2184 0.0227 0.9756
vn -0.2184 0.0282 0.9755
vn -0.2183 0.0337 0.9753
vn -0.2183 0.0392 0.9751
vn -0.2182 0.0447 0.9749
vn -0.2182 0.0501 0.9746
vn -0.2181 0.0556 0.9743
vn -0.2180 0.0611 0.9740
vn -0.2180 0.0665 0.9737
vn -0.2179 0.0720 0.9733
vn -0.2178 0.0774 0.9729
vn -0.2177 0.0829 0.9725
vn -0.2176 0.0883 0.9720
vn -0.2175 0.0937 0.9716
vn -0.2174 0.0991 0.9710
vn -0.2173 0.1046 0.9705
vn -0.2171 0.1100 0.9699
vn -0.2170 0.1153 0.9693
vn -0.2169 0.1207 0.9687
vn -0.2167 0.1261 0.9681
vn -0.2166 0.1314 0.9674
vn -0.2164 0.1368 0.9667
vn -0.2162 0.1421 0.9659
vn -0.2161 0.1474 0.9652
vn -0.2159 0.1528 0.9644
vn -0.2157 0.1581 0.9636
vn -0.2155 0.1633 0.9627
vn -0.2153 0.1686 0.9619
vn 0.0653 0.0062 0.9978
vn 0.0653 0.0117 0.9978
vn 0.0653 0.0172 0.9977
vn 0.0653 0.0227 0.9976
vn 0.0653 0.0282 0.9975
vn 0.0653 0.0337 0.9973
vn 0.0653 0.0392 0.9971
vn 0.0653 0.0447 0.9969
vn 0.0652 0.0501 0.9966
vn 0.0652 0.0556 0.9963
vn 0.0652 0.0611 0.9960
vn 0.0652 0.0665 0.9957
vn 0.0652 0.0720 0.9953
vn 0.0651 0.0774 0.9949
vn 0.0651 0.0829 0.9944
vn 0.0651 0.0883 0.9940
vn 0.0650 0.0937 0.9935
vn 0.0650 0.0991 0.9929
vn 0.0650 0.1046 0.9924
vn 0.0649 0.1100 0.9918
vn 0.0649 0.1153 0.9912
vn 0.0648 0.1207 0.9906
vn 0.0648 0.1261 0.9899
vn 0.0648 0.1314 0.9892
vn 0.0647 0.1368 0.9885
vn 0.0647 0.1421 0.9877
vn 0.0646 0.1474 0.9870
vn 0.0646 0.1528 0.9862
vn 0.0645 0.1581 0.9853
vn 0.0644 0.1633 0.9845
vn 0.0644 0.1686 0.9836
vn 0.3438 0.0062 0.9390
vn 0.3438 0.0117 0.9390
vn 0.3438 0.0172 0.9389
vn 0.3437 0.0227 0.9388
vn 0.3437 0.0282 0.9387
vn 0.3436 0.0337 0.9385
vn 0.3435 0.0392 0.9383
vn 0.3435 0.0447 0.9381
vn 0.3434 0.0501 0.9379
vn 0.3433 0.0556 0.9376
vn 0.3432 0.0611 0.9373
vn 0.3430 0.0665 0.9370
vn 0.3429 0.0720 0.9366
vn 0.3428 0.0774 0.9362
vn 0.3426 0.0829 0.9358
vn 0.3425 0.0883 0.9354
vn 0.3423 0.0937 0.9349
vn 0.3421 0.0991 0.9344
vn 0.3419 0.1046 0.9339
vn 0.3417 0.1100 0.9333
vn 0.3415 0.1153 0.9328
vn 0.3413 0.1207 0.9322
vn 0.3411 0.1261 0.9315
vn 0.3408 0.1314 0.9309
vn 0.3406 0.1368 0.9302
vn 0.3403 0.1421 0.9295
vn 0.3401 0.1474 0.9288
vn 0.3398 0.1528 0.9280
vn 0.3395 0.1581 0.9272
vn 0.3392 0.1633 0.9264
vn 0.3389 0.1686 0.9256
vn 0.5944 0.0062 0.8041
vn 0.5944 0.0117 0.8041
vn 0.5944 0.0172 0.8040
vn 0.5943 0.0227 0.8039
vn 0.5942 0.0282 0.8038
vn 0.5941 0.0337 0.8037
vn 0.5940 0.0392 0.8035
vn 0.5938 0.0447 0.8033
vn 0.5937 0.0501 0.8031
vn 0.5935 0.0556 0.8029
vn 0.5933 0.0611 0.8026
vn 0.5931 0.0665 0.8024
vn 0.5929 0.0720 0.8021
vn 0.5927 0.0774 0.8017
vn 0.5924 0.0829 0.8014
vn 0.5921 0.0883 0.8010
vn 0.5918 0.0937 0.8006
vn 0.5915 0.0991 0.8002
vn 0.5912 0.1046 0.7997
vn 0.5908 0.1100 0.7993
vn 0.5905 0.1153 0.7988
vn 0.5901 0.1207 0.7983
vn 0.5897 0.1261 0.7977
vn 0.5893 0.1314 0.7972
vn 0.5889 0.1368 0.7966
vn 0.5884 0.1421 0.7960
vn 0.5879 0.1474 0.7953
vn 0.5875 0.1528 0.7947
vn 0.5870 0.1581 0.7940
vn 0.5865 0.1633 0.7933
vn 0.5859 0.1686 0.7926
vn 0.7969 0.0062 0.6041
vn 0.7969 0.0117 0.6041
vn 0.7968 0.0172 0.6040
vn 0.7967 0.0227 0.6039
vn 0.7966 0.0282 0.6039
vn 0.7965 0.0337 0.6038
vn 0.7963 0.0392 0.6036
vn 0.7961 0.0447 0.6035
vn 0.7959 0.0501 0.6033
vn 0.7957 0.0556 0.6032
vn 0.7954 0.0611 0.6030
vn 0.7951 0.0665 0.6028
vn 0.7948 0.0720 0.6025
vn 0.7945 0.0774 0.6023
vn 0.7942 0.0829 0.6020
vn 0.7938 0.0883 0.6017
vn 0.7934 0.0937 0.6014
vn 0.7930 0.0991 0.6011
vn 0.7925 0.1046 0.6008
vn 0.7921 0.1100 0.6004
vn 0.7916 0.1153 0.6001
vn 0.7911 0.1207 0.5997
vn 0.7906 0.1261 0.5993
vn 0.7900 0.1314 0.5989
vn 0.7894 0.1368 0.5984
vn 0.7888 0.1421 0.5980
vn 0.7882 0.1474 0.5975
vn 0.7876 0.1528 0.5970
vn 0.7869 0.1581 0.5965
vn 0.7862 0.1633 0.5960
vn 0.7855 0.1686 0.5954
vn 0.9348 0.0062 0.3551
vn 0.9348 0.0117 0.3551
vn 0.9347 0.0172 0.3551
vn 0.9346 0.0227 0.3550
vn 0.9345 0.0282 0.3550
vn 0.9343 0.0337 0.3549
vn 0.9341 0.0392 0.3548
vn 0.9339 0.0447 0.3548
vn 0.9337 0.0501 0.3547
vn 0.9334 0.0556 0.3546
vn 0.9331 0.0611 0.3544
vn 0.9328 0.0665 0.3543
vn 0.9324 0.0720 0.3542
vn 0.9320 0.0774 0.3540
vn 0.9316 0.0829 0.3539
vn 0.9312 0.0883 0.3537
vn 0.9307 0.0937 0.3535
vn 0.9302 0.0991 0.3534
vn 0.9297 0.1046 0.3532
vn 0.9292 0.1100 0.3530
vn 0.9286 0.1153 0.3527
vn 0.9280 0.1207 0.3525
vn 0.9274 0.1261 0.3523
vn 0.9267 0.1314 0.3520
vn 0.9260 0.1368 0.3518
vn 0.9253 0.1421 0.3515
vn 0.9246 0.1474 0.3512
vn 0.9239 0.1528 0.3509
vn 0.9231 0.1581 0.3506
vn 0.9223 0.1633 0.3503
vn 0.9214 0.1686 0.3500
vn 0.9970 0.0062 0.0774
vn 0.9969 0.0117 0.0773
vn 0.9969 0.0172 0.0773
vn 0.9967 0.0227 0.0773
vn 0.9966 0.0282 0.0773
vn 0.9964 0.0337 0.0773
vn 0.9962 0.0392 0.0773
vn 0.9960 0.0447 0.0773
vn 0.9958 0.0501 0.0773
vn 0.9955 0.0556 0.0772
vn 0.9951 0.0611 0.0772
vn 0.9948 0.0665 0.0772
vn 0.9944 0.0720 0.0772
vn 0.9940 0.0774 0.0771
vn 0.9936 0.0829 0.0771
vn 0.9931 0.0883 0.0770
vn 0.9926 0.0937 0.0770
vn 0.9921 0.0991 0.0770
vn 0.9915 0.1046 0.0769
vn 0.9910 0.1100 0.0769
vn 0.9903 0.1153 0.0768
vn 0.9897 0.1207 0.0768
vn 0.9890 0.1261 0.0767
vn 0.9884 0.1314 0.0767
vn 0.9876 0.1368 0.0766
vn 0.9869 0.1421 0.0766
vn 0.9861 0.1474 0.0765
vn 0.9853 0.1528 0.0764
vn 0.9845 0.1581 0.0764
vn 0.9836 0.1633 0.0763
vn 0.9827 0.1686 0.0762
vn 0.9784 0.0062 -0.2067
vn 0.9783 0.0117 -0.2067
vn 0.9783 0.0172 -0.2066
vn 0.9782 0.0227 -0.2066
vn 0.9780 0.0282 -0.2066
vn 0.9779 0.0337 -0.2066
vn 0.9777 0.0392 -0.2065
vn 0.9774 0.0447 -0.2065
vn 0.9772 0.0501 -0.2064
vn 0.9769 0.0556 -0.2064
vn 0.9766 0.0611 -0.2063
vn 0.9762 0.0665 -0.2062
vn 0.9759 0.0720 -0.2061
vn 0.9755 0.0774 -0.2060
vn 0.9750 0.0829 -0.2060
vn 0.9746 0.0883 -0.2059
vn 0.9741 0.0937 -0.2058
vn 0.9736 0.0991 -0.2057
vn 0.9730 0.1046 -0.2055
vn 0.9725 0.1100 -0.2054
vn 0.9719 0.1153 -0.2053
vn 0.9713 0.1207 -0.2052
vn 0.9706 0.1261 -0.2050
vn 0.9699 0.1314 -0.2049
vn 0.9692 0.1368 -0.2047
vn 0.9685 0.1421 -0.2046
vn 0.9677 0.1474 -0.2044
vn 0.9669 0.1528 -0.2042
vn 0.9661 0.1581 -0.2041
vn 0.9653 0.1633 -0.2039
vn 0.9644 0.1686 -0.2037
vn 0.8805 0.0062 -0.4739
vn 0.8805 0.0117 -0.4739
vn 0.8804 0.0172 -0.4739
vn 0.8803 0.0227 -0.4738
vn 0.8802 0.0282 -0.4738
vn 0.8801 0.0337 -0.4737
vn 0.8799 0.0392 -0.4736
vn 0.8797 0.0447 -0.4735
vn 0.8794 0.0501 -0.4734
vn 0.8792 0.0556 -0.4732
vn 0.8789 0.0611 -0.4731
vn 0.8786 0.0665 -0.4729
vn 0.8783 0.0720 -0.4727
vn 0.8779 0.0774 -0.4725
vn 0.8775 0.0829 -0.4723
vn 0.8771 0.0883 -0.4721
vn 0.8767 0.0937 -0.4719
vn 0.8762 0.0991 -0.4716
vn 0.8757 0.1046 -0.4714
vn 0.8752 0.1100 -0.4711
vn 0.8747 0.1153 -0.4708
vn 0.8741 0.1207 -0.4705
vn 0.8735 0.1261 -0.4702
vn 0.8729 0.1314 -0.4698
vn 0.8723 0.1368 -0.4695
vn 0.8716 0.1421 -0.4691
vn 0.8709 0.1474 -0.4688
vn 0.8702 0.1528 -0.4684
vn 0.8695 0.1581 -0.4680
vn 0.8687 0.1633 -0.4676
vn 0.8679 0.1686 -0.4672
vn 0.7113 0.0062 -0.7028
vn 0.7113 0.0117 -0.7028
vn 0.7113 0.0172 -0.7027
vn 0.7112 0.0227 -0.7026
vn 0.7111 0.0282 -0.7026
vn 0.7110 0.0337 -0.7024
vn 0.7108 0.0392 -0.7023
vn 0.7106 0.0447 -0.7021
vn 0.7105 0.0501 -0.7019
vn 0.7103 0.0556 -0.7017
vn 0.7100 0.0611 -0.7015
vn 0.7098 0.0665 -0.7013
vn 0.7095 0.0720 -0.7010
vn 0.7092 0.0774 -0.7007
vn 0.7089 0.0829 -0.7004
vn 0.7086 0.0883 -0.7001
vn 0.7082 0.0937 -0.6997
vn 0.7079 0.0991 -0.6994
vn 0.7075 0.1046 -0.6990
vn 0.7070 0.1100 -0.6986
vn 0.7066 0.1153 -0.6981
vn 0.7062 0.1207 -0.6977
vn 0.7057 0.1261 -0.6972
vn 0.7052 0.1314 -0.6967
vn 0.7047 0.1368 -0.6962
vn 0.7041 0.1421 -0.6957
vn 0.7036 0.1474 -0.6951
vn 0.7030 0.1528 -0.6946
vn 0.7024 0.1581 -0.6940
vn 0.7018 0.1633 -0.6934
vn 0.7012 0.1686 -0.6928
vn 0.4845 0.0062 -0.8748
vn 0.4845 0.0117 -0.8747
vn 0.4845 0.0172 -0.8746
vn 0.4844 0.0227 -0.8745
vn 0.4843 0.0282 -0.8744
vn 0.4843 0.0337 -0.8743
vn 0.4842 0.0392 -0.8741
vn 0.4840 0.0447 -0.8739
vn 0.4839 0.0501 -0.8737
vn 0.4838 0.0556 -0.8734
vn 0.4836 0.0611 -0.8731
vn 0.4835 0.0665 -0.8728
vn 0.4833 0.0720 -0.8725
vn 0.4831 0.0774 -0.8721
vn 0.4829 0.0829 -0.8718
vn 0.4826 0.0883 -0.8714
vn 0.4824 0.0937 -0.8709
vn 0.4821 0.0991 -0.8705
vn 0.4819 0.1046 -0.8700
vn 0.4816 0.1100 -0.8695
vn 0.4813 0.1153 -0.8689
vn 0.4810 0.1207 -0.8684
vn 0.4807 0.1261 -0.8678
vn 0.4803 0.1314 -0.8672
vn 0.4800 0.1368 -0.8666
vn 0.4796 0.1421 -0.8659
vn 0.4792 0.1474 -0.8652
vn 0.4788 0.1528 -0.8645
vn 0.4784 0.1581 -0.8638
vn 0.4780 0.1633 -0.8630
vn 0.4776 0.1686 -0.8623
vn 0.0242 -0.9939 -0.1080
vn -0.0072 -0.9939 -0.1105
vn -0.0381 -0.9939 -0.1040
vn -0.0658 -0.9939 -0.0890
vn -0.0882 -0.9939 -0.0669
vn -0.1035 -0.9939 -0.0393
vn -0.1104 -0.9939 -0.0086
vn -0.1083 -0.9939 0.0229
vn -0.0975 -0.9939 0.0525
vn -0.0788 -0.9939 0.0778
vn -0.0536 -0.9939 0.0969
vn -0.0242 -0.9939 0.1080
vn 0.0072 -0.9939 0.1105
vn 0.0381 -0.9939 0.1040
vn 0.0658 -0.9939 0.0890
vn 0.0882 -0.9939 0.0669
vn 0.1035 -0.9939 0.0393
vn 0.1104 -0.9939 0.0086
vn 0.1083 -0.9939 -0.0229
vn 0.0975 -0.9939 -0.0525
vn 0.0788 -0.9939 -0.0778
vn 0.0536 -0.9939 -0.0969
vn 0.2184 -0.0000 -0.9758
vn -0.0653 -0.0000 -0.9979
vn -0.3438 -0.0000 -0.9390
vn -0.5944 -0.0000 -0.8041
vn -0.7969 -0.0000 -0.6041
vn -0.9348 -0.0000 -0.3551
vn -0.9970 -0.0000 -0.0774
vn -0.9784 -0.0000 0.2067
vn -0.8806 -0.0000 0.4740
vn -0.7114 -0.0000 0.7028
vn -0.4845 -0.0000 0.8748
vn -0.2185 -0.0000 0.9758
vn 0.0653 -0.0000 0.9979
vn 0.3438 -0.0000 0.9390
vn 0.5944 -0.0000 0.8041
vn 0.7969 -0.0000 0.6041
vn 0.9348 -0.0000 0.3551
vn 0.9970 -0.0000 0.0774
vn 0.9784 -0.0000 -0.2067
vn 0.8806 -0.0000 -0.4739
vn 0.7114 -0.0000 -0.7028
vn 0.4845 -0.0000 -0.8748
vn -0.0014 1.0000 0.0062
vn -0.9758 -0.0009 -0.2185
vn -0.9758 -0.0017 -0.2185
vn 0.0038 -0.9998 -0.0170
vn -0.9758 -0.0025 -0.2185
vn 0.0004 1.0000 0.0063
vn 0.9979 -0.0009 -0.0653
vn 0.9979 -0.0017 -0.0653
vn 0.9979 -0.0025 -0.0654
vn -0.0011 -0.9998 -0.0174
vn -0.0074 0.9994 0.0329
vn 0.9759 -0.0048 0.2183
vn 0.0074 -0.9994 -0.0329
vn -0.9758 -0.0048 -0.2186
vn -0.0110 0.9987 0.0489
vn 0.9759 -0.0072 0.2181
vn 0.0110 -0.9987 -0.0489
vn -0.9757 -0.0072 -0.2188
vn -0.0145 0.9978 0.0649
vn 0.9759 -0.0095 0.2178
vn 0.0145 -0.9978 -0.0649
vn -0.9757 -0.0095 -0.2191
vn -0.0181 0.9966 0.0809
vn 0.9760 -0.0119 0.2175
vn 0.0181 -0.9966 -0.0809
vn -0.9756 -0.0119 -0.2194
vn -0.0217 0.9951 0.0968
vn 0.9761 -0.0142 0.2171
vn 0.0217 -0.9951 -0.0968
vn -0.9754 -0.0142 -0.2198
vn -0.0252 0.9933 0.1125
vn 0.9761 -0.0165 0.2166
vn 0.0252 -0.9933 -0.1126
vn -0.9753 -0.0165 -0.2203
vn -0.0287 0.9913 0.1283
vn 0.9762 -0.0187 0.2160
vn 0.0287 -0.9913 -0.1283
vn -0.9751 -0.0187 -0.2208
vn -0.0322 0.9891 0.1439
vn 0.9763 -0.0210 0.2154
vn 0.0322 -0.9891 -0.1439
vn -0.9749 -0.0210 -0.2215
vn -0.0357 0.9866 0.1594
vn 0.9764 -0.0232 0.2146
vn 0.0357 -0.9866 -0.1594
vn -0.9747 -0.0232 -0.2221
vt 0.095492 0.263902
vt 0.000000 -0.785714
vt 0.500000 -0.785714
vt 0.100000 -2.571429
vt 0.100000 1.000000
vt 0.000000 1.000000
vt 0.000000 -2.571429
vt 0.904508 0.263902
vt 1.000000 -0.785714
vt 0.345491 0.912601
vt 0.200000 -2.571429
vt 0.200000 1.000000
vt 0.654508 0.912601
vt 0.300000 -2.571429
vt 0.300000 1.000000
vt 0.400000 -2.571429
vt 0.400000 1.000000
vt 0.500000 -2.571429
vt 0.500000 1.000000
vt 0.904508 -1.835331
vt 0.600000 -2.571429
vt 0.600000 1.000000
vt 0.095492 -1.835331
vt 0.654508 -2.484029
vt 0.700000 -2.571429
vt 0.700000 1.000000
vt 0.345491 -2.484029
vt 0.800000 -2.571429
vt 0.800000 1.000000
vt 0.900000 -2.571429
vt 0.900000 1.000000
vt 1.000000 -2.571429
vt 1.000000 1.000000
vt 17.413458 -24.584703
vt 17.413458 -23.406979
vt 17.342743 -23.406977
vt 15.984562 -23.406921
vt 15.920092 -23.406919
vt 15.920092 -24.584644
vt 17.384438 -24.592947
vt 17.384438 -23.415218
vt 17.319122 -23.415222
vt 16.007589 -23.415291
vt 15.936335 -23.415293
vt 15.936335 -24.593019
vt 16.649858 -25.000309
vt 16.719902 -25.023155
vt 16.719023 -22.985888
vt 16.582432 -23.011381
vt 16.583555 -24.978683
vt 16.683474 -23.411184
vt 16.749777 -23.415222
vt 16.759750 -23.048023
vt 16.623405 -23.039724
vt 16.613432 -23.406921
vt 16.630690 -22.769945
vt 16.627380 -22.606659
vt 16.566311 -22.778246
vt 16.767021 -22.778246
vt 16.767078 -22.778248
vt 16.632561 -25.000309
vt 16.630732 -22.769947
vt 16.760935 -23.048096
vt 16.768263 -22.778318
vt 16.704790 -22.774458
vt 16.631657 -22.770004
vt 16.624329 -23.039782
vt 16.631611 -22.770002
vt 16.629255 -22.999359
vt 16.768202 -22.778316
vt 16.751928 -24.584644
vt 16.719942 -23.406919
vt 16.583611 -23.415218
vt 16.615597 -24.592947
vt 16.718979 -24.593019
vt 16.750963 -23.415293
vt 16.614357 -23.406979
vt 16.582371 -24.584703
vt 16.627380 -25.097452
vt 16.702644 -25.119858
vt 16.702602 -25.023155
vt 16.750963 -25.120186
vt 16.751928 -22.880136
vt 16.615597 -22.923344
vt 16.614357 -25.095497
vt 15.999573 -22.774412
vt 15.928689 -22.606865
vt 15.936335 -22.778318
vt 16.007589 -22.778316
vt 16.709970 -23.039721
vt 16.573639 -23.048021
vt 15.984562 -23.039724
vt 15.920092 -23.039721
vt 17.384438 -23.048021
vt 17.319122 -23.048023
vt 16.719023 -23.406977
vt 16.709049 -23.039778
vt 16.572458 -23.048094
vt 16.582432 -23.415291
vt 17.413458 -23.039782
vt 17.342743 -23.039778
vt 16.007589 -23.048094
vt 15.936335 -23.048096
vt 16.702644 -22.769945
vt 15.984562 -22.769947
vt 15.920092 -22.769945
vt 17.384438 -22.778246
vt 17.319122 -22.778248
vt 16.701723 -22.770002
vt 16.565132 -22.778316
vt 17.413458 -22.770004
vt 17.342743 -22.770002
vt 16.709341 -22.606865
vt 17.333542 -22.774214
vt 17.398302 -22.606659
vt 17.333759 -22.774412
vt 17.404646 -22.606865
vt 17.416130 -24.589348
vt 17.416130 -23.410646
vt 17.345417 -23.410646
vt 15.987272 -23.410646
vt 15.922804 -23.410646
vt 15.922804 -24.589348
vt 17.387062 -24.589348
vt 17.387062 -23.410646
vt 17.321751 -23.410646
vt 16.010262 -23.410646
vt 15.939009 -23.410646
vt 15.939009 -24.589348
vt 16.665852 -25.000357
vt 16.736010 -25.019091
vt 16.735128 -22.981874
vt 16.598310 -23.015390
vt 16.599438 -24.982624
vt 16.667482 -23.410646
vt 16.733896 -23.410646
vt 16.733896 -23.043150
vt 16.597324 -23.043150
vt 16.597324 -23.410646
vt 16.597282 -22.773149
vt 16.665222 -22.605415
vt 16.599493 -22.773149
vt 16.733841 -22.773149
vt 16.733896 -22.773149
vt 16.665852 -22.999640
vt 16.597324 -22.773149
vt 16.735083 -23.043150
vt 16.735083 -22.773149
vt 16.671507 -22.773149
vt 16.598249 -22.773149
vt 16.598249 -23.043150
vt 16.598206 -22.773149
vt 16.662540 -22.999601
vt 16.735022 -22.773149
vt 16.736050 -24.589348
vt 16.736050 -23.410646
vt 16.599493 -23.410646
vt 16.599493 -24.589348
vt 16.735083 -24.589348
vt 16.735083 -23.410646
vt 16.598249 -23.410646
vt 16.598249 -24.589348
vt 16.665222 -25.097536
vt 16.736050 -25.115793
vt 16.735083 -25.124191
vt 16.736050 -22.884205
vt 16.599493 -22.919407
vt 16.598249 -25.091486
vt 15.999734 -22.773149
vt 15.928877 -22.605415
vt 15.939009 -22.773149
vt 16.010262 -22.773149
vt 16.736050 -23.043150
vt 16.599493 -23.043150
vt 15.987272 -23.043150
vt 15.922804 -23.043150
vt 17.387062 -23.043150
vt 17.321751 -23.043150
vt 16.735128 -23.410646
vt 16.735128 -23.043150
vt 16.598310 -23.043150
vt 16.598310 -23.410646
vt 17.416130 -23.043150
vt 17.345417 -23.043150
vt 16.010262 -23.043150
vt 15.939009 -23.043150
vt 16.736050 -22.773149
vt 15.987272 -22.773149
vt 15.922804 -22.773149
vt 17.387062 -22.773149
vt 17.321751 -22.773149
vt 16.735128 -22.773149
vt 16.598310 -22.773149
vt 17.416130 -22.773149
vt 17.345417 -22.773149
vt 16.671507 -22.605415
vt 17.333572 -22.773149
vt 17.398357 -22.605415
vt 17.333599 -22.773149
vt 17.404457 -22.605415
vt 0.146447 0.853553
vt 0.000000 0.500000
vt 0.500000 0.500000
vt 0.125000 0.000000
vt 0.125000 1.000000
vt 0.000000 0.000000
vt 0.619824 0.619824
vt 0.641385 0.500000
vt 0.250000 0.000000
vt 0.250000 1.000000
vt 0.500000 0.689330
vt 0.853553 0.853553
vt 0.375000 0.000000
vt 0.375000 1.000000
vt 0.395433 0.604567
vt 1.000000 0.500000
vt 0.500000 0.000000
vt 0.338453 0.500000
vt 0.853553 0.146447
vt 0.625000 0.000000
vt 0.625000 1.000000
vt 0.376560 0.376560
vt 0.750000 0.000000
vt 0.750000 1.000000
vt 0.500000 0.318447
vt 0.146447 0.146447
vt 0.875000 0.000000
vt 0.875000 1.000000
vt 0.610241 0.389759
vt 1.000000 0.000000
vt 0.189394 -1.777778
vt 0.189394 -1.083333
vt 0.000000 -1.083333
vt 0.000000 -1.777778
vt 0.378788 -1.777778
vt 0.378788 -1.083333
vt 0.568182 -1.777778
vt 0.568182 -1.083333
vt 0.757576 -1.777778
vt 0.757576 -1.083333
vt 0.946970 -1.777778
vt 0.946970 -1.083333
vt 1.136364 -1.777778
vt 1.136364 -1.083333
vt 1.325758 -1.777778
vt 1.325758 -1.083333
vt 1.515152 -1.777778
vt 1.515152 -1.083333
vt 1.704545 -1.777778
vt 1.704545 -1.083333
vt 1.893939 -1.777778
vt 1.893939 -1.083333
vt 2.083333 -1.777778
vt 2.083333 -1.083333
vt 2.272727 -1.777778
vt 2.272727 -1.083333
vt 2.462121 -1.777778
vt 2.462121 -1.083333
vt 2.651515 -1.777778
vt 2.651515 -1.083333
vt 2.840909 -1.777778
vt 2.840909 -1.083333
vt 3.030303 -1.777778
vt 3.030303 -1.083333
vt 3.219697 -1.777778
vt 3.219697 -1.083333
vt 3.409091 -1.777778
vt 3.409091 -1.083333
vt 3.598485 -1.777778
vt 3.598485 -1.083333
vt 3.787879 -1.777778
vt 3.787879 -1.083333
vt 3.977273 -1.777778
vt 3.977273 -1.083333
vt 4.166667 -1.777778
vt 4.166667 -1.083333
vt 4.356061 -1.777778
vt 4.356061 -1.083333
vt 4.545455 -1.777778
vt 4.545455 -1.083333
vt 0.189394 -0.388889
vt 0.000000 -0.388889
vt 0.378788 -0.388889
vt 0.568182 -0.388889
vt 0.757576 -0.388889
vt 0.946970 -0.388889
vt 1.136364 -0.388889
vt 1.325758 -0.388889
vt 1.515152 -0.388889
vt 1.704545 -0.388889
vt 1.893939 -0.388889
vt 2.083333 -0.388889
vt 2.272727 -0.388889
vt 2.462121 -0.388889
vt 2.651515 -0.388889
vt 2.840909 -0.388889
vt 3.030303 -0.388889
vt 3.219697 -0.388889
vt 3.409091 -0.388889
vt 3.598485 -0.388889
vt 3.787879 -0.388889
vt 3.977273 -0.388889
vt 4.166667 -0.388889
vt 4.356061 -0.388889
vt 4.545455 -0.388889
vt 0.189394 0.305556
vt 0.000000 0.305556
vt 0.378788 0.305556
vt 0.568182 0.305556
vt 0.757576 0.305556
vt 0.946970 0.305556
vt 1.136364 0.305556
vt 1.325758 0.305556
vt 1.515152 0.305556
vt 1.704545 0.305556
vt 1.893939 0.305556
vt 2.083333 0.305556
vt 2.272727 0.305556
vt 2.462121 0.305556
vt 2.651515 0.305556
vt 2.840909 0.305556
vt 3.030303 0.305556
vt 3.219697 0.305556
vt 3.409091 0.305556
vt 3.598485 0.305556
vt 3.787879 0.305556
vt 3.977273 0.305556
vt 4.166667 0.305556
vt 4.356061 0.305556
vt 4.545455 0.305556
vt 0.189394 1.000000
vt 0.378788 1.000000
vt 0.568182 1.000000
vt 0.757576 1.000000
vt 0.946970 1.000000
vt 1.136364 1.000000
vt 1.325758 1.000000
vt 1.515152 1.000000
vt 1.704545 1.000000
vt 1.893939 1.000000
vt 2.083333 1.000000
vt 2.272727 1.000000
vt 2.462121 1.000000
vt 2.651515 1.000000
vt 2.840909 1.000000
vt 3.030303 1.000000
vt 3.219697 1.000000
vt 3.409091 1.000000
vt 3.598485 1.000000
vt 3.787879 1.000000
vt 3.977273 1.000000
vt 4.166667 1.000000
vt 4.356061 1.000000
vt 4.800471 -3.278423
vt 4.830474 -3.283713
vt 4.840714 -3.166667
vt 4.810249 -3.166667
vt 4.283714 -3.645062
vt 4.283714 -3.326132
vt 4.166667 -3.326132
vt 4.166667 -3.645062
vt 4.750409 -3.503690
vt 4.724025 -3.488457
vt 4.659679 -3.580353
vt 4.683017 -3.599936
vt 4.488458 -3.326132
vt 4.488458 -3.645062
vt 4.580353 -3.645062
vt 4.580353 -3.326132
vt 4.830474 -3.049620
vt 4.800471 -3.054910
vt 4.771436 -2.946549
vt 4.800064 -2.936129
vt 4.750409 -2.829643
vt 4.724025 -2.844876
vt 3.936129 -3.645062
vt 3.936129 -3.326132
vt 3.829643 -3.326132
vt 3.829643 -3.645062
vt 4.054910 -3.326132
vt 4.054910 -3.645062
vt 4.771436 -3.386785
vt 4.800064 -3.397205
vt 4.397205 -3.645062
vt 4.397205 -3.326132
vt 3.936129 -3.007201
vt 3.829643 -3.007201
vt 3.936129 -2.688270
vt 3.829643 -2.688270
vt 4.386785 -2.688270
vt 4.386785 -3.007201
vt 4.488458 -3.007201
vt 4.488458 -2.688270
vt 3.946549 -3.326132
vt 3.946549 -3.645062
vt 4.503690 -3.645062
vt 4.503690 -3.326132
vt 4.503690 -3.007201
vt 4.397205 -3.007201
vt 4.503690 -2.688270
vt 4.397205 -2.688270
vt 3.844876 -2.688270
vt 3.844876 -3.007201
vt 3.946549 -3.007201
vt 3.946549 -2.688270
vt 3.844876 -3.326132
vt 3.844876 -3.645062
vt 4.599936 -3.645062
vt 4.599936 -3.326132
vt 4.386785 -3.326132
vt 4.386785 -3.645062
vt 4.683017 -2.733398
vt 4.659679 -2.752980
vt 4.049620 -3.645062
vt 4.049620 -3.326132
vt 3.752980 -3.326132
vt 3.752980 -3.645062
vt 4.580353 -3.659679
vt 4.599936 -3.683017
vt 4.683017 -3.645062
vt 4.683017 -3.326132
vt 4.278423 -3.326132
vt 4.278423 -3.645062
vt 4.599936 -2.650317
vt 4.580353 -2.673654
vt 4.659679 -3.645062
vt 4.659679 -3.326132
vt 4.488458 -3.724025
vt 4.503690 -3.750409
vt 3.733398 -3.326132
vt 3.733398 -3.645062
vt 4.503690 -2.582925
vt 4.488458 -2.609308
vt 4.793814 -3.056084
vt 4.803489 -3.166667
vt 4.793814 -3.277249
vt 4.386785 -3.771435
vt 4.397205 -3.800063
vt 4.764244 -2.945727
vt 4.800064 -3.007201
vt 4.764244 -3.007201
vt 4.764244 -3.326132
vt 4.800064 -3.326132
vt 4.397205 -2.533269
vt 4.386785 -2.561898
vt 4.800064 -2.688270
vt 4.764244 -2.688270
vt 4.764244 -3.387606
vt 4.278423 -3.800471
vt 4.283714 -3.830474
vt 4.049620 -3.007201
vt 4.049620 -2.688270
vt 4.283714 -2.502860
vt 4.278423 -2.532862
vt 4.278423 -2.688270
vt 4.278423 -3.007201
vt 4.166667 -3.810249
vt 4.166667 -3.840714
vt 3.533269 -3.326132
vt 3.569089 -3.326132
vt 3.569089 -3.007201
vt 3.533269 -3.007201
vt 4.166667 -2.492619
vt 4.166667 -2.523085
vt 3.569089 -2.688270
vt 3.533269 -2.688270
vt 4.054910 -3.800471
vt 4.049620 -3.830474
vt 4.049620 -2.502860
vt 4.054910 -2.532862
vt 4.654501 -2.757325
vt 4.720032 -2.850913
vt 3.582925 -3.326132
vt 3.613302 -3.326132
vt 3.613302 -3.007201
vt 3.582925 -3.007201
vt 3.946549 -3.771435
vt 3.936129 -3.800063
vt 4.720032 -3.482420
vt 4.654501 -3.576008
vt 3.613302 -2.688270
vt 3.582925 -2.688270
vt 3.936129 -2.533269
vt 3.946549 -2.561898
vt 4.576008 -2.678832
vt 4.576008 -3.654501
vt 3.844876 -3.724025
vt 3.829643 -3.750409
vt 4.485078 -2.615162
vt 4.485078 -3.718171
vt 3.829643 -2.582925
vt 3.844876 -2.609308
vt 4.381532 -2.566878
vt 4.766455 -3.007201
vt 4.766455 -3.326132
vt 3.752980 -3.659679
vt 3.733398 -3.683017
vt 4.599936 -3.007201
vt 4.599936 -2.688270
vt 3.733398 -2.650317
vt 3.752980 -2.673654
vt 3.752980 -2.688270
vt 3.752980 -3.007201
vt 3.673654 -3.580353
vt 3.650317 -3.599936
vt 4.766455 -2.688270
vt 4.381532 -3.766454
vt 3.650317 -2.733398
vt 3.673654 -2.752980
vt 4.166667 -2.529844
vt 4.280482 -2.539802
vt 3.502860 -3.326132
vt 3.539802 -3.326132
vt 3.539802 -3.007201
vt 3.502860 -3.007201
vt 3.673654 -3.326132
vt 3.673654 -3.645062
vt 3.609308 -3.488457
vt 3.582925 -3.503690
vt 4.280482 -3.793531
vt 4.166667 -3.803489
vt 3.539802 -2.688270
vt 3.502860 -2.688270
vt 3.582925 -2.829643
vt 3.609308 -2.844876
vt 4.056084 -2.539519
vt 4.056084 -3.793814
vt 3.561898 -3.386785
vt 3.533269 -3.397205
vt 3.948861 -2.568249
vt 3.948861 -3.765083
vt 3.533269 -2.936129
vt 3.561898 -2.946549
vt 3.845315 -2.616534
vt 4.750409 -3.007201
vt 4.716800 -3.007201
vt 4.716800 -3.326132
vt 4.750409 -3.326132
vt 3.532862 -3.278423
vt 3.502860 -3.283713
vt 4.750409 -2.688270
vt 4.716800 -2.688270
vt 3.845315 -3.716800
vt 3.502860 -3.049620
vt 3.532862 -3.054910
vt 3.678832 -2.757325
vt 3.759619 -2.676538
vt 3.759619 -3.326132
vt 3.759619 -3.007201
vt 3.733398 -3.007201
vt 3.523085 -3.166667
vt 3.492619 -3.166667
vt 4.166667 -3.007201
vt 4.166667 -2.688270
vt 3.759619 -3.656795
vt 3.678832 -3.576008
vt 3.759619 -2.688270
vt 3.733398 -2.688270
vt 3.615163 -2.848256
vt 3.615163 -3.485078
vt 3.568249 -2.948860
vt 3.568249 -3.384472
vt 3.538680 -3.059217
vt 4.830474 -3.007201
vt 4.794654 -3.007201
vt 4.794654 -3.326132
vt 4.830474 -3.326132
vt 4.830474 -2.688270
vt 4.794654 -2.688270
vt 3.538680 -3.274116
vt 3.539519 -3.277249
vt 3.529562 -3.163435
vt 3.492619 -3.326132
vt 3.529562 -3.326132
vt 3.529562 -3.007201
vt 3.492619 -3.007201
vt 3.529562 -3.169898
vt 3.539519 -3.056084
vt 3.529562 -2.688270
vt 3.492619 -2.688270
vt 4.683017 -3.007201
vt 4.683017 -2.688270
vt 3.673654 -2.688270
vt 3.673654 -3.007201
vt 3.680693 -3.578666
vt 4.652640 -3.007201
vt 4.652640 -3.326132
vt 4.652640 -2.688270
vt 3.680693 -2.754667
vt 3.848256 -3.718171
vt 3.754668 -3.652639
vt 3.650317 -3.326132
vt 3.680693 -3.326132
vt 3.680693 -3.007201
vt 3.650317 -3.007201
vt 3.754668 -2.680693
vt 3.848256 -2.615162
vt 3.680693 -2.688270
vt 3.650317 -2.688270
vt 4.169899 -3.803772
vt 4.840714 -3.007201
vt 4.803772 -3.007201
vt 4.803772 -3.326132
vt 4.840714 -3.326132
vt 4.283714 -3.007201
vt 4.283714 -2.688270
vt 4.054910 -2.688270
vt 4.054910 -3.007201
vt 4.840714 -2.688270
vt 4.803772 -2.688270
vt 4.169899 -2.529562
vt 4.384472 -3.765083
vt 4.274116 -3.794653
vt 3.538680 -3.326132
vt 3.538680 -3.007201
vt 4.516121 -3.645062
vt 4.516121 -3.326132
vt 4.398650 -3.326132
vt 4.398650 -3.645062
vt 4.274116 -2.538680
vt 4.384472 -2.568249
vt 3.538680 -2.688270
vt 4.516121 -3.795724
vt 4.512147 -3.758712
vt 4.401163 -3.760897
vt 4.398650 -3.798038
vt 3.820464 -3.326132
vt 3.820464 -3.645062
vt 3.932626 -3.645062
vt 3.932626 -3.326132
vt 4.631406 -3.645062
vt 4.631406 -3.326132
vt 4.631406 -3.773047
vt 4.621066 -3.737287
vt 4.741002 -3.730694
vt 4.724608 -3.697273
vt 3.710390 -3.326132
vt 3.710390 -3.645062
vt 4.741002 -3.645062
vt 4.741002 -3.326132
vt 4.720032 -3.007201
vt 4.720032 -3.326132
vt 4.720032 -2.688270
vt 3.605748 -3.326132
vt 3.605748 -3.645062
vt 3.376455 -2.341573
vt 3.418482 -1.976190
vt 2.380952 -1.976190
vt 2.667837 -5.645742
vt 2.667500 -5.409073
vt 2.378242 -5.409069
vt 2.378242 -5.645738
vt 2.666868 -5.172471
vt 2.378242 -5.172464
vt 2.665939 -4.935802
vt 2.378242 -4.935794
vt 2.671360 -4.935384
vt 2.670134 -4.698648
vt 2.380952 -4.698648
vt 2.380952 -4.935384
vt 2.668613 -4.461913
vt 2.380952 -4.461913
vt 2.665904 -4.462715
vt 2.664086 -4.225979
vt 2.378243 -4.225979
vt 2.378243 -4.462715
vt 2.666795 -4.225177
vt 2.664682 -3.988442
vt 2.380952 -3.988442
vt 2.380952 -4.225177
vt 2.662272 -3.751706
vt 2.380952 -3.751706
vt 2.659565 -3.752900
vt 2.656859 -3.516164
vt 2.378245 -3.516164
vt 2.378245 -3.752900
vt 2.659566 -3.514971
vt 2.656564 -3.278235
vt 2.380952 -3.278235
vt 2.380952 -3.514971
vt 2.653266 -3.041500
vt 2.380952 -3.041500
vt 2.650561 -3.043084
vt 2.646967 -2.806348
vt 2.378248 -2.806348
vt 2.378248 -3.043084
vt 2.649672 -2.804765
vt 2.645781 -2.568029
vt 2.380952 -2.568029
vt 2.380952 -2.804765
vt 2.641595 -2.331294
vt 2.380952 -2.331294
vt 2.638893 -2.333266
vt 2.634411 -2.096531
vt 2.378251 -2.096531
vt 2.378251 -2.333266
vt 2.637112 -2.094558
vt 2.632334 -1.857823
vt 2.380952 -1.857823
vt 2.380952 -2.094558
vt 2.627259 -1.621087
vt 2.380952 -1.621087
vt 2.624561 -1.623448
vt 2.619190 -1.386712
vt 2.378255 -1.386712
vt 2.378255 -1.623448
vt 2.621887 -1.384352
vt 2.616220 -1.147616
vt 2.380952 -1.147616
vt 2.380952 -1.384352
vt 2.610257 -0.910881
vt 2.380952 -0.910881
vt 2.607564 -0.913627
vt 2.601305 -0.676892
vt 2.378260 -0.676892
vt 2.378260 -0.913627
vt 2.603998 -0.674145
vt 2.597442 -0.437410
vt 2.380952 -0.437410
vt 2.380952 -0.674145
vt 2.590590 -0.200675
vt 2.380952 -0.200675
vt 2.587903 -0.203804
vt 2.580755 0.032931
vt 2.378265 0.032931
vt 2.378265 -0.203804
vt 2.583443 0.036061
vt 2.575999 0.272796
vt 2.380952 0.272796
vt 2.380952 0.036061
vt 2.568259 0.509532
vt 2.380952 0.509532
vt 2.565577 0.506021
vt 2.557541 0.742756
vt 2.378271 0.742756
vt 2.378271 0.506021
vt 2.560222 0.746267
vt 2.551890 0.983003
vt 2.380952 0.983003
vt 2.380952 0.746267
vt 2.543262 1.219738
vt 2.380952 1.219738
vt 2.540588 1.215849
vt 2.531663 1.452585
vt 2.378278 1.452585
vt 2.378278 1.215849
vt 2.534337 1.456473
vt 2.525116 1.693209
vt 2.380952 1.693209
vt 2.380952 1.456473
vt 3.099824 -1.712341
vt 3.130172 -1.976190
vt 3.253778 -2.677354
vt 2.933971 -5.645738
vt 2.933325 -5.409069
vt 2.932111 -5.172464
vt 2.930328 -4.935794
vt 2.938239 -4.935384
vt 2.935888 -4.698648
vt 2.932969 -4.461913
vt 2.929481 -4.225177
vt 2.925425 -3.988442
vt 2.920801 -3.751706
vt 2.915608 -3.514971
vt 2.909847 -3.278235
vt 2.903518 -3.041500
vt 2.896621 -2.804765
vt 2.889155 -2.568029
vt 2.881122 -2.331294
vt 2.872520 -2.094558
vt 2.863349 -1.857823
vt 2.853610 -1.621087
vt 2.843304 -1.384352
vt 2.832428 -1.147616
vt 2.820985 -0.910881
vt 2.808973 -0.674145
vt 2.796393 -0.437410
vt 2.783245 -0.200675
vt 2.769528 0.036061
vt 2.755244 0.272796
vt 2.740391 0.509532
vt 2.724969 0.746267
vt 2.708980 0.983003
vt 2.692422 1.219738
vt 2.675296 1.456473
vt 2.657601 1.693209
vt 3.011236 -1.469867
vt 3.060390 -2.956331
vt 3.165065 -5.645590
vt 3.164162 -5.408855
vt 2.941237 -5.408855
vt 2.941883 -5.645590
vt 3.162464 -5.172119
vt 2.940022 -5.172119
vt 3.159971 -4.935384
vt 3.156685 -4.698648
vt 3.152603 -4.461913
vt 3.147728 -4.225177
vt 3.142058 -3.988442
vt 3.135594 -3.751706
vt 3.128336 -3.514971
vt 3.120283 -3.278235
vt 3.111436 -3.041500
vt 3.101794 -2.804765
vt 3.091358 -2.568029
vt 3.080128 -2.331294
vt 3.068103 -2.094558
vt 3.055284 -1.857823
vt 3.041670 -1.621087
vt 3.027263 -1.384352
vt 3.012060 -1.147616
vt 2.996064 -0.910881
vt 2.979273 -0.674145
vt 2.961688 -0.437410
vt 2.943308 -0.200675
vt 2.924134 0.036061
vt 2.904166 0.272796
vt 2.883403 0.509532
vt 2.861846 0.746267
vt 2.839494 0.983003
vt 2.816348 1.219738
vt 2.792408 1.456473
vt 2.767674 1.693209
vt 2.871587 -1.268412
vt 2.811958 -3.155903
vt 1.949947 -5.645590
vt 1.950444 -5.408855
vt 1.702298 -5.408855
vt 1.701515 -5.645590
vt 1.951377 -5.172119
vt 1.703769 -5.172119
vt 1.952747 -4.935384
vt 1.705929 -4.935384
vt 1.954553 -4.698648
vt 1.708777 -4.698648
vt 1.956797 -4.461913
vt 1.712313 -4.461913
vt 1.959477 -4.225177
vt 1.716537 -4.225177
vt 1.962593 -3.988442
vt 1.721450 -3.988442
vt 1.966146 -3.751706
vt 1.727052 -3.751706
vt 1.970136 -3.514971
vt 1.733341 -3.514971
vt 1.974563 -3.278235
vt 1.740319 -3.278235
vt 1.979426 -3.041500
vt 1.747985 -3.041500
vt 1.984725 -2.804765
vt 1.756340 -2.804765
vt 1.990462 -2.568029
vt 1.765382 -2.568029
vt 1.996635 -2.331294
vt 1.775114 -2.331294
vt 2.003244 -2.094558
vt 1.785533 -2.094558
vt 2.010291 -1.857823
vt 1.796641 -1.857823
vt 2.017774 -1.621087
vt 1.808437 -1.621087
vt 2.025693 -1.384352
vt 1.820921 -1.384352
vt 2.034050 -1.147616
vt 1.834094 -1.147616
vt 2.042842 -0.910881
vt 1.847955 -0.910881
vt 2.052072 -0.674145
vt 1.862505 -0.674145
vt 2.061738 -0.437410
vt 1.877742 -0.437410
vt 2.071841 -0.200675
vt 1.893669 -0.200675
vt 2.082380 0.036061
vt 1.910283 0.036061
vt 2.093356 0.272796
vt 1.927586 0.272796
vt 2.104769 0.509532
vt 1.945576 0.509532
vt 2.116618 0.746267
vt 1.964256 0.746267
vt 2.128904 0.983003
vt 1.983624 0.983003
vt 2.141627 1.219738
vt 2.003680 1.219738
vt 2.154786 1.456473
vt 2.024424 1.456473
vt 2.168382 1.693209
vt 2.045856 1.693209
vt 2.692189 -1.124297
vt 2.528608 -3.259902
vt 2.233296 -5.645590
vt 2.233467 -5.408855
vt 2.233786 -5.172119
vt 2.234256 -4.935384
vt 2.234875 -4.698648
vt 2.235643 -4.461913
vt 2.236561 -4.225177
vt 2.237629 -3.988442
vt 2.238846 -3.751706
vt 2.240213 -3.514971
vt 2.241729 -3.278235
vt 2.243396 -3.041500
vt 2.245211 -2.804765
vt 2.247176 -2.568029
vt 2.249291 -2.331294
vt 2.251555 -2.094558
vt 2.253969 -1.857823
vt 2.256533 -1.621087
vt 2.259246 -1.384352
vt 2.262109 -1.147616
vt 2.265121 -0.910881
vt 2.268283 -0.674145
vt 2.271594 -0.437410
vt 2.275056 -0.200675
vt 2.278666 0.036061
vt 2.282426 0.272796
vt 2.286336 0.509532
vt 2.290396 0.746267
vt 2.294605 0.983003
vt 2.298963 1.219738
vt 2.303471 1.456473
vt 2.308129 1.693209
vt 2.487577 -1.049198
vt 2.233296 -3.259902
vt 2.528608 -5.645590
vt 2.528438 -5.408855
vt 2.528119 -5.172119
vt 2.527649 -4.935384
vt 2.527030 -4.698648
vt 2.526262 -4.461913
vt 2.525343 -4.225177
vt 2.524276 -3.988442
vt 2.523059 -3.751706
vt 2.521692 -3.514971
vt 2.520175 -3.278235
vt 2.518509 -3.041500
vt 2.516694 -2.804765
vt 2.514728 -2.568029
vt 2.512614 -2.331294
vt 2.510349 -2.094558
vt 2.507936 -1.857823
vt 2.505372 -1.621087
vt 2.502659 -1.384352
vt 2.499796 -1.147616
vt 2.496784 -0.910881
vt 2.493622 -0.674145
vt 2.490310 -0.437410
vt 2.486849 -0.200675
vt 2.483239 0.036061
vt 2.479478 0.272796
vt 2.475569 0.509532
vt 2.471509 0.746267
vt 2.467300 0.983003
vt 2.462942 1.219738
vt 2.458433 1.456473
vt 2.453776 1.693209
vt 2.274327 -1.049198
vt 1.949947 -3.155903
vt 2.811958 -5.645590
vt 2.811461 -5.408855
vt 2.810528 -5.172119
vt 2.809158 -4.935384
vt 2.807351 -4.698648
vt 2.805108 -4.461913
vt 2.802428 -4.225177
vt 2.799312 -3.988442
vt 2.795758 -3.751706
vt 2.791769 -3.514971
vt 2.787342 -3.278235
vt 2.782479 -3.041500
vt 2.777179 -2.804765
vt 2.771443 -2.568029
vt 2.765270 -2.331294
vt 2.758660 -2.094558
vt 2.751614 -1.857823
vt 2.744131 -1.621087
vt 2.736211 -1.384352
vt 2.727855 -1.147616
vt 2.719063 -0.910881
vt 2.709833 -0.674145
vt 2.700167 -0.437410
vt 2.690064 -0.200675
vt 2.679525 0.036061
vt 2.668548 0.272796
vt 2.657136 0.509532
vt 2.645286 0.746267
vt 2.633001 0.983003
vt 2.620278 1.219738
vt 2.607119 1.456473
vt 2.593523 1.693209
vt 2.069715 -1.124297
vt 1.701515 -2.956331
vt 3.060390 -5.645590
vt 3.059607 -5.408855
vt 3.058136 -5.172119
vt 3.055976 -4.935384
vt 3.053128 -4.698648
vt 3.049592 -4.461913
vt 3.045367 -4.225177
vt 3.040455 -3.988442
vt 3.034853 -3.751706
vt 3.028564 -3.514971
vt 3.021586 -3.278235
vt 3.013920 -3.041500
vt 3.005565 -2.804765
vt 2.996522 -2.568029
vt 2.986791 -2.331294
vt 2.976372 -2.094558
vt 2.965264 -1.857823
vt 2.953468 -1.621087
vt 2.940983 -1.384352
vt 2.927811 -1.147616
vt 2.913950 -0.910881
vt 2.899400 -0.674145
vt 2.884162 -0.437410
vt 2.868236 -0.200675
vt 2.851622 0.036061
vt 2.834319 0.272796
vt 2.816328 0.509532
vt 2.797649 0.746267
vt 2.778281 0.983003
vt 2.758225 1.219738
vt 2.737481 1.456473
vt 2.716048 1.693209
vt 1.890318 -1.268412
vt 1.508127 -2.677354
vt 1.820021 -5.645590
vt 1.820668 -5.408855
vt 1.597743 -5.408855
vt 1.596840 -5.645590
vt 1.821882 -5.172119
vt 1.599441 -5.172119
vt 1.823665 -4.935384
vt 1.601933 -4.935384
vt 1.826017 -4.698648
vt 1.605220 -4.698648
vt 1.828936 -4.461913
vt 1.609301 -4.461913
vt 1.832424 -4.225177
vt 1.614177 -4.225177
vt 1.836480 -3.988442
vt 1.619846 -3.988442
vt 1.841104 -3.751706
vt 1.626311 -3.751706
vt 1.846297 -3.514971
vt 1.633569 -3.514971
vt 1.852057 -3.278235
vt 1.641622 -3.278235
vt 1.858386 -3.041500
vt 1.650469 -3.041500
vt 1.865284 -2.804765
vt 1.660111 -2.804765
vt 1.872749 -2.568029
vt 1.670547 -2.568029
vt 1.880783 -2.331294
vt 1.681777 -2.331294
vt 1.889385 -2.094558
vt 1.693802 -2.094558
vt 1.898556 -1.857823
vt 1.706621 -1.857823
vt 1.908294 -1.621087
vt 1.720234 -1.621087
vt 1.918601 -1.384352
vt 1.734642 -1.384352
vt 1.929476 -1.147616
vt 1.749844 -1.147616
vt 1.940920 -0.910881
vt 1.765841 -0.910881
vt 1.952932 -0.674145
vt 1.782632 -0.674145
vt 1.965512 -0.437410
vt 1.800217 -0.437410
vt 1.978660 -0.200675
vt 1.818597 -0.200675
vt 1.992376 0.036061
vt 1.837771 0.036061
vt 2.006661 0.272796
vt 1.857739 0.272796
vt 2.021514 0.509532
vt 1.878502 0.509532
vt 2.036936 0.746267
vt 1.900059 0.746267
vt 2.052925 0.983003
vt 1.922410 0.983003
vt 2.069483 1.219738
vt 1.945556 1.219738
vt 2.086609 1.456473
vt 1.969496 1.456473
vt 2.104303 1.693209
vt 1.994231 1.693209
vt 1.750669 -1.469867
vt 1.385450 -2.341573
vt 2.088646 -5.645590
vt 2.088983 -5.408855
vt 2.089616 -5.172119
vt 2.090545 -4.935384
vt 2.091771 -4.698648
vt 2.093292 -4.461913
vt 2.095109 -4.225177
vt 2.097223 -3.988442
vt 2.099633 -3.751706
vt 2.102339 -3.514971
vt 2.105341 -3.278235
vt 2.108639 -3.041500
vt 2.112233 -2.804765
vt 2.116123 -2.568029
vt 2.120310 -2.331294
vt 2.124793 -2.094558
vt 2.129571 -1.857823
vt 2.134646 -1.621087
vt 2.140017 -1.384352
vt 2.145684 -1.147616
vt 2.151648 -0.910881
vt 2.157907 -0.674145
vt 2.164463 -0.437410
vt 2.171314 -0.200675
vt 2.178462 0.036061
vt 2.185906 0.272796
vt 2.193646 0.509532
vt 2.201682 0.746267
vt 2.210014 0.983003
vt 2.218643 1.219738
vt 2.227567 1.456473
vt 2.236788 1.693209
vt 1.662081 -1.712341
vt 1.343422 -1.976190
vt 2.380952 -5.645590
vt 2.380952 -5.408855
vt 2.380952 -5.172119
vt 1.631733 -1.976190
vt 1.385450 -1.610808
vt 2.673258 -5.645590
vt 2.672921 -5.408855
vt 2.672289 -5.172119
vt 1.662081 -2.240040
vt 1.508127 -1.275027
vt 1.750669 -2.482513
vt 1.701515 -0.996049
vt 1.890318 -2.683969
vt 1.949947 -0.796477
vt 2.069715 -2.828083
vt 2.233296 -0.692479
vt 2.274327 -2.903182
vt 2.528608 -0.692479
vt 2.487577 -2.903182
vt 2.811958 -0.796477
vt 2.692189 -2.828083
vt 3.060390 -0.996049
vt 2.871587 -2.683969
vt 3.253778 -1.275027
vt 3.011236 -2.482513
vt 3.376455 -1.610808
vt 3.099824 -2.240040
vt 2.871930 -2.156395
vt 2.892658 -1.976190
vt 2.811426 -2.322002
vt 2.716048 -2.459592
vt 2.593523 -2.558021
vt 2.453776 -2.609312
vt 2.308129 -2.609312
vt 2.168382 -2.558021
vt 2.045856 -2.459592
vt 1.950478 -2.322002
vt 1.889974 -2.156395
vt 1.869247 -1.976190
vt 1.889974 -1.795985
vt 1.950478 -1.630379
vt 2.045856 -1.492789
vt 2.168382 -1.394360
vt 2.308129 -1.343069
vt 2.453776 -1.343069
vt 2.593523 -1.394360
vt 2.716048 -1.492789
vt 2.811426 -1.630379
vt 2.871930 -1.795985
vt 2.592032 1.725947
vt 2.592032 1.758685
vt 2.380952 1.758685
vt 2.380952 1.725947
vt 2.786011 1.725947
vt 2.786011 1.758685
vt 2.947175 1.725947
vt 2.947175 1.758685
vt 2.069715 1.725947
vt 2.069715 1.758685
vt 1.890318 1.758685
vt 1.890318 1.725947
vt 2.274327 1.725947
vt 2.274327 1.758685
vt 2.487577 1.725947
vt 2.487577 1.758685
vt 2.692189 1.725947
vt 2.692189 1.758685
vt 2.871587 1.725947
vt 2.871587 1.758685
vt 1.975894 1.725947
vt 1.975894 1.758685
vt 1.814730 1.758685
vt 1.814730 1.725947
vt 2.169873 1.725947
vt 2.169873 1.758685
vt 3.357991 -1.617585
vt 3.399629 -1.979579
vt 1.343422 -5.645590
vt 1.362276 -5.645738
vt 1.363471 -5.409069
vt 1.344618 -5.408855
vt 1.365717 -5.172464
vt 1.346865 -5.172119
vt 3.411742 -1.976190
vt 3.392891 -1.972803
vt 3.351527 -2.332423
vt 3.369988 -2.339199
vt 1.369014 -4.935794
vt 1.350163 -4.935384
vt 3.236452 -1.284917
vt 3.252772 -5.408855
vt 3.235447 -5.409069
vt 3.236452 -5.645738
vt 3.253778 -5.645590
vt 3.250882 -5.172119
vt 3.233558 -5.172464
vt 3.248108 -4.935384
vt 3.230784 -4.935794
vt 3.230784 -2.662910
vt 3.248108 -2.672799
vt 3.360634 -1.616615
vt 3.341791 -1.620001
vt 3.383150 -1.979577
vt 3.401993 -1.976190
vt 3.354444 -4.225177
vt 3.335601 -4.225979
vt 3.341791 -4.462715
vt 3.360634 -4.461913
vt 3.395542 -1.976190
vt 3.376699 -1.972804
vt 3.335601 -2.330107
vt 3.354444 -2.333494
vt 1.359911 -4.461913
vt 1.378754 -4.462715
vt 1.385206 -4.225979
vt 1.366363 -4.225177
vt 3.339039 -1.624541
vt 3.320209 -1.627925
vt 3.360657 -1.979574
vt 3.379487 -1.976190
vt 3.329824 -3.514971
vt 3.310993 -3.516164
vt 3.320209 -3.752900
vt 3.339039 -3.751706
vt 3.369882 -1.976190
vt 3.351052 -1.972806
vt 3.310993 -2.321074
vt 3.329824 -2.324458
vt 1.382418 -3.751706
vt 1.401248 -3.752900
vt 1.410853 -3.516164
vt 1.392022 -3.514971
vt 3.308367 -1.635798
vt 3.289555 -1.639179
vt 3.328708 -1.979571
vt 3.347520 -1.976190
vt 3.296126 -2.804765
vt 3.277315 -2.806348
vt 3.289555 -3.043084
vt 3.308367 -3.041500
vt 3.334762 -1.976190
vt 3.315951 -1.972809
vt 3.277315 -2.308708
vt 3.296126 -2.312090
vt 1.414385 -3.041500
vt 1.433197 -3.043084
vt 1.445954 -2.806348
vt 1.427142 -2.804765
vt 3.268619 -1.650387
vt 3.249830 -1.653764
vt 3.287305 -1.979567
vt 3.306094 -1.976190
vt 3.253353 -2.094558
vt 3.234564 -2.096531
vt 3.249830 -2.333266
vt 3.268619 -2.331294
vt 3.290183 -1.976190
vt 3.271394 -1.972814
vt 3.234564 -2.293013
vt 3.253353 -2.296390
vt 1.455811 -2.331294
vt 1.474600 -2.333266
vt 1.490511 -2.096531
vt 1.471722 -2.094558
vt 3.219794 -1.668308
vt 3.201033 -1.671680
vt 3.236447 -1.979562
vt 3.255207 -1.976190
vt 3.201502 -1.384352
vt 3.182741 -1.386712
vt 3.201033 -1.623448
vt 3.219794 -1.621087
vt 3.236143 -1.976190
vt 3.217382 -1.972819
vt 3.182741 -2.273987
vt 3.201502 -2.277359
vt 1.506697 -1.621087
vt 1.525458 -1.623448
vt 1.544522 -1.386712
vt 1.525761 -1.384352
vt 3.161892 -1.689560
vt 3.143165 -1.692925
vt 3.176134 -1.979556
vt 3.194861 -1.976190
vt 3.140575 -0.674145
vt 3.121847 -0.676892
vt 3.143165 -0.913627
vt 3.161892 -0.910881
vt 3.172644 -1.976190
vt 3.153916 -1.972825
vt 3.121847 -2.251631
vt 3.140575 -2.254997
vt 1.567043 -0.910881
vt 1.585771 -0.913627
vt 1.607989 -0.676892
vt 1.589261 -0.674145
vt 3.094914 -1.714143
vt 3.076224 -1.717502
vt 3.106365 -1.979550
vt 3.125056 -1.976190
vt 3.070571 0.036061
vt 3.051881 0.032931
vt 3.076224 -0.203804
vt 3.094914 -0.200675
vt 3.099685 -1.976190
vt 3.080994 -1.972831
vt 3.051881 -2.225944
vt 3.070571 -2.229303
vt 1.636849 -0.200675
vt 1.655539 -0.203804
vt 1.680910 0.032931
vt 1.662220 0.036061
vt 3.018859 -1.742057
vt 3.000211 -1.745409
vt 3.027142 -1.979542
vt 3.045790 -1.976190
vt 2.991490 0.746267
vt 2.972843 0.742756
vt 3.000211 0.506021
vt 3.018859 0.509532
vt 3.017265 -1.976190
vt 2.998618 -1.972839
vt 2.972843 -2.196926
vt 2.991490 -2.200278
vt 1.716115 0.509532
vt 1.734763 0.506021
vt 1.763287 0.742756
vt 1.744639 0.746267
vt 2.933728 -1.773304
vt 2.915127 -1.776647
vt 2.938464 -1.979533
vt 2.957064 -1.976190
vt 2.903333 1.456473
vt 2.884733 1.452585
vt 2.915127 1.215849
vt 2.933728 1.219738
vt 2.925387 -1.976190
vt 2.906786 -1.972847
vt 2.884733 -2.164579
vt 2.903333 -2.167922
vt 1.804841 1.219738
vt 1.823441 1.215849
vt 1.855119 1.452585
vt 1.836518 1.456473
s 0
usemtl _________1
f 7/1/1 3/2/1 1/3/1
f 8/4/2 9/5/2 5/6/2 4/7/2
f 10/8/3 2/3/3 6/9/3
f 11/10/4 7/1/4 1/3/4
f 12/11/5 13/12/5 9/5/5 8/4/5
f 14/13/6 2/3/6 10/8/6
f 15/13/4 11/10/4 1/3/4
f 16/14/7 17/15/7 13/12/7 12/11/7
f 18/10/8 2/3/8 14/13/8
f 19/8/9 15/13/9 1/3/9
f 20/16/10 21/17/10 17/15/10 16/14/10
f 22/1/6 2/3/6 18/10/6
f 23/9/11 19/8/11 1/3/11
f 24/18/12 25/19/12 21/17/12 20/16/12
f 26/2/13 2/3/13 22/1/13
f 27/20/14 23/9/14 1/3/14
f 28/21/15 29/22/15 25/19/15 24/18/15
f 30/23/16 2/3/16 26/2/16
f 31/24/4 27/20/4 1/3/4
f 32/25/17 33/26/17 29/22/17 28/21/17
f 34/27/18 2/3/18 30/23/18
f 35/27/11 31/24/11 1/3/11
f 36/28/19 37/29/19 33/26/19 32/25/19
f 38/24/20 2/3/20 34/27/20
f 39/23/21 35/27/21 1/3/21
f 40/30/22 41/31/22 37/29/22 36/28/22
f 42/20/23 2/3/23 38/24/23
f 3/2/24 39/23/24 1/3/24
f 4/32/25 5/33/25 41/31/25 40/30/25
f 6/9/6 2/3/6 42/20/6
f 49/1/14 45/2/14 43/3/14
f 50/4/26 51/5/26 47/6/26 46/7/26
f 52/8/6 44/3/6 48/9/6
f 53/10/27 49/1/27 43/3/27
f 54/11/5 55/12/5 51/5/5 50/4/5
f 56/13/13 44/3/13 52/8/13
f 57/13/4 53/10/4 43/3/4
f 58/14/7 59/15/7 55/12/7 54/11/7
f 60/10/6 44/3/6 56/13/6
f 61/8/4 57/13/4 43/3/4
f 62/16/10 63/17/10 59/15/10 58/14/10
f 64/1/13 44/3/13 60/10/13
f 65/9/24 61/8/24 43/3/24
f 66/18/28 67/19/28 63/17/28 62/16/28
f 68/2/6 44/3/6 64/1/6
f 69/20/14 65/9/14 43/3/14
f 70/21/15 71/22/15 67/19/15 66/18/15
f 72/23/6 44/3/6 68/2/6
f 73/24/27 69/20/27 43/3/27
f 74/25/17 75/26/17 71/22/17 70/21/17
f 76/27/29 44/3/29 72/23/29
f 77/27/4 73/24/4 43/3/4
f 78/28/19 79/29/19 75/26/19 74/25/19
f 80/24/6 44/3/6 76/27/6
f 81/23/4 77/27/4 43/3/4
f 82/30/22 83/31/22 79/29/22 78/28/22
f 84/20/23 44/3/23 80/24/23
f 45/2/24 81/23/24 43/3/24
f 46/32/25 47/33/25 83/31/25 82/30/25
f 48/9/6 44/3/6 84/20/6
f 133/1/44 129/2/44 127/3/44
f 134/4/45 135/5/45 131/6/45 130/7/45
f 136/8/46 128/3/46 132/9/46
f 137/10/47 133/1/47 127/3/47
f 138/11/48 139/12/48 135/5/48 134/4/48
f 140/13/49 128/3/49 136/8/49
f 141/13/50 137/10/50 127/3/50
f 142/14/7 143/15/7 139/12/7 138/11/7
f 144/10/51 128/3/51 140/13/51
f 145/8/50 141/13/50 127/3/50
f 146/16/52 147/17/52 143/15/52 142/14/52
f 148/1/53 128/3/53 144/10/53
f 149/9/47 145/8/47 127/3/47
f 150/18/54 151/19/54 147/17/54 146/16/54
f 152/2/53 128/3/53 148/1/53
f 153/20/55 149/9/55 127/3/55
f 154/21/56 155/22/56 151/19/56 150/18/56
f 156/23/57 128/3/57 152/2/57
f 157/24/58 153/20/58 127/3/58
f 158/25/59 159/26/59 155/22/59 154/21/59
f 160/27/60 128/3/60 156/23/60
f 161/27/47 157/24/47 127/3/47
f 162/28/19 163/29/19 159/26/19 158/25/19
f 164/24/61 128/3/61 160/27/61
f 165/23/62 161/27/62 127/3/62
f 166/30/63 167/31/63 163/29/63 162/28/63
f 168/20/60 128/3/60 164/24/60
f 129/2/55 165/23/55 127/3/55
f 130/32/64 131/33/64 167/31/64 166/30/64
f 132/9/57 128/3/57 168/20/57
f 175/1/55 171/2/55 169/3/55
f 176/4/65 177/5/65 173/6/65 172/7/65
f 178/8/57 170/3/57 174/9/57
f 179/10/58 175/1/58 169/3/58
f 180/11/48 181/12/48 177/5/48 176/4/48
f 182/13/66 170/3/66 178/8/66
f 183/13/67 179/10/67 169/3/67
f 184/14/7 185/15/7 181/12/7 180/11/7
f 186/10/49 170/3/49 182/13/49
f 187/8/67 183/13/67 169/3/67
f 188/16/52 189/17/52 185/15/52 184/14/52
f 190/1/46 170/3/46 186/10/46
f 191/9/55 187/8/55 169/3/55
f 192/18/68 193/19/68 189/17/68 188/16/68
f 194/2/57 170/3/57 190/1/57
f 195/20/67 191/9/67 169/3/67
f 196/21/56 197/22/56 193/19/56 192/18/56
f 198/23/57 170/3/57 194/2/57
f 199/24/69 195/20/69 169/3/69
f 200/25/59 201/26/59 197/22/59 196/21/59
f 202/27/66 170/3/66 198/23/66
f 203/27/67 199/24/67 169/3/67
f 204/28/19 205/29/19 201/26/19 200/25/19
f 206/24/49 170/3/49 202/27/49
f 207/23/70 203/27/70 169/3/70
f 208/30/63 209/31/63 205/29/63 204/28/63
f 210/20/49 170/3/49 206/24/49
f 171/2/67 207/23/67 169/3/67
f 172/32/64 173/33/64 209/31/64 208/30/64
f 174/9/49 170/3/49 210/20/49
f 259/1/83 255/2/83 253/3/83
f 260/4/84 261/5/84 257/6/84 256/7/84
f 262/8/85 254/3/85 258/9/85
f 263/10/83 259/1/83 253/3/83
f 264/11/86 265/12/86 261/5/86 260/4/86
f 266/13/85 254/3/85 262/8/85
f 267/13/87 263/10/87 253/3/87
f 268/14/88 269/15/88 265/12/88 264/11/88
f 270/10/85 254/3/85 266/13/85
f 271/8/87 267/13/87 253/3/87
f 272/16/89 273/17/89 269/15/89 268/14/89
f 274/1/85 254/3/85 270/10/85
f 275/9/83 271/8/83 253/3/83
f 276/18/90 277/19/90 273/17/90 272/16/90
f 278/2/85 254/3/85 274/1/85
f 279/20/91 275/9/91 253/3/91
f 280/21/92 281/22/92 277/19/92 276/18/92
f 282/23/93 254/3/93 278/2/93
f 283/24/83 279/20/83 253/3/83
f 284/25/94 285/26/94 281/22/94 280/21/94
f 286/27/95 254/3/95 282/23/95
f 287/27/96 283/24/96 253/3/96
f 288/28/19 289/29/19 285/26/19 284/25/19
f 290/24/95 254/3/95 286/27/95
f 291/23/96 287/27/96 253/3/96
f 292/30/97 293/31/97 289/29/97 288/28/97
f 294/20/95 254/3/95 290/24/95
f 255/2/91 291/23/91 253/3/91
f 256/32/98 257/33/98 293/31/98 292/30/98
f 258/9/93 254/3/93 294/20/93
f 301/1/87 297/2/87 295/3/87
f 302/4/99 303/5/99 299/6/99 298/7/99
f 304/8/93 296/3/93 300/9/93
f 305/10/96 301/1/96 295/3/96
f 306/11/86 307/12/86 303/5/86 302/4/86
f 308/13/95 296/3/95 304/8/95
f 309/13/83 305/10/83 295/3/83
f 310/14/7 311/15/7 307/12/7 306/11/7
f 312/10/100 296/3/100 308/13/100
f 313/8/101 309/13/101 295/3/101
f 314/16/102 315/17/102 311/15/102 310/14/102
f 316/1/95 296/3/95 312/10/95
f 317/9/87 313/8/87 295/3/87
f 318/18/103 319/19/103 315/17/103 314/16/103
f 320/2/100 296/3/100 316/1/100
f 321/20/87 317/9/87 295/3/87
f 322/21/92 323/22/92 319/19/92 318/18/92
f 324/23/100 296/3/100 320/2/100
f 325/24/83 321/20/83 295/3/83
f 326/25/104 327/26/104 323/22/104 322/21/104
f 328/27/95 296/3/95 324/23/95
f 329/27/96 325/24/96 295/3/96
f 330/28/19 331/29/19 327/26/19 326/25/19
f 332/24/85 296/3/85 328/27/85
f 333/23/105 329/27/105 295/3/105
f 334/30/106 335/31/106 331/29/106 330/28/106
f 336/20/85 296/3/85 332/24/85
f 297/2/87 333/23/87 295/3/87
f 298/32/98 299/33/98 335/31/98 334/30/98
f 300/9/95 296/3/95 336/20/95
f 385/1/118 381/2/118 379/3/118
f 386/4/119 387/5/119 383/6/119 382/7/119
f 388/8/120 380/3/120 384/9/120
f 389/10/118 385/1/118 379/3/118
f 390/11/121 391/12/121 387/5/121 386/4/121
f 392/13/120 380/3/120 388/8/120
f 393/13/122 389/10/122 379/3/122
f 394/14/7 395/15/7 391/12/7 390/11/7
f 396/10/120 380/3/120 392/13/120
f 397/8/123 393/13/123 379/3/123
f 398/16/124 399/17/124 395/15/124 394/14/124
f 400/1/125 380/3/125 396/10/125
f 401/9/118 397/8/118 379/3/118
f 402/18/126 403/19/126 399/17/126 398/16/126
f 404/2/120 380/3/120 400/1/120
f 405/20/127 401/9/127 379/3/127
f 406/21/128 407/22/128 403/19/128 402/18/128
f 408/23/125 380/3/125 404/2/125
f 409/24/123 405/20/123 379/3/123
f 410/25/129 411/26/129 407/22/129 406/21/129
f 412/27/130 380/3/130 408/23/130
f 413/27/127 409/24/127 379/3/127
f 414/28/19 415/29/19 411/26/19 410/25/19
f 416/24/125 380/3/125 412/27/125
f 417/23/123 413/27/123 379/3/123
f 418/30/131 419/31/131 415/29/131 414/28/131
f 420/20/130 380/3/130 416/24/130
f 381/2/122 417/23/122 379/3/122
f 382/32/132 383/33/132 419/31/132 418/30/132
f 384/9/133 380/3/133 420/20/133
f 427/1/122 423/2/122 421/3/122
f 428/4/134 429/5/134 425/6/134 424/7/134
f 430/8/133 422/3/133 426/9/133
f 431/10/123 427/1/123 421/3/123
f 432/11/121 433/12/121 429/5/121 428/4/121
f 434/13/130 422/3/130 430/8/130
f 435/13/127 431/10/127 421/3/127
f 436/14/7 437/15/7 433/12/7 432/11/7
f 438/10/125 422/3/125 434/13/125
f 439/8/127 435/13/127 421/3/127
f 440/16/124 441/17/124 437/15/124 436/14/124
f 442/1/125 422/3/125 438/10/125
f 443/9/127 439/8/127 421/3/127
f 444/18/135 445/19/135 441/17/135 440/16/135
f 446/2/125 422/3/125 442/1/125
f 447/20/122 443/9/122 421/3/122
f 448/21/128 449/22/128 445/19/128 444/18/128
f 450/23/133 422/3/133 446/2/133
f 451/24/127 447/20/127 421/3/127
f 452/25/136 453/26/136 449/22/136 448/21/136
f 454/27/125 422/3/125 450/23/125
f 455/27/127 451/24/127 421/3/127
f 456/28/19 457/29/19 453/26/19 452/25/19
f 458/24/120 422/3/120 454/27/120
f 459/23/123 455/27/123 421/3/123
f 460/30/131 461/31/131 457/29/131 456/28/131
f 462/20/130 422/3/130 458/24/130
f 423/2/122 459/23/122 421/3/122
f 424/32/132 425/33/132 461/31/132 460/30/132
f 426/9/133 422/3/133 462/20/133
f 511/1/148 507/2/148 505/3/148
f 512/4/149 513/5/149 509/6/149 508/7/149
f 514/8/150 506/3/150 510/9/150
f 515/10/148 511/1/148 505/3/148
f 516/11/151 517/12/151 513/5/151 512/4/151
f 518/13/150 506/3/150 514/8/150
f 519/13/148 515/10/148 505/3/148
f 520/14/7 521/15/7 517/12/7 516/11/7
f 522/10/150 506/3/150 518/13/150
f 523/8/148 519/13/148 505/3/148
f 524/16/152 525/17/152 521/15/152 520/14/152
f 526/1/150 506/3/150 522/10/150
f 527/9/148 523/8/148 505/3/148
f 528/18/153 529/19/153 525/17/153 524/16/153
f 530/2/150 506/3/150 526/1/150
f 531/20/148 527/9/148 505/3/148
f 532/21/154 533/22/154 529/19/154 528/18/154
f 534/23/150 506/3/150 530/2/150
f 535/24/148 531/20/148 505/3/148
f 536/25/155 537/26/155 533/22/155 532/21/155
f 538/27/150 506/3/150 534/23/150
f 539/27/148 535/24/148 505/3/148
f 540/28/19 541/29/19 537/26/19 536/25/19
f 542/24/150 506/3/150 538/27/150
f 543/23/148 539/27/148 505/3/148
f 544/30/156 545/31/156 541/29/156 540/28/156
f 546/20/150 506/3/150 542/24/150
f 507/2/148 543/23/148 505/3/148
f 508/32/157 509/33/157 545/31/157 544/30/157
f 510/9/150 506/3/150 546/20/150
f 553/1/148 549/2/148 547/3/148
f 554/4/149 555/5/149 551/6/149 550/7/149
f 556/8/150 548/3/150 552/9/150
f 557/10/148 553/1/148 547/3/148
f 558/11/151 559/12/151 555/5/151 554/4/151
f 560/13/150 548/3/150 556/8/150
f 561/13/148 557/10/148 547/3/148
f 562/14/7 563/15/7 559/12/7 558/11/7
f 564/10/158 548/3/158 560/13/158
f 565/8/148 561/13/148 547/3/148
f 566/16/152 567/17/152 563/15/152 562/14/152
f 568/1/150 548/3/150 564/10/150
f 569/9/148 565/8/148 547/3/148
f 570/18/159 571/19/159 567/17/159 566/16/159
f 572/2/150 548/3/150 568/1/150
f 573/20/148 569/9/148 547/3/148
f 574/21/154 575/22/154 571/19/154 570/18/154
f 576/23/150 548/3/150 572/2/150
f 577/24/148 573/20/148 547/3/148
f 578/25/155 579/26/155 575/22/155 574/21/155
f 580/27/150 548/3/150 576/23/150
f 581/27/148 577/24/148 547/3/148
f 582/28/19 583/29/19 579/26/19 578/25/19
f 584/24/150 548/3/150 580/27/150
f 585/23/148 581/27/148 547/3/148
f 586/30/156 587/31/156 583/29/156 582/28/156
f 588/20/150 548/3/150 584/24/150
f 549/2/148 585/23/148 547/3/148
f 550/32/157 551/33/157 587/31/157 586/30/157
f 552/9/150 548/3/150 588/20/150
f 637/1/170 633/2/170 631/3/170
f 638/4/171 639/5/171 635/6/171 634/7/171
f 640/8/172 632/3/172 636/9/172
f 641/10/170 637/1/170 631/3/170
f 642/11/173 643/12/173 639/5/173 638/4/173
f 644/13/172 632/3/172 640/8/172
f 645/13/174 641/10/174 631/3/174
f 646/14/7 647/15/7 643/12/7 642/11/7
f 648/10/175 632/3/175 644/13/175
f 649/8/170 645/13/170 631/3/170
f 650/16/176 651/17/176 647/15/176 646/14/176
f 652/1/177 632/3/177 648/10/177
f 653/9/174 649/8/174 631/3/174
f 654/18/178 655/19/178 651/17/178 650/16/178
f 656/2/172 632/3/172 652/1/172
f 657/20/179 653/9/179 631/3/179
f 658/21/180 659/22/180 655/19/180 654/18/180
f 660/23/177 632/3/177 656/2/177
f 661/24/174 657/20/174 631/3/174
f 662/25/181 663/26/181 659/22/181 658/21/181
f 664/27/175 632/3/175 660/23/175
f 665/27/179 661/24/179 631/3/179
f 666/28/19 667/29/19 663/26/19 662/25/19
f 668/24/172 632/3/172 664/27/172
f 669/23/174 665/27/174 631/3/174
f 670/30/182 671/31/182 667/29/182 666/28/182
f 672/20/175 632/3/175 668/24/175
f 633/2/179 669/23/179 631/3/179
f 634/32/183 635/33/183 671/31/183 670/30/183
f 636/9/177 632/3/177 672/20/177
f 679/1/179 675/2/179 673/3/179
f 680/4/171 681/5/171 677/6/171 676/7/171
f 682/8/184 674/3/184 678/9/184
f 683/10/174 679/1/174 673/3/174
f 684/11/173 685/12/173 681/5/173 680/4/173
f 686/13/175 674/3/175 682/8/175
f 687/13/179 683/10/179 673/3/179
f 688/14/7 689/15/7 685/12/7 684/11/7
f 690/10/172 674/3/172 686/13/172
f 691/8/185 687/13/185 673/3/185
f 692/16/176 693/17/176 689/15/176 688/14/176
f 694/1/186 674/3/186 690/10/186
f 695/9/187 691/8/187 673/3/187
f 696/18/188 697/19/188 693/17/188 692/16/188
f 698/2/184 674/3/184 694/1/184
f 699/20/179 695/9/179 673/3/179
f 700/21/189 701/22/189 697/19/189 696/18/189
f 702/23/177 674/3/177 698/2/177
f 703/24/174 699/20/174 673/3/174
f 704/25/190 705/26/190 701/22/190 700/21/190
f 706/27/175 674/3/175 702/23/175
f 707/27/179 703/24/179 673/3/179
f 708/28/19 709/29/19 705/26/19 704/25/19
f 710/24/172 674/3/172 706/27/172
f 711/23/174 707/27/174 673/3/174
f 712/30/191 713/31/191 709/29/191 708/28/191
f 714/20/175 674/3/175 710/24/175
f 675/2/179 711/23/179 673/3/179
f 676/32/192 677/33/192 713/31/192 712/30/192
f 678/9/177 674/3/177 714/20/177
f 763/1/205 759/2/205 757/3/205
f 764/4/206 765/5/206 761/6/206 760/7/206
f 766/8/207 758/3/207 762/9/207
f 767/10/208 763/1/208 757/3/208
f 768/11/209 769/12/209 765/5/209 764/4/209
f 770/13/207 758/3/207 766/8/207
f 771/13/208 767/10/208 757/3/208
f 772/14/7 773/15/7 769/12/7 768/11/7
f 774/10/207 758/3/207 770/13/207
f 775/8/205 771/13/205 757/3/205
f 776/16/210 777/17/210 773/15/210 772/14/210
f 778/1/207 758/3/207 774/10/207
f 779/9/208 775/8/208 757/3/208
f 780/18/211 781/19/211 777/17/211 776/16/211
f 782/2/207 758/3/207 778/1/207
f 783/20/205 779/9/205 757/3/205
f 784/21/212 785/22/212 781/19/212 780/18/212
f 786/23/213 758/3/213 782/2/213
f 787/24/205 783/20/205 757/3/205
f 788/25/214 789/26/214 785/22/214 784/21/214
f 790/27/213 758/3/213 786/23/213
f 791/27/208 787/24/208 757/3/208
f 792/28/19 793/29/19 789/26/19 788/25/19
f 794/24/207 758/3/207 790/27/207
f 795/23/205 791/27/205 757/3/205
f 796/30/215 797/31/215 793/29/215 792/28/215
f 798/20/213 758/3/213 794/24/213
f 759/2/208 795/23/208 757/3/208
f 760/32/216 761/33/216 797/31/216 796/30/216
f 762/9/213 758/3/213 798/20/213
f 805/1/205 801/2/205 799/3/205
f 806/4/217 807/5/217 803/6/217 802/7/217
f 808/8/213 800/3/213 804/9/213
f 809/10/208 805/1/208 799/3/208
f 810/11/209 811/12/209 807/5/209 806/4/209
f 812/13/213 800/3/213 808/8/213
f 813/13/208 809/10/208 799/3/208
f 814/14/7 815/15/7 811/12/7 810/11/7
f 816/10/213 800/3/213 812/13/213
f 817/8/205 813/13/205 799/3/205
f 818/16/210 819/17/210 815/15/210 814/14/210
f 820/1/213 800/3/213 816/10/213
f 821/9/208 817/8/208 799/3/208
f 822/18/218 823/19/218 819/17/218 818/16/218
f 824/2/207 800/3/207 820/1/207
f 825/20/208 821/9/208 799/3/208
f 826/21/219 827/22/219 823/19/219 822/18/219
f 828/23/207 800/3/207 824/2/207
f 829/24/205 825/20/205 799/3/205
f 830/25/220 831/26/220 827/22/220 826/21/220
f 832/27/207 800/3/207 828/23/207
f 833/27/205 829/24/205 799/3/205
f 834/28/19 835/29/19 831/26/19 830/25/19
f 836/24/207 800/3/207 832/27/207
f 837/23/205 833/27/205 799/3/205
f 838/30/215 839/31/215 835/29/215 834/28/215
f 840/20/213 800/3/213 836/24/213
f 801/2/208 837/23/208 799/3/208
f 802/32/221 803/33/221 839/31/221 838/30/221
f 804/9/207 800/3/207 840/20/207
f 889/1/233 885/2/233 883/3/233
f 890/4/234 891/5/234 887/6/234 886/7/234
f 892/8/235 884/3/235 888/9/235
f 893/10/233 889/1/233 883/3/233
f 894/11/236 895/12/236 891/5/236 890/4/236
f 896/13/237 884/3/237 892/8/237
f 897/13/238 893/10/238 883/3/238
f 898/14/7 899/15/7 895/12/7 894/11/7
f 900/10/239 884/3/239 896/13/239
f 901/8/233 897/13/233 883/3/233
f 902/16/240 903/17/240 899/15/240 898/14/240
f 904/1/237 884/3/237 900/10/237
f 905/9/233 901/8/233 883/3/233
f 906/18/241 907/19/241 903/17/241 902/16/241
f 908/2/235 884/3/235 904/1/235
f 909/20/233 905/9/233 883/3/233
f 910/21/242 911/22/242 907/19/242 906/18/242
f 912/23/237 884/3/237 908/2/237
f 913/24/233 909/20/233 883/3/233
f 914/25/243 915/26/243 911/22/243 910/21/243
f 916/27/237 884/3/237 912/23/237
f 917/27/238 913/24/238 883/3/238
f 918/28/19 919/29/19 915/26/19 914/25/19
f 920/24/239 884/3/239 916/27/239
f 921/23/233 917/27/233 883/3/233
f 922/30/244 923/31/244 919/29/244 918/28/244
f 924/20/237 884/3/237 920/24/237
f 885/2/233 921/23/233 883/3/233
f 886/32/245 887/33/245 923/31/245 922/30/245
f 888/9/246 884/3/246 924/20/246
f 931/1/233 927/2/233 925/3/233
f 932/4/247 933/5/247 929/6/247 928/7/247
f 934/8/239 926/3/239 930/9/239
f 935/10/248 931/1/248 925/3/248
f 936/11/236 937/12/236 933/5/236 932/4/236
f 938/13/249 926/3/249 934/8/249
f 939/13/238 935/10/238 925/3/238
f 940/14/7 941/15/7 937/12/7 936/11/7
f 942/10/239 926/3/239 938/13/239
f 943/8/233 939/13/233 925/3/233
f 944/16/240 945/17/240 941/15/240 940/14/240
f 946/1/246 926/3/246 942/10/246
f 947/9/250 943/8/250 925/3/250
f 948/18/251 949/19/251 945/17/251 944/16/251
f 950/2/235 926/3/235 946/1/235
f 951/20/233 947/9/233 925/3/233
f 952/21/242 953/22/242 949/19/242 948/18/242
f 954/23/235 926/3/235 950/2/235
f 955/24/233 951/20/233 925/3/233
f 956/25/252 957/26/252 953/22/252 952/21/252
f 958/27/237 926/3/237 954/23/237
f 959/27/238 955/24/238 925/3/238
f 960/28/19 961/29/19 957/26/19 956/25/19
f 962/24/239 926/3/239 958/27/239
f 963/23/248 959/27/248 925/3/248
f 964/30/253 965/31/253 961/29/253 960/28/253
f 966/20/246 926/3/246 962/24/246
f 927/2/250 963/23/250 925/3/250
f 928/32/245 929/33/245 965/31/245 964/30/245
f 930/9/239 926/3/239 966/20/239
f 1015/1/267 1011/2/267 1009/3/267
f 1016/4/268 1017/5/268 1013/6/268 1012/7/268
f 1018/8/269 1010/3/269 1014/9/269
f 1019/10/270 1015/1/270 1009/3/270
f 1020/11/271 1021/12/271 1017/5/271 1016/4/271
f 1022/13/269 1010/3/269 1018/8/269
f 1023/13/272 1019/10/272 1009/3/272
f 1024/14/7 1025/15/7 1021/12/7 1020/11/7
f 1026/10/273 1010/3/273 1022/13/273
f 1027/8/272 1023/13/272 1009/3/272
f 1028/16/274 1029/17/274 1025/15/274 1024/14/274
f 1030/1/275 1010/3/275 1026/10/275
f 1031/9/276 1027/8/276 1009/3/276
f 1032/18/277 1033/19/277 1029/17/277 1028/16/277
f 1034/2/269 1010/3/269 1030/1/269
f 1035/20/278 1031/9/278 1009/3/278
f 1036/21/279 1037/22/279 1033/19/279 1032/18/279
f 1038/23/273 1010/3/273 1034/2/273
f 1039/24/280 1035/20/280 1009/3/280
f 1040/25/281 1041/26/281 1037/22/281 1036/21/281
f 1042/27/282 1010/3/282 1038/23/282
f 1043/27/283 1039/24/283 1009/3/283
f 1044/28/19 1045/29/19 1041/26/19 1040/25/19
f 1046/24/284 1010/3/284 1042/27/284
f 1047/23/280 1043/27/280 1009/3/280
f 1048/30/285 1049/31/285 1045/29/285 1044/28/285
f 1050/20/282 1010/3/282 1046/24/282
f 1011/2/286 1047/23/286 1009/3/286
f 1012/32/287 1013/33/287 1049/31/287 1048/30/287
f 1014/9/273 1010/3/273 1050/20/273
f 1057/1/288 1053/2/288 1051/3/288
f 1058/4/289 1059/5/289 1055/6/289 1054/7/289
f 1060/8/273 1052/3/273 1056/9/273
f 1061/10/290 1057/1/290 1051/3/290
f 1062/11/271 1063/12/271 1059/5/271 1058/4/271
f 1064/13/282 1052/3/282 1060/8/282
f 1065/13/272 1061/10/272 1051/3/272
f 1066/14/7 1067/15/7 1063/12/7 1062/11/7
f 1068/10/284 1052/3/284 1064/13/284
f 1069/8/290 1065/13/290 1051/3/290
f 1070/16/274 1071/17/274 1067/15/274 1066/14/274
f 1072/1/282 1052/3/282 1068/10/282
f 1073/9/278 1069/8/278 1051/3/278
f 1074/18/291 1075/19/291 1071/17/291 1070/16/291
f 1076/2/273 1052/3/273 1072/1/273
f 1077/20/278 1073/9/278 1051/3/278
f 1078/21/292 1079/22/292 1075/19/292 1074/18/292
f 1080/23/282 1052/3/282 1076/2/282
f 1081/24/283 1077/20/283 1051/3/283
f 1082/25/281 1083/26/281 1079/22/281 1078/21/281
f 1084/27/282 1052/3/282 1080/23/282
f 1085/27/272 1081/24/272 1051/3/272
f 1086/28/19 1087/29/19 1083/26/19 1082/25/19
f 1088/24/284 1052/3/284 1084/27/284
f 1089/23/276 1085/27/276 1051/3/276
f 1090/30/285 1091/31/285 1087/29/285 1086/28/285
f 1092/20/282 1052/3/282 1088/24/282
f 1053/2/270 1089/23/270 1051/3/270
f 1054/32/293 1055/33/293 1091/31/293 1090/30/293
f 1056/9/275 1052/3/275 1092/20/275
f 1141/1/307 1137/2/307 1135/3/307
f 1142/4/308 1143/5/308 1139/6/308 1138/7/308
f 1144/8/309 1136/3/309 1140/9/309
f 1145/10/310 1141/1/310 1135/3/310
f 1146/11/311 1147/12/311 1143/5/311 1142/4/311
f 1148/13/309 1136/3/309 1144/8/309
f 1149/13/312 1145/10/312 1135/3/312
f 1150/14/7 1151/15/7 1147/12/7 1146/11/7
f 1152/10/309 1136/3/309 1148/13/309
f 1153/8/313 1149/13/313 1135/3/313
f 1154/16/314 1155/17/314 1151/15/314 1150/14/314
f 1156/1/315 1136/3/315 1152/10/315
f 1157/9/316 1153/8/316 1135/3/316
f 1158/18/317 1159/19/317 1155/17/317 1154/16/317
f 1160/2/309 1136/3/309 1156/1/309
f 1161/20/313 1157/9/313 1135/3/313
f 1162/21/318 1163/22/318 1159/19/318 1158/18/318
f 1164/23/319 1136/3/319 1160/2/319
f 1165/24/320 1161/20/320 1135/3/320
f 1166/25/321 1167/26/321 1163/22/321 1162/21/321
f 1168/27/315 1136/3/315 1164/23/315
f 1169/27/320 1165/24/320 1135/3/320
f 1170/28/19 1171/29/19 1167/26/19 1166/25/19
f 1172/24/315 1136/3/315 1168/27/315
f 1173/23/320 1169/27/320 1135/3/320
f 1174/30/322 1175/31/322 1171/29/322 1170/28/322
f 1176/20/323 1136/3/323 1172/24/323
f 1137/2/324 1173/23/324 1135/3/324
f 1138/32/325 1139/33/325 1175/31/325 1174/30/325
f 1140/9/326 1136/3/326 1176/20/326
f 1183/1/327 1179/2/327 1177/3/327
f 1184/4/328 1185/5/328 1181/6/328 1180/7/328
f 1186/8/315 1178/3/315 1182/9/315
f 1187/10/310 1183/1/310 1177/3/310
f 1188/11/311 1189/12/311 1185/5/311 1184/4/311
f 1190/13/315 1178/3/315 1186/8/315
f 1191/13/312 1187/10/312 1177/3/312
f 1192/14/7 1193/15/7 1189/12/7 1188/11/7
f 1194/10/329 1178/3/329 1190/13/329
f 1195/8/320 1191/13/320 1177/3/320
f 1196/16/314 1197/17/314 1193/15/314 1192/14/314
f 1198/1/315 1178/3/315 1194/10/315
f 1199/9/320 1195/8/320 1177/3/320
f 1200/18/330 1201/19/330 1197/17/330 1196/16/330
f 1202/2/319 1178/3/319 1198/1/319
f 1203/20/313 1199/9/313 1177/3/313
f 1204/21/318 1205/22/318 1201/19/318 1200/18/318
f 1206/23/319 1178/3/319 1202/2/319
f 1207/24/320 1203/20/320 1177/3/320
f 1208/25/321 1209/26/321 1205/22/321 1204/21/321
f 1210/27/331 1178/3/331 1206/23/331
f 1211/27/312 1207/24/312 1177/3/312
f 1212/28/19 1213/29/19 1209/26/19 1208/25/19
f 1214/24/309 1178/3/309 1210/27/309
f 1215/23/316 1211/27/316 1177/3/316
f 1216/30/322 1217/31/322 1213/29/322 1212/28/322
f 1218/20/323 1178/3/323 1214/24/323
f 1179/2/324 1215/23/324 1177/3/324
f 1180/32/325 1181/33/325 1217/31/325 1216/30/325
f 1182/9/326 1178/3/326 1218/20/326
f 1267/1/343 1263/2/343 1261/3/343
f 1268/4/344 1269/5/344 1265/6/344 1264/7/344
f 1270/8/345 1262/3/345 1266/9/345
f 1271/10/346 1267/1/346 1261/3/346
f 1272/11/347 1273/12/347 1269/5/347 1268/4/347
f 1274/13/348 1262/3/348 1270/8/348
f 1275/13/346 1271/10/346 1261/3/346
f 1276/14/349 1277/15/349 1273/12/349 1272/11/349
f 1278/10/348 1262/3/348 1274/13/348
f 1279/8/350 1275/13/350 1261/3/350
f 1280/16/351 1281/17/351 1277/15/351 1276/14/351
f 1282/1/348 1262/3/348 1278/10/348
f 1283/9/350 1279/8/350 1261/3/350
f 1284/18/352 1285/19/352 1281/17/352 1280/16/352
f 1286/2/345 1262/3/345 1282/1/345
f 1287/20/353 1283/9/353 1261/3/353
f 1288/21/354 1289/22/354 1285/19/354 1284/18/354
f 1290/23/355 1262/3/355 1286/2/355
f 1291/24/350 1287/20/350 1261/3/350
f 1292/25/356 1293/26/356 1289/22/356 1288/21/356
f 1294/27/348 1262/3/348 1290/23/348
f 1295/27/343 1291/24/343 1261/3/343
f 1296/28/357 1297/29/357 1293/26/357 1292/25/357
f 1298/24/345 1262/3/345 1294/27/345
f 1299/23/343 1295/27/343 1261/3/343
f 1300/30/358 1301/31/358 1297/29/358 1296/28/358
f 1302/20/348 1262/3/348 1298/24/348
f 1263/2/353 1299/23/353 1261/3/353
f 1264/32/359 1265/33/359 1301/31/359 1300/30/359
f 1266/9/355 1262/3/355 1302/20/355
f 1309/1/360 1305/2/360 1303/3/360
f 1310/4/361 1311/5/361 1307/6/361 1306/7/361
f 1312/8/345 1304/3/345 1308/9/345
f 1313/10/362 1309/1/362 1303/3/362
f 1314/11/347 1315/12/347 1311/5/347 1310/4/347
f 1316/13/363 1304/3/363 1312/8/363
f 1317/13/350 1313/10/350 1303/3/350
f 1318/14/349 1319/15/349 1315/12/349 1314/11/349
f 1320/10/348 1304/3/348 1316/13/348
f 1321/8/350 1317/13/350 1303/3/350
f 1322/16/364 1323/17/364 1319/15/364 1318/14/364
f 1324/1/348 1304/3/348 1320/10/348
f 1325/9/350 1321/8/350 1303/3/350
f 1326/18/365 1327/19/365 1323/17/365 1322/16/365
f 1328/2/345 1304/3/345 1324/1/345
f 1329/20/350 1325/9/350 1303/3/350
f 1330/21/366 1331/22/366 1327/19/366 1326/18/366
f 1332/23/348 1304/3/348 1328/2/348
f 1333/24/346 1329/20/346 1303/3/346
f 1334/25/367 1335/26/367 1331/22/367 1330/21/367
f 1336/27/348 1304/3/348 1332/23/348
f 1337/27/343 1333/24/343 1303/3/343
f 1338/28/368 1339/29/368 1335/26/368 1334/25/368
f 1340/24/345 1304/3/345 1336/27/345
f 1341/23/343 1337/27/343 1303/3/343
f 1342/30/369 1343/31/369 1339/29/369 1338/28/369
f 1344/20/348 1304/3/348 1340/24/348
f 1305/2/360 1341/23/360 1303/3/360
f 1306/32/359 1307/33/359 1343/31/359 1342/30/359
f 1308/9/348 1304/3/348 1344/20/348
f 1393/1/380 1389/2/380 1387/3/380
f 1394/4/381 1395/5/381 1391/6/381 1390/7/381
f 1396/8/382 1388/3/382 1392/9/382
f 1397/10/383 1393/1/383 1387/3/383
f 1398/11/384 1399/12/384 1395/5/384 1394/4/384
f 1400/13/382 1388/3/382 1396/8/382
f 1401/13/385 1397/10/385 1387/3/385
f 1402/14/7 1403/15/7 1399/12/7 1398/11/7
f 1404/10/386 1388/3/386 1400/13/386
f 1405/8/387 1401/13/387 1387/3/387
f 1406/16/388 1407/17/388 1403/15/388 1402/14/388
f 1408/1/382 1388/3/382 1404/10/382
f 1409/9/385 1405/8/385 1387/3/385
f 1410/18/389 1411/19/389 1407/17/389 1406/16/389
f 1412/2/390 1388/3/390 1408/1/390
f 1413/20/380 1409/9/380 1387/3/380
f 1414/21/391 1415/22/391 1411/19/391 1410/18/391
f 1416/23/390 1388/3/390 1412/2/390
f 1417/24/387 1413/20/387 1387/3/387
f 1418/25/392 1419/26/392 1415/22/392 1414/21/392
f 1420/27/386 1388/3/386 1416/23/386
f 1421/27/387 1417/24/387 1387/3/387
f 1422/28/19 1423/29/19 1419/26/19 1418/25/19
f 1424/24/386 1388/3/386 1420/27/386
f 1425/23/383 1421/27/383 1387/3/383
f 1426/30/393 1427/31/393 1423/29/393 1422/28/393
f 1428/20/382 1388/3/382 1424/24/382
f 1389/2/380 1425/23/380 1387/3/380
f 1390/32/394 1391/33/394 1427/31/394 1426/30/394
f 1392/9/390 1388/3/390 1428/20/390
f 1435/1/387 1431/2/387 1429/3/387
f 1436/4/381 1437/5/381 1433/6/381 1432/7/381
f 1438/8/390 1430/3/390 1434/9/390
f 1439/10/395 1435/1/395 1429/3/395
f 1440/11/384 1441/12/384 1437/5/384 1436/4/384
f 1442/13/386 1430/3/386 1438/8/386
f 1443/13/387 1439/10/387 1429/3/387
f 1444/14/7 1445/15/7 1441/12/7 1440/11/7
f 1446/10/386 1430/3/386 1442/13/386
f 1447/8/395 1443/13/395 1429/3/395
f 1448/16/388 1449/17/388 1445/15/388 1444/14/388
f 1450/1/396 1430/3/396 1446/10/396
f 1451/9/380 1447/8/380 1429/3/380
f 1452/18/397 1453/19/397 1449/17/397 1448/16/397
f 1454/2/390 1430/3/390 1450/1/390
f 1455/20/380 1451/9/380 1429/3/380
f 1456/21/398 1457/22/398 1453/19/398 1452/18/398
f 1458/23/390 1430/3/390 1454/2/390
f 1459/24/383 1455/20/383 1429/3/383
f 1460/25/392 1461/26/392 1457/22/392 1456/21/392
f 1462/27/386 1430/3/386 1458/23/386
f 1463/27/387 1459/24/387 1429/3/387
f 1464/28/19 1465/29/19 1461/26/19 1460/25/19
f 1466/24/386 1430/3/386 1462/27/386
f 1467/23/383 1463/27/383 1429/3/383
f 1468/30/393 1469/31/393 1465/29/393 1464/28/393
f 1470/20/396 1430/3/396 1466/24/396
f 1431/2/380 1467/23/380 1429/3/380
f 1432/32/399 1433/33/399 1469/31/399 1468/30/399
f 1434/9/390 1430/3/390 1470/20/390
f 1519/1/410 1515/2/410 1513/3/410
f 1520/4/411 1521/5/411 1517/6/411 1516/7/411
f 1522/8/412 1514/3/412 1518/9/412
f 1523/10/410 1519/1/410 1513/3/410
f 1524/11/413 1525/12/413 1521/5/413 1520/4/413
f 1526/13/414 1514/3/414 1522/8/414
f 1527/13/415 1523/10/415 1513/3/415
f 1528/14/7 1529/15/7 1525/12/7 1524/11/7
f 1530/10/414 1514/3/414 1526/13/414
f 1531/8/410 1527/13/410 1513/3/410
f 1532/16/416 1533/17/416 1529/15/416 1528/14/416
f 1534/1/414 1514/3/414 1530/10/414
f 1535/9/410 1531/8/410 1513/3/410
f 1536/18/417 1537/19/417 1533/17/417 1532/16/417
f 1538/2/412 1514/3/412 1534/1/412
f 1539/20/415 1535/9/415 1513/3/415
f 1540/21/418 1541/22/418 1537/19/418 1536/18/418
f 1542/23/419 1514/3/419 1538/2/419
f 1543/24/420 1539/20/420 1513/3/420
f 1544/25/421 1545/26/421 1541/22/421 1540/21/421
f 1546/27/422 1514/3/422 1542/23/422
f 1547/27/420 1543/24/420 1513/3/420
f 1548/28/19 1549/29/19 1545/26/19 1544/25/19
f 1550/24/414 1514/3/414 1546/27/414
f 1551/23/420 1547/27/420 1513/3/420
f 1552/30/423 1553/31/423 1549/29/423 1548/28/423
f 1554/20/422 1514/3/422 1550/24/422
f 1515/2/415 1551/23/415 1513/3/415
f 1516/32/424 1517/33/424 1553/31/424 1552/30/424
f 1518/9/422 1514/3/422 1554/20/422
f 1561/1/420 1557/2/420 1555/3/420
f 1562/4/411 1563/5/411 1559/6/411 1558/7/411
f 1564/8/425 1556/3/425 1560/9/425
f 1565/10/420 1561/1/420 1555/3/420
f 1566/11/413 1567/12/413 1563/5/413 1562/4/413
f 1568/13/422 1556/3/422 1564/8/422
f 1569/13/426 1565/10/426 1555/3/426
f 1570/14/7 1571/15/7 1567/12/7 1566/11/7
f 1572/10/427 1556/3/427 1568/13/427
f 1573/8/426 1569/13/426 1555/3/426
f 1574/16/416 1575/17/416 1571/15/416 1570/14/416
f 1576/1/414 1556/3/414 1572/10/414
f 1577/9/420 1573/8/420 1555/3/420
f 1578/18/417 1579/19/417 1575/17/417 1574/16/417
f 1580/2/422 1556/3/422 1576/1/422
f 1581/20/415 1577/9/415 1555/3/415
f 1582/21/418 1583/22/418 1579/19/418 1578/18/418
f 1584/23/419 1556/3/419 1580/2/419
f 1585/24/420 1581/20/420 1555/3/420
f 1586/25/421 1587/26/421 1583/22/421 1582/21/421
f 1588/27/422 1556/3/422 1584/23/422
f 1589/27/420 1585/24/420 1555/3/420
f 1590/28/19 1591/29/19 1587/26/19 1586/25/19
f 1592/24/412 1556/3/412 1588/27/412
f 1593/23/420 1589/27/420 1555/3/420
f 1594/30/423 1595/31/423 1591/29/423 1590/28/423
f 1596/20/414 1556/3/414 1592/24/414
f 1557/2/415 1593/23/415 1555/3/415
f 1558/32/424 1559/33/424 1595/31/424 1594/30/424
f 1560/9/422 1556/3/422 1596/20/422
f 1645/1/440 1641/2/440 1639/3/440
f 1646/4/441 1647/5/441 1643/6/441 1642/7/441
f 1648/8/442 1640/3/442 1644/9/442
f 1649/10/443 1645/1/443 1639/3/443
f 1650/11/444 1651/12/444 1647/5/444 1646/4/444
f 1652/13/445 1640/3/445 1648/8/445
f 1653/13/443 1649/10/443 1639/3/443
f 1654/14/446 1655/15/446 1651/12/446 1650/11/446
f 1656/10/445 1640/3/445 1652/13/445
f 1657/8/447 1653/13/447 1639/3/447
f 1658/16/448 1659/17/448 1655/15/448 1654/14/448
f 1660/1/445 1640/3/445 1656/10/445
f 1661/9/449 1657/8/449 1639/3/449
f 1662/18/450 1663/19/450 1659/17/450 1658/16/450
f 1664/2/442 1640/3/442 1660/1/442
f 1665/20/451 1661/9/451 1639/3/451
f 1666/21/452 1667/22/452 1663/19/452 1662/18/452
f 1668/23/453 1640/3/453 1664/2/453
f 1669/24/454 1665/20/454 1639/3/454
f 1670/25/455 1671/26/455 1667/22/455 1666/21/455
f 1672/27/453 1640/3/453 1668/23/453
f 1673/27/447 1669/24/447 1639/3/447
f 1674/28/456 1675/29/456 1671/26/456 1670/25/456
f 1676/24/453 1640/3/453 1672/27/453
f 1677/23/457 1673/27/457 1639/3/457
f 1678/30/458 1679/31/458 1675/29/458 1674/28/458
f 1680/20/453 1640/3/453 1676/24/453
f 1641/2/454 1677/23/454 1639/3/454
f 1642/32/459 1643/33/459 1679/31/459 1678/30/459
f 1644/9/453 1640/3/453 1680/20/453
f 1687/1/460 1683/2/460 1681/3/460
f 1688/4/441 1689/5/441 1685/6/441 1684/7/441
f 1690/8/453 1682/3/453 1686/9/453
f 1691/10/457 1687/1/457 1681/3/457
f 1692/11/444 1693/12/444 1689/5/444 1688/4/444
f 1694/13/461 1682/3/461 1690/8/461
f 1695/13/454 1691/10/454 1681/3/454
f 1696/14/7 1697/15/7 1693/12/7 1692/11/7
f 1698/10/453 1682/3/453 1694/13/453
f 1699/8/457 1695/13/457 1681/3/457
f 1700/16/448 1701/17/448 1697/15/448 1696/14/448
f 1702/1/461 1682/3/461 1698/10/461
f 1703/9/462 1699/8/462 1681/3/462
f 1704/18/450 1705/19/450 1701/17/450 1700/16/450
f 1706/2/453 1682/3/453 1702/1/453
f 1707/20/451 1703/9/451 1681/3/451
f 1708/21/452 1709/22/452 1705/19/452 1704/18/452
f 1710/23/453 1682/3/453 1706/2/453
f 1711/24/463 1707/20/463 1681/3/463
f 1712/25/455 1713/26/455 1709/22/455 1708/21/455
f 1714/27/461 1682/3/461 1710/23/461
f 1715/27/447 1711/24/447 1681/3/447
f 1716/28/19 1717/29/19 1713/26/19 1712/25/19
f 1718/24/464 1682/3/464 1714/27/464
f 1719/23/454 1715/27/454 1681/3/454
f 1720/30/458 1721/31/458 1717/29/458 1716/28/458
f 1722/20/453 1682/3/453 1718/24/453
f 1683/2/454 1719/23/454 1681/3/454
f 1684/32/459 1685/33/459 1721/31/459 1720/30/459
f 1686/9/453 1682/3/453 1722/20/453
f 1771/1/475 1767/2/475 1765/3/475
f 1772/4/476 1773/5/476 1769/6/476 1768/7/476
f 1774/8/477 1766/3/477 1770/9/477
f 1775/10/478 1771/1/478 1765/3/478
f 1776/11/479 1777/12/479 1773/5/479 1772/4/479
f 1778/13/477 1766/3/477 1774/8/477
f 1779/13/480 1775/10/480 1765/3/480
f 1780/14/7 1781/15/7 1777/12/7 1776/11/7
f 1782/10/481 1766/3/481 1778/13/481
f 1783/8/478 1779/13/478 1765/3/478
f 1784/16/482 1785/17/482 1781/15/482 1780/14/482
f 1786/1/477 1766/3/477 1782/10/477
f 1787/9/478 1783/8/478 1765/3/478
f 1788/18/483 1789/19/483 1785/17/483 1784/16/483
f 1790/2/484 1766/3/484 1786/1/484
f 1791/20/485 1787/9/485 1765/3/485
f 1792/21/486 1793/22/486 1789/19/486 1788/18/486
f 1794/23/481 1766/3/481 1790/2/481
f 1795/24/487 1791/20/487 1765/3/487
f 1796/25/488 1797/26/488 1793/22/488 1792/21/488
f 1798/27/477 1766/3/477 1794/23/477
f 1799/27/478 1795/24/478 1765/3/478
f 1800/28/19 1801/29/19 1797/26/19 1796/25/19
f 1802/24/477 1766/3/477 1798/27/477
f 1803/23/487 1799/27/487 1765/3/487
f 1804/30/489 1805/31/489 1801/29/489 1800/28/489
f 1806/20/490 1766/3/490 1802/24/490
f 1767/2/491 1803/23/491 1765/3/491
f 1768/32/492 1769/33/492 1805/31/492 1804/30/492
f 1770/9/493 1766/3/493 1806/20/493
f 1813/1/485 1809/2/485 1807/3/485
f 1814/4/494 1815/5/494 1811/6/494 1810/7/494
f 1816/8/495 1808/3/495 1812/9/495
f 1817/10/496 1813/1/496 1807/3/496
f 1818/11/479 1819/12/479 1815/5/479 1814/4/479
f 1820/13/497 1808/3/497 1816/8/497
f 1821/13/478 1817/10/478 1807/3/478
f 1822/14/7 1823/15/7 1819/12/7 1818/11/7
f 1824/10/477 1808/3/477 1820/13/477
f 1825/8/498 1821/13/498 1807/3/498
f 1826/16/482 1827/17/482 1823/15/482 1822/14/482
f 1828/1/499 1808/3/499 1824/10/499
f 1829/9/480 1825/8/480 1807/3/480
f 1830/18/500 1831/19/500 1827/17/500 1826/16/500
f 1832/2/481 1808/3/481 1828/1/481
f 1833/20/485 1829/9/485 1807/3/485
f 1834/21/501 1835/22/501 1831/19/501 1830/18/501
f 1836/23/481 1808/3/481 1832/2/481
f 1837/24/487 1833/20/487 1807/3/487
f 1838/25/488 1839/26/488 1835/22/488 1834/21/488
f 1840/27/477 1808/3/477 1836/23/477
f 1841/27/478 1837/24/478 1807/3/478
f 1842/28/19 1843/29/19 1839/26/19 1838/25/19
f 1844/24/477 1808/3/477 1840/27/477
f 1845/23/487 1841/27/487 1807/3/487
f 1846/30/489 1847/31/489 1843/29/489 1842/28/489
f 1848/20/490 1808/3/490 1844/24/490
f 1809/2/491 1845/23/491 1807/3/491
f 1810/32/502 1811/33/502 1847/31/502 1846/30/502
f 1812/9/493 1808/3/493 1848/20/493
f 1897/1/517 1893/2/517 1891/3/517
f 1898/4/518 1899/5/518 1895/6/518 1894/7/518
f 1900/8/519 1892/3/519 1896/9/519
f 1901/10/520 1897/1/520 1891/3/520
f 1902/11/521 1903/12/521 1899/5/521 1898/4/521
f 1904/13/522 1892/3/522 1900/8/522
f 1905/13/517 1901/10/517 1891/3/517
f 1906/14/7 1907/15/7 1903/12/7 1902/11/7
f 1908/10/519 1892/3/519 1904/13/519
f 1909/8/517 1905/13/517 1891/3/517
f 1910/16/523 1911/17/523 1907/15/523 1906/14/523
f 1912/1/522 1892/3/522 1908/10/522
f 1913/9/517 1909/8/517 1891/3/517
f 1914/18/524 1915/19/524 1911/17/524 1910/16/524
f 1916/2/519 1892/3/519 1912/1/519
f 1917/20/520 1913/9/520 1891/3/520
f 1918/21/525 1919/22/525 1915/19/525 1914/18/525
f 1920/23/522 1892/3/522 1916/2/522
f 1921/24/526 1917/20/526 1891/3/526
f 1922/25/527 1923/26/527 1919/22/527 1918/21/527
f 1924/27/528 1892/3/528 1920/23/528
f 1925/27/520 1921/24/520 1891/3/520
f 1926/28/19 1927/29/19 1923/26/19 1922/25/19
f 1928/24/522 1892/3/522 1924/27/522
f 1929/23/526 1925/27/526 1891/3/526
f 1930/30/529 1931/31/529 1927/29/529 1926/28/529
f 1932/20/528 1892/3/528 1928/24/528
f 1893/2/520 1929/23/520 1891/3/520
f 1894/32/530 1895/33/530 1931/31/530 1930/30/530
f 1896/9/522 1892/3/522 1932/20/522
f 1939/1/526 1935/2/526 1933/3/526
f 1940/4/531 1941/5/531 1937/6/531 1936/7/531
f 1942/8/528 1934/3/528 1938/9/528
f 1943/10/526 1939/1/526 1933/3/526
f 1944/11/532 1945/12/532 1941/5/532 1940/4/532
f 1946/13/528 1934/3/528 1942/8/528
f 1947/13/526 1943/10/526 1933/3/526
f 1948/14/7 1949/15/7 1945/12/7 1944/11/7
f 1950/10/528 1934/3/528 1946/13/528
f 1951/8/526 1947/13/526 1933/3/526
f 1952/16/533 1953/17/533 1949/15/533 1948/14/533
f 1954/1/519 1934/3/519 1950/10/519
f 1955/9/526 1951/8/526 1933/3/526
f 1956/18/524 1957/19/524 1953/17/524 1952/16/524
f 1958/2/528 1934/3/528 1954/1/528
f 1959/20/520 1955/9/520 1933/3/520
f 1960/21/534 1961/22/534 1957/19/534 1956/18/534
f 1962/23/522 1934/3/522 1958/2/522
f 1963/24/526 1959/20/526 1933/3/526
f 1964/25/535 1965/26/535 1961/22/535 1960/21/535
f 1966/27/528 1934/3/528 1962/23/528
f 1967/27/526 1963/24/526 1933/3/526
f 1968/28/19 1969/29/19 1965/26/19 1964/25/19
f 1970/24/528 1934/3/528 1966/27/528
f 1971/23/526 1967/27/526 1933/3/526
f 1972/30/536 1973/31/536 1969/29/536 1968/28/536
f 1974/20/528 1934/3/528 1970/24/528
f 1935/2/520 1971/23/520 1933/3/520
f 1936/32/537 1937/33/537 1973/31/537 1972/30/537
f 1938/9/522 1934/3/522 1974/20/522
f 2023/1/550 2019/2/550 2017/3/550
f 2024/4/551 2025/5/551 2021/6/551 2020/7/551
f 2026/8/552 2018/3/552 2022/9/552
f 2027/10/553 2023/1/553 2017/3/553
f 2028/11/554 2029/12/554 2025/5/554 2024/4/554
f 2030/13/555 2018/3/555 2026/8/555
f 2031/13/553 2027/10/553 2017/3/553
f 2032/14/7 2033/15/7 2029/12/7 2028/11/7
f 2034/10/552 2018/3/552 2030/13/552
f 2035/8/550 2031/13/550 2017/3/550
f 2036/16/556 2037/17/556 2033/15/556 2032/14/556
f 2038/1/555 2018/3/555 2034/10/555
f 2039/9/550 2035/8/550 2017/3/550
f 2040/18/557 2041/19/557 2037/17/557 2036/16/557
f 2042/2/555 2018/3/555 2038/1/555
f 2043/20/553 2039/9/553 2017/3/553
f 2044/21/558 2045/22/558 2041/19/558 2040/18/558
f 2046/23/552 2018/3/552 2042/2/552
f 2047/24/553 2043/20/553 2017/3/553
f 2048/25/559 2049/26/559 2045/22/559 2044/21/559
f 2050/27/552 2018/3/552 2046/23/552
f 2051/27/550 2047/24/550 2017/3/550
f 2052/28/19 2053/29/19 2049/26/19 2048/25/19
f 2054/24/555 2018/3/555 2050/27/555
f 2055/23/553 2051/27/553 2017/3/553
f 2056/30/560 2057/31/560 2053/29/560 2052/28/560
f 2058/20/552 2018/3/552 2054/24/552
f 2019/2/553 2055/23/553 2017/3/553
f 2020/32/561 2021/33/561 2057/31/561 2056/30/561
f 2022/9/552 2018/3/552 2058/20/552
f 2065/1/550 2061/2/550 2059/3/550
f 2066/4/551 2067/5/551 2063/6/551 2062/7/551
f 2068/8/555 2060/3/555 2064/9/555
f 2069/10/553 2065/1/553 2059/3/553
f 2070/11/554 2071/12/554 2067/5/554 2066/4/554
f 2072/13/552 2060/3/552 2068/8/552
f 2073/13/553 2069/10/553 2059/3/553
f 2074/14/7 2075/15/7 2071/12/7 2070/11/7
f 2076/10/552 2060/3/552 2072/13/552
f 2077/8/553 2073/13/553 2059/3/553
f 2078/16/556 2079/17/556 2075/15/556 2074/14/556
f 2080/1/552 2060/3/552 2076/10/552
f 2081/9/553 2077/8/553 2059/3/553
f 2082/18/562 2083/19/562 2079/17/562 2078/16/562
f 2084/2/555 2060/3/555 2080/1/555
f 2085/20/550 2081/9/550 2059/3/550
f 2086/21/563 2087/22/563 2083/19/563 2082/18/563
f 2088/23/555 2060/3/555 2084/2/555
f 2089/24/553 2085/20/553 2059/3/553
f 2090/25/559 2091/26/559 2087/22/559 2086/21/559
f 2092/27/552 2060/3/552 2088/23/552
f 2093/27/553 2089/24/553 2059/3/553
f 2094/28/19 2095/29/19 2091/26/19 2090/25/19
f 2096/24/552 2060/3/552 2092/27/552
f 2097/23/553 2093/27/553 2059/3/553
f 2098/30/560 2099/31/560 2095/29/560 2094/28/560
f 2100/20/552 2060/3/552 2096/24/552
f 2061/2/550 2097/23/550 2059/3/550
f 2062/32/561 2063/33/561 2099/31/561 2098/30/561
f 2064/9/555 2060/3/555 2100/20/555
f 2149/1/576 2145/2/576 2143/3/576
f 2150/4/577 2151/5/577 2147/6/577 2146/7/577
f 2152/8/578 2144/3/578 2148/9/578
f 2153/10/579 2149/1/579 2143/3/579
f 2154/11/580 2155/12/580 2151/5/580 2150/4/580
f 2156/13/581 2144/3/581 2152/8/581
f 2157/13/582 2153/10/582 2143/3/582
f 2158/14/7 2159/15/7 2155/12/7 2154/11/7
f 2160/10/583 2144/3/583 2156/13/583
f 2161/8/579 2157/13/579 2143/3/579
f 2162/16/584 2163/17/584 2159/15/584 2158/14/584
f 2164/1/581 2144/3/581 2160/10/581
f 2165/9/576 2161/8/576 2143/3/576
f 2166/18/585 2167/19/585 2163/17/585 2162/16/585
f 2168/2/583 2144/3/583 2164/1/583
f 2169/20/582 2165/9/582 2143/3/582
f 2170/21/586 2171/22/586 2167/19/586 2166/18/586
f 2172/23/583 2144/3/583 2168/2/583
f 2173/24/576 2169/20/576 2143/3/576
f 2174/25/587 2175/26/587 2171/22/587 2170/21/587
f 2176/27/578 2144/3/578 2172/23/578
f 2177/27/582 2173/24/582 2143/3/582
f 2178/28/19 2179/29/19 2175/26/19 2174/25/19
f 2180/24/583 2144/3/583 2176/27/583
f 2181/23/582 2177/27/582 2143/3/582
f 2182/30/588 2183/31/588 2179/29/588 2178/28/588
f 2184/20/578 2144/3/578 2180/24/578
f 2145/2/579 2181/23/579 2143/3/579
f 2146/32/589 2147/33/589 2183/31/589 2182/30/589
f 2148/9/590 2144/3/590 2184/20/590
f 2191/1/582 2187/2/582 2185/3/582
f 2192/4/591 2193/5/591 2189/6/591 2188/7/591
f 2194/8/590 2186/3/590 2190/9/590
f 2195/10/576 2191/1/576 2185/3/576
f 2196/11/592 2197/12/592 2193/5/592 2192/4/592
f 2198/13/578 2186/3/578 2194/8/578
f 2199/13/582 2195/10/582 2185/3/582
f 2200/14/7 2201/15/7 2197/12/7 2196/11/7
f 2202/10/583 2186/3/583 2198/13/583
f 2203/8/582 2199/13/582 2185/3/582
f 2204/16/584 2205/17/584 2201/15/584 2200/14/584
f 2206/1/583 2186/3/583 2202/10/583
f 2207/9/579 2203/8/579 2185/3/579
f 2208/18/585 2209/19/585 2205/17/585 2204/16/585
f 2210/2/583 2186/3/583 2206/1/583
f 2211/20/582 2207/9/582 2185/3/582
f 2212/21/586 2213/22/586 2209/19/586 2208/18/586
f 2214/23/590 2186/3/590 2210/2/590
f 2215/24/576 2211/20/576 2185/3/576
f 2216/25/587 2217/26/587 2213/22/587 2212/21/587
f 2218/27/593 2186/3/593 2214/23/593
f 2219/27/594 2215/24/594 2185/3/594
f 2220/28/19 2221/29/19 2217/26/19 2216/25/19
f 2222/24/581 2186/3/581 2218/27/581
f 2223/23/576 2219/27/576 2185/3/576
f 2224/30/595 2225/31/595 2221/29/595 2220/28/595
f 2226/20/583 2186/3/583 2222/24/583
f 2187/2/579 2223/23/579 2185/3/579
f 2188/32/589 2189/33/589 2225/31/589 2224/30/589
f 2190/9/583 2186/3/583 2226/20/583
f 2275/1/606 2271/2/606 2269/3/606
f 2276/4/607 2277/5/607 2273/6/607 2272/7/607
f 2278/8/608 2270/3/608 2274/9/608
f 2279/10/609 2275/1/609 2269/3/609
f 2280/11/610 2281/12/610 2277/5/610 2276/4/610
f 2282/13/611 2270/3/611 2278/8/611
f 2283/13/609 2279/10/609 2269/3/609
f 2284/14/7 2285/15/7 2281/12/7 2280/11/7
f 2286/10/611 2270/3/611 2282/13/611
f 2287/8/609 2283/13/609 2269/3/609
f 2288/16/612 2289/17/612 2285/15/612 2284/14/612
f 2290/1/611 2270/3/611 2286/10/611
f 2291/9/606 2287/8/606 2269/3/606
f 2292/18/613 2293/19/613 2289/17/613 2288/16/613
f 2294/2/608 2270/3/608 2290/1/608
f 2295/20/614 2291/9/614 2269/3/614
f 2296/21/615 2297/22/615 2293/19/615 2292/18/615
f 2298/23/616 2270/3/616 2294/2/616
f 2299/24/617 2295/20/617 2269/3/617
f 2300/25/618 2301/26/618 2297/22/618 2296/21/618
f 2302/27/616 2270/3/616 2298/23/616
f 2303/27/619 2299/24/619 2269/3/619
f 2304/28/19 2305/29/19 2301/26/19 2300/25/19
f 2306/24/611 2270/3/611 2302/27/611
f 2307/23/614 2303/27/614 2269/3/614
f 2308/30/620 2309/31/620 2305/29/620 2304/28/620
f 2310/20/616 2270/3/616 2306/24/616
f 2271/2/619 2307/23/619 2269/3/619
f 2272/32/621 2273/33/621 2309/31/621 2308/30/621
f 2274/9/611 2270/3/611 2310/20/611
f 2317/1/622 2313/2/622 2311/3/622
f 2318/4/607 2319/5/607 2315/6/607 2314/7/607
f 2320/8/623 2312/3/623 2316/9/623
f 2321/10/614 2317/1/614 2311/3/614
f 2322/11/624 2323/12/624 2319/5/624 2318/4/624
f 2324/13/616 2312/3/616 2320/8/616
f 2325/13/619 2321/10/619 2311/3/619
f 2326/14/7 2327/15/7 2323/12/7 2322/11/7
f 2328/10/611 2312/3/611 2324/13/611
f 2329/8/614 2325/13/614 2311/3/614
f 2330/16/625 2331/17/625 2327/15/625 2326/14/625
f 2332/1/616 2312/3/616 2328/10/616
f 2333/9/622 2329/8/622 2311/3/622
f 2334/18/626 2335/19/626 2331/17/626 2330/16/626
f 2336/2/623 2312/3/623 2332/1/623
f 2337/20/614 2333/9/614 2311/3/614
f 2338/21/627 2339/22/627 2335/19/627 2334/18/627
f 2340/23/616 2312/3/616 2336/2/616
f 2341/24/617 2337/20/617 2311/3/617
f 2342/25/628 2343/26/628 2339/22/628 2338/21/628
f 2344/27/616 2312/3/616 2340/23/616
f 2345/27/619 2341/24/619 2311/3/619
f 2346/28/19 2347/29/19 2343/26/19 2342/25/19
f 2348/24/611 2312/3/611 2344/27/611
f 2349/23/614 2345/27/614 2311/3/614
f 2350/30/620 2351/31/620 2347/29/620 2346/28/620
f 2352/20/616 2312/3/616 2348/24/616
f 2313/2/614 2349/23/614 2311/3/614
f 2314/32/621 2315/33/621 2351/31/621 2350/30/621
f 2316/9/611 2312/3/611 2352/20/611
f 2401/1/642 2397/2/642 2395/3/642
f 2402/4/643 2403/5/643 2399/6/643 2398/7/643
f 2404/8/644 2396/3/644 2400/9/644
f 2405/10/645 2401/1/645 2395/3/645
f 2406/11/646 2407/12/646 2403/5/646 2402/4/646
f 2408/13/644 2396/3/644 2404/8/644
f 2409/13/642 2405/10/642 2395/3/642
f 2410/14/7 2411/15/7 2407/12/7 2406/11/7
f 2412/10/644 2396/3/644 2408/13/644
f 2413/8/645 2409/13/645 2395/3/645
f 2414/16/647 2415/17/647 2411/15/647 2410/14/647
f 2416/1/648 2396/3/648 2412/10/648
f 2417/9/642 2413/8/642 2395/3/642
f 2418/18/649 2419/19/649 2415/17/649 2414/16/649
f 2420/2/644 2396/3/644 2416/1/644
f 2421/20/645 2417/9/645 2395/3/645
f 2422/21/650 2423/22/650 2419/19/650 2418/18/650
f 2424/23/648 2396/3/648 2420/2/648
f 2425/24/645 2421/20/645 2395/3/645
f 2426/25/651 2427/26/651 2423/22/651 2422/21/651
f 2428/27/648 2396/3/648 2424/23/648
f 2429/27/642 2425/24/642 2395/3/642
f 2430/28/19 2431/29/19 2427/26/19 2426/25/19
f 2432/24/644 2396/3/644 2428/27/644
f 2433/23/652 2429/27/652 2395/3/652
f 2434/30/653 2435/31/653 2431/29/653 2430/28/653
f 2436/20/654 2396/3/654 2432/24/654
f 2397/2/645 2433/23/645 2395/3/645
f 2398/32/655 2399/33/655 2435/31/655 2434/30/655
f 2400/9/648 2396/3/648 2436/20/648
f 2443/1/656 2439/2/656 2437/3/656
f 2444/4/657 2445/5/657 2441/6/657 2440/7/657
f 2446/8/658 2438/3/658 2442/9/658
f 2447/10/645 2443/1/645 2437/3/645
f 2448/11/659 2449/12/659 2445/5/659 2444/4/659
f 2450/13/648 2438/3/648 2446/8/648
f 2451/13/642 2447/10/642 2437/3/642
f 2452/14/7 2453/15/7 2449/12/7 2448/11/7
f 2454/10/644 2438/3/644 2450/13/644
f 2455/8/652 2451/13/652 2437/3/652
f 2456/16/660 2457/17/660 2453/15/660 2452/14/660
f 2458/1/648 2438/3/648 2454/10/648
f 2459/9/656 2455/8/656 2437/3/656
f 2460/18/661 2461/19/661 2457/17/661 2456/16/661
f 2462/2/648 2438/3/648 2458/1/648
f 2463/20/645 2459/9/645 2437/3/645
f 2464/21/662 2465/22/662 2461/19/662 2460/18/662
f 2466/23/658 2438/3/658 2462/2/658
f 2467/24/663 2463/20/663 2437/3/663
f 2468/25/664 2469/26/664 2465/22/664 2464/21/664
f 2470/27/648 2438/3/648 2466/23/648
f 2471/27/645 2467/24/645 2437/3/645
f 2472/28/19 2473/29/19 2469/26/19 2468/25/19
f 2474/24/648 2438/3/648 2470/27/648
f 2475/23/663 2471/27/663 2437/3/663
f 2476/30/665 2477/31/665 2473/29/665 2472/28/665
f 2478/20/654 2438/3/654 2474/24/654
f 2439/2/645 2475/23/645 2437/3/645
f 2440/32/666 2441/33/666 2477/31/666 2476/30/666
f 2442/9/648 2438/3/648 2478/20/648
f 2527/1/678 2523/2/678 2521/3/678
f 2528/4/679 2529/5/679 2525/6/679 2524/7/679
f 2530/8/680 2522/3/680 2526/9/680
f 2531/10/681 2527/1/681 2521/3/681
f 2532/11/682 2533/12/682 2529/5/682 2528/4/682
f 2534/13/680 2522/3/680 2530/8/680
f 2535/13/678 2531/10/678 2521/3/678
f 2536/14/683 2537/15/683 2533/12/683 2532/11/683
f 2538/10/684 2522/3/684 2534/13/684
f 2539/8/678 2535/13/678 2521/3/678
f 2540/16/685 2541/17/685 2537/15/685 2536/14/685
f 2542/1/680 2522/3/680 2538/10/680
f 2543/9/678 2539/8/678 2521/3/678
f 2544/18/686 2545/19/686 2541/17/686 2540/16/686
f 2546/2/680 2522/3/680 2542/1/680
f 2547/20/678 2543/9/678 2521/3/678
f 2548/21/687 2549/22/687 2545/19/687 2544/18/687
f 2550/23/680 2522/3/680 2546/2/680
f 2551/24/681 2547/20/681 2521/3/681
f 2552/25/688 2553/26/688 2549/22/688 2548/21/688
f 2554/27/680 2522/3/680 2550/23/680
f 2555/27/678 2551/24/678 2521/3/678
f 2556/28/689 2557/29/689 2553/26/689 2552/25/689
f 2558/24/680 2522/3/680 2554/27/680
f 2559/23/681 2555/27/681 2521/3/681
f 2560/30/690 2561/31/690 2557/29/690 2556/28/690
f 2562/20/684 2522/3/684 2558/24/684
f 2523/2/678 2559/23/678 2521/3/678
f 2524/32/691 2525/33/691 2561/31/691 2560/30/691
f 2526/9/680 2522/3/680 2562/20/680
f 2569/1/678 2565/2/678 2563/3/678
f 2570/4/692 2571/5/692 2567/6/692 2566/7/692
f 2572/8/680 2564/3/680 2568/9/680
f 2573/10/678 2569/1/678 2563/3/678
f 2574/11/693 2575/12/693 2571/5/693 2570/4/693
f 2576/13/680 2564/3/680 2572/8/680
f 2577/13/678 2573/10/678 2563/3/678
f 2578/14/683 2579/15/683 2575/12/683 2574/11/683
f 2580/10/680 2564/3/680 2576/13/680
f 2581/8/681 2577/13/681 2563/3/681
f 2582/16/694 2583/17/694 2579/15/694 2578/14/694
f 2584/1/684 2564/3/684 2580/10/684
f 2585/9/678 2581/8/678 2563/3/678
f 2586/18/695 2587/19/695 2583/17/695 2582/16/695
f 2588/2/680 2564/3/680 2584/1/680
f 2589/20/678 2585/9/678 2563/3/678
f 2590/21/687 2591/22/687 2587/19/687 2586/18/687
f 2592/23/680 2564/3/680 2588/2/680
f 2593/24/681 2589/20/681 2563/3/681
f 2594/25/688 2595/26/688 2591/22/688 2590/21/688
f 2596/27/684 2564/3/684 2592/23/684
f 2597/27/678 2593/24/678 2563/3/678
f 2598/28/689 2599/29/689 2595/26/689 2594/25/689
f 2600/24/680 2564/3/680 2596/27/680
f 2601/23/681 2597/27/681 2563/3/681
f 2602/30/690 2603/31/690 2599/29/690 2598/28/690
f 2604/20/684 2564/3/684 2600/24/684
f 2565/2/678 2601/23/678 2563/3/678
f 2566/32/691 2567/33/691 2603/31/691 2602/30/691
f 2568/9/680 2564/3/680 2604/20/680
f 2653/1/708 2649/2/708 2647/3/708
f 2654/4/709 2655/5/709 2651/6/709 2650/7/709
f 2656/8/710 2648/3/710 2652/9/710
f 2657/10/711 2653/1/711 2647/3/711
f 2658/11/712 2659/12/712 2655/5/712 2654/4/712
f 2660/13/713 2648/3/713 2656/8/713
f 2661/13/714 2657/10/714 2647/3/714
f 2662/14/7 2663/15/7 2659/12/7 2658/11/7
f 2664/10/713 2648/3/713 2660/13/713
f 2665/8/714 2661/13/714 2647/3/714
f 2666/16/715 2667/17/715 2663/15/715 2662/14/715
f 2668/1/713 2648/3/713 2664/10/713
f 2669/9/716 2665/8/716 2647/3/716
f 2670/18/717 2671/19/717 2667/17/717 2666/16/717
f 2672/2/718 2648/3/718 2668/1/718
f 2673/20/714 2669/9/714 2647/3/714
f 2674/21/719 2675/22/719 2671/19/719 2670/18/719
f 2676/23/713 2648/3/713 2672/2/713
f 2677/24/711 2673/20/711 2647/3/711
f 2678/25/720 2679/26/720 2675/22/720 2674/21/720
f 2680/27/713 2648/3/713 2676/23/713
f 2681/27/714 2677/24/714 2647/3/714
f 2682/28/19 2683/29/19 2679/26/19 2678/25/19
f 2684/24/713 2648/3/713 2680/27/713
f 2685/23/714 2681/27/714 2647/3/714
f 2686/30/721 2687/31/721 2683/29/721 2682/28/721
f 2688/20/713 2648/3/713 2684/24/713
f 2649/2/714 2685/23/714 2647/3/714
f 2650/32/722 2651/33/722 2687/31/722 2686/30/722
f 2652/9/713 2648/3/713 2688/20/713
f 2695/1/714 2691/2/714 2689/3/714
f 2696/4/723 2697/5/723 2693/6/723 2692/7/723
f 2698/8/713 2690/3/713 2694/9/713
f 2699/10/711 2695/1/711 2689/3/711
f 2700/11/712 2701/12/712 2697/5/712 2696/4/712
f 2702/13/713 2690/3/713 2698/8/713
f 2703/13/714 2699/10/714 2689/3/714
f 2704/14/724 2705/15/724 2701/12/724 2700/11/724
f 2706/10/713 2690/3/713 2702/13/713
f 2707/8/714 2703/13/714 2689/3/714
f 2708/16/715 2709/17/715 2705/15/715 2704/14/715
f 2710/1/713 2690/3/713 2706/10/713
f 2711/9/714 2707/8/714 2689/3/714
f 2712/18/717 2713/19/717 2709/17/717 2708/16/717
f 2714/2/713 2690/3/713 2710/1/713
f 2715/20/725 2711/9/725 2689/3/725
f 2716/21/726 2717/22/726 2713/19/726 2712/18/726
f 2718/23/713 2690/3/713 2714/2/713
f 2719/24/711 2715/20/711 2689/3/711
f 2720/25/720 2721/26/720 2717/22/720 2716/21/720
f 2722/27/713 2690/3/713 2718/23/713
f 2723/27/714 2719/24/714 2689/3/714
f 2724/28/357 2725/29/357 2721/26/357 2720/25/357
f 2726/24/713 2690/3/713 2722/27/713
f 2727/23/714 2723/27/714 2689/3/714
f 2728/30/721 2729/31/721 2725/29/721 2724/28/721
f 2730/20/713 2690/3/713 2726/24/713
f 2691/2/725 2727/23/725 2689/3/725
f 2692/32/722 2693/33/722 2729/31/722 2728/30/722
f 2694/9/710 2690/3/710 2730/20/710
f 2779/201/19 2775/202/19 2773/203/19
f 2780/204/738 2781/205/738 2777/6/738 2776/206/738
f 2822/207/739 2774/203/739 2820/208/739
f 2783/19/19 2779/201/19 2773/203/19
f 2784/209/740 2785/210/740 2781/205/740 2780/204/740
f 2823/211/741 2774/203/741 2822/207/741
f 2787/212/19 2783/19/19 2773/203/19
f 2788/213/742 2789/214/742 2785/210/742 2784/209/742
f 2824/215/743 2774/203/743 2823/211/743
f 2791/216/19 2787/212/19 2773/203/19
f 2792/217/744 2793/19/744 2789/214/744 2788/213/744
f 2825/218/745 2774/203/745 2824/215/745
f 2795/219/19 2791/216/19 2773/203/19
f 2796/220/746 2797/221/746 2793/19/746 2792/217/746
f 2826/222/747 2774/203/747 2825/218/747
f 2799/217/19 2795/219/19 2773/203/19
f 2800/223/748 2801/224/748 2797/221/748 2796/220/748
f 2827/225/749 2774/203/749 2826/222/749
f 2803/226/19 2799/217/19 2773/203/19
f 2804/227/750 2805/228/750 2801/224/750 2800/223/750
f 2821/229/751 2774/203/751 2827/225/751
f 2775/202/19 2803/226/19 2773/203/19
f 2776/230/752 2777/33/752 2805/228/752 2804/227/752
f 2820/208/753 2774/203/753 2821/229/753
f 2807/206/754 2808/230/754 2811/19/754
f 2808/206/755 2809/230/755 2811/19/755
f 2809/206/756 2810/230/756 2811/19/756
f 2810/206/757 2807/230/757 2811/19/757
f 2813/229/758 2806/219/758 2778/216/758 2812/208/758
f 2812/208/759 2778/216/759 2782/212/759 2814/207/759
f 2814/207/760 2782/212/760 2786/19/760 2815/211/760
f 2815/211/761 2786/19/761 2790/201/761 2816/215/761
f 2816/215/762 2790/201/762 2794/202/762 2817/218/762
f 2817/218/763 2794/202/763 2798/226/763 2818/222/763
f 2819/225/764 2802/217/764 2806/219/764 2813/229/764
f 2818/222/765 2798/226/765 2802/217/765 2819/225/765
f 2814/207/766 2822/207/766 2820/208/766 2812/208/766
f 2815/211/767 2823/211/767 2822/207/767 2814/207/767
f 2816/215/768 2824/215/768 2823/211/768 2815/211/768
f 2817/218/769 2825/218/769 2824/215/769 2816/215/769
f 2818/222/770 2826/222/770 2825/218/770 2817/218/770
f 2819/225/771 2827/225/771 2826/222/771 2818/222/771
f 2813/229/772 2821/229/772 2827/225/772 2819/225/772
f 2812/208/773 2820/208/773 2821/229/773 2813/229/773
f 2934/354/19 2935/355/19 2926/356/19 2925/357/19
f 2936/358/870 2937/359/870 2928/360/870 2927/361/870
f 3264/362/7 3265/363/7 3255/364/7 3254/365/7
f 3268/366/871 3269/367/871 3257/368/871 3256/369/871
f 2939/370/7 2940/371/7 2931/357/7 2930/356/7
f 3270/372/19 3271/373/19 3259/374/19 3258/375/19
f 3272/376/872 3273/377/872 3261/378/872 3260/379/872
f 2941/380/873 2942/381/873 2933/361/873 2932/360/873
f 2943/382/19 2944/383/19 2935/355/19 2934/354/19
f 2945/384/874 2946/385/874 2937/359/874 2936/358/874
f 3273/377/872 3274/386/872 3262/387/872 3261/378/872
f 3274/386/872 3275/388/872 3263/389/872 3262/387/872
f 2949/373/7 2950/372/7 2940/371/7 2939/370/7
f 3276/383/7 3277/382/7 3265/363/7 3264/362/7
f 3278/390/875 3279/391/875 3267/392/875 3266/393/875
f 2953/394/876 2954/395/876 2942/381/876 2941/380/876
f 2955/363/19 2956/362/19 2944/383/19 2943/382/19
f 2957/396/877 2958/397/877 2946/385/877 2945/384/877
f 2958/397/877 2959/398/877 2947/399/877 2946/385/877
f 2959/398/877 2960/400/877 2948/401/877 2947/399/877
f 2961/374/7 2962/375/7 2950/372/7 2949/373/7
f 2963/402/878 2964/403/878 2952/404/878 2951/405/878
f 2964/403/878 2965/406/878 2953/394/878 2952/404/878
f 2965/406/878 2966/407/878 2954/395/878 2953/394/878
f 2967/364/19 2968/365/19 2956/362/19 2955/363/19
f 2969/408/879 2970/409/879 2958/397/879 2957/396/879
f 3279/391/875 3280/410/875 3268/366/875 3267/392/875
f 3280/410/875 3281/411/875 3269/367/875 3268/366/875
f 2972/412/7 2973/413/7 2962/375/7 2961/374/7
f 3282/371/19 3283/370/19 3271/373/19 3270/372/19
f 3284/414/880 3285/415/880 3273/377/880 3272/376/880
f 2974/416/881 2975/417/881 2966/407/881 2965/406/881
f 2976/418/19 2977/419/19 2968/365/19 2967/364/19
f 2978/420/882 2979/421/882 2970/409/882 2969/408/882
f 3287/355/7 3288/354/7 3277/382/7 3276/383/7
f 3289/422/883 3290/423/883 3281/411/883 3280/410/883
f 2981/424/7 2982/425/7 2973/413/7 2972/412/7
f 2925/357/19 2926/356/19 3283/370/19 3282/371/19
f 2927/361/884 2928/360/884 3285/415/884 3284/414/884
f 2983/369/885 2984/368/885 2975/426/885 2974/427/885
f 2985/428/19 2986/429/19 2977/419/19 2976/418/19
f 2987/379/886 2988/378/886 2979/430/886 2978/431/886
f 2930/356/7 2931/357/7 3288/354/7 3287/355/7
f 2932/360/887 2933/361/887 3290/423/887 3289/422/887
f 2990/432/7 2991/433/7 2982/425/7 2981/424/7
f 2937/370/7 3293/434/7 3291/435/7 2928/356/7
f 2929/356/19 3292/435/19 3294/436/19 2938/355/19
f 2992/366/888 2993/367/888 2984/368/888 2983/369/888
f 2994/437/19 2995/438/19 2986/429/19 2985/428/19
f 2996/376/889 2997/377/889 2988/378/889 2987/379/889
f 2946/373/7 3295/439/7 3293/434/7 2937/370/7
f 2947/440/890 3296/441/890 3295/442/890 2946/443/890
f 3000/444/7 3001/445/7 2991/433/7 2990/432/7
f 2948/446/890 3297/447/890 3296/441/890 2947/440/890
f 2938/355/19 3294/436/19 3297/448/19 2948/383/19
f 3004/410/891 3005/411/891 2993/367/891 2992/366/891
f 3006/449/19 3007/450/19 2995/438/19 2994/437/19
f 3008/414/892 3009/415/892 2997/377/892 2996/376/892
f 3009/415/892 3010/451/892 2998/386/892 2997/377/892
f 3010/451/892 3011/452/892 2999/388/892 2998/386/892
f 3012/453/7 3013/454/7 3001/445/7 3000/444/7
f 3014/455/893 3015/456/893 3003/391/893 3002/390/893
f 3015/456/893 3016/422/893 3004/410/893 3003/391/893
f 3016/422/893 3017/423/893 3005/411/893 3004/410/893
f 3018/457/19 3019/458/19 3007/450/19 3006/449/19
f 3020/361/894 3021/360/894 3009/415/894 3008/414/894
f 3285/355/7 3301/436/7 3298/448/7 3273/383/7
f 3273/459/892 3298/460/892 3299/461/892 3274/462/892
f 3023/463/7 3024/464/7 3013/454/7 3012/453/7
f 3275/373/19 3300/439/19 3302/434/19 3286/370/19
f 3274/462/892 3299/461/892 3300/465/892 3275/466/892
f 3025/360/895 3026/361/895 3017/423/895 3016/422/895
f 3027/467/19 3028/468/19 3019/458/19 3018/457/19
f 3029/358/896 3030/359/896 3021/360/896 3020/361/896
f 2928/356/7 3291/435/7 3301/436/7 3285/355/7
f 3286/370/19 3302/434/19 3292/435/19 2929/356/19
f 3032/469/7 3033/470/7 3024/464/7 3023/463/7
f 2970/412/7 3306/471/7 3303/472/7 2958/374/7
f 2958/473/897 3303/474/897 3304/475/897 2959/476/897
f 3034/380/898 3035/381/898 3026/361/898 3025/360/898
f 3036/477/19 3037/478/19 3028/468/19 3027/467/19
f 3038/384/899 3039/385/899 3030/359/899 3029/358/899
f 2960/362/19 3305/479/19 3307/480/19 2971/365/19
f 2959/476/897 3304/475/897 3305/481/897 2960/482/897
f 3041/483/7 3042/484/7 3033/470/7 3032/469/7
f 2979/424/7 3308/485/7 3306/471/7 2970/412/7
f 2971/365/19 3307/480/19 3309/486/19 2980/419/19
f 3043/394/890 3044/395/890 3035/381/890 3034/380/890
f 3045/487/19 3046/488/19 3037/478/19 3036/477/19
f 3047/396/900 3048/397/900 3039/385/900 3038/384/900
f 2988/432/7 3310/489/7 3308/485/7 2979/424/7
f 2980/419/19 3309/486/19 3311/490/19 2989/429/19
f 3051/491/7 3052/492/7 3042/484/7 3041/483/7
f 2997/444/7 3312/493/7 3310/489/7 2988/432/7
f 2998/440/872 3313/494/872 3312/495/872 2997/443/872
f 3055/406/901 3056/407/901 3044/395/901 3043/394/901
f 3057/496/19 3058/497/19 3046/488/19 3045/487/19
f 3059/408/897 3060/409/897 3048/397/897 3047/396/897
f 3060/409/897 3061/498/897 3049/398/897 3048/397/897
f 3061/498/897 3062/499/897 3050/400/897 3049/398/897
f 3063/500/7 3064/501/7 3052/492/7 3051/491/7
f 3065/502/902 3066/503/902 3054/403/902 3053/402/902
f 3066/503/902 3067/416/902 3055/406/902 3054/403/902
f 3067/416/902 3068/417/902 3056/407/902 3055/406/902
f 3069/504/19 3070/505/19 3058/497/19 3057/496/19
f 3071/420/903 3072/421/903 3060/409/903 3059/408/903
f 2999/446/872 3314/506/872 3313/494/872 2998/440/872
f 2989/429/19 3311/490/19 3314/507/19 2999/438/19
f 3074/508/7 3075/509/7 3064/501/7 3063/500/7
f 3021/463/7 3318/510/7 3315/511/7 3009/453/7
f 3009/512/887 3315/513/887 3316/514/887 3010/515/887
f 3076/516/904 3077/517/904 3068/417/904 3067/416/904
f 3078/518/19 3079/519/19 3070/505/19 3069/504/19
f 3080/379/871 3081/378/871 3072/430/871 3071/431/871
f 3011/450/19 3317/520/19 3319/521/19 3022/458/19
f 3010/515/887 3316/514/887 3317/522/887 3011/523/887
f 3083/524/7 3084/525/7 3075/509/7 3074/508/7
f 3030/469/7 3320/526/7 3318/510/7 3021/463/7
f 3022/458/19 3319/521/19 3321/527/19 3031/468/19
f 3085/366/905 3086/367/905 3077/368/905 3076/369/905
f 3087/528/19 3088/529/19 3079/519/19 3078/518/19
f 3089/376/875 3090/377/875 3081/378/875 3080/379/875
f 3039/483/7 3322/530/7 3320/526/7 3030/469/7
f 3031/468/19 3321/527/19 3323/531/19 3040/478/19
f 3092/532/7 3093/533/7 3084/525/7 3083/524/7
f 3048/491/7 3324/534/7 3322/530/7 3039/483/7
f 3049/535/877 3325/536/877 3324/537/877 3048/538/877
f 3094/410/872 3095/411/872 3086/367/872 3085/366/872
f 3096/539/19 3097/540/19 3088/529/19 3087/528/19
f 3098/414/883 3099/415/883 3090/377/883 3089/376/883
f 3050/541/877 3326/542/877 3325/536/877 3049/535/877
f 3040/478/19 3323/531/19 3326/543/19 3050/488/19
f 3102/544/7 3103/545/7 3093/533/7 3092/532/7
f 3072/508/7 3330/546/7 3327/547/7 3060/500/7
f 3060/430/885 3327/548/885 3328/549/885 3061/550/885
f 3106/422/880 3107/423/880 3095/411/880 3094/410/880
f 3108/551/19 3109/552/19 3097/540/19 3096/539/19
f 3110/361/887 3111/360/887 3099/415/887 3098/414/887
f 3111/360/887 3112/553/887 3100/451/887 3099/415/887
f 3112/553/887 3113/554/887 3101/452/887 3100/451/887
f 3114/552/7 3115/551/7 3103/545/7 3102/544/7
f 3116/554/884 3117/553/884 3105/456/884 3104/455/884
f 3117/553/884 3118/360/884 3106/422/884 3105/456/884
f 3118/360/884 3119/361/884 3107/423/884 3106/422/884
f 3120/545/19 3121/544/19 3109/552/19 3108/551/19
f 3122/358/873 3123/359/873 3111/360/873 3110/361/873
f 3062/497/19 3329/555/19 3331/556/19 3073/505/19
f 3061/550/885 3328/549/885 3329/557/885 3062/558/885
f 3125/540/7 3126/539/7 3115/551/7 3114/552/7
f 3081/524/7 3332/559/7 3330/546/7 3072/508/7
f 3073/505/19 3331/556/19 3333/560/19 3082/519/19
f 3127/380/870 3128/381/870 3119/361/870 3118/360/870
f 3129/533/19 3130/532/19 3121/544/19 3120/545/19
f 3131/384/876 3132/385/876 3123/359/876 3122/358/876
f 3090/532/7 3334/561/7 3332/559/7 3081/524/7
f 3082/519/19 3333/560/19 3335/562/19 3091/529/19
f 3134/529/7 3135/528/7 3126/539/7 3125/540/7
f 3099/544/7 3336/563/7 3334/561/7 3090/532/7
f 3100/564/892 3337/565/892 3336/566/892 3099/567/892
f 3136/394/874 3137/395/874 3128/381/874 3127/380/874
f 3138/525/19 3139/524/19 3130/532/19 3129/533/19
f 3140/396/878 3141/397/878 3132/385/878 3131/384/878
f 3101/568/892 3338/569/892 3337/565/892 3100/564/892
f 3091/529/19 3335/562/19 3338/570/19 3101/540/19
f 3143/519/7 3144/518/7 3135/528/7 3134/529/7
f 3123/540/7 3342/571/7 3339/572/7 3111/552/7
f 3111/573/898 3339/574/898 3340/575/898 3112/576/898
f 3145/406/877 3146/407/877 3137/395/877 3136/394/877
f 3147/509/19 3148/508/19 3139/524/19 3138/525/19
f 3149/408/881 3150/409/881 3141/397/881 3140/396/881
f 3113/552/19 3341/577/19 3343/578/19 3124/544/19
f 3112/576/898 3340/575/898 3341/579/898 3113/580/898
f 3153/505/7 3154/504/7 3144/518/7 3143/519/7
f 3132/529/7 3344/562/7 3342/571/7 3123/540/7
f 3124/544/19 3343/578/19 3345/561/19 3133/532/19
f 3157/416/879 3158/417/879 3146/407/879 3145/406/879
f 3159/501/19 3160/500/19 3148/508/19 3147/509/19
f 3161/420/885 3162/421/885 3150/409/885 3149/408/885
f 3162/421/885 3163/581/885 3151/498/885 3150/409/885
f 3163/581/885 3164/582/885 3152/499/885 3151/498/885
f 3165/497/7 3166/496/7 3154/504/7 3153/505/7
f 3167/583/882 3168/584/882 3156/503/882 3155/502/882
f 3168/584/882 3169/516/882 3157/416/882 3156/503/882
f 3169/516/882 3170/517/882 3158/417/882 3157/416/882
f 3171/492/19 3172/491/19 3160/500/19 3159/501/19
f 3173/379/888 3174/378/888 3162/430/888 3161/431/888
f 3141/519/7 3346/560/7 3344/562/7 3132/529/7
f 3133/532/19 3345/561/19 3347/559/19 3142/524/19
f 3176/488/7 3177/487/7 3166/496/7 3165/497/7
f 3150/505/7 3348/585/7 3346/560/7 3141/519/7
f 3151/581/897 3349/586/897 3348/587/897 3150/421/897
f 3178/366/886 3179/367/886 3170/368/886 3169/369/886
f 3180/484/19 3181/483/19 3172/491/19 3171/492/19
f 3182/376/891 3183/377/891 3174/378/891 3173/379/891
f 3152/582/897 3350/588/897 3349/586/897 3151/581/897
f 3142/524/19 3347/559/19 3350/589/19 3152/508/19
f 3185/478/7 3186/477/7 3177/487/7 3176/488/7
f 3174/488/7 3354/590/7 3351/591/7 3162/497/7
f 3162/592/905 3351/593/905 3352/594/905 3163/595/905
f 3187/410/889 3188/411/889 3179/367/889 3178/366/889
f 3189/470/19 3190/469/19 3181/483/19 3180/484/19
f 3191/414/893 3192/415/893 3183/377/893 3182/376/893
f 3164/500/19 3353/596/19 3355/597/19 3175/491/19
f 3163/595/905 3352/594/905 3353/598/905 3164/599/905
f 3194/468/7 3195/467/7 3186/477/7 3185/478/7
f 3183/478/7 3356/531/7 3354/590/7 3174/488/7
f 3175/491/19 3355/597/19 3357/530/19 3184/483/19
f 3196/422/892 3197/423/892 3188/411/892 3187/410/892
f 3198/464/19 3199/463/19 3190/469/19 3189/470/19
f 3200/361/895 3201/360/895 3192/415/895 3191/414/895
f 3192/468/7 3358/527/7 3356/531/7 3183/478/7
f 3184/483/19 3357/530/19 3359/526/19 3193/469/19
f 3204/458/7 3205/457/7 3195/467/7 3194/468/7
f 3201/458/7 3360/600/7 3358/527/7 3192/468/7
f 3202/601/887 3361/602/887 3360/603/887 3201/604/887
f 3208/360/894 3209/361/894 3197/423/894 3196/422/894
f 3210/454/19 3211/453/19 3199/463/19 3198/464/19
f 3212/358/898 3213/359/898 3201/360/898 3200/361/898
f 3213/359/898 3214/605/898 3202/553/898 3201/360/898
f 3214/605/898 3215/606/898 3203/554/898 3202/553/898
f 3216/450/7 3217/449/7 3205/457/7 3204/458/7
f 3218/607/896 3219/608/896 3207/553/896 3206/554/896
f 3219/608/896 3220/380/896 3208/360/896 3207/553/896
f 3220/380/896 3221/381/896 3209/361/896 3208/360/896
f 3222/445/19 3223/444/19 3211/453/19 3210/454/19
f 3224/384/890 3225/385/890 3213/359/890 3212/358/890
f 3203/609/887 3362/610/887 3361/602/887 3202/601/887
f 3193/469/19 3359/526/19 3362/611/19 3203/463/19
f 3227/438/7 3228/437/7 3217/449/7 3216/450/7
f 3225/438/7 3366/612/7 3363/613/7 3213/450/7
f 3213/512/874 3363/614/874 3364/615/874 3214/515/874
f 3229/394/899 3230/395/899 3221/381/899 3220/380/899
f 3231/433/19 3232/432/19 3223/444/19 3222/445/19
f 3233/616/906 3234/617/906 3378/618/906 3377/619/906
f 3215/453/19 3365/620/19 3367/621/19 3226/444/19
f 3214/515/874 3364/615/874 3365/622/874 3215/523/874
f 3236/429/7 3237/428/7 3228/437/7 3227/438/7
f 3234/623/7 3368/624/7 3385/625/7 3378/626/7
f 3226/444/19 3367/621/19 3369/489/19 3235/432/19
f 3238/627/907 3239/628/907 3380/629/907 3379/630/907
f 3240/425/19 3241/424/19 3232/432/19 3231/433/19
f 3242/631/908 3243/632/908 3234/617/908 3233/616/908
f 3243/633/7 3370/634/7 3368/624/7 3234/623/7
f 3235/432/19 3369/489/19 3371/485/19 3244/424/19
f 3245/419/7 3246/418/7 3237/428/7 3236/429/7
f 3382/635/7 3386/636/7 3370/634/7 3243/633/7
f 3244/424/19 3371/485/19 3373/471/19 3253/412/19
f 3247/637/909 3248/638/909 3239/628/909 3238/627/909
f 3249/413/19 3250/412/19 3241/424/19 3240/425/19
f 3381/639/910 3382/640/910 3243/632/910 3242/631/910
f 3261/362/7 3374/479/7 3372/480/7 3252/365/7
f 3262/535/888 3375/641/888 3374/642/888 3261/538/888
f 3254/365/7 3255/364/7 3246/418/7 3245/419/7
f 3263/541/888 3376/643/888 3375/641/888 3262/535/888
f 3253/412/19 3373/471/19 3376/472/19 3263/374/19
f 3383/644/911 3384/645/911 3248/638/911 3247/637/911
f 3258/375/19 3259/374/19 3250/412/19 3249/413/19
f 3260/379/905 3261/378/905 3252/430/905 3251/431/905
usemtl ________
f 89/34/30 90/35/30 94/36/30 96/37/30 88/38/30 87/39/30
f 85/40/31 86/41/31 95/42/31 93/43/31 92/44/31 91/45/31
f 121/46/7 96/47/7 94/48/7 93/49/7 95/50/7
f 121/51/32 95/52/32 99/53/32 100/54/32 96/55/32
f 106/56/33 114/56/33 122/57/33 113/58/33 105/59/33
f 107/60/34 115/60/34 123/61/34 116/62/34 108/62/34
f 102/63/35 110/64/35 124/65/35 109/66/35 101/67/35
f 112/68/36 120/68/36 126/69/36 119/70/36 111/70/36
f 87/71/33 88/72/33 86/73/33 85/74/33
f 91/75/35 92/76/35 90/77/35 89/78/35
f 122/79/37 114/80/37 116/81/37 123/61/37
f 89/82/19 87/83/19 85/84/19 91/85/19
f 126/86/38 125/87/38 118/88/38 119/89/38
f 88/72/33 98/90/33 97/91/33 86/73/33
f 96/37/30 100/92/30 98/93/30 88/38/30
f 86/41/31 97/94/31 99/95/31 95/42/31
f 94/96/39 104/97/39 103/98/39 93/99/39
f 90/35/30 101/100/30 104/101/30 94/36/30
f 92/76/35 102/63/35 101/67/35 90/77/35
f 93/43/40 103/102/40 102/103/40 92/44/40
f 98/90/33 106/104/33 105/58/33 97/91/33
f 100/92/30 108/105/30 106/106/30 98/93/30
f 99/53/32 107/60/32 108/62/32 100/54/32
f 97/94/31 105/107/31 107/108/31 99/95/31
f 104/97/39 112/109/39 111/110/39 103/98/39
f 101/100/30 109/111/30 112/112/30 104/101/30
f 103/102/31 111/89/31 110/88/31 102/103/31
f 108/62/41 116/62/41 114/56/41 106/56/41
f 107/60/41 105/59/41 113/59/41 115/60/41
f 112/68/41 109/66/41 117/66/41 120/68/41
f 125/113/35 124/65/35 110/64/35 118/64/35
f 111/70/41 119/70/41 118/64/41 110/64/41
f 123/114/42 115/108/42 113/107/42 122/115/42
f 126/116/43 120/112/43 117/111/43 125/117/43
f 124/65/35 125/113/35 117/66/35 109/66/35
f 215/118/71 216/119/71 220/120/71 222/121/71 214/122/71 213/123/71
f 211/124/72 212/125/72 221/126/72 219/127/72 218/128/72 217/129/72
f 247/130/7 222/131/7 220/132/7 219/133/7 221/134/7
f 247/135/73 221/136/73 225/137/73 226/138/73 222/139/73
f 232/140/74 240/140/74 248/141/74 239/142/74 231/143/74
f 233/144/75 241/144/75 249/145/75 242/146/75 234/146/75
f 228/147/76 236/148/76 250/149/76 235/150/76 227/151/76
f 238/152/77 246/152/77 252/153/77 245/154/77 237/154/77
f 213/155/74 214/156/74 212/157/74 211/158/74
f 217/159/76 218/160/76 216/161/76 215/162/76
f 248/163/78 240/164/78 242/131/78 249/130/78
f 215/165/19 213/166/19 211/167/19 217/168/19
f 252/169/79 251/170/79 244/171/79 245/172/79
f 214/156/74 224/173/74 223/174/74 212/157/74
f 222/121/71 226/175/71 224/176/71 214/122/71
f 212/125/72 223/177/72 225/178/72 221/126/72
f 220/179/80 230/180/80 229/181/80 219/182/80
f 216/119/71 227/183/71 230/184/71 220/120/71
f 218/160/76 228/147/76 227/151/76 216/161/76
f 219/127/72 229/185/72 228/186/72 218/128/72
f 224/173/74 232/187/74 231/142/74 223/174/74
f 226/175/71 234/188/71 232/189/71 224/176/71
f 225/137/73 233/144/73 234/146/73 226/138/73
f 223/177/72 231/190/72 233/191/72 225/178/72
f 230/180/80 238/192/80 237/193/80 229/181/80
f 227/183/71 235/194/71 238/195/71 230/184/71
f 229/185/72 237/172/72 236/171/72 228/186/72
f 234/146/41 242/146/41 240/140/41 232/140/41
f 233/144/41 231/143/41 239/143/41 241/144/41
f 238/152/41 235/150/41 243/150/41 246/152/41
f 251/196/76 250/149/76 236/148/76 244/148/76
f 237/154/41 245/154/41 244/148/41 236/148/41
f 249/197/81 241/191/81 239/190/81 248/198/81
f 252/199/82 246/195/82 243/194/82 251/200/82
f 250/149/76 251/196/76 243/150/76 235/150/76
f 341/118/107 342/119/107 346/120/107 348/121/107 340/122/107 339/123/107
f 337/124/108 338/125/108 347/126/108 345/127/108 344/128/108 343/129/108
f 373/130/7 348/131/7 346/132/7 345/133/7 347/134/7
f 373/135/109 347/136/109 351/137/109 352/138/109 348/139/109
f 358/140/110 366/140/110 374/141/110 365/142/110 357/143/110
f 359/144/19 367/144/19 375/145/19 368/146/19 360/146/19
f 354/147/111 362/148/111 376/149/111 361/150/111 353/151/111
f 364/152/7 372/152/7 378/153/7 371/154/7 363/154/7
f 339/155/110 340/156/110 338/157/110 337/158/110
f 343/159/111 344/160/111 342/161/111 341/162/111
f 374/163/112 366/164/112 368/131/112 375/130/112
f 341/165/19 339/166/19 337/167/19 343/168/19
f 378/169/113 377/170/113 370/171/113 371/172/113
f 340/156/110 350/173/110 349/174/110 338/157/110
f 348/121/107 352/175/107 350/176/107 340/122/107
f 338/125/108 349/177/108 351/178/108 347/126/108
f 346/179/114 356/180/114 355/181/114 345/182/114
f 342/119/107 353/183/107 356/184/107 346/120/107
f 344/160/111 354/147/111 353/151/111 342/161/111
f 345/127/108 355/185/108 354/186/108 344/128/108
f 350/173/110 358/187/110 357/142/110 349/174/110
f 352/175/107 360/188/107 358/189/107 350/176/107
f 351/137/109 359/144/109 360/146/109 352/138/109
f 349/177/108 357/190/108 359/191/108 351/178/108
f 356/180/114 364/192/114 363/193/114 355/181/114
f 353/183/107 361/194/107 364/195/107 356/184/107
f 355/185/108 363/172/108 362/171/108 354/186/108
f 360/146/41 368/146/41 366/140/41 358/140/41
f 359/144/41 357/143/41 365/143/41 367/144/41
f 364/152/41 361/150/41 369/150/41 372/152/41
f 377/196/115 376/149/115 362/148/115 370/148/115
f 363/154/41 371/154/41 370/148/41 362/148/41
f 375/197/116 367/191/116 365/190/116 374/198/116
f 378/199/117 372/195/117 369/194/117 377/200/117
f 376/149/111 377/196/111 369/150/111 361/150/111
f 467/118/137 468/119/137 472/120/137 474/121/137 466/122/137 465/123/137
f 463/124/138 464/125/138 473/126/138 471/127/138 470/128/138 469/129/138
f 499/130/7 474/131/7 472/132/7 471/133/7 473/134/7
f 499/135/139 473/136/139 477/137/139 478/138/139 474/139/139
f 484/140/140 492/140/140 500/141/140 491/142/140 483/143/140
f 485/144/141 493/144/141 501/145/141 494/146/141 486/146/141
f 480/147/142 488/148/142 502/149/142 487/150/142 479/151/142
f 490/152/7 498/152/7 504/153/7 497/154/7 489/154/7
f 465/155/140 466/156/140 464/157/140 463/158/140
f 469/159/142 470/160/142 468/161/142 467/162/142
f 500/163/143 492/164/143 494/131/143 501/130/143
f 467/165/19 465/166/19 463/167/19 469/168/19
f 504/169/144 503/170/144 496/171/144 497/172/144
f 466/156/140 476/173/140 475/174/140 464/157/140
f 474/121/137 478/175/137 476/176/137 466/122/137
f 464/125/138 475/177/138 477/178/138 473/126/138
f 472/179/145 482/180/145 481/181/145 471/182/145
f 468/119/137 479/183/137 482/184/137 472/120/137
f 470/160/142 480/147/142 479/151/142 468/161/142
f 471/127/138 481/185/138 480/186/138 470/128/138
f 476/173/140 484/187/140 483/142/140 475/174/140
f 478/175/137 486/188/137 484/189/137 476/176/137
f 477/137/139 485/144/139 486/146/139 478/138/139
f 475/177/138 483/190/138 485/191/138 477/178/138
f 482/180/145 490/192/145 489/193/145 481/181/145
f 479/183/137 487/194/137 490/195/137 482/184/137
f 481/185/138 489/172/138 488/171/138 480/186/138
f 486/146/41 494/146/41 492/140/41 484/140/41
f 485/144/41 483/143/41 491/143/41 493/144/41
f 490/152/41 487/150/41 495/150/41 498/152/41
f 503/196/142 502/149/142 488/148/142 496/148/142
f 489/154/41 497/154/41 496/148/41 488/148/41
f 501/197/146 493/191/146 491/190/146 500/198/146
f 504/199/147 498/195/147 495/194/147 503/200/147
f 502/149/142 503/196/142 495/150/142 487/150/142
f 593/118/160 594/119/160 598/120/160 600/121/160 592/122/160 591/123/160
f 589/124/161 590/125/161 599/126/161 597/127/161 596/128/161 595/129/161
f 625/130/7 600/131/7 598/132/7 597/133/7 599/134/7
f 625/135/162 599/136/162 603/137/162 604/138/162 600/139/162
f 610/140/163 618/140/163 626/141/163 617/142/163 609/143/163
f 611/144/141 619/144/141 627/145/141 620/146/141 612/146/141
f 606/147/164 614/148/164 628/149/164 613/150/164 605/151/164
f 616/152/7 624/152/7 630/153/7 623/154/7 615/154/7
f 591/155/163 592/156/163 590/157/163 589/158/163
f 595/159/164 596/160/164 594/161/164 593/162/164
f 626/163/165 618/164/165 620/131/165 627/130/165
f 593/165/19 591/166/19 589/167/19 595/168/19
f 630/169/166 629/170/166 622/171/166 623/172/166
f 592/156/163 602/173/163 601/174/163 590/157/163
f 600/121/160 604/175/160 602/176/160 592/122/160
f 590/125/161 601/177/161 603/178/161 599/126/161
f 598/179/167 608/180/167 607/181/167 597/182/167
f 594/119/160 605/183/160 608/184/160 598/120/160
f 596/160/164 606/147/164 605/151/164 594/161/164
f 597/127/161 607/185/161 606/186/161 596/128/161
f 602/173/163 610/187/163 609/142/163 601/174/163
f 604/175/160 612/188/160 610/189/160 602/176/160
f 603/137/162 611/144/162 612/146/162 604/138/162
f 601/177/161 609/190/161 611/191/161 603/178/161
f 608/180/167 616/192/167 615/193/167 607/181/167
f 605/183/160 613/194/160 616/195/160 608/184/160
f 607/185/161 615/172/161 614/171/161 606/186/161
f 612/146/41 620/146/41 618/140/41 610/140/41
f 611/144/41 609/143/41 617/143/41 619/144/41
f 616/152/41 613/150/41 621/150/41 624/152/41
f 629/196/164 628/149/164 614/148/164 622/148/164
f 615/154/41 623/154/41 622/148/41 614/148/41
f 627/197/168 619/191/168 617/190/168 626/198/168
f 630/199/169 624/195/169 621/194/169 629/200/169
f 628/149/164 629/196/164 621/150/164 613/150/164
f 719/118/193 720/119/193 724/120/193 726/121/193 718/122/193 717/123/193
f 715/124/194 716/125/194 725/126/194 723/127/194 722/128/194 721/129/194
f 751/130/7 726/131/7 724/132/7 723/133/7 725/134/7
f 751/135/195 725/136/195 729/137/195 730/138/195 726/139/195
f 736/140/196 744/140/196 752/141/196 743/142/196 735/143/196
f 737/144/197 745/144/197 753/145/197 746/146/197 738/146/197
f 732/147/198 740/148/198 754/149/198 739/150/198 731/151/198
f 742/152/7 750/152/7 756/153/7 749/154/7 741/154/7
f 717/155/196 718/156/196 716/157/196 715/158/196
f 721/159/198 722/160/198 720/161/198 719/162/198
f 752/163/199 744/164/199 746/131/199 753/130/199
f 719/165/19 717/166/19 715/167/19 721/168/19
f 756/169/200 755/170/200 748/171/200 749/172/200
f 718/156/196 728/173/196 727/174/196 716/157/196
f 726/121/193 730/175/193 728/176/193 718/122/193
f 716/125/194 727/177/194 729/178/194 725/126/194
f 724/179/201 734/180/201 733/181/201 723/182/201
f 720/119/193 731/183/193 734/184/193 724/120/193
f 722/160/198 732/147/198 731/151/198 720/161/198
f 723/127/194 733/185/194 732/186/194 722/128/194
f 728/173/196 736/187/196 735/142/196 727/174/196
f 730/175/202 738/188/202 736/189/202 728/176/202
f 729/137/195 737/144/195 738/146/195 730/138/195
f 727/177/194 735/190/194 737/191/194 729/178/194
f 734/180/201 742/192/201 741/193/201 733/181/201
f 731/183/193 739/194/193 742/195/193 734/184/193
f 733/185/194 741/172/194 740/171/194 732/186/194
f 738/146/41 746/146/41 744/140/41 736/140/41
f 737/144/41 735/143/41 743/143/41 745/144/41
f 742/152/41 739/150/41 747/150/41 750/152/41
f 755/196/198 754/149/198 740/148/198 748/148/198
f 741/154/41 749/154/41 748/148/41 740/148/41
f 753/197/203 745/191/203 743/190/203 752/198/203
f 756/199/204 750/195/204 747/194/204 755/200/204
f 754/149/198 755/196/198 747/150/198 739/150/198
f 845/118/222 846/119/222 850/120/222 852/121/222 844/122/222 843/123/222
f 841/124/223 842/125/223 851/126/223 849/127/223 848/128/223 847/129/223
f 877/130/7 852/131/7 850/132/7 849/133/7 851/134/7
f 877/135/224 851/136/224 855/137/224 856/138/224 852/139/224
f 862/140/225 870/140/225 878/141/225 869/142/225 861/143/225
f 863/144/7 871/144/7 879/145/7 872/146/7 864/146/7
f 858/147/226 866/148/226 880/149/226 865/150/226 857/151/226
f 868/152/227 876/152/227 882/153/227 875/154/227 867/154/227
f 843/155/225 844/156/225 842/157/225 841/158/225
f 847/159/226 848/160/226 846/161/226 845/162/226
f 878/163/228 870/164/228 872/131/228 879/130/228
f 845/165/19 843/166/19 841/167/19 847/168/19
f 882/169/229 881/170/229 874/171/229 875/172/229
f 844/156/225 854/173/225 853/174/225 842/157/225
f 852/121/222 856/175/222 854/176/222 844/122/222
f 842/125/223 853/177/223 855/178/223 851/126/223
f 850/179/230 860/180/230 859/181/230 849/182/230
f 846/119/222 857/183/222 860/184/222 850/120/222
f 848/160/226 858/147/226 857/151/226 846/161/226
f 849/127/223 859/185/223 858/186/223 848/128/223
f 854/173/225 862/187/225 861/142/225 853/174/225
f 856/175/222 864/188/222 862/189/222 854/176/222
f 855/137/224 863/144/224 864/146/224 856/138/224
f 853/177/223 861/190/223 863/191/223 855/178/223
f 860/180/230 868/192/230 867/193/230 859/181/230
f 857/183/222 865/194/222 868/195/222 860/184/222
f 859/185/223 867/172/223 866/171/223 858/186/223
f 864/146/41 872/146/41 870/140/41 862/140/41
f 863/144/41 861/143/41 869/143/41 871/144/41
f 868/152/41 865/150/41 873/150/41 876/152/41
f 881/196/226 880/149/226 866/148/226 874/148/226
f 867/154/41 875/154/41 874/148/41 866/148/41
f 879/197/231 871/191/231 869/190/231 878/198/231
f 882/199/232 876/195/232 873/194/232 881/200/232
f 880/149/226 881/196/226 873/150/226 865/150/226
f 971/118/254 972/119/254 976/120/254 978/121/254 970/122/254 969/123/254
f 967/124/255 968/125/255 977/126/255 975/127/255 974/128/255 973/129/255
f 1003/130/7 978/131/7 976/132/7 975/133/7 977/134/7
f 1003/135/256 977/136/256 981/137/256 982/138/256 978/139/256
f 988/140/257 996/140/257 1004/141/257 995/142/257 987/143/257
f 989/144/258 997/144/258 1005/145/258 998/146/258 990/146/258
f 984/147/259 992/148/259 1006/149/259 991/150/259 983/151/259
f 994/152/260 1002/152/260 1008/153/260 1001/154/260 993/154/260
f 969/155/257 970/156/257 968/157/257 967/158/257
f 973/159/259 974/160/259 972/161/259 971/162/259
f 1004/163/261 996/164/261 998/131/261 1005/130/261
f 971/165/19 969/166/19 967/167/19 973/168/19
f 1008/169/262 1007/170/262 1000/171/262 1001/172/262
f 970/156/257 980/173/257 979/174/257 968/157/257
f 978/121/254 982/175/254 980/176/254 970/122/254
f 968/125/255 979/177/255 981/178/255 977/126/255
f 976/179/263 986/180/263 985/181/263 975/182/263
f 972/119/254 983/183/254 986/184/254 976/120/254
f 974/160/259 984/147/259 983/151/259 972/161/259
f 975/127/255 985/185/255 984/186/255 974/128/255
f 980/173/257 988/187/257 987/142/257 979/174/257
f 982/175/254 990/188/254 988/189/254 980/176/254
f 981/137/256 989/144/256 990/146/256 982/138/256
f 979/177/255 987/190/255 989/191/255 981/178/255
f 986/180/263 994/192/263 993/193/263 985/181/263
f 983/183/264 991/194/264 994/195/264 986/184/264
f 985/185/255 993/172/255 992/171/255 984/186/255
f 990/146/41 998/146/41 996/140/41 988/140/41
f 989/144/41 987/143/41 995/143/41 997/144/41
f 994/152/41 991/150/41 999/150/41 1002/152/41
f 1007/196/259 1006/149/259 992/148/259 1000/148/259
f 993/154/41 1001/154/41 1000/148/41 992/148/41
f 1005/197/265 997/191/265 995/190/265 1004/198/265
f 1008/199/266 1002/195/266 999/194/266 1007/200/266
f 1006/149/259 1007/196/259 999/150/259 991/150/259
f 1097/118/294 1098/119/294 1102/120/294 1104/121/294 1096/122/294 1095/123/294
f 1093/124/295 1094/125/295 1103/126/295 1101/127/295 1100/128/295 1099/129/295
f 1129/130/7 1104/131/7 1102/132/7 1101/133/7 1103/134/7
f 1129/135/296 1103/136/296 1107/137/296 1108/138/296 1104/139/296
f 1114/140/297 1122/140/297 1130/141/297 1121/142/297 1113/143/297
f 1115/144/19 1123/144/19 1131/145/19 1124/146/19 1116/146/19
f 1110/147/298 1118/148/298 1132/149/298 1117/150/298 1109/151/298
f 1120/152/299 1128/152/299 1134/153/299 1127/154/299 1119/154/299
f 1095/155/300 1096/156/300 1094/157/300 1093/158/300
f 1099/159/298 1100/160/298 1098/161/298 1097/162/298
f 1130/163/301 1122/164/301 1124/131/301 1131/130/301
f 1097/165/19 1095/166/19 1093/167/19 1099/168/19
f 1134/169/302 1133/170/302 1126/171/302 1127/172/302
f 1096/156/300 1106/173/300 1105/174/300 1094/157/300
f 1104/121/294 1108/175/294 1106/176/294 1096/122/294
f 1094/125/295 1105/177/295 1107/178/295 1103/126/295
f 1102/179/303 1112/180/303 1111/181/303 1101/182/303
f 1098/119/294 1109/183/294 1112/184/294 1102/120/294
f 1100/160/298 1110/147/298 1109/151/298 1098/161/298
f 1101/127/295 1111/185/295 1110/186/295 1100/128/295
f 1106/173/300 1114/187/300 1113/142/300 1105/174/300
f 1108/175/294 1116/188/294 1114/189/294 1106/176/294
f 1107/137/296 1115/144/296 1116/146/296 1108/138/296
f 1105/177/295 1113/190/295 1115/191/295 1107/178/295
f 1112/180/303 1120/192/303 1119/193/303 1111/181/303
f 1109/183/294 1117/194/294 1120/195/294 1112/184/294
f 1111/185/295 1119/172/295 1118/171/295 1110/186/295
f 1116/146/41 1124/146/41 1122/140/41 1114/140/41
f 1115/144/41 1113/143/41 1121/143/41 1123/144/41
f 1120/152/41 1117/150/41 1125/150/41 1128/152/41
f 1133/196/298 1132/149/298 1118/148/298 1126/148/298
f 1119/154/41 1127/154/41 1126/148/41 1118/148/41
f 1131/197/304 1123/191/304 1121/190/304 1130/198/304
f 1134/199/305 1128/195/305 1125/194/305 1133/200/305
f 1132/149/306 1133/196/306 1125/150/306 1117/150/306
f 1223/118/332 1224/119/332 1228/120/332 1230/121/332 1222/122/332 1221/123/332
f 1219/124/333 1220/125/333 1229/126/333 1227/127/333 1226/128/333 1225/129/333
f 1255/130/7 1230/131/7 1228/132/7 1227/133/7 1229/134/7
f 1255/135/334 1229/136/334 1233/137/334 1234/138/334 1230/139/334
f 1240/140/335 1248/140/335 1256/141/335 1247/142/335 1239/143/335
f 1241/144/41 1249/144/41 1257/145/41 1250/146/41 1242/146/41
f 1236/147/336 1244/148/336 1258/149/336 1243/150/336 1235/151/336
f 1246/152/337 1254/152/337 1260/153/337 1253/154/337 1245/154/337
f 1221/155/335 1222/156/335 1220/157/335 1219/158/335
f 1225/159/336 1226/160/336 1224/161/336 1223/162/336
f 1256/163/338 1248/164/338 1250/131/338 1257/130/338
f 1223/165/19 1221/166/19 1219/167/19 1225/168/19
f 1260/169/339 1259/170/339 1252/171/339 1253/172/339
f 1222/156/335 1232/173/335 1231/174/335 1220/157/335
f 1230/121/332 1234/175/332 1232/176/332 1222/122/332
f 1220/125/333 1231/177/333 1233/178/333 1229/126/333
f 1228/179/340 1238/180/340 1237/181/340 1227/182/340
f 1224/119/332 1235/183/332 1238/184/332 1228/120/332
f 1226/160/336 1236/147/336 1235/151/336 1224/161/336
f 1227/127/333 1237/185/333 1236/186/333 1226/128/333
f 1232/173/335 1240/187/335 1239/142/335 1231/174/335
f 1234/175/332 1242/188/332 1240/189/332 1232/176/332
f 1233/137/334 1241/144/334 1242/146/334 1234/138/334
f 1231/177/333 1239/190/333 1241/191/333 1233/178/333
f 1238/180/340 1246/192/340 1245/193/340 1237/181/340
f 1235/183/332 1243/194/332 1246/195/332 1238/184/332
f 1237/185/333 1245/172/333 1244/171/333 1236/186/333
f 1242/146/41 1250/146/41 1248/140/41 1240/140/41
f 1241/144/41 1239/143/41 1247/143/41 1249/144/41
f 1246/152/41 1243/150/41 1251/150/41 1254/152/41
f 1259/196/336 1258/149/336 1244/148/336 1252/148/336
f 1245/154/41 1253/154/41 1252/148/41 1244/148/41
f 1257/197/341 1249/191/341 1247/190/341 1256/198/341
f 1260/199/342 1254/195/342 1251/194/342 1259/200/342
f 1258/149/336 1259/196/336 1251/150/336 1243/150/336
f 1349/118/370 1350/119/370 1354/120/370 1356/121/370 1348/122/370 1347/123/370
f 1345/124/371 1346/125/371 1355/126/371 1353/127/371 1352/128/371 1351/129/371
f 1381/130/7 1356/131/7 1354/132/7 1353/133/7 1355/134/7
f 1381/135/372 1355/136/372 1359/137/372 1360/138/372 1356/139/372
f 1366/140/373 1374/140/373 1382/141/373 1373/142/373 1365/143/373
f 1367/144/41 1375/144/41 1383/145/41 1376/146/41 1368/146/41
f 1362/147/374 1370/148/374 1384/149/374 1369/150/374 1361/151/374
f 1372/152/7 1380/152/7 1386/153/7 1379/154/7 1371/154/7
f 1347/155/373 1348/156/373 1346/157/373 1345/158/373
f 1351/159/374 1352/160/374 1350/161/374 1349/162/374
f 1382/163/375 1374/164/375 1376/131/375 1383/130/375
f 1349/165/19 1347/166/19 1345/167/19 1351/168/19
f 1386/169/376 1385/170/376 1378/171/376 1379/172/376
f 1348/156/373 1358/173/373 1357/174/373 1346/157/373
f 1356/121/370 1360/175/370 1358/176/370 1348/122/370
f 1346/125/371 1357/177/371 1359/178/371 1355/126/371
f 1354/179/377 1364/180/377 1363/181/377 1353/182/377
f 1350/119/370 1361/183/370 1364/184/370 1354/120/370
f 1352/160/374 1362/147/374 1361/151/374 1350/161/374
f 1353/127/371 1363/185/371 1362/186/371 1352/128/371
f 1358/173/373 1366/187/373 1365/142/373 1357/174/373
f 1360/175/370 1368/188/370 1366/189/370 1358/176/370
f 1359/137/372 1367/144/372 1368/146/372 1360/138/372
f 1357/177/371 1365/190/371 1367/191/371 1359/178/371
f 1364/180/377 1372/192/377 1371/193/377 1363/181/377
f 1361/183/370 1369/194/370 1372/195/370 1364/184/370
f 1363/185/371 1371/172/371 1370/171/371 1362/186/371
f 1368/146/41 1376/146/41 1374/140/41 1366/140/41
f 1367/144/41 1365/143/41 1373/143/41 1375/144/41
f 1372/152/41 1369/150/41 1377/150/41 1380/152/41
f 1385/196/374 1384/149/374 1370/148/374 1378/148/374
f 1371/154/41 1379/154/41 1378/148/41 1370/148/41
f 1383/197/378 1375/191/378 1373/190/378 1382/198/378
f 1386/199/379 1380/195/379 1377/194/379 1385/200/379
f 1384/149/374 1385/196/374 1377/150/374 1369/150/374
f 1475/118/400 1476/119/400 1480/120/400 1482/121/400 1474/122/400 1473/123/400
f 1471/124/401 1472/125/401 1481/126/401 1479/127/401 1478/128/401 1477/129/401
f 1507/130/7 1482/131/7 1480/132/7 1479/133/7 1481/134/7
f 1507/135/402 1481/136/402 1485/137/402 1486/138/402 1482/139/402
f 1492/140/403 1500/140/403 1508/141/403 1499/142/403 1491/143/403
f 1493/144/41 1501/144/41 1509/145/41 1502/146/41 1494/146/41
f 1488/147/404 1496/148/404 1510/149/404 1495/150/404 1487/151/404
f 1498/152/7 1506/152/7 1512/153/7 1505/154/7 1497/154/7
f 1473/155/403 1474/156/403 1472/157/403 1471/158/403
f 1477/159/404 1478/160/404 1476/161/404 1475/162/404
f 1508/163/405 1500/164/405 1502/131/405 1509/130/405
f 1475/165/19 1473/166/19 1471/167/19 1477/168/19
f 1512/169/406 1511/170/406 1504/171/406 1505/172/406
f 1474/156/403 1484/173/403 1483/174/403 1472/157/403
f 1482/121/400 1486/175/400 1484/176/400 1474/122/400
f 1472/125/401 1483/177/401 1485/178/401 1481/126/401
f 1480/179/407 1490/180/407 1489/181/407 1479/182/407
f 1476/119/400 1487/183/400 1490/184/400 1480/120/400
f 1478/160/404 1488/147/404 1487/151/404 1476/161/404
f 1479/127/401 1489/185/401 1488/186/401 1478/128/401
f 1484/173/403 1492/187/403 1491/142/403 1483/174/403
f 1486/175/400 1494/188/400 1492/189/400 1484/176/400
f 1485/137/402 1493/144/402 1494/146/402 1486/138/402
f 1483/177/401 1491/190/401 1493/191/401 1485/178/401
f 1490/180/407 1498/192/407 1497/193/407 1489/181/407
f 1487/183/400 1495/194/400 1498/195/400 1490/184/400
f 1489/185/401 1497/172/401 1496/171/401 1488/186/401
f 1494/146/41 1502/146/41 1500/140/41 1492/140/41
f 1493/144/41 1491/143/41 1499/143/41 1501/144/41
f 1498/152/41 1495/150/41 1503/150/41 1506/152/41
f 1511/196/404 1510/149/404 1496/148/404 1504/148/404
f 1497/154/41 1505/154/41 1504/148/41 1496/148/41
f 1509/197/408 1501/191/408 1499/190/408 1508/198/408
f 1512/199/409 1506/195/409 1503/194/409 1511/200/409
f 1510/149/404 1511/196/404 1503/150/404 1495/150/404
f 1601/118/428 1602/119/428 1606/120/428 1608/121/428 1600/122/428 1599/123/428
f 1597/124/429 1598/125/429 1607/126/429 1605/127/429 1604/128/429 1603/129/429
f 1633/130/7 1608/131/7 1606/132/7 1605/133/7 1607/134/7
f 1633/135/430 1607/136/430 1611/137/430 1612/138/430 1608/139/430
f 1618/140/431 1626/140/431 1634/141/431 1625/142/431 1617/143/431
f 1619/144/19 1627/144/19 1635/145/19 1628/146/19 1620/146/19
f 1614/147/432 1622/148/432 1636/149/432 1621/150/432 1613/151/432
f 1624/152/433 1632/152/433 1638/153/433 1631/154/433 1623/154/433
f 1599/155/431 1600/156/431 1598/157/431 1597/158/431
f 1603/159/432 1604/160/432 1602/161/432 1601/162/432
f 1634/163/434 1626/164/434 1628/131/434 1635/130/434
f 1601/165/19 1599/166/19 1597/167/19 1603/168/19
f 1638/169/435 1637/170/435 1630/171/435 1631/172/435
f 1600/156/431 1610/173/431 1609/174/431 1598/157/431
f 1608/121/428 1612/175/428 1610/176/428 1600/122/428
f 1598/125/429 1609/177/429 1611/178/429 1607/126/429
f 1606/179/436 1616/180/436 1615/181/436 1605/182/436
f 1602/119/428 1613/183/428 1616/184/428 1606/120/428
f 1604/160/432 1614/147/432 1613/151/432 1602/161/432
f 1605/127/429 1615/185/429 1614/186/429 1604/128/429
f 1610/173/431 1618/187/431 1617/142/431 1609/174/431
f 1612/175/428 1620/188/428 1618/189/428 1610/176/428
f 1611/137/430 1619/144/430 1620/146/430 1612/138/430
f 1609/177/429 1617/190/429 1619/191/429 1611/178/429
f 1616/180/436 1624/192/436 1623/193/436 1615/181/436
f 1613/183/428 1621/194/428 1624/195/428 1616/184/428
f 1615/185/429 1623/172/429 1622/171/429 1614/186/429
f 1620/146/41 1628/146/41 1626/140/41 1618/140/41
f 1619/144/41 1617/143/41 1625/143/41 1627/144/41
f 1624/152/41 1621/150/41 1629/150/41 1632/152/41
f 1637/196/432 1636/149/432 1622/148/432 1630/148/432
f 1623/154/41 1631/154/41 1630/148/41 1622/148/41
f 1635/197/437 1627/191/437 1625/190/437 1634/198/437
f 1638/199/438 1632/195/438 1629/194/438 1637/200/438
f 1636/149/439 1637/196/439 1629/150/439 1621/150/439
f 1727/118/465 1728/119/465 1732/120/465 1734/121/465 1726/122/465 1725/123/465
f 1723/124/466 1724/125/466 1733/126/466 1731/127/466 1730/128/466 1729/129/466
f 1759/130/7 1734/131/7 1732/132/7 1731/133/7 1733/134/7
f 1759/135/467 1733/136/467 1737/137/467 1738/138/467 1734/139/467
f 1744/140/468 1752/140/468 1760/141/468 1751/142/468 1743/143/468
f 1745/144/19 1753/144/19 1761/145/19 1754/146/19 1746/146/19
f 1740/147/469 1748/148/469 1762/149/469 1747/150/469 1739/151/469
f 1750/152/7 1758/152/7 1764/153/7 1757/154/7 1749/154/7
f 1725/155/468 1726/156/468 1724/157/468 1723/158/468
f 1729/159/469 1730/160/469 1728/161/469 1727/162/469
f 1760/163/470 1752/164/470 1754/131/470 1761/130/470
f 1727/165/19 1725/166/19 1723/167/19 1729/168/19
f 1764/169/471 1763/170/471 1756/171/471 1757/172/471
f 1726/156/468 1736/173/468 1735/174/468 1724/157/468
f 1734/121/465 1738/175/465 1736/176/465 1726/122/465
f 1724/125/466 1735/177/466 1737/178/466 1733/126/466
f 1732/179/472 1742/180/472 1741/181/472 1731/182/472
f 1728/119/465 1739/183/465 1742/184/465 1732/120/465
f 1730/160/469 1740/147/469 1739/151/469 1728/161/469
f 1731/127/466 1741/185/466 1740/186/466 1730/128/466
f 1736/173/468 1744/187/468 1743/142/468 1735/174/468
f 1738/175/465 1746/188/465 1744/189/465 1736/176/465
f 1737/137/467 1745/144/467 1746/146/467 1738/138/467
f 1735/177/466 1743/190/466 1745/191/466 1737/178/466
f 1742/180/472 1750/192/472 1749/193/472 1741/181/472
f 1739/183/465 1747/194/465 1750/195/465 1742/184/465
f 1741/185/466 1749/172/466 1748/171/466 1740/186/466
f 1746/146/41 1754/146/41 1752/140/41 1744/140/41
f 1745/144/41 1743/143/41 1751/143/41 1753/144/41
f 1750/152/41 1747/150/41 1755/150/41 1758/152/41
f 1763/196/469 1762/149/469 1748/148/469 1756/148/469
f 1749/154/41 1757/154/41 1756/148/41 1748/148/41
f 1761/197/473 1753/191/473 1751/190/473 1760/198/473
f 1764/199/474 1758/195/474 1755/194/474 1763/200/474
f 1762/149/469 1763/196/469 1755/150/469 1747/150/469
f 1853/118/503 1854/119/503 1858/120/503 1860/121/503 1852/122/503 1851/123/503
f 1849/124/504 1850/125/504 1859/126/504 1857/127/504 1856/128/504 1855/129/504
f 1885/130/7 1860/131/7 1858/132/7 1857/133/7 1859/134/7
f 1885/135/505 1859/136/505 1863/137/505 1864/138/505 1860/139/505
f 1870/140/506 1878/140/506 1886/141/506 1877/142/506 1869/143/506
f 1871/144/19 1879/144/19 1887/145/19 1880/146/19 1872/146/19
f 1866/147/507 1874/148/507 1888/149/507 1873/150/507 1865/151/507
f 1876/152/508 1884/152/508 1890/153/508 1883/154/508 1875/154/508
f 1851/155/506 1852/156/506 1850/157/506 1849/158/506
f 1855/159/507 1856/160/507 1854/161/507 1853/162/507
f 1886/163/509 1878/164/509 1880/131/509 1887/130/509
f 1853/165/19 1851/166/19 1849/167/19 1855/168/19
f 1890/169/510 1889/170/510 1882/171/510 1883/172/510
f 1852/156/506 1862/173/506 1861/174/506 1850/157/506
f 1860/121/503 1864/175/503 1862/176/503 1852/122/503
f 1850/125/511 1861/177/511 1863/178/511 1859/126/511
f 1858/179/512 1868/180/512 1867/181/512 1857/182/512
f 1854/119/503 1865/183/503 1868/184/503 1858/120/503
f 1856/160/507 1866/147/507 1865/151/507 1854/161/507
f 1857/127/511 1867/185/511 1866/186/511 1856/128/511
f 1862/173/506 1870/187/506 1869/142/506 1861/174/506
f 1864/175/503 1872/188/503 1870/189/503 1862/176/503
f 1863/137/505 1871/144/505 1872/146/505 1864/138/505
f 1861/177/511 1869/190/511 1871/191/511 1863/178/511
f 1868/180/512 1876/192/512 1875/193/512 1867/181/512
f 1865/183/503 1873/194/503 1876/195/503 1868/184/503
f 1867/185/513 1875/172/513 1874/171/513 1866/186/513
f 1872/146/41 1880/146/41 1878/140/41 1870/140/41
f 1871/144/41 1869/143/41 1877/143/41 1879/144/41
f 1876/152/41 1873/150/41 1881/150/41 1884/152/41
f 1889/196/507 1888/149/507 1874/148/507 1882/148/507
f 1875/154/41 1883/154/41 1882/148/41 1874/148/41
f 1887/197/514 1879/191/514 1877/190/514 1886/198/514
f 1890/199/515 1884/195/515 1881/194/515 1889/200/515
f 1888/149/516 1889/196/516 1881/150/516 1873/150/516
f 1979/118/538 1980/119/538 1984/120/538 1986/121/538 1978/122/538 1977/123/538
f 1975/124/539 1976/125/539 1985/126/539 1983/127/539 1982/128/539 1981/129/539
f 2011/130/7 1986/131/7 1984/132/7 1983/133/7 1985/134/7
f 2011/135/540 1985/136/540 1989/137/540 1990/138/540 1986/139/540
f 1996/140/541 2004/140/541 2012/141/541 2003/142/541 1995/143/541
f 1997/144/542 2005/144/542 2013/145/542 2006/146/542 1998/146/542
f 1992/147/543 2000/148/543 2014/149/543 1999/150/543 1991/151/543
f 2002/152/544 2010/152/544 2016/153/544 2009/154/544 2001/154/544
f 1977/155/541 1978/156/541 1976/157/541 1975/158/541
f 1981/159/543 1982/160/543 1980/161/543 1979/162/543
f 2012/163/545 2004/164/545 2006/131/545 2013/130/545
f 1979/165/19 1977/166/19 1975/167/19 1981/168/19
f 2016/169/546 2015/170/546 2008/171/546 2009/172/546
f 1978/156/541 1988/173/541 1987/174/541 1976/157/541
f 1986/121/538 1990/175/538 1988/176/538 1978/122/538
f 1976/125/539 1987/177/539 1989/178/539 1985/126/539
f 1984/179/547 1994/180/547 1993/181/547 1983/182/547
f 1980/119/538 1991/183/538 1994/184/538 1984/120/538
f 1982/160/543 1992/147/543 1991/151/543 1980/161/543
f 1983/127/539 1993/185/539 1992/186/539 1982/128/539
f 1988/173/541 1996/187/541 1995/142/541 1987/174/541
f 1990/175/538 1998/188/538 1996/189/538 1988/176/538
f 1989/137/540 1997/144/540 1998/146/540 1990/138/540
f 1987/177/539 1995/190/539 1997/191/539 1989/178/539
f 1994/180/547 2002/192/547 2001/193/547 1993/181/547
f 1991/183/538 1999/194/538 2002/195/538 1994/184/538
f 1993/185/539 2001/172/539 2000/171/539 1992/186/539
f 1998/146/41 2006/146/41 2004/140/41 1996/140/41
f 1997/144/41 1995/143/41 2003/143/41 2005/144/41
f 2002/152/41 1999/150/41 2007/150/41 2010/152/41
f 2015/196/543 2014/149/543 2000/148/543 2008/148/543
f 2001/154/41 2009/154/41 2008/148/41 2000/148/41
f 2013/197/548 2005/191/548 2003/190/548 2012/198/548
f 2016/199/549 2010/195/549 2007/194/549 2015/200/549
f 2014/149/543 2015/196/543 2007/150/543 1999/150/543
f 2105/118/564 2106/119/564 2110/120/564 2112/121/564 2104/122/564 2103/123/564
f 2101/124/565 2102/125/565 2111/126/565 2109/127/565 2108/128/565 2107/129/565
f 2137/130/7 2112/131/7 2110/132/7 2109/133/7 2111/134/7
f 2137/135/566 2111/136/566 2115/137/566 2116/138/566 2112/139/566
f 2122/140/567 2130/140/567 2138/141/567 2129/142/567 2121/143/567
f 2123/144/568 2131/144/568 2139/145/568 2132/146/568 2124/146/568
f 2118/147/569 2126/148/569 2140/149/569 2125/150/569 2117/151/569
f 2128/152/570 2136/152/570 2142/153/570 2135/154/570 2127/154/570
f 2103/155/567 2104/156/567 2102/157/567 2101/158/567
f 2107/159/569 2108/160/569 2106/161/569 2105/162/569
f 2138/163/571 2130/164/571 2132/131/571 2139/130/571
f 2105/165/19 2103/166/19 2101/167/19 2107/168/19
f 2142/169/572 2141/170/572 2134/171/572 2135/172/572
f 2104/156/567 2114/173/567 2113/174/567 2102/157/567
f 2112/121/564 2116/175/564 2114/176/564 2104/122/564
f 2102/125/565 2113/177/565 2115/178/565 2111/126/565
f 2110/179/573 2120/180/573 2119/181/573 2109/182/573
f 2106/119/564 2117/183/564 2120/184/564 2110/120/564
f 2108/160/569 2118/147/569 2117/151/569 2106/161/569
f 2109/127/565 2119/185/565 2118/186/565 2108/128/565
f 2114/173/567 2122/187/567 2121/142/567 2113/174/567
f 2116/175/564 2124/188/564 2122/189/564 2114/176/564
f 2115/137/566 2123/144/566 2124/146/566 2116/138/566
f 2113/177/565 2121/190/565 2123/191/565 2115/178/565
f 2120/180/573 2128/192/573 2127/193/573 2119/181/573
f 2117/183/564 2125/194/564 2128/195/564 2120/184/564
f 2119/185/565 2127/172/565 2126/171/565 2118/186/565
f 2124/146/41 2132/146/41 2130/140/41 2122/140/41
f 2123/144/41 2121/143/41 2129/143/41 2131/144/41
f 2128/152/41 2125/150/41 2133/150/41 2136/152/41
f 2141/196/569 2140/149/569 2126/148/569 2134/148/569
f 2127/154/41 2135/154/41 2134/148/41 2126/148/41
f 2139/197/574 2131/191/574 2129/190/574 2138/198/574
f 2142/199/575 2136/195/575 2133/194/575 2141/200/575
f 2140/149/569 2141/196/569 2133/150/569 2125/150/569
f 2231/118/596 2232/119/596 2236/120/596 2238/121/596 2230/122/596 2229/123/596
f 2227/124/597 2228/125/597 2237/126/597 2235/127/597 2234/128/597 2233/129/597
f 2263/130/7 2238/131/7 2236/132/7 2235/133/7 2237/134/7
f 2263/135/598 2237/136/598 2241/137/598 2242/138/598 2238/139/598
f 2248/140/599 2256/140/599 2264/141/599 2255/142/599 2247/143/599
f 2249/144/7 2257/144/7 2265/145/7 2258/146/7 2250/146/7
f 2244/147/600 2252/148/600 2266/149/600 2251/150/600 2243/151/600
f 2254/152/7 2262/152/7 2268/153/7 2261/154/7 2253/154/7
f 2229/155/599 2230/156/599 2228/157/599 2227/158/599
f 2233/159/600 2234/160/600 2232/161/600 2231/162/600
f 2264/163/601 2256/164/601 2258/131/601 2265/130/601
f 2231/165/19 2229/166/19 2227/167/19 2233/168/19
f 2268/169/602 2267/170/602 2260/171/602 2261/172/602
f 2230/156/599 2240/173/599 2239/174/599 2228/157/599
f 2238/121/596 2242/175/596 2240/176/596 2230/122/596
f 2228/125/597 2239/177/597 2241/178/597 2237/126/597
f 2236/179/603 2246/180/603 2245/181/603 2235/182/603
f 2232/119/596 2243/183/596 2246/184/596 2236/120/596
f 2234/160/600 2244/147/600 2243/151/600 2232/161/600
f 2235/127/597 2245/185/597 2244/186/597 2234/128/597
f 2240/173/599 2248/187/599 2247/142/599 2239/174/599
f 2242/175/596 2250/188/596 2248/189/596 2240/176/596
f 2241/137/598 2249/144/598 2250/146/598 2242/138/598
f 2239/177/597 2247/190/597 2249/191/597 2241/178/597
f 2246/180/603 2254/192/603 2253/193/603 2245/181/603
f 2243/183/596 2251/194/596 2254/195/596 2246/184/596
f 2245/185/597 2253/172/597 2252/171/597 2244/186/597
f 2250/146/41 2258/146/41 2256/140/41 2248/140/41
f 2249/144/41 2247/143/41 2255/143/41 2257/144/41
f 2254/152/41 2251/150/41 2259/150/41 2262/152/41
f 2267/196/600 2266/149/600 2252/148/600 2260/148/600
f 2253/154/41 2261/154/41 2260/148/41 2252/148/41
f 2265/197/604 2257/191/604 2255/190/604 2264/198/604
f 2268/199/605 2262/195/605 2259/194/605 2267/200/605
f 2266/149/600 2267/196/600 2259/150/600 2251/150/600
f 2357/118/629 2358/119/629 2362/120/629 2364/121/629 2356/122/629 2355/123/629
f 2353/124/630 2354/125/630 2363/126/630 2361/127/630 2360/128/630 2359/129/630
f 2389/130/7 2364/131/7 2362/132/7 2361/133/7 2363/134/7
f 2389/135/631 2363/136/631 2367/137/631 2368/138/631 2364/139/631
f 2374/140/632 2382/140/632 2390/141/632 2381/142/632 2373/143/632
f 2375/144/41 2383/144/41 2391/145/41 2384/146/41 2376/146/41
f 2370/147/633 2378/148/633 2392/149/633 2377/150/633 2369/151/633
f 2380/152/7 2388/152/7 2394/153/7 2387/154/7 2379/154/7
f 2355/155/632 2356/156/632 2354/157/632 2353/158/632
f 2359/159/634 2360/160/634 2358/161/634 2357/162/634
f 2390/163/635 2382/164/635 2384/131/635 2391/130/635
f 2357/165/19 2355/166/19 2353/167/19 2359/168/19
f 2394/169/636 2393/170/636 2386/171/636 2387/172/636
f 2356/156/632 2366/173/632 2365/174/632 2354/157/632
f 2364/121/629 2368/175/629 2366/176/629 2356/122/629
f 2354/125/630 2365/177/630 2367/178/630 2363/126/630
f 2362/179/637 2372/180/637 2371/181/637 2361/182/637
f 2358/119/638 2369/183/638 2372/184/638 2362/120/638
f 2360/160/634 2370/147/634 2369/151/634 2358/161/634
f 2361/127/630 2371/185/630 2370/186/630 2360/128/630
f 2366/173/632 2374/187/632 2373/142/632 2365/174/632
f 2368/175/629 2376/188/629 2374/189/629 2366/176/629
f 2367/137/631 2375/144/631 2376/146/631 2368/138/631
f 2365/177/630 2373/190/630 2375/191/630 2367/178/630
f 2372/180/637 2380/192/637 2379/193/637 2371/181/637
f 2369/183/629 2377/194/629 2380/195/629 2372/184/629
f 2371/185/630 2379/172/630 2378/171/630 2370/186/630
f 2376/146/41 2384/146/41 2382/140/41 2374/140/41
f 2375/144/41 2373/143/41 2381/143/41 2383/144/41
f 2380/152/41 2377/150/41 2385/150/41 2388/152/41
f 2393/196/639 2392/149/639 2378/148/639 2386/148/639
f 2379/154/41 2387/154/41 2386/148/41 2378/148/41
f 2391/197/640 2383/191/640 2381/190/640 2390/198/640
f 2394/199/641 2388/195/641 2385/194/641 2393/200/641
f 2392/149/639 2393/196/639 2385/150/639 2377/150/639
f 2483/118/667 2484/119/667 2488/120/667 2490/121/667 2482/122/667 2481/123/667
f 2479/124/668 2480/125/668 2489/126/668 2487/127/668 2486/128/668 2485/129/668
f 2515/130/7 2490/131/7 2488/132/7 2487/133/7 2489/134/7
f 2515/135/669 2489/136/669 2493/137/669 2494/138/669 2490/139/669
f 2500/140/670 2508/140/670 2516/141/670 2507/142/670 2499/143/670
f 2501/144/7 2509/144/7 2517/145/7 2510/146/7 2502/146/7
f 2496/147/671 2504/148/671 2518/149/671 2503/150/671 2495/151/671
f 2506/152/77 2514/152/77 2520/153/77 2513/154/77 2505/154/77
f 2481/155/670 2482/156/670 2480/157/670 2479/158/670
f 2485/159/671 2486/160/671 2484/161/671 2483/162/671
f 2516/163/672 2508/164/672 2510/131/672 2517/130/672
f 2483/165/673 2481/166/673 2479/167/673 2485/168/673
f 2520/169/674 2519/170/674 2512/171/674 2513/172/674
f 2482/156/670 2492/173/670 2491/174/670 2480/157/670
f 2490/121/667 2494/175/667 2492/176/667 2482/122/667
f 2480/125/668 2491/177/668 2493/178/668 2489/126/668
f 2488/179/675 2498/180/675 2497/181/675 2487/182/675
f 2484/119/667 2495/183/667 2498/184/667 2488/120/667
f 2486/160/671 2496/147/671 2495/151/671 2484/161/671
f 2487/127/668 2497/185/668 2496/186/668 2486/128/668
f 2492/173/670 2500/187/670 2499/142/670 2491/174/670
f 2494/175/667 2502/188/667 2500/189/667 2492/176/667
f 2493/137/669 2501/144/669 2502/146/669 2494/138/669
f 2491/177/668 2499/190/668 2501/191/668 2493/178/668
f 2498/180/675 2506/192/675 2505/193/675 2497/181/675
f 2495/183/667 2503/194/667 2506/195/667 2498/184/667
f 2497/185/668 2505/172/668 2504/171/668 2496/186/668
f 2502/146/41 2510/146/41 2508/140/41 2500/140/41
f 2501/144/41 2499/143/41 2507/143/41 2509/144/41
f 2506/152/41 2503/150/41 2511/150/41 2514/152/41
f 2519/196/671 2518/149/671 2504/148/671 2512/148/671
f 2505/154/41 2513/154/41 2512/148/41 2504/148/41
f 2517/197/676 2509/191/676 2507/190/676 2516/198/676
f 2520/199/677 2514/195/677 2511/194/677 2519/200/677
f 2518/149/671 2519/196/671 2511/150/671 2503/150/671
f 2609/118/696 2610/119/696 2614/120/696 2616/121/696 2608/122/696 2607/123/696
f 2605/124/697 2606/125/697 2615/126/697 2613/127/697 2612/128/697 2611/129/697
f 2641/130/7 2616/131/7 2614/132/7 2613/133/7 2615/134/7
f 2641/135/698 2615/136/698 2619/137/698 2620/138/698 2616/139/698
f 2626/140/699 2634/140/699 2642/141/699 2633/142/699 2625/143/699
f 2627/144/700 2635/144/700 2643/145/700 2636/146/700 2628/146/700
f 2622/147/701 2630/148/701 2644/149/701 2629/150/701 2621/151/701
f 2632/152/702 2640/152/702 2646/153/702 2639/154/702 2631/154/702
f 2607/155/699 2608/156/699 2606/157/699 2605/158/699
f 2611/159/701 2612/160/701 2610/161/701 2609/162/701
f 2642/163/703 2634/164/703 2636/131/703 2643/130/703
f 2609/165/19 2607/166/19 2605/167/19 2611/168/19
f 2646/169/704 2645/170/704 2638/171/704 2639/172/704
f 2608/156/699 2618/173/699 2617/174/699 2606/157/699
f 2616/121/696 2620/175/696 2618/176/696 2608/122/696
f 2606/125/697 2617/177/697 2619/178/697 2615/126/697
f 2614/179/705 2624/180/705 2623/181/705 2613/182/705
f 2610/119/696 2621/183/696 2624/184/696 2614/120/696
f 2612/160/701 2622/147/701 2621/151/701 2610/161/701
f 2613/127/697 2623/185/697 2622/186/697 2612/128/697
f 2618/173/699 2626/187/699 2625/142/699 2617/174/699
f 2620/175/696 2628/188/696 2626/189/696 2618/176/696
f 2619/137/698 2627/144/698 2628/146/698 2620/138/698
f 2617/177/697 2625/190/697 2627/191/697 2619/178/697
f 2624/180/705 2632/192/705 2631/193/705 2623/181/705
f 2621/183/696 2629/194/696 2632/195/696 2624/184/696
f 2623/185/697 2631/172/697 2630/171/697 2622/186/697
f 2628/146/41 2636/146/41 2634/140/41 2626/140/41
f 2627/144/41 2625/143/41 2633/143/41 2635/144/41
f 2632/152/41 2629/150/41 2637/150/41 2640/152/41
f 2645/196/701 2644/149/701 2630/148/701 2638/148/701
f 2631/154/41 2639/154/41 2638/148/41 2630/148/41
f 2643/197/706 2635/191/706 2633/190/706 2642/198/706
f 2646/199/707 2640/195/707 2637/194/707 2645/200/707
f 2644/149/701 2645/196/701 2637/150/701 2629/150/701
f 2735/118/727 2736/119/727 2740/120/727 2742/121/727 2734/122/727 2733/123/727
f 2731/124/728 2732/125/728 2741/126/728 2739/127/728 2738/128/728 2737/129/728
f 2767/130/7 2742/131/7 2740/132/7 2739/133/7 2741/134/7
f 2767/135/729 2741/136/729 2745/137/729 2746/138/729 2742/139/729
f 2752/140/730 2760/140/730 2768/141/730 2759/142/730 2751/143/730
f 2753/144/258 2761/144/258 2769/145/258 2762/146/258 2754/146/258
f 2748/147/731 2756/148/731 2770/149/731 2755/150/731 2747/151/731
f 2758/152/732 2766/152/732 2772/153/732 2765/154/732 2757/154/732
f 2733/155/730 2734/156/730 2732/157/730 2731/158/730
f 2737/159/731 2738/160/731 2736/161/731 2735/162/731
f 2768/163/733 2760/164/733 2762/131/733 2769/130/733
f 2735/165/19 2733/166/19 2731/167/19 2737/168/19
f 2772/169/734 2771/170/734 2764/171/734 2765/172/734
f 2734/156/730 2744/173/730 2743/174/730 2732/157/730
f 2742/121/727 2746/175/727 2744/176/727 2734/122/727
f 2732/125/728 2743/177/728 2745/178/728 2741/126/728
f 2740/179/735 2750/180/735 2749/181/735 2739/182/735
f 2736/119/727 2747/183/727 2750/184/727 2740/120/727
f 2738/160/731 2748/147/731 2747/151/731 2736/161/731
f 2739/127/728 2749/185/728 2748/186/728 2738/128/728
f 2744/173/730 2752/187/730 2751/142/730 2743/174/730
f 2746/175/727 2754/188/727 2752/189/727 2744/176/727
f 2745/137/729 2753/144/729 2754/146/729 2746/138/729
f 2743/177/728 2751/190/728 2753/191/728 2745/178/728
f 2750/180/735 2758/192/735 2757/193/735 2749/181/735
f 2747/183/727 2755/194/727 2758/195/727 2750/184/727
f 2749/185/728 2757/172/728 2756/171/728 2748/186/728
f 2754/146/41 2762/146/41 2760/140/41 2752/140/41
f 2753/144/41 2751/143/41 2759/143/41 2761/144/41
f 2758/152/41 2755/150/41 2763/150/41 2766/152/41
f 2771/196/731 2770/149/731 2756/148/731 2764/148/731
f 2757/154/41 2765/154/41 2764/148/41 2756/148/41
f 2769/197/736 2761/191/736 2759/190/736 2768/198/736
f 2772/199/737 2766/195/737 2763/194/737 2771/200/737
f 2770/149/731 2771/196/731 2763/150/731 2755/150/731
usemtl _________5
f 2830/231/774 2854/232/774 2853/233/774 2828/234/774
f 2831/235/775 2855/236/775 2854/232/775 2830/231/775
f 2832/237/776 2856/238/776 2855/236/776 2831/235/776
f 2833/239/777 2857/240/777 2856/238/777 2832/237/777
f 2834/241/778 2858/242/778 2857/240/778 2833/239/778
f 2835/243/779 2859/244/779 2858/242/779 2834/241/779
f 2836/245/780 2860/246/780 2859/244/780 2835/243/780
f 2837/247/781 2861/248/781 2860/246/781 2836/245/781
f 2838/249/782 2862/250/782 2861/248/782 2837/247/782
f 2839/251/783 2863/252/783 2862/250/783 2838/249/783
f 2840/253/784 2864/254/784 2863/252/784 2839/251/784
f 2841/255/785 2865/256/785 2864/254/785 2840/253/785
f 2842/257/786 2866/258/786 2865/256/786 2841/255/786
f 2843/259/787 2867/260/787 2866/258/787 2842/257/787
f 2844/261/788 2868/262/788 2867/260/788 2843/259/788
f 2845/263/789 2869/264/789 2868/262/789 2844/261/789
f 2846/265/790 2870/266/790 2869/264/790 2845/263/790
f 2847/267/791 2871/268/791 2870/266/791 2846/265/791
f 2848/269/792 2872/270/792 2871/268/792 2847/267/792
f 2849/271/793 2873/272/793 2872/270/793 2848/269/793
f 2850/273/794 2874/274/794 2873/272/794 2849/271/794
f 2851/275/795 2875/276/795 2874/274/795 2850/273/795
f 2852/277/796 2876/278/796 2875/276/796 2851/275/796
f 2828/279/797 2853/280/797 2876/278/797 2852/277/797
f 2854/232/798 2878/281/798 2877/282/798 2853/233/798
f 2855/236/799 2879/283/799 2878/281/799 2854/232/799
f 2856/238/800 2880/284/800 2879/283/800 2855/236/800
f 2857/240/801 2881/285/801 2880/284/801 2856/238/801
f 2858/242/802 2882/286/802 2881/285/802 2857/240/802
f 2859/244/803 2883/287/803 2882/286/803 2858/242/803
f 2860/246/804 2884/288/804 2883/287/804 2859/244/804
f 2861/248/805 2885/289/805 2884/288/805 2860/246/805
f 2862/250/806 2886/290/806 2885/289/806 2861/248/806
f 2863/252/807 2887/291/807 2886/290/807 2862/250/807
f 2864/254/808 2888/292/808 2887/291/808 2863/252/808
f 2865/256/809 2889/293/809 2888/292/809 2864/254/809
f 2866/258/810 2890/294/810 2889/293/810 2865/256/810
f 2867/260/811 2891/295/811 2890/294/811 2866/258/811
f 2868/262/812 2892/296/812 2891/295/812 2867/260/812
f 2869/264/813 2893/297/813 2892/296/813 2868/262/813
f 2870/266/814 2894/298/814 2893/297/814 2869/264/814
f 2871/268/815 2895/299/815 2894/298/815 2870/266/815
f 2872/270/816 2896/300/816 2895/299/816 2871/268/816
f 2873/272/817 2897/301/817 2896/300/817 2872/270/817
f 2874/274/818 2898/302/818 2897/301/818 2873/272/818
f 2875/276/819 2899/303/819 2898/302/819 2874/274/819
f 2876/278/820 2900/304/820 2899/303/820 2875/276/820
f 2853/280/821 2877/305/821 2900/304/821 2876/278/821
f 2878/281/822 2902/306/822 2901/307/822 2877/282/822
f 2879/283/823 2903/308/823 2902/306/823 2878/281/823
f 2880/284/824 2904/309/824 2903/308/824 2879/283/824
f 2881/285/825 2905/310/825 2904/309/825 2880/284/825
f 2882/286/826 2906/311/826 2905/310/826 2881/285/826
f 2883/287/827 2907/312/827 2906/311/827 2882/286/827
f 2884/288/828 2908/313/828 2907/312/828 2883/287/828
f 2885/289/829 2909/314/829 2908/313/829 2884/288/829
f 2886/290/830 2910/315/830 2909/314/830 2885/289/830
f 2887/291/831 2911/316/831 2910/315/831 2886/290/831
f 2888/292/832 2912/317/832 2911/316/832 2887/291/832
f 2889/293/833 2913/318/833 2912/317/833 2888/292/833
f 2890/294/834 2914/319/834 2913/318/834 2889/293/834
f 2891/295/835 2915/320/835 2914/319/835 2890/294/835
f 2892/296/836 2916/321/836 2915/320/836 2891/295/836
f 2893/297/837 2917/322/837 2916/321/837 2892/296/837
f 2894/298/838 2918/323/838 2917/322/838 2893/297/838
f 2895/299/839 2919/324/839 2918/323/839 2894/298/839
f 2896/300/840 2920/325/840 2919/324/840 2895/299/840
f 2897/301/841 2921/326/841 2920/325/841 2896/300/841
f 2898/302/842 2922/327/842 2921/326/842 2897/301/842
f 2899/303/843 2923/328/843 2922/327/843 2898/302/843
f 2900/304/844 2924/329/844 2923/328/844 2899/303/844
f 2877/305/845 2901/330/845 2924/329/845 2900/304/845
f 2829/6/846 2901/307/846 2902/306/846
f 2829/331/847 2902/306/847 2903/308/847
f 2829/332/848 2903/308/848 2904/309/848
f 2829/333/849 2904/309/849 2905/310/849
f 2829/334/850 2905/310/850 2906/311/850
f 2829/335/851 2906/311/851 2907/312/851
f 2829/336/852 2907/312/852 2908/313/852
f 2829/337/853 2908/313/853 2909/314/853
f 2829/338/854 2909/314/854 2910/315/854
f 2829/339/855 2910/315/855 2911/316/855
f 2829/340/856 2911/316/856 2912/317/856
f 2829/341/857 2912/317/857 2913/318/857
f 2829/342/858 2913/318/858 2914/319/858
f 2829/343/859 2914/319/859 2915/320/859
f 2829/344/860 2915/320/860 2916/321/860
f 2829/345/861 2916/321/861 2917/322/861
f 2829/346/862 2917/322/862 2918/323/862
f 2829/347/863 2918/323/863 2919/324/863
f 2829/348/864 2919/324/864 2920/325/864
f 2829/349/865 2920/325/865 2921/326/865
f 2829/350/866 2921/326/866 2922/327/866
f 2829/351/867 2922/327/867 2923/328/867
f 2829/352/868 2923/328/868 2924/329/868
f 2829/353/869 2924/329/869 2901/330/869
usemtl _________3
f 3423/646/19 3389/647/19 3387/648/19
f 4185/649/912 3425/650/912 4182/651/912 4181/652/912
f 3425/650/913 3426/653/913 4183/654/913 4182/651/913
f 3426/653/914 4186/655/914 4184/656/914 4183/654/914
f 3427/657/915 3428/658/915 3394/659/915 3393/660/915
f 3428/658/916 3429/661/916 3395/662/916 3394/659/916
f 4193/663/917 4194/664/917 4192/665/917 4191/666/917
f 3430/667/918 3431/668/918 3397/669/918 3396/670/918
f 3431/668/919 3432/671/919 3398/672/919 3397/669/919
f 4197/673/920 4198/674/920 4196/675/920 4195/676/920
f 3433/677/921 3434/678/921 3400/679/921 3399/680/921
f 3434/678/922 3435/681/922 3401/682/922 3400/679/922
f 4201/683/923 4202/684/923 4200/685/923 4199/686/923
f 3436/687/924 3437/688/924 3403/689/924 3402/690/924
f 3437/688/925 3438/691/925 3404/692/925 3403/689/925
f 4205/693/926 4206/694/926 4204/695/926 4203/696/926
f 3439/697/927 3440/698/927 3406/699/927 3405/700/927
f 3440/698/928 3441/701/928 3407/702/928 3406/699/928
f 4209/703/929 4210/704/929 4208/705/929 4207/706/929
f 3442/707/930 3443/708/930 3409/709/930 3408/710/930
f 3443/708/931 3444/711/931 3410/712/931 3409/709/931
f 4213/713/932 4214/714/932 4212/715/932 4211/716/932
f 3445/717/933 3446/718/933 3412/719/933 3411/720/933
f 3446/718/934 3447/721/934 3413/722/934 3412/719/934
f 4217/723/935 4218/724/935 4216/725/935 4215/726/935
f 3448/727/936 3449/728/936 3415/729/936 3414/730/936
f 3449/728/937 3450/731/937 3416/732/937 3415/729/937
f 4221/733/938 4222/734/938 4220/735/938 4219/736/938
f 3451/737/939 3452/738/939 3418/739/939 3417/740/939
f 3452/738/940 3453/741/940 3419/742/940 3418/739/940
f 4225/743/941 4226/744/941 4224/745/941 4223/746/941
f 3454/747/942 3455/748/942 3421/749/942 3420/750/942
f 4160/751/7 3388/648/7 4159/752/7
f 3457/753/19 3423/646/19 3387/648/19
f 4187/754/943 4188/755/943 3425/650/943 4185/649/943
f 4188/755/944 4189/756/944 3426/653/944 3425/650/944
f 4189/756/945 4190/757/945 4186/655/945 3426/653/945
f 3461/758/946 3462/759/946 3428/658/946 3427/657/946
f 3462/759/947 3463/760/947 3429/661/947 3428/658/947
f 3463/760/948 3464/761/948 3430/667/948 3429/661/948
f 3464/761/949 3465/762/949 3431/668/949 3430/667/949
f 3465/762/950 3466/763/950 3432/671/950 3431/668/950
f 3466/763/951 3467/764/951 3433/677/951 3432/671/951
f 3467/764/952 3468/765/952 3434/678/952 3433/677/952
f 3468/765/953 3469/766/953 3435/681/953 3434/678/953
f 3469/766/954 3470/767/954 3436/687/954 3435/681/954
f 3470/767/955 3471/768/955 3437/688/955 3436/687/955
f 3471/768/956 3472/769/956 3438/691/956 3437/688/956
f 3472/769/957 3473/770/957 3439/697/957 3438/691/957
f 3473/770/958 3474/771/958 3440/698/958 3439/697/958
f 3474/771/959 3475/772/959 3441/701/959 3440/698/959
f 3475/772/960 3476/773/960 3442/707/960 3441/701/960
f 3476/773/961 3477/774/961 3443/708/961 3442/707/961
f 3477/774/962 3478/775/962 3444/711/962 3443/708/962
f 3478/775/963 3479/776/963 3445/717/963 3444/711/963
f 3479/776/964 3480/777/964 3446/718/964 3445/717/964
f 3480/777/965 3481/778/965 3447/721/965 3446/718/965
f 3481/778/966 3482/779/966 3448/727/966 3447/721/966
f 3482/779/967 3483/780/967 3449/728/967 3448/727/967
f 3483/780/968 3484/781/968 3450/731/968 3449/728/968
f 3484/781/969 3485/782/969 3451/737/969 3450/731/969
f 3485/782/970 3486/783/970 3452/738/970 3451/737/970
f 3486/783/971 3487/784/971 3453/741/971 3452/738/971
f 3487/784/972 3488/785/972 3454/747/972 3453/741/972
f 3488/785/973 3489/786/973 3455/748/973 3454/747/973
f 4161/787/7 3388/648/7 4160/751/7
f 3491/788/19 3457/753/19 3387/648/19
f 3492/789/974 3493/790/974 3459/791/974 3458/792/974
f 3493/790/975 3494/793/975 3460/794/975 3459/791/975
f 3494/793/976 3495/795/976 3461/758/976 3460/794/976
f 3495/795/977 3496/796/977 3462/759/977 3461/758/977
f 3496/796/978 3497/797/978 3463/760/978 3462/759/978
f 3497/797/979 3498/798/979 3464/761/979 3463/760/979
f 3498/798/980 3499/799/980 3465/762/980 3464/761/980
f 3499/799/981 3500/800/981 3466/763/981 3465/762/981
f 3500/800/982 3501/801/982 3467/764/982 3466/763/982
f 3501/801/983 3502/802/983 3468/765/983 3467/764/983
f 3502/802/984 3503/803/984 3469/766/984 3468/765/984
f 3503/803/985 3504/804/985 3470/767/985 3469/766/985
f 3504/804/986 3505/805/986 3471/768/986 3470/767/986
f 3505/805/987 3506/806/987 3472/769/987 3471/768/987
f 3506/806/988 3507/807/988 3473/770/988 3472/769/988
f 3507/807/989 3508/808/989 3474/771/989 3473/770/989
f 3508/808/990 3509/809/990 3475/772/990 3474/771/990
f 3509/809/991 3510/810/991 3476/773/991 3475/772/991
f 3510/810/992 3511/811/992 3477/774/992 3476/773/992
f 3511/811/993 3512/812/993 3478/775/993 3477/774/993
f 3512/812/994 3513/813/994 3479/776/994 3478/775/994
f 3513/813/995 3514/814/995 3480/777/995 3479/776/995
f 3514/814/996 3515/815/996 3481/778/996 3480/777/996
f 3515/815/997 3516/816/997 3482/779/997 3481/778/997
f 3516/816/998 3517/817/998 3483/780/998 3482/779/998
f 3517/817/999 3518/818/999 3484/781/999 3483/780/999
f 3518/818/1000 3519/819/1000 3485/782/1000 3484/781/1000
f 3519/819/1001 3520/820/1001 3486/783/1001 3485/782/1001
f 3520/820/1002 3521/821/1002 3487/784/1002 3486/783/1002
f 3521/821/1003 3522/822/1003 3488/785/1003 3487/784/1003
f 3522/822/1004 3523/823/1004 3489/786/1004 3488/785/1004
f 4162/824/7 3388/648/7 4161/787/7
f 3525/825/19 3491/788/19 3387/648/19
f 3526/826/1005 3527/827/1005 3493/828/1005 3492/829/1005
f 3527/827/1006 3528/830/1006 3494/831/1006 3493/828/1006
f 3528/830/1007 3529/832/1007 3495/833/1007 3494/831/1007
f 3529/832/1008 3530/834/1008 3496/835/1008 3495/833/1008
f 3530/834/1009 3531/836/1009 3497/837/1009 3496/835/1009
f 3531/836/1010 3532/838/1010 3498/839/1010 3497/837/1010
f 3532/838/1011 3533/840/1011 3499/841/1011 3498/839/1011
f 3533/840/1012 3534/842/1012 3500/843/1012 3499/841/1012
f 3534/842/1013 3535/844/1013 3501/845/1013 3500/843/1013
f 3535/844/1014 3536/846/1014 3502/847/1014 3501/845/1014
f 3536/846/1015 3537/848/1015 3503/849/1015 3502/847/1015
f 3537/848/1016 3538/850/1016 3504/851/1016 3503/849/1016
f 3538/850/1017 3539/852/1017 3505/853/1017 3504/851/1017
f 3539/852/1018 3540/854/1018 3506/855/1018 3505/853/1018
f 3540/854/1019 3541/856/1019 3507/857/1019 3506/855/1019
f 3541/856/1020 3542/858/1020 3508/859/1020 3507/857/1020
f 3542/858/1021 3543/860/1021 3509/861/1021 3508/859/1021
f 3543/860/1022 3544/862/1022 3510/863/1022 3509/861/1022
f 3544/862/1023 3545/864/1023 3511/865/1023 3510/863/1023
f 3545/864/1024 3546/866/1024 3512/867/1024 3511/865/1024
f 3546/866/1025 3547/868/1025 3513/869/1025 3512/867/1025
f 3547/868/1026 3548/870/1026 3514/871/1026 3513/869/1026
f 3548/870/1027 3549/872/1027 3515/873/1027 3514/871/1027
f 3549/872/1028 3550/874/1028 3516/875/1028 3515/873/1028
f 3550/874/1029 3551/876/1029 3517/877/1029 3516/875/1029
f 3551/876/1030 3552/878/1030 3518/879/1030 3517/877/1030
f 3552/878/1031 3553/880/1031 3519/881/1031 3518/879/1031
f 3553/880/1032 3554/882/1032 3520/883/1032 3519/881/1032
f 3554/882/1033 3555/884/1033 3521/885/1033 3520/883/1033
f 3555/884/1034 3556/886/1034 3522/887/1034 3521/885/1034
f 3556/886/1035 3557/888/1035 3523/889/1035 3522/887/1035
f 4163/890/7 3388/648/7 4162/824/7
f 3559/891/19 3525/825/19 3387/648/19
f 3560/892/1036 3561/893/1036 3527/827/1036 3526/826/1036
f 3561/893/1037 3562/894/1037 3528/830/1037 3527/827/1037
f 3562/894/1038 3563/895/1038 3529/832/1038 3528/830/1038
f 3563/895/1039 3564/896/1039 3530/834/1039 3529/832/1039
f 3564/896/1040 3565/897/1040 3531/836/1040 3530/834/1040
f 3565/897/1041 3566/898/1041 3532/838/1041 3531/836/1041
f 3566/898/1042 3567/899/1042 3533/840/1042 3532/838/1042
f 3567/899/1043 3568/900/1043 3534/842/1043 3533/840/1043
f 3568/900/1044 3569/901/1044 3535/844/1044 3534/842/1044
f 3569/901/1045 3570/902/1045 3536/846/1045 3535/844/1045
f 3570/902/1046 3571/903/1046 3537/848/1046 3536/846/1046
f 3571/903/1047 3572/904/1047 3538/850/1047 3537/848/1047
f 3572/904/1048 3573/905/1048 3539/852/1048 3538/850/1048
f 3573/905/1049 3574/906/1049 3540/854/1049 3539/852/1049
f 3574/906/1050 3575/907/1050 3541/856/1050 3540/854/1050
f 3575/907/1051 3576/908/1051 3542/858/1051 3541/856/1051
f 3576/908/1052 3577/909/1052 3543/860/1052 3542/858/1052
f 3577/909/1053 3578/910/1053 3544/862/1053 3543/860/1053
f 3578/910/1054 3579/911/1054 3545/864/1054 3544/862/1054
f 3579/911/1055 3580/912/1055 3546/866/1055 3545/864/1055
f 3580/912/1056 3581/913/1056 3547/868/1056 3546/866/1056
f 3581/913/1057 3582/914/1057 3548/870/1057 3547/868/1057
f 3582/914/1058 3583/915/1058 3549/872/1058 3548/870/1058
f 3583/915/1059 3584/916/1059 3550/874/1059 3549/872/1059
f 3584/916/1060 3585/917/1060 3551/876/1060 3550/874/1060
f 3585/917/1061 3586/918/1061 3552/878/1061 3551/876/1061
f 3586/918/1062 3587/919/1062 3553/880/1062 3552/878/1062
f 3587/919/1063 3588/920/1063 3554/882/1063 3553/880/1063
f 3588/920/1064 3589/921/1064 3555/884/1064 3554/882/1064
f 3589/921/1065 3590/922/1065 3556/886/1065 3555/884/1065
f 3590/922/1066 3591/923/1066 3557/888/1066 3556/886/1066
f 4164/924/7 3388/648/7 4163/890/7
f 3593/925/19 3559/891/19 3387/648/19
f 3594/926/1067 3595/927/1067 3561/893/1067 3560/892/1067
f 3595/927/1068 3596/928/1068 3562/894/1068 3561/893/1068
f 3596/928/1069 3597/929/1069 3563/895/1069 3562/894/1069
f 3597/929/1070 3598/930/1070 3564/896/1070 3563/895/1070
f 3598/930/1071 3599/931/1071 3565/897/1071 3564/896/1071
f 3599/931/1072 3600/932/1072 3566/898/1072 3565/897/1072
f 3600/932/1073 3601/933/1073 3567/899/1073 3566/898/1073
f 3601/933/1074 3602/934/1074 3568/900/1074 3567/899/1074
f 3602/934/1075 3603/935/1075 3569/901/1075 3568/900/1075
f 3603/935/1076 3604/936/1076 3570/902/1076 3569/901/1076
f 3604/936/1077 3605/937/1077 3571/903/1077 3570/902/1077
f 3605/937/1078 3606/938/1078 3572/904/1078 3571/903/1078
f 3606/938/1079 3607/939/1079 3573/905/1079 3572/904/1079
f 3607/939/1080 3608/940/1080 3574/906/1080 3573/905/1080
f 3608/940/1081 3609/941/1081 3575/907/1081 3574/906/1081
f 3609/941/1082 3610/942/1082 3576/908/1082 3575/907/1082
f 3610/942/1083 3611/943/1083 3577/909/1083 3576/908/1083
f 3611/943/1084 3612/944/1084 3578/910/1084 3577/909/1084
f 3612/944/1085 3613/945/1085 3579/911/1085 3578/910/1085
f 3613/945/1086 3614/946/1086 3580/912/1086 3579/911/1086
f 3614/946/1087 3615/947/1087 3581/913/1087 3580/912/1087
f 3615/947/1088 3616/948/1088 3582/914/1088 3581/913/1088
f 3616/948/1089 3617/949/1089 3583/915/1089 3582/914/1089
f 3617/949/1090 3618/950/1090 3584/916/1090 3583/915/1090
f 3618/950/1091 3619/951/1091 3585/917/1091 3584/916/1091
f 3619/951/1092 3620/952/1092 3586/918/1092 3585/917/1092
f 3620/952/1093 3621/953/1093 3587/919/1093 3586/918/1093
f 3621/953/1094 3622/954/1094 3588/920/1094 3587/919/1094
f 3622/954/1095 3623/955/1095 3589/921/1095 3588/920/1095
f 3623/955/1096 3624/956/1096 3590/922/1096 3589/921/1096
f 3624/956/1097 3625/957/1097 3591/923/1097 3590/922/1097
f 4165/958/7 3388/648/7 4164/924/7
f 3627/959/19 3593/925/19 3387/648/19
f 3628/960/1098 3629/961/1098 3595/927/1098 3594/926/1098
f 3629/961/1099 3630/962/1099 3596/928/1099 3595/927/1099
f 3630/962/1100 3631/963/1100 3597/929/1100 3596/928/1100
f 3631/963/1101 3632/964/1101 3598/930/1101 3597/929/1101
f 3632/964/1102 3633/965/1102 3599/931/1102 3598/930/1102
f 3633/965/1103 3634/966/1103 3600/932/1103 3599/931/1103
f 3634/966/1104 3635/967/1104 3601/933/1104 3600/932/1104
f 3635/967/1105 3636/968/1105 3602/934/1105 3601/933/1105
f 3636/968/1106 3637/969/1106 3603/935/1106 3602/934/1106
f 3637/969/1107 3638/970/1107 3604/936/1107 3603/935/1107
f 3638/970/1108 3639/971/1108 3605/937/1108 3604/936/1108
f 3639/971/1109 3640/972/1109 3606/938/1109 3605/937/1109
f 3640/972/1110 3641/973/1110 3607/939/1110 3606/938/1110
f 3641/973/1111 3642/974/1111 3608/940/1111 3607/939/1111
f 3642/974/1112 3643/975/1112 3609/941/1112 3608/940/1112
f 3643/975/1113 3644/976/1113 3610/942/1113 3609/941/1113
f 3644/976/1114 3645/977/1114 3611/943/1114 3610/942/1114
f 3645/977/1115 3646/978/1115 3612/944/1115 3611/943/1115
f 3646/978/1116 3647/979/1116 3613/945/1116 3612/944/1116
f 3647/979/1117 3648/980/1117 3614/946/1117 3613/945/1117
f 3648/980/1118 3649/981/1118 3615/947/1118 3614/946/1118
f 3649/981/1119 3650/982/1119 3616/948/1119 3615/947/1119
f 3650/982/1120 3651/983/1120 3617/949/1120 3616/948/1120
f 3651/983/1121 3652/984/1121 3618/950/1121 3617/949/1121
f 3652/984/1122 3653/985/1122 3619/951/1122 3618/950/1122
f 3653/985/1123 3654/986/1123 3620/952/1123 3619/951/1123
f 3654/986/1124 3655/987/1124 3621/953/1124 3620/952/1124
f 3655/987/1125 3656/988/1125 3622/954/1125 3621/953/1125
f 3656/988/1126 3657/989/1126 3623/955/1126 3622/954/1126
f 3657/989/1127 3658/990/1127 3624/956/1127 3623/955/1127
f 3658/990/1128 3659/991/1128 3625/957/1128 3624/956/1128
f 4166/992/7 3388/648/7 4165/958/7
f 3661/993/19 3627/959/19 3387/648/19
f 3662/994/1129 3663/995/1129 3629/961/1129 3628/960/1129
f 3663/995/1130 3664/996/1130 3630/962/1130 3629/961/1130
f 3664/996/1131 3665/997/1131 3631/963/1131 3630/962/1131
f 3665/997/1132 3666/998/1132 3632/964/1132 3631/963/1132
f 3666/998/1133 3667/999/1133 3633/965/1133 3632/964/1133
f 3667/999/1134 3668/1000/1134 3634/966/1134 3633/965/1134
f 3668/1000/1135 3669/1001/1135 3635/967/1135 3634/966/1135
f 3669/1001/1136 3670/1002/1136 3636/968/1136 3635/967/1136
f 3670/1002/1137 3671/1003/1137 3637/969/1137 3636/968/1137
f 3671/1003/1138 3672/1004/1138 3638/970/1138 3637/969/1138
f 3672/1004/1139 3673/1005/1139 3639/971/1139 3638/970/1139
f 3673/1005/1140 3674/1006/1140 3640/972/1140 3639/971/1140
f 3674/1006/1141 3675/1007/1141 3641/973/1141 3640/972/1141
f 3675/1007/1142 3676/1008/1142 3642/974/1142 3641/973/1142
f 3676/1008/1143 3677/1009/1143 3643/975/1143 3642/974/1143
f 3677/1009/1144 3678/1010/1144 3644/976/1144 3643/975/1144
f 3678/1010/1145 3679/1011/1145 3645/977/1145 3644/976/1145
f 3679/1011/1146 3680/1012/1146 3646/978/1146 3645/977/1146
f 3680/1012/1147 3681/1013/1147 3647/979/1147 3646/978/1147
f 3681/1013/1148 3682/1014/1148 3648/980/1148 3647/979/1148
f 3682/1014/1149 3683/1015/1149 3649/981/1149 3648/980/1149
f 3683/1015/1150 3684/1016/1150 3650/982/1150 3649/981/1150
f 3684/1016/1151 3685/1017/1151 3651/983/1151 3650/982/1151
f 3685/1017/1152 3686/1018/1152 3652/984/1152 3651/983/1152
f 3686/1018/1153 3687/1019/1153 3653/985/1153 3652/984/1153
f 3687/1019/1154 3688/1020/1154 3654/986/1154 3653/985/1154
f 3688/1020/1155 3689/1021/1155 3655/987/1155 3654/986/1155
f 3689/1021/1156 3690/1022/1156 3656/988/1156 3655/987/1156
f 3690/1022/1157 3691/1023/1157 3657/989/1157 3656/988/1157
f 3691/1023/1158 3692/1024/1158 3658/990/1158 3657/989/1158
f 3692/1024/1159 3693/1025/1159 3659/991/1159 3658/990/1159
f 4167/1026/7 3388/648/7 4166/992/7
f 3695/1027/19 3661/993/19 3387/648/19
f 3696/1028/1160 3697/1029/1160 3663/1030/1160 3662/1031/1160
f 3697/1029/1161 3698/1032/1161 3664/1033/1161 3663/1030/1161
f 3698/1032/1162 3699/1034/1162 3665/1035/1162 3664/1033/1162
f 3699/1034/1163 3700/1036/1163 3666/1037/1163 3665/1035/1163
f 3700/1036/1164 3701/1038/1164 3667/1039/1164 3666/1037/1164
f 3701/1038/1165 3702/1040/1165 3668/1041/1165 3667/1039/1165
f 3702/1040/1166 3703/1042/1166 3669/1043/1166 3668/1041/1166
f 3703/1042/1167 3704/1044/1167 3670/1045/1167 3669/1043/1167
f 3704/1044/1168 3705/1046/1168 3671/1047/1168 3670/1045/1168
f 3705/1046/1169 3706/1048/1169 3672/1049/1169 3671/1047/1169
f 3706/1048/1170 3707/1050/1170 3673/1051/1170 3672/1049/1170
f 3707/1050/1171 3708/1052/1171 3674/1053/1171 3673/1051/1171
f 3708/1052/1172 3709/1054/1172 3675/1055/1172 3674/1053/1172
f 3709/1054/1173 3710/1056/1173 3676/1057/1173 3675/1055/1173
f 3710/1056/1174 3711/1058/1174 3677/1059/1174 3676/1057/1174
f 3711/1058/1175 3712/1060/1175 3678/1061/1175 3677/1059/1175
f 3712/1060/1176 3713/1062/1176 3679/1063/1176 3678/1061/1176
f 3713/1062/1177 3714/1064/1177 3680/1065/1177 3679/1063/1177
f 3714/1064/1178 3715/1066/1178 3681/1067/1178 3680/1065/1178
f 3715/1066/1179 3716/1068/1179 3682/1069/1179 3681/1067/1179
f 3716/1068/1180 3717/1070/1180 3683/1071/1180 3682/1069/1180
f 3717/1070/1181 3718/1072/1181 3684/1073/1181 3683/1071/1181
f 3718/1072/1182 3719/1074/1182 3685/1075/1182 3684/1073/1182
f 3719/1074/1183 3720/1076/1183 3686/1077/1183 3685/1075/1183
f 3720/1076/1184 3721/1078/1184 3687/1079/1184 3686/1077/1184
f 3721/1078/1185 3722/1080/1185 3688/1081/1185 3687/1079/1185
f 3722/1080/1186 3723/1082/1186 3689/1083/1186 3688/1081/1186
f 3723/1082/1187 3724/1084/1187 3690/1085/1187 3689/1083/1187
f 3724/1084/1188 3725/1086/1188 3691/1087/1188 3690/1085/1188
f 3725/1086/1189 3726/1088/1189 3692/1089/1189 3691/1087/1189
f 3726/1088/1190 3727/1090/1190 3693/1091/1190 3692/1089/1190
f 4168/1092/7 3388/648/7 4167/1026/7
f 3729/1093/19 3695/1027/19 3387/648/19
f 3730/1094/1191 3731/1095/1191 3697/1029/1191 3696/1028/1191
f 3731/1095/1192 3732/1096/1192 3698/1032/1192 3697/1029/1192
f 3732/1096/1193 3733/1097/1193 3699/1034/1193 3698/1032/1193
f 3733/1097/1194 3734/1098/1194 3700/1036/1194 3699/1034/1194
f 3734/1098/1195 3735/1099/1195 3701/1038/1195 3700/1036/1195
f 3735/1099/1196 3736/1100/1196 3702/1040/1196 3701/1038/1196
f 3736/1100/1197 3737/1101/1197 3703/1042/1197 3702/1040/1197
f 3737/1101/1198 3738/1102/1198 3704/1044/1198 3703/1042/1198
f 3738/1102/1199 3739/1103/1199 3705/1046/1199 3704/1044/1199
f 3739/1103/1200 3740/1104/1200 3706/1048/1200 3705/1046/1200
f 3740/1104/1201 3741/1105/1201 3707/1050/1201 3706/1048/1201
f 3741/1105/1202 3742/1106/1202 3708/1052/1202 3707/1050/1202
f 3742/1106/1203 3743/1107/1203 3709/1054/1203 3708/1052/1203
f 3743/1107/1204 3744/1108/1204 3710/1056/1204 3709/1054/1204
f 3744/1108/1205 3745/1109/1205 3711/1058/1205 3710/1056/1205
f 3745/1109/1206 3746/1110/1206 3712/1060/1206 3711/1058/1206
f 3746/1110/1207 3747/1111/1207 3713/1062/1207 3712/1060/1207
f 3747/1111/1208 3748/1112/1208 3714/1064/1208 3713/1062/1208
f 3748/1112/1209 3749/1113/1209 3715/1066/1209 3714/1064/1209
f 3749/1113/1210 3750/1114/1210 3716/1068/1210 3715/1066/1210
f 3750/1114/1211 3751/1115/1211 3717/1070/1211 3716/1068/1211
f 3751/1115/1212 3752/1116/1212 3718/1072/1212 3717/1070/1212
f 3752/1116/1213 3753/1117/1213 3719/1074/1213 3718/1072/1213
f 3753/1117/1214 3754/1118/1214 3720/1076/1214 3719/1074/1214
f 3754/1118/1215 3755/1119/1215 3721/1078/1215 3720/1076/1215
f 3755/1119/1216 3756/1120/1216 3722/1080/1216 3721/1078/1216
f 3756/1120/1217 3757/1121/1217 3723/1082/1217 3722/1080/1217
f 3757/1121/1218 3758/1122/1218 3724/1084/1218 3723/1082/1218
f 3758/1122/1219 3759/1123/1219 3725/1086/1219 3724/1084/1219
f 3759/1123/1220 3760/1124/1220 3726/1088/1220 3725/1086/1220
f 3760/1124/1221 3761/1125/1221 3727/1090/1221 3726/1088/1221
f 4169/1126/7 3388/648/7 4168/1092/7
f 3763/1127/19 3729/1093/19 3387/648/19
f 3764/1128/1222 3765/1129/1222 3731/1095/1222 3730/1094/1222
f 3765/1129/1223 3766/1130/1223 3732/1096/1223 3731/1095/1223
f 3766/1130/1224 3767/660/1224 3733/1097/1224 3732/1096/1224
f 3767/660/1225 3768/659/1225 3734/1098/1225 3733/1097/1225
f 3768/659/1226 3769/662/1226 3735/1099/1226 3734/1098/1226
f 3769/662/1227 3770/670/1227 3736/1100/1227 3735/1099/1227
f 3770/670/1228 3771/669/1228 3737/1101/1228 3736/1100/1228
f 3771/669/1229 3772/672/1229 3738/1102/1229 3737/1101/1229
f 3772/672/1230 3773/680/1230 3739/1103/1230 3738/1102/1230
f 3773/680/1231 3774/679/1231 3740/1104/1231 3739/1103/1231
f 3774/679/1232 3775/682/1232 3741/1105/1232 3740/1104/1232
f 3775/682/1233 3776/690/1233 3742/1106/1233 3741/1105/1233
f 3776/690/1234 3777/689/1234 3743/1107/1234 3742/1106/1234
f 3777/689/1235 3778/692/1235 3744/1108/1235 3743/1107/1235
f 3778/692/1236 3779/700/1236 3745/1109/1236 3744/1108/1236
f 3779/700/1237 3780/699/1237 3746/1110/1237 3745/1109/1237
f 3780/699/1238 3781/702/1238 3747/1111/1238 3746/1110/1238
f 3781/702/1239 3782/710/1239 3748/1112/1239 3747/1111/1239
f 3782/710/1240 3783/709/1240 3749/1113/1240 3748/1112/1240
f 3783/709/1241 3784/712/1241 3750/1114/1241 3749/1113/1241
f 3784/712/1242 3785/720/1242 3751/1115/1242 3750/1114/1242
f 3785/720/1243 3786/719/1243 3752/1116/1243 3751/1115/1243
f 3786/719/1244 3787/722/1244 3753/1117/1244 3752/1116/1244
f 3787/722/1245 3788/730/1245 3754/1118/1245 3753/1117/1245
f 3788/730/1246 3789/729/1246 3755/1119/1246 3754/1118/1246
f 3789/729/1247 3790/732/1247 3756/1120/1247 3755/1119/1247
f 3790/732/1248 3791/740/1248 3757/1121/1248 3756/1120/1248
f 3791/740/1249 3792/739/1249 3758/1122/1249 3757/1121/1249
f 3792/739/1250 3793/742/1250 3759/1123/1250 3758/1122/1250
f 3793/742/1251 3794/750/1251 3760/1124/1251 3759/1123/1251
f 3794/750/1252 3795/749/1252 3761/1125/1252 3760/1124/1252
f 4170/1131/7 3388/648/7 4169/1126/7
f 3797/1132/19 3763/1127/19 3387/648/19
f 3798/1133/1253 3799/1134/1253 3765/1129/1253 3764/1128/1253
f 3799/1134/1254 3800/1135/1254 3766/1130/1254 3765/1129/1254
f 3800/1135/1255 3801/657/1255 3767/660/1255 3766/1130/1255
f 3801/657/1256 3802/658/1256 3768/659/1256 3767/660/1256
f 3802/658/1257 3803/661/1257 3769/662/1257 3768/659/1257
f 3803/661/1258 3804/667/1258 3770/670/1258 3769/662/1258
f 3804/667/1259 3805/668/1259 3771/669/1259 3770/670/1259
f 3805/668/1260 3806/671/1260 3772/672/1260 3771/669/1260
f 3806/671/1261 3807/677/1261 3773/680/1261 3772/672/1261
f 3807/677/1262 3808/678/1262 3774/679/1262 3773/680/1262
f 3808/678/1263 3809/681/1263 3775/682/1263 3774/679/1263
f 3809/681/1264 3810/687/1264 3776/690/1264 3775/682/1264
f 3810/687/1265 3811/688/1265 3777/689/1265 3776/690/1265
f 3811/688/1266 3812/691/1266 3778/692/1266 3777/689/1266
f 3812/691/1267 3813/697/1267 3779/700/1267 3778/692/1267
f 3813/697/1268 3814/698/1268 3780/699/1268 3779/700/1268
f 3814/698/1269 3815/701/1269 3781/702/1269 3780/699/1269
f 3815/701/1270 3816/707/1270 3782/710/1270 3781/702/1270
f 3816/707/1271 3817/708/1271 3783/709/1271 3782/710/1271
f 3817/708/1272 3818/711/1272 3784/712/1272 3783/709/1272
f 3818/711/1273 3819/717/1273 3785/720/1273 3784/712/1273
f 3819/717/1274 3820/718/1274 3786/719/1274 3785/720/1274
f 3820/718/1275 3821/721/1275 3787/722/1275 3786/719/1275
f 3821/721/1276 3822/727/1276 3788/730/1276 3787/722/1276
f 3822/727/1277 3823/728/1277 3789/729/1277 3788/730/1277
f 3823/728/1278 3824/731/1278 3790/732/1278 3789/729/1278
f 3824/731/1279 3825/737/1279 3791/740/1279 3790/732/1279
f 3825/737/1280 3826/738/1280 3792/739/1280 3791/740/1280
f 3826/738/1281 3827/741/1281 3793/742/1281 3792/739/1281
f 3827/741/1282 3828/747/1282 3794/750/1282 3793/742/1282
f 3828/747/1283 3829/748/1283 3795/749/1283 3794/750/1283
f 4171/1136/7 3388/648/7 4170/1131/7
f 3831/1137/19 3797/1132/19 3387/648/19
f 3832/792/1284 3833/791/1284 3799/1134/1284 3798/1133/1284
f 3833/791/1285 3834/794/1285 3800/1135/1285 3799/1134/1285
f 3834/794/1286 3835/758/1286 3801/657/1286 3800/1135/1286
f 3835/758/1287 3836/759/1287 3802/658/1287 3801/657/1287
f 3836/759/1288 3837/760/1288 3803/661/1288 3802/658/1288
f 3837/760/1289 3838/761/1289 3804/667/1289 3803/661/1289
f 3838/761/1290 3839/762/1290 3805/668/1290 3804/667/1290
f 3839/762/1291 3840/763/1291 3806/671/1291 3805/668/1291
f 3840/763/1292 3841/764/1292 3807/677/1292 3806/671/1292
f 3841/764/1293 3842/765/1293 3808/678/1293 3807/677/1293
f 3842/765/1294 3843/766/1294 3809/681/1294 3808/678/1294
f 3843/766/1295 3844/767/1295 3810/687/1295 3809/681/1295
f 3844/767/1296 3845/768/1296 3811/688/1296 3810/687/1296
f 3845/768/1297 3846/769/1297 3812/691/1297 3811/688/1297
f 3846/769/1298 3847/770/1298 3813/697/1298 3812/691/1298
f 3847/770/1299 3848/771/1299 3814/698/1299 3813/697/1299
f 3848/771/1300 3849/772/1300 3815/701/1300 3814/698/1300
f 3849/772/1301 3850/773/1301 3816/707/1301 3815/701/1301
f 3850/773/1302 3851/774/1302 3817/708/1302 3816/707/1302
f 3851/774/1303 3852/775/1303 3818/711/1303 3817/708/1303
f 3852/775/1304 3853/776/1304 3819/717/1304 3818/711/1304
f 3853/776/1305 3854/777/1305 3820/718/1305 3819/717/1305
f 3854/777/1306 3855/778/1306 3821/721/1306 3820/718/1306
f 3855/778/1307 3856/779/1307 3822/727/1307 3821/721/1307
f 3856/779/1308 3857/780/1308 3823/728/1308 3822/727/1308
f 3857/780/1309 3858/781/1309 3824/731/1309 3823/728/1309
f 3858/781/1310 3859/782/1310 3825/737/1310 3824/731/1310
f 3859/782/1311 3860/783/1311 3826/738/1311 3825/737/1311
f 3860/783/1312 3861/784/1312 3827/741/1312 3826/738/1312
f 3861/784/1313 3862/785/1313 3828/747/1313 3827/741/1313
f 3862/785/1314 3863/786/1314 3829/748/1314 3828/747/1314
f 4172/1138/7 3388/648/7 4171/1136/7
f 3865/1139/19 3831/1137/19 3387/648/19
f 3866/789/1315 3867/790/1315 3833/791/1315 3832/792/1315
f 3867/790/1316 3868/793/1316 3834/794/1316 3833/791/1316
f 3868/793/1317 3869/795/1317 3835/758/1317 3834/794/1317
f 3869/795/1318 3870/796/1318 3836/759/1318 3835/758/1318
f 3870/796/1319 3871/797/1319 3837/760/1319 3836/759/1319
f 3871/797/1320 3872/798/1320 3838/761/1320 3837/760/1320
f 3872/798/1321 3873/799/1321 3839/762/1321 3838/761/1321
f 3873/799/1322 3874/800/1322 3840/763/1322 3839/762/1322
f 3874/800/1323 3875/801/1323 3841/764/1323 3840/763/1323
f 3875/801/1324 3876/802/1324 3842/765/1324 3841/764/1324
f 3876/802/1325 3877/803/1325 3843/766/1325 3842/765/1325
f 3877/803/1326 3878/804/1326 3844/767/1326 3843/766/1326
f 3878/804/1327 3879/805/1327 3845/768/1327 3844/767/1327
f 3879/805/1328 3880/806/1328 3846/769/1328 3845/768/1328
f 3880/806/1329 3881/807/1329 3847/770/1329 3846/769/1329
f 3881/807/1330 3882/808/1330 3848/771/1330 3847/770/1330
f 3882/808/1331 3883/809/1331 3849/772/1331 3848/771/1331
f 3883/809/1332 3884/810/1332 3850/773/1332 3849/772/1332
f 3884/810/1333 3885/811/1333 3851/774/1333 3850/773/1333
f 3885/811/1334 3886/812/1334 3852/775/1334 3851/774/1334
f 3886/812/1335 3887/813/1335 3853/776/1335 3852/775/1335
f 3887/813/1336 3888/814/1336 3854/777/1336 3853/776/1336
f 3888/814/1337 3889/815/1337 3855/778/1337 3854/777/1337
f 3889/815/1338 3890/816/1338 3856/779/1338 3855/778/1338
f 3890/816/1339 3891/817/1339 3857/780/1339 3856/779/1339
f 3891/817/1340 3892/818/1340 3858/781/1340 3857/780/1340
f 3892/818/1341 3893/819/1341 3859/782/1341 3858/781/1341
f 3893/819/1342 3894/820/1342 3860/783/1342 3859/782/1342
f 3894/820/1343 3895/821/1343 3861/784/1343 3860/783/1343
f 3895/821/1344 3896/822/1344 3862/785/1344 3861/784/1344
f 3896/822/1345 3897/823/1345 3863/786/1345 3862/785/1345
f 4173/1140/7 3388/648/7 4172/1138/7
f 3899/1141/19 3865/1139/19 3387/648/19
f 3900/826/1346 3901/827/1346 3867/828/1346 3866/829/1346
f 3901/827/1347 3902/830/1347 3868/831/1347 3867/828/1347
f 3902/830/1348 3903/832/1348 3869/833/1348 3868/831/1348
f 3903/832/1349 3904/834/1349 3870/835/1349 3869/833/1349
f 3904/834/1350 3905/836/1350 3871/837/1350 3870/835/1350
f 3905/836/1351 3906/838/1351 3872/839/1351 3871/837/1351
f 3906/838/1352 3907/840/1352 3873/841/1352 3872/839/1352
f 3907/840/1353 3908/842/1353 3874/843/1353 3873/841/1353
f 3908/842/1354 3909/844/1354 3875/845/1354 3874/843/1354
f 3909/844/1355 3910/846/1355 3876/847/1355 3875/845/1355
f 3910/846/1356 3911/848/1356 3877/849/1356 3876/847/1356
f 3911/848/1357 3912/850/1357 3878/851/1357 3877/849/1357
f 3912/850/1358 3913/852/1358 3879/853/1358 3878/851/1358
f 3913/852/1359 3914/854/1359 3880/855/1359 3879/853/1359
f 3914/854/1360 3915/856/1360 3881/857/1360 3880/855/1360
f 3915/856/1361 3916/858/1361 3882/859/1361 3881/857/1361
f 3916/858/1362 3917/860/1362 3883/861/1362 3882/859/1362
f 3917/860/1363 3918/862/1363 3884/863/1363 3883/861/1363
f 3918/862/1364 3919/864/1364 3885/865/1364 3884/863/1364
f 3919/864/1365 3920/866/1365 3886/867/1365 3885/865/1365
f 3920/866/1366 3921/868/1366 3887/869/1366 3886/867/1366
f 3921/868/1367 3922/870/1367 3888/871/1367 3887/869/1367
f 3922/870/1368 3923/872/1368 3889/873/1368 3888/871/1368
f 3923/872/1369 3924/874/1369 3890/875/1369 3889/873/1369
f 3924/874/1370 3925/876/1370 3891/877/1370 3890/875/1370
f 3925/876/1371 3926/878/1371 3892/879/1371 3891/877/1371
f 3926/878/1372 3927/880/1372 3893/881/1372 3892/879/1372
f 3927/880/1373 3928/882/1373 3894/883/1373 3893/881/1373
f 3928/882/1374 3929/884/1374 3895/885/1374 3894/883/1374
f 3929/884/1375 3930/886/1375 3896/887/1375 3895/885/1375
f 3930/886/1376 3931/888/1376 3897/889/1376 3896/887/1376
f 4174/1142/7 3388/648/7 4173/1140/7
f 3933/1143/19 3899/1141/19 3387/648/19
f 3934/892/1377 3935/893/1377 3901/827/1377 3900/826/1377
f 3935/893/1378 3936/894/1378 3902/830/1378 3901/827/1378
f 3936/894/1379 3937/895/1379 3903/832/1379 3902/830/1379
f 3937/895/1380 3938/896/1380 3904/834/1380 3903/832/1380
f 3938/896/1381 3939/897/1381 3905/836/1381 3904/834/1381
f 3939/897/1382 3940/898/1382 3906/838/1382 3905/836/1382
f 3940/898/1383 3941/899/1383 3907/840/1383 3906/838/1383
f 3941/899/1384 3942/900/1384 3908/842/1384 3907/840/1384
f 3942/900/1385 3943/901/1385 3909/844/1385 3908/842/1385
f 3943/901/1386 3944/902/1386 3910/846/1386 3909/844/1386
f 3944/902/1387 3945/903/1387 3911/848/1387 3910/846/1387
f 3945/903/1388 3946/904/1388 3912/850/1388 3911/848/1388
f 3946/904/1389 3947/905/1389 3913/852/1389 3912/850/1389
f 3947/905/1390 3948/906/1390 3914/854/1390 3913/852/1390
f 3948/906/1391 3949/907/1391 3915/856/1391 3914/854/1391
f 3949/907/1392 3950/908/1392 3916/858/1392 3915/856/1392
f 3950/908/1393 3951/909/1393 3917/860/1393 3916/858/1393
f 3951/909/1394 3952/910/1394 3918/862/1394 3917/860/1394
f 3952/910/1395 3953/911/1395 3919/864/1395 3918/862/1395
f 3953/911/1396 3954/912/1396 3920/866/1396 3919/864/1396
f 3954/912/1397 3955/913/1397 3921/868/1397 3920/866/1397
f 3955/913/1398 3956/914/1398 3922/870/1398 3921/868/1398
f 3956/914/1399 3957/915/1399 3923/872/1399 3922/870/1399
f 3957/915/1400 3958/916/1400 3924/874/1400 3923/872/1400
f 3958/916/1401 3959/917/1401 3925/876/1401 3924/874/1401
f 3959/917/1402 3960/918/1402 3926/878/1402 3925/876/1402
f 3960/918/1403 3961/919/1403 3927/880/1403 3926/878/1403
f 3961/919/1404 3962/920/1404 3928/882/1404 3927/880/1404
f 3962/920/1405 3963/921/1405 3929/884/1405 3928/882/1405
f 3963/921/1406 3964/922/1406 3930/886/1406 3929/884/1406
f 3964/922/1407 3965/923/1407 3931/888/1407 3930/886/1407
f 4175/1144/7 3388/648/7 4174/1142/7
f 3967/1145/19 3933/1143/19 3387/648/19
f 3968/926/1408 3969/927/1408 3935/893/1408 3934/892/1408
f 3969/927/1409 3970/928/1409 3936/894/1409 3935/893/1409
f 3970/928/1410 3971/929/1410 3937/895/1410 3936/894/1410
f 3971/929/1411 3972/930/1411 3938/896/1411 3937/895/1411
f 3972/930/1412 3973/931/1412 3939/897/1412 3938/896/1412
f 3973/931/1413 3974/932/1413 3940/898/1413 3939/897/1413
f 3974/932/1414 3975/933/1414 3941/899/1414 3940/898/1414
f 3975/933/1415 3976/934/1415 3942/900/1415 3941/899/1415
f 3976/934/1416 3977/935/1416 3943/901/1416 3942/900/1416
f 3977/935/1417 3978/936/1417 3944/902/1417 3943/901/1417
f 3978/936/1418 3979/937/1418 3945/903/1418 3944/902/1418
f 3979/937/1419 3980/938/1419 3946/904/1419 3945/903/1419
f 3980/938/1420 3981/939/1420 3947/905/1420 3946/904/1420
f 3981/939/1421 3982/940/1421 3948/906/1421 3947/905/1421
f 3982/940/1422 3983/941/1422 3949/907/1422 3948/906/1422
f 3983/941/1423 3984/942/1423 3950/908/1423 3949/907/1423
f 3984/942/1424 3985/943/1424 3951/909/1424 3950/908/1424
f 3985/943/1425 3986/944/1425 3952/910/1425 3951/909/1425
f 3986/944/1426 3987/945/1426 3953/911/1426 3952/910/1426
f 3987/945/1427 3988/946/1427 3954/912/1427 3953/911/1427
f 3988/946/1428 3989/947/1428 3955/913/1428 3954/912/1428
f 3989/947/1429 3990/948/1429 3956/914/1429 3955/913/1429
f 3990/948/1430 3991/949/1430 3957/915/1430 3956/914/1430
f 3991/949/1431 3992/950/1431 3958/916/1431 3957/915/1431
f 3992/950/1432 3993/951/1432 3959/917/1432 3958/916/1432
f 3993/951/1433 3994/952/1433 3960/918/1433 3959/917/1433
f 3994/952/1434 3995/953/1434 3961/919/1434 3960/918/1434
f 3995/953/1435 3996/954/1435 3962/920/1435 3961/919/1435
f 3996/954/1436 3997/955/1436 3963/921/1436 3962/920/1436
f 3997/955/1437 3998/956/1437 3964/922/1437 3963/921/1437
f 3998/956/1438 3999/957/1438 3965/923/1438 3964/922/1438
f 4176/1146/7 3388/648/7 4175/1144/7
f 4001/1147/19 3967/1145/19 3387/648/19
f 4002/960/1439 4003/961/1439 3969/927/1439 3968/926/1439
f 4003/961/1440 4004/962/1440 3970/928/1440 3969/927/1440
f 4004/962/1441 4005/963/1441 3971/929/1441 3970/928/1441
f 4005/963/1442 4006/964/1442 3972/930/1442 3971/929/1442
f 4006/964/1443 4007/965/1443 3973/931/1443 3972/930/1443
f 4007/965/1444 4008/966/1444 3974/932/1444 3973/931/1444
f 4008/966/1445 4009/967/1445 3975/933/1445 3974/932/1445
f 4009/967/1446 4010/968/1446 3976/934/1446 3975/933/1446
f 4010/968/1447 4011/969/1447 3977/935/1447 3976/934/1447
f 4011/969/1448 4012/970/1448 3978/936/1448 3977/935/1448
f 4012/970/1449 4013/971/1449 3979/937/1449 3978/936/1449
f 4013/971/1450 4014/972/1450 3980/938/1450 3979/937/1450
f 4014/972/1451 4015/973/1451 3981/939/1451 3980/938/1451
f 4015/973/1452 4016/974/1452 3982/940/1452 3981/939/1452
f 4016/974/1453 4017/975/1453 3983/941/1453 3982/940/1453
f 4017/975/1454 4018/976/1454 3984/942/1454 3983/941/1454
f 4018/976/1455 4019/977/1455 3985/943/1455 3984/942/1455
f 4019/977/1456 4020/978/1456 3986/944/1456 3985/943/1456
f 4020/978/1457 4021/979/1457 3987/945/1457 3986/944/1457
f 4021/979/1458 4022/980/1458 3988/946/1458 3987/945/1458
f 4022/980/1459 4023/981/1459 3989/947/1459 3988/946/1459
f 4023/981/1460 4024/982/1460 3990/948/1460 3989/947/1460
f 4024/982/1461 4025/983/1461 3991/949/1461 3990/948/1461
f 4025/983/1462 4026/984/1462 3992/950/1462 3991/949/1462
f 4026/984/1463 4027/985/1463 3993/951/1463 3992/950/1463
f 4027/985/1464 4028/986/1464 3994/952/1464 3993/951/1464
f 4028/986/1465 4029/987/1465 3995/953/1465 3994/952/1465
f 4029/987/1466 4030/988/1466 3996/954/1466 3995/953/1466
f 4030/988/1467 4031/989/1467 3997/955/1467 3996/954/1467
f 4031/989/1468 4032/990/1468 3998/956/1468 3997/955/1468
f 4032/990/1469 4033/991/1469 3999/957/1469 3998/956/1469
f 4177/1148/7 3388/648/7 4176/1146/7
f 4035/1149/19 4001/1147/19 3387/648/19
f 4036/994/1470 4037/995/1470 4003/961/1470 4002/960/1470
f 4037/995/1471 4038/996/1471 4004/962/1471 4003/961/1471
f 4038/996/1472 4039/997/1472 4005/963/1472 4004/962/1472
f 4039/997/1473 4040/998/1473 4006/964/1473 4005/963/1473
f 4040/998/1474 4041/999/1474 4007/965/1474 4006/964/1474
f 4041/999/1475 4042/1000/1475 4008/966/1475 4007/965/1475
f 4042/1000/1476 4043/1001/1476 4009/967/1476 4008/966/1476
f 4043/1001/1477 4044/1002/1477 4010/968/1477 4009/967/1477
f 4044/1002/1478 4045/1003/1478 4011/969/1478 4010/968/1478
f 4045/1003/1479 4046/1004/1479 4012/970/1479 4011/969/1479
f 4046/1004/1480 4047/1005/1480 4013/971/1480 4012/970/1480
f 4047/1005/1481 4048/1006/1481 4014/972/1481 4013/971/1481
f 4048/1006/1482 4049/1007/1482 4015/973/1482 4014/972/1482
f 4049/1007/1483 4050/1008/1483 4016/974/1483 4015/973/1483
f 4050/1008/1484 4051/1009/1484 4017/975/1484 4016/974/1484
f 4051/1009/1485 4052/1010/1485 4018/976/1485 4017/975/1485
f 4052/1010/1486 4053/1011/1486 4019/977/1486 4018/976/1486
f 4053/1011/1487 4054/1012/1487 4020/978/1487 4019/977/1487
f 4054/1012/1488 4055/1013/1488 4021/979/1488 4020/978/1488
f 4055/1013/1489 4056/1014/1489 4022/980/1489 4021/979/1489
f 4056/1014/1490 4057/1015/1490 4023/981/1490 4022/980/1490
f 4057/1015/1491 4058/1016/1491 4024/982/1491 4023/981/1491
f 4058/1016/1492 4059/1017/1492 4025/983/1492 4024/982/1492
f 4059/1017/1493 4060/1018/1493 4026/984/1493 4025/983/1493
f 4060/1018/1494 4061/1019/1494 4027/985/1494 4026/984/1494
f 4061/1019/1495 4062/1020/1495 4028/986/1495 4027/985/1495
f 4062/1020/1496 4063/1021/1496 4029/987/1496 4028/986/1496
f 4063/1021/1497 4064/1022/1497 4030/988/1497 4029/987/1497
f 4064/1022/1498 4065/1023/1498 4031/989/1498 4030/988/1498
f 4065/1023/1499 4066/1024/1499 4032/990/1499 4031/989/1499
f 4066/1024/1500 4067/1025/1500 4033/991/1500 4032/990/1500
f 4178/1150/7 3388/648/7 4177/1148/7
f 4069/1151/19 4035/1149/19 3387/648/19
f 4070/1028/1501 4071/1029/1501 4037/1030/1501 4036/1031/1501
f 4071/1029/1502 4072/1032/1502 4038/1033/1502 4037/1030/1502
f 4072/1032/1503 4073/1034/1503 4039/1035/1503 4038/1033/1503
f 4073/1034/1504 4074/1036/1504 4040/1037/1504 4039/1035/1504
f 4074/1036/1505 4075/1038/1505 4041/1039/1505 4040/1037/1505
f 4075/1038/1506 4076/1040/1506 4042/1041/1506 4041/1039/1506
f 4076/1040/1507 4077/1042/1507 4043/1043/1507 4042/1041/1507
f 4077/1042/1508 4078/1044/1508 4044/1045/1508 4043/1043/1508
f 4078/1044/1509 4079/1046/1509 4045/1047/1509 4044/1045/1509
f 4079/1046/1510 4080/1048/1510 4046/1049/1510 4045/1047/1510
f 4080/1048/1511 4081/1050/1511 4047/1051/1511 4046/1049/1511
f 4081/1050/1512 4082/1052/1512 4048/1053/1512 4047/1051/1512
f 4082/1052/1513 4083/1054/1513 4049/1055/1513 4048/1053/1513
f 4083/1054/1514 4084/1056/1514 4050/1057/1514 4049/1055/1514
f 4084/1056/1515 4085/1058/1515 4051/1059/1515 4050/1057/1515
f 4085/1058/1516 4086/1060/1516 4052/1061/1516 4051/1059/1516
f 4086/1060/1517 4087/1062/1517 4053/1063/1517 4052/1061/1517
f 4087/1062/1518 4088/1064/1518 4054/1065/1518 4053/1063/1518
f 4088/1064/1519 4089/1066/1519 4055/1067/1519 4054/1065/1519
f 4089/1066/1520 4090/1068/1520 4056/1069/1520 4055/1067/1520
f 4090/1068/1521 4091/1070/1521 4057/1071/1521 4056/1069/1521
f 4091/1070/1522 4092/1072/1522 4058/1073/1522 4057/1071/1522
f 4092/1072/1523 4093/1074/1523 4059/1075/1523 4058/1073/1523
f 4093/1074/1524 4094/1076/1524 4060/1077/1524 4059/1075/1524
f 4094/1076/1525 4095/1078/1525 4061/1079/1525 4060/1077/1525
f 4095/1078/1526 4096/1080/1526 4062/1081/1526 4061/1079/1526
f 4096/1080/1527 4097/1082/1527 4063/1083/1527 4062/1081/1527
f 4097/1082/1528 4098/1084/1528 4064/1085/1528 4063/1083/1528
f 4098/1084/1529 4099/1086/1529 4065/1087/1529 4064/1085/1529
f 4099/1086/1530 4100/1088/1530 4066/1089/1530 4065/1087/1530
f 4100/1088/1531 4101/1090/1531 4067/1091/1531 4066/1089/1531
f 4179/1152/7 3388/648/7 4178/1150/7
f 4103/1153/19 4069/1151/19 3387/648/19
f 4104/1094/1532 4105/1095/1532 4071/1029/1532 4070/1028/1532
f 4105/1095/1533 4106/1096/1533 4072/1032/1533 4071/1029/1533
f 4106/1096/1534 4107/1097/1534 4073/1034/1534 4072/1032/1534
f 4107/1097/1535 4108/1098/1535 4074/1036/1535 4073/1034/1535
f 4108/1098/1536 4109/1099/1536 4075/1038/1536 4074/1036/1536
f 4109/1099/1537 4110/1100/1537 4076/1040/1537 4075/1038/1537
f 4110/1100/1538 4111/1101/1538 4077/1042/1538 4076/1040/1538
f 4111/1101/1539 4112/1102/1539 4078/1044/1539 4077/1042/1539
f 4112/1102/1540 4113/1103/1540 4079/1046/1540 4078/1044/1540
f 4113/1103/1541 4114/1104/1541 4080/1048/1541 4079/1046/1541
f 4114/1104/1542 4115/1105/1542 4081/1050/1542 4080/1048/1542
f 4115/1105/1543 4116/1106/1543 4082/1052/1543 4081/1050/1543
f 4116/1106/1544 4117/1107/1544 4083/1054/1544 4082/1052/1544
f 4117/1107/1545 4118/1108/1545 4084/1056/1545 4083/1054/1545
f 4118/1108/1546 4119/1109/1546 4085/1058/1546 4084/1056/1546
f 4119/1109/1547 4120/1110/1547 4086/1060/1547 4085/1058/1547
f 4120/1110/1548 4121/1111/1548 4087/1062/1548 4086/1060/1548
f 4121/1111/1549 4122/1112/1549 4088/1064/1549 4087/1062/1549
f 4122/1112/1550 4123/1113/1550 4089/1066/1550 4088/1064/1550
f 4123/1113/1551 4124/1114/1551 4090/1068/1551 4089/1066/1551
f 4124/1114/1552 4125/1115/1552 4091/1070/1552 4090/1068/1552
f 4125/1115/1553 4126/1116/1553 4092/1072/1553 4091/1070/1553
f 4126/1116/1554 4127/1117/1554 4093/1074/1554 4092/1072/1554
f 4127/1117/1555 4128/1118/1555 4094/1076/1555 4093/1074/1555
f 4128/1118/1556 4129/1119/1556 4095/1078/1556 4094/1076/1556
f 4129/1119/1557 4130/1120/1557 4096/1080/1557 4095/1078/1557
f 4130/1120/1558 4131/1121/1558 4097/1082/1558 4096/1080/1558
f 4131/1121/1559 4132/1122/1559 4098/1084/1559 4097/1082/1559
f 4132/1122/1560 4133/1123/1560 4099/1086/1560 4098/1084/1560
f 4133/1123/1561 4134/1124/1561 4100/1088/1561 4099/1086/1561
f 4134/1124/1562 4135/1125/1562 4101/1090/1562 4100/1088/1562
f 4180/1154/7 3388/648/7 4179/1152/7
f 3389/647/19 4103/1153/19 3387/648/19
f 3390/1128/1563 3391/1129/1563 4105/1095/1563 4104/1094/1563
f 3391/1129/1564 3392/1130/1564 4106/1096/1564 4105/1095/1564
f 3392/1130/1565 3393/660/1565 4107/1097/1565 4106/1096/1565
f 3393/660/1566 3394/659/1566 4108/1098/1566 4107/1097/1566
f 3394/659/1567 3395/662/1567 4109/1099/1567 4108/1098/1567
f 3395/662/1568 3396/670/1568 4110/1100/1568 4109/1099/1568
f 3396/670/1569 3397/669/1569 4111/1101/1569 4110/1100/1569
f 3397/669/1570 3398/672/1570 4112/1102/1570 4111/1101/1570
f 3398/672/1571 3399/680/1571 4113/1103/1571 4112/1102/1571
f 3399/680/1572 3400/679/1572 4114/1104/1572 4113/1103/1572
f 3400/679/1573 3401/682/1573 4115/1105/1573 4114/1104/1573
f 3401/682/1574 3402/690/1574 4116/1106/1574 4115/1105/1574
f 3402/690/1575 3403/689/1575 4117/1107/1575 4116/1106/1575
f 3403/689/1576 3404/692/1576 4118/1108/1576 4117/1107/1576
f 3404/692/1577 3405/700/1577 4119/1109/1577 4118/1108/1577
f 3405/700/1578 3406/699/1578 4120/1110/1578 4119/1109/1578
f 3406/699/1579 3407/702/1579 4121/1111/1579 4120/1110/1579
f 3407/702/1580 3408/710/1580 4122/1112/1580 4121/1111/1580
f 3408/710/1581 3409/709/1581 4123/1113/1581 4122/1112/1581
f 3409/709/1582 3410/712/1582 4124/1114/1582 4123/1113/1582
f 3410/712/1583 3411/720/1583 4125/1115/1583 4124/1114/1583
f 3411/720/1584 3412/719/1584 4126/1116/1584 4125/1115/1584
f 3412/719/1585 3413/722/1585 4127/1117/1585 4126/1116/1585
f 3413/722/1586 3414/730/1586 4128/1118/1586 4127/1117/1586
f 3414/730/1587 3415/729/1587 4129/1119/1587 4128/1118/1587
f 3415/729/1588 3416/732/1588 4130/1120/1588 4129/1119/1588
f 3416/732/1589 3417/740/1589 4131/1121/1589 4130/1120/1589
f 3417/740/1590 3418/739/1590 4132/1122/1590 4131/1121/1590
f 3418/739/1591 3419/742/1591 4133/1123/1591 4132/1122/1591
f 3419/742/1592 3420/750/1592 4134/1124/1592 4133/1123/1592
f 3420/750/1593 3421/749/1593 4135/1125/1593 4134/1124/1593
f 4159/752/7 3388/648/7 4180/1154/7
f 3456/1155/1594 4138/1154/1594 4137/752/1594 3422/1156/1594
f 3490/1157/1595 4139/1152/1595 4138/1154/1595 3456/1155/1595
f 3524/1158/1596 4140/1150/1596 4139/1152/1596 3490/1157/1596
f 3558/1159/1597 4141/1148/1597 4140/1150/1597 3524/1158/1597
f 3592/1160/1598 4142/1146/1598 4141/1148/1598 3558/1159/1598
f 3626/1161/1599 4143/1144/1599 4142/1146/1599 3592/1160/1599
f 3660/1162/1600 4144/1142/1600 4143/1144/1600 3626/1161/1600
f 3694/1163/1601 4145/1140/1601 4144/1142/1601 3660/1162/1601
f 3728/1164/1602 4146/1138/1602 4145/1140/1602 3694/1163/1602
f 3762/1165/1603 4147/1136/1603 4146/1138/1603 3728/1164/1603
f 3796/1166/1604 4148/1131/1604 4147/1136/1604 3762/1165/1604
f 3830/1167/1605 4149/1126/1605 4148/1131/1605 3796/1166/1605
f 3864/1168/1606 4150/1092/1606 4149/1126/1606 3830/1167/1606
f 3898/1169/1607 4151/1026/1607 4150/1092/1607 3864/1168/1607
f 3932/1170/1608 4152/992/1608 4151/1026/1608 3898/1169/1608
f 3966/1171/1609 4153/958/1609 4152/992/1609 3932/1170/1609
f 4000/1172/1610 4154/924/1610 4153/958/1610 3966/1171/1610
f 4034/1173/1611 4155/890/1611 4154/924/1611 4000/1172/1611
f 4068/1174/1612 4156/824/1612 4155/890/1612 4034/1173/1612
f 4102/1175/1613 4157/787/1613 4156/824/1613 4068/1174/1613
f 4136/1176/1614 4158/751/1614 4157/787/1614 4102/1175/1614
f 3422/1156/1615 4137/752/1615 4158/751/1615 4136/1176/1615
f 4138/1177/1616 4160/1178/1616 4159/1179/1616 4137/1180/1616
f 4139/1181/1617 4161/1182/1617 4160/1178/1617 4138/1177/1617
f 4140/1183/1618 4162/1184/1618 4161/1182/1618 4139/1181/1618
f 4141/1185/1619 4163/1186/1619 4162/1187/1619 4140/1188/1619
f 4142/1189/1620 4164/1190/1620 4163/1186/1620 4141/1185/1620
f 4143/1191/1621 4165/1192/1621 4164/1190/1621 4142/1189/1621
f 4144/1193/1622 4166/1194/1622 4165/1192/1622 4143/1191/1622
f 4145/1195/1623 4167/1196/1623 4166/1194/1623 4144/1193/1623
f 4146/1197/1624 4168/1198/1624 4167/1199/1624 4145/1200/1624
f 4147/1201/1625 4169/1202/1625 4168/1198/1625 4146/1197/1625
f 4148/1180/1626 4170/1179/1626 4169/1202/1626 4147/1201/1626
f 4149/1177/1627 4171/1178/1627 4170/1179/1627 4148/1180/1627
f 4150/1181/1628 4172/1182/1628 4171/1178/1628 4149/1177/1628
f 4151/1183/1629 4173/1184/1629 4172/1182/1629 4150/1181/1629
f 4152/1185/1630 4174/1186/1630 4173/1187/1630 4151/1188/1630
f 4153/1189/1631 4175/1190/1631 4174/1186/1631 4152/1185/1631
f 4154/1191/1632 4176/1192/1632 4175/1190/1632 4153/1189/1632
f 4155/1193/1633 4177/1194/1633 4176/1192/1633 4154/1191/1633
f 4156/1195/1634 4178/1196/1634 4177/1194/1634 4155/1193/1634
f 4157/1197/1635 4179/1198/1635 4178/1199/1635 4156/1200/1635
f 4158/1201/1636 4180/1202/1636 4179/1198/1636 4157/1197/1636
f 4137/1180/1637 4159/1179/1637 4180/1202/1637 4158/1201/1637
f 3424/1153/1638 4185/1203/1638 4181/1204/1638 3390/647/1638
f 3390/1205/1639 4181/1206/1639 4182/1207/1639 3391/1208/1639
f 3391/1208/1640 4182/1207/1640 4183/1209/1640 3392/1210/1640
f 3393/1211/1641 4184/1212/1641 4186/1213/1641 3427/1214/1641
f 3392/1210/1642 4183/1209/1642 4184/1215/1642 3393/1216/1642
f 3458/1151/1643 4187/1217/1643 4185/1203/1643 3424/1153/1643
f 3459/1218/1644 4188/1219/1644 4187/1220/1644 3458/1221/1644
f 3460/1222/1645 4189/1223/1645 4188/1219/1645 3459/1218/1645
f 3461/1224/1646 4190/1225/1646 4189/1223/1646 3460/1222/1646
f 3427/1214/1647 4186/1213/1647 4190/1226/1647 3461/1227/1647
f 3429/1228/1648 4193/1229/1648 4191/1230/1648 3395/1231/1648
f 3430/1232/1649 4194/1233/1649 4193/1234/1649 3429/1235/1649
f 3396/1236/1650 4192/1237/1650 4194/1238/1650 3430/1239/1650
f 3395/1240/1651 4191/1241/1651 4192/1242/1651 3396/1243/1651
f 3432/1244/1652 4197/1245/1652 4195/1246/1652 3398/1247/1652
f 3433/1248/1653 4198/1249/1653 4197/1250/1653 3432/1251/1653
f 3399/1252/1654 4196/1253/1654 4198/1254/1654 3433/1255/1654
f 3398/1256/1655 4195/1257/1655 4196/1258/1655 3399/1259/1655
f 3435/1260/1656 4201/1261/1656 4199/1262/1656 3401/1263/1656
f 3436/1264/1657 4202/1265/1657 4201/1266/1657 3435/1267/1657
f 3402/1268/1658 4200/1269/1658 4202/1270/1658 3436/1271/1658
f 3401/1272/1659 4199/1273/1659 4200/1274/1659 3402/1275/1659
f 3438/1276/1660 4205/1277/1660 4203/1278/1660 3404/1279/1660
f 3439/1280/1661 4206/1281/1661 4205/1282/1661 3438/1283/1661
f 3405/1284/1662 4204/1285/1662 4206/1286/1662 3439/1287/1662
f 3404/1288/1663 4203/1289/1663 4204/1290/1663 3405/1291/1663
f 3441/1292/1664 4209/1293/1664 4207/1294/1664 3407/1295/1664
f 3442/1296/1665 4210/1297/1665 4209/1298/1665 3441/1299/1665
f 3408/1300/1666 4208/1301/1666 4210/1302/1666 3442/1303/1666
f 3407/1304/1667 4207/1305/1667 4208/1306/1667 3408/1307/1667
f 3444/1308/1668 4213/1309/1668 4211/1310/1668 3410/1311/1668
f 3445/1312/1669 4214/1313/1669 4213/1314/1669 3444/1315/1669
f 3411/1316/1670 4212/1317/1670 4214/1318/1670 3445/1319/1670
f 3410/1320/1671 4211/1321/1671 4212/1322/1671 3411/1323/1671
f 3447/1324/1672 4217/1325/1672 4215/1326/1672 3413/1327/1672
f 3448/1328/1673 4218/1329/1673 4217/1330/1673 3447/1331/1673
f 3414/1332/1674 4216/1333/1674 4218/1334/1674 3448/1335/1674
f 3413/1336/1675 4215/1337/1675 4216/1338/1675 3414/1339/1675
f 3450/1340/1676 4221/1341/1676 4219/1342/1676 3416/1343/1676
f 3451/1344/1677 4222/1345/1677 4221/1346/1677 3450/1347/1677
f 3417/1348/1678 4220/1349/1678 4222/1350/1678 3451/1351/1678
f 3416/1352/1679 4219/1353/1679 4220/1354/1679 3417/1355/1679
f 3453/1356/1680 4225/1357/1680 4223/1358/1680 3419/1359/1680
f 3454/1360/1681 4226/1361/1681 4225/1362/1681 3453/1363/1681
f 3420/1364/1682 4224/1365/1682 4226/1366/1682 3454/1367/1682
f 3419/1368/1683 4223/1369/1683 4224/1370/1683 3420/1371/1683
