# Blender 3.6.3
# www.blender.org
mtllib seagull.mtl
o Cube.001
v 0.551298 -0.732336 0.780720
v 0.551298 -0.732336 0.780720
v 0.551298 -0.732336 0.780720
v 0.551298 -0.732336 0.780720
v 0.513782 0.862763 0.763258
v 0.513782 0.862763 0.763258
v 0.513782 0.862763 0.763258
v 0.513782 0.862763 0.763258
v 0.364707 -0.531742 -0.213013
v 0.364707 -0.531742 -0.213013
v 0.364707 -0.531742 -0.213013
v 0.364707 -0.531742 -0.213013
v 0.319589 0.419291 -0.223669
v 0.319589 0.419291 -0.223669
v 0.319589 0.419291 -0.223669
v 0.319589 0.419291 -0.223669
v 0.059041 -0.531660 -0.215334
v 0.059041 -0.531660 -0.215334
v 0.059041 0.419261 -0.223446
v 0.059041 0.419261 -0.223446
v 0.059041 -0.732668 0.780415
v 0.059041 -0.732668 0.780415
v 0.059041 0.862763 0.763259
v 0.059041 0.862763 0.763259
v 0.496992 -0.714486 1.880346
v 0.496992 -0.714486 1.880346
v 0.496992 -0.714486 1.880346
v 0.496992 -0.714486 1.880346
v 0.458033 0.874831 1.865709
v 0.458033 0.874831 1.865709
v 0.458033 0.874831 1.865709
v 0.458033 0.874831 1.865709
v 0.058052 -0.711100 1.879032
v 0.058052 -0.711100 1.879032
v 0.239850 -0.292609 4.342069
v 0.239850 -0.292609 4.342069
v 0.402490 0.097256 3.680855
v 0.402490 0.097256 3.680855
v 0.402490 0.097256 3.680855
v 0.402490 0.097256 3.680855
v 0.383097 -0.091909 4.107495
v 0.383097 -0.091909 4.107495
v 0.383097 -0.091909 4.107495
v 0.383097 -0.091909 4.107495
v 0.059041 0.874831 1.865709
v 0.059041 0.874831 1.865709
v 0.398124 -0.644624 2.835379
v 0.398124 -0.644624 2.835379
v 0.398124 -0.644624 2.835379
v 0.398124 -0.644624 2.835379
v 0.358709 0.706783 2.833733
v 0.358709 0.706783 2.833733
v 0.358709 0.706783 2.833733
v 0.358709 0.706783 2.833733
v 0.057179 -0.643048 2.833662
v 0.057179 -0.643048 2.833662
v 0.058997 0.706847 2.834347
v 0.058997 0.706847 2.834347
v 0.373624 -0.583829 3.187390
v 0.373624 -0.583829 3.187390
v 0.373624 -0.583829 3.187390
v 0.373624 -0.583829 3.187390
v 0.517999 0.177229 3.259474
v 0.517999 0.177229 3.259474
v 0.517999 0.177229 3.259474
v 0.517999 0.177229 3.259474
v 0.059620 -0.583477 3.191538
v 0.059620 -0.583477 3.191538
v 1.004237 0.398908 -2.420651
v 1.004237 0.398908 -2.420651
v 1.004237 0.398908 -2.420651
v 0.344029 0.442192 3.257868
v 0.344029 0.442192 3.257868
v 0.344029 0.442192 3.257868
v 0.344029 0.442192 3.257868
v 0.061018 0.443331 3.257714
v 0.061018 0.443331 3.257714
v 0.301852 -0.531676 3.570014
v 0.301852 -0.531676 3.570014
v 0.301852 -0.531676 3.570014
v 0.301852 -0.531676 3.570014
v 0.663552 0.335727 -1.672621
v 0.663552 0.335727 -1.672621
v 0.663552 0.335727 -1.672621
v 0.067206 -0.531641 3.573940
v 0.067206 -0.531641 3.573940
v 0.288003 0.422970 3.721395
v 0.288003 0.422970 3.721395
v 0.288003 0.422970 3.721395
v 0.288003 0.422970 3.721395
v 0.068799 0.427444 3.721287
v 0.068799 0.427444 3.721287
v 0.210068 -0.523635 4.046255
v 0.210068 -0.523635 4.046255
v 0.455735 0.191104 -0.838031
v 0.455735 0.191104 -0.838031
v 0.455735 0.191104 -0.838031
v 0.455735 0.191104 -0.838031
v 0.077327 -0.523373 4.048860
v 0.231877 -0.277596 -0.946049
v 0.231877 -0.277596 -0.946049
v 0.231877 -0.277596 -0.946049
v 0.231877 -0.277596 -0.946049
v 0.236291 0.166759 4.147116
v 0.236291 0.166759 4.147116
v 0.236291 0.166759 4.147116
v 0.236291 0.166759 4.147116
v 0.078257 0.169200 4.149307
v 0.078257 0.169200 4.149307
v 0.675027 0.369054 2.840515
v 0.675027 0.369054 2.840515
v 0.675027 0.369054 2.840515
v 0.675027 0.369054 2.840515
v 0.200435 -0.205755 4.357361
v 0.200435 -0.205755 4.357361
v 0.083489 -0.203910 4.359673
v 0.194360 0.351067 -0.801532
v 0.194360 0.351067 -0.801532
v 0.194360 0.351067 -0.801532
v 0.059041 -0.276908 -0.946416
v 0.059041 -0.276908 -0.946416
v 0.059041 -0.276908 -0.946416
v 0.059041 0.351838 -0.801165
v 0.433856 0.006656 -1.749514
v 0.433856 0.006656 -1.749514
v 0.433856 0.006656 -1.749514
v 0.411508 0.434594 -1.649453
v 0.411508 0.434594 -1.649453
v 0.411508 0.434594 -1.649453
v 0.059041 0.006615 -1.749523
v 0.059041 0.006615 -1.749523
v 0.059041 0.006615 -1.749523
v 0.059041 0.006615 -1.749523
v 0.896064 0.392299 -2.380186
v 0.896064 0.392299 -2.380186
v 0.896064 0.392299 -2.380186
v 0.491870 0.392105 -2.380497
v 0.719060 0.476057 1.870074
v 0.719060 0.476057 1.870074
v 0.719060 0.476057 1.870074
v 0.719060 0.476057 1.870074
v 0.775157 0.463988 0.767624
v 0.775157 0.463988 0.767624
v 0.775157 0.463988 0.767624
v 0.775157 0.463988 0.767624
v 0.663805 -0.056443 -0.216238
v 0.663805 -0.056443 -0.216238
v 0.663805 -0.056443 -0.216238
v 0.663805 -0.056443 -0.216238
v 0.859686 0.065213 0.771989
v 0.859686 0.065213 0.771989
v 0.859686 0.065213 0.771989
v 0.859686 0.065213 0.771989
v 0.578729 0.181316 -0.218921
v 0.578729 0.181316 -0.218921
v 0.578729 0.181316 -0.218921
v 0.578729 0.181316 -0.218921
v 0.803823 0.077282 1.874440
v 0.803823 0.077282 1.874440
v 0.803823 0.077282 1.874440
v 0.803823 0.077282 1.874440
v 0.759134 0.031482 2.841456
v 0.759134 0.031482 2.841456
v 0.759134 0.031482 2.841456
v 0.759134 0.031482 2.841456
v 0.661666 -0.077500 3.235268
v 0.661666 -0.077500 3.235268
v 0.661666 -0.077500 3.235268
v 0.661666 -0.077500 3.235268
v 0.374114 -0.238542 4.086578
v 0.374114 -0.238542 4.086578
v 0.374114 -0.238542 4.086578
v 0.374114 -0.238542 4.086578
v 0.425301 -0.116501 3.643734
v 0.425301 -0.116501 3.643734
v 0.425301 -0.116501 3.643734
v 0.425301 -0.116501 3.643734
v 0.277781 -0.377011 4.326804
v 0.277781 -0.377011 4.326804
v 0.540265 0.033814 -0.873374
v 0.540265 0.033814 -0.873374
v 0.540265 0.033814 -0.873374
v 0.540265 0.033814 -0.873374
v 0.740628 0.232582 -1.696763
v 0.740628 0.232582 -1.696763
v 1.036118 0.404817 -2.457259
v 1.036118 0.404817 -2.457259
v 0.582588 -0.294116 -0.214425
v 0.582588 -0.294116 -0.214425
v 0.582588 -0.294116 -0.214425
v 0.582588 -0.294116 -0.214425
v 0.775157 -0.333562 0.776355
v 0.775157 -0.333562 0.776355
v 0.775157 -0.333562 0.776355
v 0.775157 -0.333562 0.776355
v 0.719865 -0.319152 1.878355
v 0.719865 -0.319152 1.878355
v 0.719865 -0.319152 1.878355
v 0.719865 -0.319152 1.878355
v 0.674158 -0.306549 2.838945
v 0.674158 -0.306549 2.838945
v 0.674158 -0.306549 2.838945
v 0.674158 -0.306549 2.838945
v 0.576189 -0.331399 3.210200
v 0.576189 -0.331399 3.210200
v 0.576189 -0.331399 3.210200
v 0.576189 -0.331399 3.210200
v 0.355997 -0.386444 4.064634
v 0.355997 -0.386444 4.064634
v 0.355997 -0.386444 4.064634
v 0.459719 -0.324492 3.605159
v 0.459719 -0.324492 3.605159
v 0.459719 -0.324492 3.605159
v 0.459719 -0.324492 3.605159
v 0.384386 -0.357159 4.068614
v 0.384386 -0.357159 4.068614
v 0.384386 -0.357159 4.068614
v 0.455735 -0.122308 -0.909176
v 0.455735 -0.122308 -0.909176
v 0.455735 -0.122308 -0.909176
v 0.455735 -0.122308 -0.909176
v 0.657218 0.125022 -1.721909
v 0.657218 0.125022 -1.721909
v 0.657218 0.125022 -1.721909
v 0.657218 0.125022 -1.721909
v 0.375050 -0.370520 4.048398
v 0.375050 -0.370520 4.048398
v 0.375050 -0.370520 4.048398
v 1.000650 0.408609 -2.486533
v 1.000650 0.408609 -2.486533
v 1.000650 0.408609 -2.486533
v 1.000650 0.408609 -2.486533
v 0.189315 0.419281 -0.223594
v 0.189315 0.419281 -0.223594
v 0.286411 0.862763 0.763258
v 0.286411 0.862763 0.763258
v 0.208854 0.706752 2.833770
v 0.208854 0.706752 2.833770
v 0.202490 0.443001 3.257296
v 0.202490 0.443001 3.257296
v 0.178326 0.425876 3.720879
v 0.178326 0.425876 3.720879
v 0.157239 0.168316 4.148132
v 0.157239 0.168316 4.148132
v 0.145330 -0.204633 4.358463
v 0.126700 0.351712 -0.801225
v 0.248688 0.434001 -1.649588
v 0.258537 0.874831 1.865709
v 0.258537 0.874831 1.865709
v 0.254979 0.006636 -1.749519
v 0.254979 0.006636 -1.749519
v 0.254979 0.006636 -1.749519
v 0.594300 0.170914 -2.202648
v 0.594300 0.170914 -2.202648
v 0.502464 0.409686 -2.505598
v 0.502464 0.409686 -2.505598
v 0.059041 0.409131 -2.502379
v 0.059041 0.409131 -2.502379
v 0.912968 0.409819 -2.505125
v 0.912968 0.409819 -2.505125
v 0.912968 0.409819 -2.505125
v 0.392878 -0.366276 4.066888
v 0.392878 -0.366276 4.066888
v 0.392878 -0.366276 4.066888
v 0.392878 -0.366276 4.066888
v 0.364518 -0.395875 4.062820
v 0.364518 -0.395875 4.062820
v 0.364518 -0.395875 4.062820
v 0.383531 -0.379516 4.046711
v 0.383531 -0.379516 4.046711
v 0.383531 -0.379516 4.046711
v 0.383531 -0.379516 4.046711
v 0.238458 -0.443969 4.315993
v 0.238458 -0.443969 4.315993
v 0.221836 -0.477974 4.310439
v 0.229946 -0.434629 4.317784
v 0.213324 -0.468634 4.312229
v -0.433217 -0.732336 0.780720
v -0.433217 -0.732336 0.780720
v -0.433217 -0.732336 0.780720
v -0.433217 -0.732336 0.780720
v -0.395701 0.862763 0.763258
v -0.395701 0.862763 0.763258
v -0.395701 0.862763 0.763258
v -0.395701 0.862763 0.763258
v -0.246626 -0.531742 -0.213013
v -0.246626 -0.531742 -0.213013
v -0.246626 -0.531742 -0.213013
v -0.246626 -0.531742 -0.213013
v -0.201508 0.419291 -0.223669
v -0.201508 0.419291 -0.223669
v -0.201508 0.419291 -0.223669
v -0.201508 0.419291 -0.223669
v -0.380163 -0.714445 1.880756
v -0.380163 -0.714445 1.880756
v -0.380163 -0.714445 1.880756
v -0.380163 -0.714445 1.880756
v -0.339952 0.874831 1.865709
v -0.339952 0.874831 1.865709
v -0.339952 0.874831 1.865709
v -0.339952 0.874831 1.865709
v -0.072813 -0.291992 4.348186
v -0.072813 -0.291992 4.348186
v -0.262596 0.098409 3.692275
v -0.262596 0.098409 3.692275
v -0.262596 0.098409 3.692275
v -0.262596 0.098409 3.692275
v -0.225945 -0.090753 4.118943
v -0.225945 -0.090753 4.118943
v -0.225945 -0.090753 4.118943
v -0.225945 -0.090753 4.118943
v -0.283356 -0.644323 2.838359
v -0.283356 -0.644323 2.838359
v -0.283356 -0.644323 2.838359
v -0.283356 -0.644323 2.838359
v -0.240715 0.706904 2.834931
v -0.240715 0.706904 2.834931
v -0.240715 0.706904 2.834931
v -0.240715 0.706904 2.834931
v -0.254390 -0.582915 3.196446
v -0.254390 -0.582915 3.196446
v -0.254390 -0.582915 3.196446
v -0.254390 -0.582915 3.196446
v -0.393960 0.178407 3.271142
v -0.393960 0.178407 3.271142
v -0.393960 0.178407 3.271142
v -0.393960 0.178407 3.271142
v -0.886156 0.398908 -2.420651
v -0.886156 0.398908 -2.420651
v -0.886156 0.398908 -2.420651
v -0.221722 0.442598 3.261891
v -0.221722 0.442598 3.261891
v -0.221722 0.442598 3.261891
v -0.221722 0.442598 3.261891
v -0.167505 -0.530817 3.578518
v -0.167505 -0.530817 3.578518
v -0.167505 -0.530817 3.578518
v -0.167505 -0.530817 3.578518
v -0.545471 0.335727 -1.672621
v -0.545471 0.335727 -1.672621
v -0.545471 0.335727 -1.672621
v -0.149455 0.423592 3.727557
v -0.149455 0.423592 3.727557
v -0.149455 0.423592 3.727557
v -0.149455 0.423592 3.727557
v -0.055415 -0.523110 4.051465
v -0.055415 -0.523110 4.051465
v -0.337654 0.191104 -0.838031
v -0.337654 0.191104 -0.838031
v -0.337654 0.191104 -0.838031
v -0.337654 0.191104 -0.838031
v -0.113795 -0.277596 -0.946049
v -0.113795 -0.277596 -0.946049
v -0.113795 -0.277596 -0.946049
v -0.113795 -0.277596 -0.946049
v -0.079327 0.167319 4.152663
v -0.079327 0.167319 4.152663
v -0.079327 0.167319 4.152663
v -0.079327 0.167319 4.152663
v -0.557591 0.369416 2.844098
v -0.557591 0.369416 2.844098
v -0.557591 0.369416 2.844098
v -0.557591 0.369416 2.844098
v -0.033140 -0.205299 4.361871
v -0.033140 -0.205299 4.361871
v -0.076279 0.351067 -0.801532
v -0.076279 0.351067 -0.801532
v -0.076279 0.351067 -0.801532
v -0.315774 0.006656 -1.749514
v -0.315774 0.006656 -1.749514
v -0.315774 0.006656 -1.749514
v -0.293427 0.434595 -1.649453
v -0.293427 0.434595 -1.649453
v -0.293427 0.434595 -1.649453
v -0.777982 0.392299 -2.380186
v -0.777982 0.392299 -2.380186
v -0.777982 0.392299 -2.380186
v -0.373789 0.392105 -2.380497
v -0.600979 0.476057 1.870074
v -0.600979 0.476057 1.870074
v -0.600979 0.476057 1.870074
v -0.600979 0.476057 1.870074
v -0.657076 0.463988 0.767624
v -0.657076 0.463988 0.767624
v -0.657076 0.463988 0.767624
v -0.657076 0.463988 0.767624
v -0.545724 -0.056443 -0.216238
v -0.545724 -0.056443 -0.216238
v -0.545724 -0.056443 -0.216238
v -0.545724 -0.056443 -0.216238
v -0.741605 0.065213 0.771989
v -0.741605 0.065213 0.771989
v -0.741605 0.065213 0.771989
v -0.741605 0.065213 0.771989
v -0.460648 0.181316 -0.218921
v -0.460648 0.181316 -0.218921
v -0.460648 0.181316 -0.218921
v -0.460648 0.181316 -0.218921
v -0.685742 0.077282 1.874440
v -0.685742 0.077282 1.874440
v -0.685742 0.077282 1.874440
v -0.685742 0.077282 1.874440
v -0.642527 0.032003 2.846617
v -0.642527 0.032003 2.846617
v -0.642527 0.032003 2.846617
v -0.642527 0.032003 2.846617
v -0.538974 -0.075843 3.251691
v -0.538974 -0.075843 3.251691
v -0.538974 -0.075843 3.251691
v -0.538974 -0.075843 3.251691
v -0.217257 -0.237389 4.098004
v -0.217257 -0.237389 4.098004
v -0.217257 -0.237389 4.098004
v -0.217257 -0.237389 4.098004
v -0.286606 -0.115208 3.656545
v -0.286606 -0.115208 3.656545
v -0.286606 -0.115208 3.656545
v -0.286606 -0.115208 3.656545
v -0.111488 -0.376240 4.334443
v -0.111488 -0.376240 4.334443
v -0.422183 0.033814 -0.873374
v -0.422183 0.033814 -0.873374
v -0.422183 0.033814 -0.873374
v -0.422183 0.033814 -0.873374
v -0.622546 0.232582 -1.696763
v -0.622546 0.232582 -1.696763
v -0.918037 0.404817 -2.457259
v -0.918037 0.404817 -2.457259
v -0.464507 -0.294116 -0.214425
v -0.464507 -0.294116 -0.214425
v -0.464507 -0.294116 -0.214425
v -0.464507 -0.294116 -0.214425
v -0.657076 -0.333562 0.776355
v -0.657076 -0.333562 0.776355
v -0.657076 -0.333562 0.776355
v -0.657076 -0.333562 0.776355
v -0.602262 -0.319126 1.878613
v -0.602262 -0.319126 1.878613
v -0.602262 -0.319126 1.878613
v -0.602262 -0.319126 1.878613
v -0.558445 -0.306040 2.843984
v -0.558445 -0.306040 2.843984
v -0.558445 -0.306040 2.843984
v -0.558445 -0.306040 2.843984
v -0.455105 -0.329900 3.225053
v -0.455105 -0.329900 3.225053
v -0.455105 -0.329900 3.225053
v -0.455105 -0.329900 3.225053
v -0.200019 -0.385344 4.075531
v -0.200019 -0.385344 4.075531
v -0.200019 -0.385344 4.075531
v -0.323152 -0.323062 3.619324
v -0.323152 -0.323062 3.619324
v -0.323152 -0.323062 3.619324
v -0.323152 -0.323062 3.619324
v -0.228248 -0.355951 4.080581
v -0.228248 -0.355951 4.080581
v -0.228248 -0.355951 4.080581
v -0.337654 -0.122308 -0.909176
v -0.337654 -0.122308 -0.909176
v -0.337654 -0.122308 -0.909176
v -0.337654 -0.122308 -0.909176
v -0.539137 0.125022 -1.721909
v -0.539137 0.125022 -1.721909
v -0.539137 0.125022 -1.721909
v -0.539137 0.125022 -1.721909
v -0.219787 -0.369348 4.060010
v -0.219787 -0.369348 4.060010
v -0.219787 -0.369348 4.060010
v -0.882569 0.408609 -2.486533
v -0.882569 0.408609 -2.486533
v -0.882569 0.408609 -2.486533
v -0.882569 0.408609 -2.486533
v -0.071234 0.419281 -0.223594
v -0.071234 0.419281 -0.223594
v -0.168330 0.862763 0.763258
v -0.168330 0.862763 0.763258
v -0.090858 0.706812 2.834359
v -0.090858 0.706812 2.834359
v -0.080387 0.443195 3.259210
v -0.080387 0.443195 3.259210
v -0.040404 0.426177 3.723866
v -0.040404 0.426177 3.723866
v -0.000570 0.168593 4.150884
v -0.000570 0.168593 4.150884
v 0.021766 -0.204393 4.360840
v -0.008619 0.351712 -0.801225
v -0.130607 0.434001 -1.649588
v -0.140456 0.874831 1.865709
v -0.140456 0.874831 1.865709
v -0.136897 0.006636 -1.749519
v -0.136897 0.006636 -1.749519
v -0.136897 0.006636 -1.749519
v -0.476219 0.170914 -2.202648
v -0.476219 0.170914 -2.202648
v -0.384383 0.409686 -2.505598
v -0.384383 0.409686 -2.505598
v -0.794886 0.409819 -2.505125
v -0.794886 0.409819 -2.505125
v -0.794886 0.409819 -2.505125
v -0.236881 -0.365036 4.079176
v -0.236881 -0.365036 4.079176
v -0.236881 -0.365036 4.079176
v -0.236881 -0.365036 4.079176
v -0.208623 -0.394741 4.074059
v -0.208623 -0.394741 4.074059
v -0.208623 -0.394741 4.074059
v -0.228432 -0.378312 4.058637
v -0.228432 -0.378312 4.058637
v -0.228432 -0.378312 4.058637
v -0.228432 -0.378312 4.058637
v -0.072885 -0.443353 4.322103
v -0.072885 -0.443353 4.322103
v -0.056629 -0.477422 4.315903
v -0.064272 -0.434047 4.323558
v -0.048016 -0.468116 4.317358
v 1.004237 0.398908 -2.420651
v 0.663552 0.335727 -1.672621
v 0.663552 0.335727 -1.672621
v 0.194360 0.351067 -0.801532
v 0.059041 0.351838 -0.801165
v 0.059041 0.351838 -0.801165
v 0.433856 0.006656 -1.749514
v 0.433856 0.006656 -1.749514
v 0.411508 0.434594 -1.649453
v 0.411508 0.434594 -1.649453
v 0.411508 0.434594 -1.649453
v 0.059041 0.433407 -1.649724
v 0.059041 0.433407 -1.649724
v 0.059041 0.433407 -1.649724
v 0.059041 0.433407 -1.649724
v 0.760004 0.412322 -2.517699
v 0.760004 0.412322 -2.517699
v 0.760004 0.412322 -2.517699
v 0.491870 0.392105 -2.380497
v 0.491870 0.392105 -2.380497
v 0.540265 0.033814 -0.873374
v 0.740628 0.232582 -1.696763
v 0.740628 0.232582 -1.696763
v 1.036118 0.404817 -2.457259
v 0.355997 -0.386444 4.064634
v 0.384386 -0.357159 4.068614
v 0.126700 0.351712 -0.801225
v 0.126700 0.351712 -0.801225
v 0.248688 0.434001 -1.649588
v 0.248688 0.434001 -1.649588
v 0.248688 0.434001 -1.649588
v 0.248688 0.434001 -1.649588
v 0.248688 0.434001 -1.649588
v 0.641529 0.407382 -2.492385
v 0.641529 0.407382 -2.492385
v 0.641529 0.407382 -2.492385
v 0.630935 0.389801 -2.367284
v 0.630935 0.389801 -2.367284
v 0.630935 0.389801 -2.367284
v 0.254979 0.006636 -1.749519
v 0.254979 0.006636 -1.749519
v 0.059041 0.391226 -2.375767
v 0.059041 0.391226 -2.375767
v 0.059041 0.391226 -2.375767
v 0.059041 0.391226 -2.375767
v 0.502464 0.409686 -2.505598
v 0.059041 0.409131 -2.502379
v 0.059041 0.409131 -2.502379
v 0.743100 0.394802 -2.392761
v 0.743100 0.394802 -2.392761
v 0.743100 0.394802 -2.392761
v 0.140242 -0.677270 4.979137
v 0.168899 -0.636943 4.946566
v 0.229946 -0.434629 4.317784
v 0.229946 -0.434629 4.317784
v 0.213324 -0.468634 4.312229
v 0.213324 -0.468634 4.312229
v -0.886156 0.398908 -2.420651
v -0.545471 0.335727 -1.672621
v -0.545471 0.335727 -1.672621
v -0.076279 0.351067 -0.801532
v -0.315774 0.006656 -1.749514
v -0.315774 0.006656 -1.749514
v -0.293427 0.434595 -1.649453
v -0.293427 0.434595 -1.649453
v -0.293427 0.434595 -1.649453
v -0.641923 0.412322 -2.517699
v -0.641923 0.412322 -2.517699
v -0.641923 0.412322 -2.517699
v -0.373789 0.392105 -2.380497
v -0.373789 0.392105 -2.380497
v -0.422183 0.033814 -0.873374
v -0.622546 0.232582 -1.696763
v -0.622546 0.232582 -1.696763
v -0.918037 0.404817 -2.457259
v -0.200019 -0.385344 4.075531
v -0.228248 -0.355951 4.080581
v -0.008619 0.351712 -0.801225
v -0.008619 0.351712 -0.801225
v -0.130607 0.434001 -1.649588
v -0.130607 0.434001 -1.649588
v -0.130607 0.434001 -1.649588
v -0.130607 0.434001 -1.649588
v -0.130607 0.434001 -1.649588
v -0.523448 0.407382 -2.492385
v -0.523448 0.407382 -2.492385
v -0.523448 0.407382 -2.492385
v -0.512854 0.389801 -2.367284
v -0.512854 0.389801 -2.367284
v -0.512854 0.389801 -2.367284
v -0.136897 0.006636 -1.749519
v -0.136897 0.006636 -1.749519
v -0.384383 0.409686 -2.505598
v -0.625019 0.394803 -2.392761
v -0.625019 0.394803 -2.392761
v -0.625019 0.394803 -2.392761
v 0.050347 -0.677092 4.980901
v 0.020594 -0.636649 4.949476
v -0.064272 -0.434047 4.323558
v -0.064272 -0.434047 4.323558
v -0.048016 -0.468116 4.317358
v -0.048016 -0.468116 4.317358
v 0.174807 -0.604247 4.932184
v 0.174807 -0.604247 4.932184
v 0.174807 -0.604247 4.932184
v 0.174807 -0.604247 4.932184
v 0.239850 -0.292609 4.342069
v 0.239850 -0.292609 4.342069
v 0.200435 -0.205755 4.357361
v 0.200435 -0.205755 4.357361
v 0.083489 -0.203910 4.359673
v 0.083489 -0.203910 4.359673
v 0.122858 -0.718476 5.009731
v 0.095384 -0.709546 4.987853
v 0.095384 -0.709546 4.987853
v 0.094561 -0.549806 4.929785
v 0.094561 -0.549806 4.929785
v 0.094561 -0.549806 4.929785
v 0.094561 -0.549806 4.929785
v 0.133516 -0.550587 4.929516
v 0.133516 -0.550587 4.929516
v 0.133516 -0.550587 4.929516
v 0.133516 -0.550587 4.929516
v 0.277781 -0.377011 4.326804
v 0.190075 -0.625553 4.932260
v 0.190075 -0.625553 4.932260
v 0.122900 -0.757246 5.063309
v 0.122900 -0.757246 5.063309
v 0.123721 -0.757847 5.059127
v 0.121346 -0.758281 5.053514
v 0.121346 -0.758281 5.053514
v 0.096617 -0.760621 5.055811
v 0.096617 -0.760621 5.055811
v 0.096617 -0.760621 5.055811
v 0.096617 -0.760621 5.055811
v 0.096988 -0.755684 5.074227
v 0.096988 -0.755684 5.074227
v 0.096988 -0.755684 5.074227
v 0.096988 -0.755684 5.074227
v 0.117241 -0.756521 5.073472
v 0.117241 -0.756521 5.073472
v 0.117241 -0.756521 5.073472
v 0.118911 -0.755963 5.066032
v 0.118911 -0.755963 5.066032
v 0.118911 -0.755963 5.066032
v 0.145330 -0.204633 4.358463
v 0.145330 -0.204633 4.358463
v 0.114077 -0.550257 4.929692
v 0.114077 -0.550257 4.929692
v 0.114077 -0.550257 4.929692
v 0.114077 -0.550257 4.929692
v 0.116472 -0.755359 5.073597
v 0.116472 -0.755359 5.073597
v 0.116472 -0.755359 5.073597
v 0.014256 -0.603929 4.935335
v 0.014256 -0.603929 4.935335
v 0.014256 -0.603929 4.935335
v 0.014256 -0.603929 4.935335
v -0.072813 -0.291992 4.348186
v -0.072813 -0.291992 4.348186
v -0.033140 -0.205299 4.361871
v -0.033140 -0.205299 4.361871
v 0.068754 -0.718369 5.010793
v 0.055623 -0.550432 4.931044
v 0.055623 -0.550432 4.931044
v 0.055623 -0.550432 4.931044
v 0.055623 -0.550432 4.931044
v -0.111488 -0.376240 4.334443
v -0.001082 -0.625175 4.936011
v -0.001082 -0.625175 4.936011
v 0.070661 -0.757143 5.064334
v 0.070661 -0.757143 5.064334
v 0.069674 -0.757740 5.060187
v 0.071826 -0.758182 5.054486
v 0.071826 -0.758182 5.054486
v 0.076718 -0.756441 5.074267
v 0.076718 -0.756441 5.074267
v 0.076718 -0.756441 5.074267
v 0.074759 -0.755876 5.066899
v 0.074759 -0.755876 5.066899
v 0.074759 -0.755876 5.066899
v 0.021766 -0.204393 4.360840
v 0.021766 -0.204393 4.360840
v 0.075055 -0.550180 4.930459
v 0.075055 -0.550180 4.930459
v 0.075055 -0.550180 4.930459
v 0.075055 -0.550180 4.930459
v 0.077495 -0.755282 5.074363
v 0.077495 -0.755282 5.074363
v 0.077495 -0.755282 5.074363
v 0.195706 -0.543916 4.299549
v 0.195706 -0.543916 4.299549
v 0.195706 -0.543916 4.299549
v 0.195706 -0.543916 4.299549
v 0.210068 -0.523635 4.046255
v 0.210068 -0.523635 4.046255
v 0.077327 -0.523373 4.048860
v 0.082249 -0.543691 4.301775
v 0.082249 -0.543691 4.301775
v 0.082249 -0.543691 4.301775
v 0.122858 -0.718476 5.009731
v 0.122858 -0.718476 5.009731
v 0.122858 -0.718476 5.009731
v 0.095384 -0.709546 4.987853
v 0.095384 -0.709546 4.987853
v 0.277781 -0.377011 4.326804
v 0.190075 -0.625553 4.932260
v 0.190075 -0.625553 4.932260
v 0.122900 -0.757246 5.063309
v 0.123721 -0.757847 5.059127
v 0.123721 -0.757847 5.059127
v 0.121346 -0.758281 5.053514
v 0.364518 -0.395875 4.062820
v 0.238458 -0.443969 4.315993
v 0.238458 -0.443969 4.315993
v 0.221836 -0.477974 4.310439
v 0.221836 -0.477974 4.310439
v 0.221836 -0.477974 4.310439
v 0.148754 -0.686609 4.977346
v 0.148754 -0.686609 4.977346
v 0.148754 -0.686609 4.977346
v 0.148754 -0.686609 4.977346
v 0.177412 -0.646283 4.944775
v 0.177412 -0.646283 4.944775
v 0.177412 -0.646283 4.944775
v 0.177412 -0.646283 4.944775
v 0.159614 -0.678484 4.970305
v 0.159614 -0.678484 4.970305
v 0.159614 -0.678484 4.970305
v 0.159614 -0.678484 4.970305
v 0.151102 -0.669144 4.972096
v 0.151102 -0.669144 4.972096
v 0.151102 -0.669144 4.972096
v 0.140242 -0.677270 4.979137
v 0.140242 -0.677270 4.979137
v 0.140242 -0.677270 4.979137
v 0.168899 -0.636943 4.946566
v 0.168899 -0.636943 4.946566
v 0.168899 -0.636943 4.946566
v 0.229946 -0.434629 4.317784
v 0.213324 -0.468634 4.312229
v -0.031207 -0.543467 4.304001
v -0.031207 -0.543467 4.304001
v -0.031207 -0.543467 4.304001
v -0.031207 -0.543467 4.304001
v -0.055415 -0.523110 4.051465
v -0.055415 -0.523110 4.051465
v 0.068754 -0.718369 5.010793
v 0.068754 -0.718369 5.010793
v 0.068754 -0.718369 5.010793
v -0.111488 -0.376240 4.334443
v -0.001082 -0.625175 4.936011
v -0.001082 -0.625175 4.936011
v 0.070661 -0.757143 5.064334
v 0.069674 -0.757740 5.060187
v 0.069674 -0.757740 5.060187
v 0.071826 -0.758182 5.054486
v -0.208623 -0.394741 4.074059
v -0.072885 -0.443353 4.322103
v -0.072885 -0.443353 4.322103
v -0.056629 -0.477422 4.315903
v -0.056629 -0.477422 4.315903
v -0.056629 -0.477422 4.315903
v 0.041734 -0.686397 4.979446
v 0.041734 -0.686397 4.979446
v 0.041734 -0.686397 4.979446
v 0.041734 -0.686397 4.979446
v 0.011981 -0.645955 4.948022
v 0.011981 -0.645955 4.948022
v 0.011981 -0.645955 4.948022
v 0.011981 -0.645955 4.948022
v 0.030639 -0.678229 4.972836
v 0.030639 -0.678229 4.972836
v 0.030639 -0.678229 4.972836
v 0.030639 -0.678229 4.972836
v 0.039252 -0.668923 4.974291
v 0.039252 -0.668923 4.974291
v 0.039252 -0.668923 4.974291
v 0.050347 -0.677092 4.980901
v 0.050347 -0.677092 4.980901
v 0.050347 -0.677092 4.980901
v 0.020594 -0.636649 4.949476
v 0.020594 -0.636649 4.949476
v 0.020594 -0.636649 4.949476
v -0.064272 -0.434047 4.323558
v -0.048016 -0.468116 4.317358
vn -0.0001 0.9931 -0.1172
vn 0.0089 0.9931 -0.1171
vn 0.7242 0.5880 -0.3603
vn 0.7230 0.5885 -0.3618
vn 0.7254 0.5871 -0.3593
vn 0.7262 0.5865 -0.3587
vn 0.0012 -0.9802 -0.1981
vn 0.0008 -0.9802 -0.1979
vn -0.0000 0.9999 -0.0109
vn -0.0006 0.9121 -0.4100
vn -0.0000 0.9121 -0.4099
vn 0.9726 0.2238 0.0621
vn 0.9726 0.2242 0.0620
vn 0.9728 0.2232 0.0620
vn 0.9728 0.2230 0.0622
vn 0.0007 -0.9999 0.0163
vn -0.0078 -0.9998 0.0196
vn 0.8359 0.5477 0.0364
vn 0.8356 0.5481 0.0363
vn 0.8358 0.5478 0.0364
vn 0.8359 0.5476 0.0365
vn -0.0079 -0.9974 0.0721
vn -0.0050 -0.9975 0.0711
vn 0.8652 0.3200 0.3861
vn 0.8638 0.3360 0.3755
vn 0.8663 0.3130 0.3893
vn 0.8694 0.2960 0.3957
vn 0.8756 0.2589 0.4078
vn 0.8733 0.2621 0.4107
vn 0.8756 0.2564 0.4094
vn 0.8765 0.2521 0.4101
vn -0.0054 -0.9855 0.1698
vn 0.0011 -0.9864 0.1642
vn -0.0000 0.9853 0.1709
vn 0.0013 0.9852 0.1711
vn 0.7782 0.6112 0.1445
vn 0.7781 0.6114 0.1441
vn 0.7772 0.6126 0.1438
vn 0.7770 0.6128 0.1441
vn 0.9957 0.0228 0.0893
vn 0.9956 0.0225 0.0908
vn 0.9957 0.0261 0.0894
vn 0.9957 0.0270 0.0884
vn 0.0026 0.8490 0.5284
vn 0.0035 0.8488 0.5287
vn 0.6892 0.5707 0.4466
vn 0.6844 0.5778 0.4447
vn 0.6928 0.5637 0.4498
vn 0.6970 0.5559 0.4529
vn 0.8825 0.4173 0.2169
vn 0.8798 0.4186 0.2253
vn 0.8829 0.4154 0.2191
vn 0.8834 0.4138 0.2198
vn 0.8813 0.0421 0.4707
vn 0.8804 0.0437 0.4723
vn 0.8812 0.0331 0.4717
vn 0.8816 0.0319 0.4708
vn 0.0001 -0.9999 0.0169
vn -0.0016 -0.9998 0.0174
vn -0.0055 -0.9991 -0.0421
vn -0.0263 -0.9989 -0.0383
vn 0.0007 -0.9908 0.1352
vn 0.0021 -0.9909 0.1343
vn -0.0208 -0.4899 -0.8715
vn -0.0274 -0.4904 -0.8711
vn -0.0202 -0.8555 -0.5173
vn -0.0235 -0.8557 -0.5170
vn 0.8929 0.3660 0.2624
vn 0.8906 0.3730 0.2602
vn 0.8941 0.3607 0.2654
vn 0.8965 0.3541 0.2661
vn 0.7095 0.2803 0.6465
vn 0.7087 0.2811 0.6471
vn 0.7115 0.2766 0.6459
vn 0.7132 0.2749 0.6449
vn 0.4603 0.8567 0.2327
vn 0.4614 0.8562 0.2325
vn 0.4578 0.8585 0.2313
vn 0.4563 0.8594 0.2307
vn -0.0030 -0.9425 -0.3342
vn 0.0001 -0.9430 -0.3329
vn 0.6435 -0.6965 -0.3175
vn 0.6348 -0.7070 -0.3117
vn 0.6455 -0.6905 -0.3263
vn 0.6534 -0.6805 -0.3316
vn 0.0022 -0.9443 -0.3291
vn -0.0031 -0.9450 -0.3271
vn 0.4147 -0.8911 -0.1842
vn 0.5302 -0.8360 -0.1416
vn 0.5292 -0.8366 -0.1417
vn 0.5331 -0.8340 -0.1422
vn 0.5342 -0.8333 -0.1421
vn 0.7017 -0.6990 0.1379
vn 0.2720 0.9480 0.1652
vn 0.2720 0.9480 0.1651
vn 0.8693 0.4029 0.2863
vn 0.9079 0.3938 -0.1435
vn 0.9091 0.3890 -0.1489
vn 0.9002 0.4104 -0.1459
vn 0.8966 0.4174 -0.1480
vn 0.7174 -0.6903 0.0936
vn 0.7182 -0.6891 0.0970
vn 0.7175 -0.6900 0.0954
vn 0.7380 -0.6671 0.1018
vn 0.7228 -0.6844 0.0960
vn 0.9091 -0.1501 0.3886
vn 0.9102 -0.1456 0.3877
vn 0.9050 -0.1602 0.3941
vn 0.9042 -0.1652 0.3939
vn 0.9407 -0.2801 0.1914
vn 0.9440 -0.2719 0.1871
vn 0.9400 -0.2814 0.1927
vn 0.9353 -0.2911 0.2010
vn 0.9738 -0.2234 0.0416
vn 0.9740 -0.2229 0.0413
vn 0.9736 -0.2245 0.0421
vn 0.9734 -0.2251 0.0430
vn 0.5925 0.7893 -0.1611
vn 0.6001 0.7833 -0.1625
vn 0.5924 0.7888 -0.1641
vn 0.5821 0.7947 -0.1718
vn 0.9772 -0.2061 0.0516
vn 0.9773 -0.2056 0.0514
vn 0.9770 -0.2068 0.0518
vn 0.9769 -0.2072 0.0520
vn 0.9526 -0.2482 -0.1761
vn 0.9525 -0.2479 -0.1767
vn 0.9520 -0.2504 -0.1761
vn 0.9519 -0.2511 -0.1758
vn 0.9771 0.2076 0.0474
vn 0.9770 0.2082 0.0472
vn 0.9385 0.2496 -0.2385
vn 0.9377 0.2509 -0.2403
vn 0.9397 0.2466 -0.2368
vn 0.9401 0.2457 -0.2364
vn 0.8010 -0.5570 -0.2196
vn 0.8011 -0.5565 -0.2204
vn 0.8003 -0.5579 -0.2199
vn 0.7997 -0.5589 -0.2192
vn 0.8711 -0.4885 0.0501
vn 0.8718 -0.4874 0.0495
vn 0.8700 -0.4904 0.0509
vn 0.8694 -0.4914 0.0514
vn 0.8235 -0.5607 0.0862
vn 0.8242 -0.5598 0.0850
vn 0.8238 -0.5602 0.0866
vn 0.8230 -0.5610 0.0897
vn 0.7633 -0.6259 0.1604
vn 0.7681 -0.6214 0.1549
vn 0.7627 -0.6264 0.1610
vn 0.7568 -0.6319 0.1675
vn 0.7524 -0.6179 0.2284
vn 0.7544 -0.6160 0.2270
vn 0.7508 -0.6193 0.2296
vn 0.7484 -0.6216 0.2313
vn 0.9050 -0.1595 0.3944
vn 0.9047 -0.1598 0.3950
vn 0.9049 -0.1585 0.3950
vn 0.9056 -0.1598 0.3930
vn 0.8360 -0.5456 0.0580
vn 0.8359 -0.5459 0.0574
vn 0.8365 -0.5452 0.0558
vn 0.8367 -0.5448 0.0563
vn 0.6458 -0.7623 0.0427
vn 0.6458 -0.7623 0.0428
vn 0.9018 -0.3657 -0.2301
vn 0.8987 -0.3738 -0.2294
vn 0.9060 -0.3496 -0.2387
vn 0.9086 -0.3414 -0.2407
vn -0.0142 -0.8560 -0.5167
vn -0.0173 -0.8563 -0.5162
vn -0.0185 -0.4907 -0.8711
vn -0.0228 -0.4912 -0.8707
vn -0.0024 -0.9993 -0.0370
vn -0.0144 -0.9993 -0.0340
vn -0.0000 0.8489 0.5286
vn 0.0027 0.8484 0.5294
vn -0.0000 0.9853 0.1711
vn -0.0002 0.9853 0.1710
vn -0.0003 0.9121 -0.4099
vn -0.0003 0.9932 -0.1162
vn 0.0017 0.9933 -0.1159
vn -0.0117 0.9900 0.1404
vn -0.0116 0.9900 0.1405
vn -0.0115 0.9900 0.1405
vn -0.0151 0.9891 0.1465
vn -0.0016 -0.8821 -0.4711
vn -0.0017 -0.8820 -0.4712
vn -0.0019 -0.8820 -0.4713
vn 0.9512 -0.1175 0.2853
vn -0.6843 0.5973 -0.4183
vn -0.5091 -0.5923 0.6245
vn -0.5055 -0.5939 0.6260
vn 0.4667 0.2828 0.8380
vn 0.4807 0.2741 0.8330
vn 0.9854 0.0893 0.1446
vn 0.9845 0.0911 0.1500
vn 0.9847 0.0902 0.1494
vn 0.9850 0.0880 0.1481
vn 0.9861 0.0871 0.1417
vn 0.6692 0.4987 0.5509
vn 0.6667 0.5020 0.5508
vn -0.6612 -0.4945 -0.5641
vn -0.6553 -0.5038 -0.5628
vn -0.0089 0.9931 -0.1171
vn 0.0001 0.9931 -0.1172
vn -0.7242 0.5880 -0.3603
vn -0.7262 0.5865 -0.3587
vn -0.7254 0.5871 -0.3593
vn -0.7230 0.5885 -0.3618
vn -0.0008 -0.9802 -0.1979
vn -0.0012 -0.9802 -0.1981
vn 0.0006 0.9121 -0.4100
vn -0.9726 0.2244 0.0610
vn -0.9723 0.2256 0.0605
vn -0.9724 0.2252 0.0604
vn -0.9726 0.2242 0.0610
vn 0.0077 -0.9998 0.0196
vn -0.0007 -0.9999 0.0163
vn -0.8359 0.5476 0.0365
vn -0.8358 0.5478 0.0364
vn -0.8356 0.5481 0.0363
vn 0.0047 -0.9975 0.0711
vn 0.0079 -0.9974 0.0722
vn -0.8615 0.3238 0.3912
vn -0.8639 0.3051 0.4007
vn -0.8616 0.3214 0.3930
vn -0.8607 0.3391 0.3798
vn -0.8607 0.2619 0.4366
vn -0.8624 0.2534 0.4382
vn -0.8612 0.2565 0.4388
vn -0.8581 0.2642 0.4403
vn 0.0008 -0.9864 0.1642
vn 0.0060 -0.9857 0.1685
vn -0.0002 0.9853 0.1709
vn -0.7780 0.6116 0.1440
vn -0.7760 0.6143 0.1432
vn -0.7764 0.6138 0.1430
vn -0.7782 0.6114 0.1437
vn -0.9914 0.0216 0.1289
vn -0.9915 0.0236 0.1278
vn -0.9914 0.0232 0.1289
vn -0.9912 0.0216 0.1305
vn 0.0048 0.8498 0.5272
vn -0.0002 0.8490 0.5284
vn -0.6842 0.5744 0.4494
vn -0.6917 0.5623 0.4532
vn -0.6881 0.5670 0.4528
vn -0.6805 0.5790 0.4491
vn -0.8758 0.4155 0.2457
vn -0.8779 0.4089 0.2493
vn -0.8770 0.4107 0.2495
vn -0.8723 0.4172 0.2549
vn -0.8623 0.0403 0.5047
vn -0.8619 0.0337 0.5059
vn -0.8615 0.0343 0.5066
vn -0.8614 0.0416 0.5062
vn -0.0032 -0.9998 0.0170
vn 0.0224 -0.9990 -0.0385
vn 0.0034 -0.9991 -0.0413
vn -0.0009 -0.9909 0.1343
vn 0.0003 -0.9908 0.1350
vn -0.0083 -0.4909 -0.8712
vn -0.0118 -0.4906 -0.8713
vn 0.0022 -0.8562 -0.5167
vn 0.0028 -0.8562 -0.5166
vn -0.8843 0.3607 0.2965
vn -0.8869 0.3509 0.3003
vn -0.8849 0.3570 0.2994
vn -0.8824 0.3672 0.2941
vn -0.6844 0.2777 0.6742
vn -0.6877 0.2732 0.6726
vn -0.6863 0.2744 0.6736
vn -0.6835 0.2783 0.6748
vn -0.4603 0.8567 0.2327
vn -0.4563 0.8594 0.2307
vn -0.4578 0.8585 0.2313
vn -0.4614 0.8562 0.2325
vn 0.0030 -0.9425 -0.3342
vn -0.0001 -0.9430 -0.3329
vn -0.6435 -0.6965 -0.3175
vn -0.6534 -0.6805 -0.3316
vn -0.6455 -0.6905 -0.3263
vn -0.6348 -0.7070 -0.3117
vn 0.0031 -0.9450 -0.3271
vn -0.0022 -0.9443 -0.3291
vn -0.4147 -0.8911 -0.1842
vn -0.5302 -0.8359 -0.1416
vn -0.5342 -0.8333 -0.1421
vn -0.5331 -0.8340 -0.1422
vn -0.5292 -0.8366 -0.1417
vn -0.6964 -0.6977 0.1679
vn -0.2720 0.9480 0.1652
vn -0.2720 0.9480 0.1651
vn -0.8693 0.4029 0.2863
vn -0.9079 0.3938 -0.1435
vn -0.8966 0.4174 -0.1480
vn -0.9002 0.4104 -0.1459
vn -0.9091 0.3890 -0.1489
vn -0.7152 -0.6875 0.1262
vn -0.7160 -0.6864 0.1275
vn -0.7166 -0.6865 0.1235
vn -0.7184 -0.6896 0.0913
vn -0.7156 -0.6887 0.1170
vn -0.8956 -0.1470 0.4199
vn -0.8900 -0.1617 0.4264
vn -0.8916 -0.1550 0.4255
vn -0.8975 -0.1411 0.4179
vn -0.9399 -0.2761 0.2008
vn -0.9348 -0.2871 0.2094
vn -0.9388 -0.2787 0.2024
vn -0.9426 -0.2691 0.1979
vn -0.9742 -0.2220 0.0400
vn -0.9740 -0.2227 0.0409
vn -0.9741 -0.2225 0.0402
vn -0.9743 -0.2218 0.0398
vn -0.5925 0.7893 -0.1611
vn -0.5821 0.7947 -0.1718
vn -0.5924 0.7888 -0.1641
vn -0.6001 0.7833 -0.1625
vn -0.9772 -0.2058 0.0515
vn -0.9772 -0.2061 0.0516
vn -0.9772 -0.2060 0.0516
vn -0.9773 -0.2056 0.0514
vn -0.9526 -0.2482 -0.1761
vn -0.9519 -0.2511 -0.1758
vn -0.9520 -0.2504 -0.1761
vn -0.9525 -0.2479 -0.1767
vn -0.9770 0.2082 0.0472
vn -0.9770 0.2080 0.0472
vn -0.9385 0.2496 -0.2385
vn -0.9401 0.2457 -0.2364
vn -0.9397 0.2466 -0.2368
vn -0.9377 0.2509 -0.2403
vn -0.8010 -0.5570 -0.2196
vn -0.7997 -0.5589 -0.2192
vn -0.8003 -0.5579 -0.2199
vn -0.8011 -0.5565 -0.2204
vn -0.8713 -0.4882 0.0495
vn -0.8702 -0.4902 0.0505
vn -0.8706 -0.4894 0.0501
vn -0.8718 -0.4874 0.0492
vn -0.8246 -0.5594 0.0844
vn -0.8239 -0.5598 0.0882
vn -0.8247 -0.5592 0.0849
vn -0.8252 -0.5587 0.0834
vn -0.7632 -0.6239 0.1683
vn -0.7570 -0.6296 0.1749
vn -0.7626 -0.6245 0.1689
vn -0.7677 -0.6197 0.1632
vn -0.7460 -0.6146 0.2563
vn -0.7417 -0.6186 0.2592
vn -0.7444 -0.6161 0.2574
vn -0.7483 -0.6125 0.2547
vn -0.8889 -0.1579 0.4300
vn -0.8898 -0.1562 0.4287
vn -0.8890 -0.1557 0.4307
vn -0.8883 -0.1588 0.4309
vn -0.8360 -0.5456 0.0580
vn -0.8367 -0.5448 0.0563
vn -0.8365 -0.5452 0.0558
vn -0.8359 -0.5459 0.0574
vn -0.6458 -0.7623 0.0427
vn -0.6458 -0.7623 0.0428
vn -0.9018 -0.3657 -0.2301
vn -0.9086 -0.3414 -0.2407
vn -0.9060 -0.3496 -0.2387
vn -0.8987 -0.3738 -0.2294
vn -0.0037 -0.8563 -0.5165
vn -0.0023 -0.8564 -0.5164
vn -0.0126 -0.4912 -0.8709
vn -0.0136 -0.4911 -0.8710
vn 0.0108 -0.9993 -0.0344
vn 0.0006 -0.9993 -0.0366
vn 0.0064 0.8504 0.5261
vn 0.0025 0.8497 0.5272
vn 0.0013 0.9853 0.1706
vn 0.0003 0.9121 -0.4099
vn -0.0017 0.9933 -0.1159
vn 0.0003 0.9932 -0.1162
vn 0.0117 0.9900 0.1403
vn 0.0116 0.9900 0.1404
vn 0.0118 0.9900 0.1404
vn 0.0116 0.9900 0.1405
vn 0.0151 0.9891 0.1465
vn 0.0015 -0.8821 -0.4711
vn 0.0016 -0.8821 -0.4711
vn 0.0019 -0.8820 -0.4713
vn -0.9512 -0.1175 0.2853
vn 0.6843 0.5973 -0.4183
vn 0.5245 -0.5985 0.6055
vn 0.5295 -0.5964 0.6033
vn -0.4461 0.2751 0.8517
vn -0.4309 0.2844 0.8564
vn -0.9774 0.0923 0.1903
vn -0.9771 0.0935 0.1909
vn -0.9786 0.0893 0.1852
vn -0.9780 0.0869 0.1898
vn -0.9779 0.0895 0.1891
vn -0.6426 0.5046 0.5766
vn -0.6454 0.5007 0.5768
vn 0.6297 -0.5075 -0.5881
vn 0.6365 -0.4969 -0.5899
vn 0.0061 0.9950 0.0993
vn 0.0074 0.9950 0.0997
vn -0.0022 0.9953 0.0965
vn -0.0028 0.9953 0.0963
vn -0.0263 -0.8767 -0.4803
vn -0.0268 0.9972 -0.0704
vn 0.7245 0.5657 0.3938
vn 0.7245 0.5657 0.3939
vn -0.0028 0.9983 -0.0581
vn -0.0027 0.9983 -0.0580
vn -0.0007 0.9954 0.0963
vn -0.0003 0.9953 0.0964
vn -0.0022 0.9954 0.0959
vn -0.0023 0.9954 0.0959
vn -0.0124 0.9904 0.1376
vn -0.0125 0.9904 0.1376
vn -0.0124 0.9904 0.1377
vn -0.8869 0.1938 -0.4194
vn -0.8868 0.1938 -0.4195
vn 0.9207 -0.1162 0.3725
vn 0.9207 -0.1161 0.3725
vn -0.0004 0.9902 0.1395
vn -0.0004 0.9902 0.1396
vn 0.7936 0.5185 0.3183
vn 0.7673 -0.5800 0.2735
vn 0.7630 -0.5888 0.2668
vn 0.7633 -0.5882 0.2672
vn 0.7677 -0.5790 0.2745
vn 0.8370 -0.5407 -0.0849
vn 0.8369 -0.5407 -0.0849
vn 0.8370 -0.5406 -0.0849
vn -0.0061 0.9950 0.0993
vn 0.0027 0.9953 0.0963
vn 0.0022 0.9953 0.0965
vn -0.0074 0.9950 0.0997
vn 0.0263 -0.8767 -0.4803
vn 0.0268 0.9972 -0.0704
vn -0.7245 0.5657 0.3938
vn -0.7245 0.5657 0.3939
vn 0.0027 0.9983 -0.0580
vn 0.0026 0.9983 -0.0579
vn 0.0006 0.9954 0.0963
vn 0.0023 0.9954 0.0959
vn 0.0022 0.9954 0.0959
vn 0.0003 0.9953 0.0964
vn 0.0124 0.9904 0.1376
vn 0.0123 0.9904 0.1378
vn 0.0124 0.9904 0.1377
vn 0.0125 0.9904 0.1376
vn 0.8869 0.1938 -0.4194
vn 0.8868 0.1938 -0.4195
vn -0.9207 -0.1162 0.3725
vn -0.9207 -0.1161 0.3725
vn 0.0004 0.9902 0.1396
vn 0.0004 0.9902 0.1395
vn -0.7936 0.5185 0.3183
vn -0.7574 -0.5786 0.3025
vn -0.7578 -0.5777 0.3032
vn -0.7543 -0.5854 0.2972
vn -0.7541 -0.5858 0.2970
vn -0.8418 -0.5373 -0.0519
vn -0.8418 -0.5374 -0.0519
vn -0.0294 -0.8546 -0.5184
vn -0.0297 -0.8546 -0.5184
vn -0.0145 -0.8551 -0.5183
vn -0.0137 -0.8551 -0.5183
vn 0.8697 0.3950 0.2961
vn 0.8697 0.3949 0.2962
vn 0.8686 0.3968 0.2967
vn 0.8685 0.3971 0.2967
vn 0.8279 0.4432 0.3436
vn 0.8280 0.4426 0.3443
vn 0.8234 0.4494 0.3465
vn 0.8228 0.4502 0.3468
vn 0.0560 -0.9779 0.2014
vn 0.0560 -0.9779 0.2016
vn 0.0559 -0.9779 0.2012
vn 0.0559 -0.9779 0.2014
vn 0.0560 -0.9779 0.2013
vn 0.5774 0.4095 0.7064
vn 0.5773 0.4095 0.7064
vn 0.1374 -0.7686 -0.6248
vn 0.1373 -0.7686 -0.6248
vn 0.0172 0.5744 0.8184
vn 0.0168 0.5744 0.8184
vn 0.5917 0.4167 0.6902
vn 0.5917 0.4167 0.6901
vn 0.0545 0.5715 0.8188
vn 0.0546 0.5715 0.8188
vn 0.0544 0.5715 0.8188
vn -0.0224 -0.8549 -0.5182
vn -0.0227 -0.8549 -0.5182
vn -0.0147 -0.8549 -0.5186
vn -0.0142 -0.8549 -0.5186
vn 0.0060 -0.8547 -0.5191
vn -0.0101 -0.8551 -0.5184
vn -0.0093 -0.8551 -0.5184
vn 0.0062 -0.8547 -0.5191
vn -0.8565 0.3972 0.3296
vn -0.8546 0.4005 0.3305
vn -0.8548 0.4002 0.3305
vn -0.8565 0.3971 0.3297
vn -0.8151 0.4421 0.3745
vn -0.8068 0.4534 0.3789
vn -0.8075 0.4523 0.3786
vn -0.8152 0.4412 0.3751
vn -0.0519 -0.9777 0.2035
vn -0.0520 -0.9777 0.2035
vn -0.0520 -0.9777 0.2033
vn -0.0517 -0.9778 0.2033
vn -0.0516 -0.9777 0.2033
vn -0.5476 0.4117 0.7284
vn -0.5477 0.4116 0.7284
vn -0.1648 -0.7680 -0.6188
vn 0.0176 0.5744 0.8184
vn -0.5625 0.4190 0.7128
vn -0.5625 0.4189 0.7128
vn -0.0201 0.5717 0.8202
vn -0.0199 0.5715 0.8203
vn -0.0196 0.5716 0.8203
vn -0.0202 0.5717 0.8202
vn -0.0008 -0.8550 -0.5187
vn -0.0095 -0.8549 -0.5187
vn -0.0090 -0.8549 -0.5187
vn -0.0006 -0.8550 -0.5187
vn -0.0035 -0.9968 -0.0800
vn -0.0299 -0.9708 -0.2380
vn 0.8786 -0.4760 -0.0394
vn 0.7227 -0.6858 0.0864
vn 0.7227 -0.6857 0.0864
vn 0.7224 -0.6861 0.0864
vn 0.7223 -0.6862 0.0865
vn 0.8566 -0.5094 -0.0828
vn 0.8565 -0.5094 -0.0828
vn 0.8258 -0.5467 -0.1382
vn 0.2497 -0.7551 -0.6062
vn 0.2495 -0.7551 -0.6062
vn 0.2496 -0.7551 -0.6062
vn 0.2497 -0.7552 -0.6061
vn -0.5268 -0.3299 -0.7834
vn -0.5268 -0.3299 -0.7833
vn -0.7367 -0.6196 -0.2709
vn -0.7368 -0.6195 -0.2709
vn -0.0754 -0.5936 -0.8012
vn -0.4165 -0.2099 -0.8846
vn -0.4164 -0.2099 -0.8846
vn 0.7363 0.6186 0.2742
vn 0.7364 0.6185 0.2742
vn 0.0167 -0.9709 -0.2389
vn -0.8813 -0.4725 -0.0049
vn -0.8813 -0.4725 -0.0048
vn -0.7214 -0.6830 0.1147
vn -0.7210 -0.6833 0.1148
vn -0.7211 -0.6832 0.1148
vn -0.7214 -0.6829 0.1148
vn -0.8611 -0.5060 -0.0491
vn -0.8612 -0.5060 -0.0491
vn -0.8327 -0.5435 -0.1057
vn -0.8328 -0.5434 -0.1056
vn -0.2762 -0.7541 -0.5959
vn -0.2761 -0.7541 -0.5959
vn 0.4943 -0.3320 -0.8034
vn 0.4943 -0.3319 -0.8034
vn 0.7231 -0.6225 -0.2995
vn 0.0414 -0.5938 -0.8035
vn 0.3806 -0.2115 -0.9002
vn 0.3806 -0.2116 -0.9002
vn -0.7226 0.6214 0.3028
vn -0.7226 0.6215 0.3028
vt 0.687500 0.500000
vt 0.625000 0.500000
vt 0.562500 0.500000
vt 0.625000 0.750000
vt 0.562500 0.750000
vt 0.250000 0.500000
vt 0.375000 0.500000
vt 0.375000 0.750000
vt 0.250000 0.750000
vt 0.687500 0.750000
vt 0.750000 0.750000
vt 0.750000 0.500000
vt 0.500000 0.750000
vt 0.562500 0.750000
vt 0.562500 0.750000
vt 0.000000 0.000000
vt 0.312500 0.500000
vt 0.437500 0.500000
vt 0.444336 0.750000
vt 0.429162 0.750000
vt 0.437500 0.750000
vt 0.500000 0.500000
vt 0.437500 0.750000
vt 0.431635 0.750000
vt 0.437500 0.750000
vt 0.437500 0.750000
vt 0.449843 0.750000
vt 0.437500 0.750000
vt 0.444336 0.750000
vt 0.424377 0.750000
vt 0.431635 0.750000
vt 0.449843 0.750000
vt 0.468490 0.750000
vt 0.413446 0.750000
vt 0.375000 0.875000
vt 0.625000 0.812500
vt 0.625000 0.875000
vt 0.468491 0.750000
vt 0.413446 0.750000
vt 0.437500 0.750000
vt 0.459837 0.750000
s 0
usemtl white
f 234/1/1 14/2/1 117/2/1
f 234/1/2 117/2/2 246/1/2
s 1
f 155/3/3 16/2/4 7/4/5
f 155/3/3 7/4/5 142/5/6
s 0
f 18/6/7 10/7/7 2/8/7
f 18/6/8 2/8/8 22/9/8
f 236/10/9 24/11/9 46/11/9
f 236/10/9 46/11/9 249/10/9
f 233/1/10 19/12/10 23/11/10
f 233/1/11 23/11/11 235/10/11
s 1
f 158/13/12 140/14/13 113/5/14
f 158/13/12 113/5/14 164/13/15
s 0
f 21/9/16 1/8/16 25/8/16
f 21/9/17 25/8/17 33/9/17
s 1
f 143/5/18 8/4/18 32/4/19
s 0
f 143/5/20 32/4/21 139/14/21
f 34/9/22 26/8/22 47/8/22
f 34/9/23 47/8/23 55/9/23
s 1
f 162/13/24 112/5/25 64/14/26
f 162/13/24 64/14/26 166/13/27
f 167/13/28 65/14/29 37/15/30
f 167/13/28 37/15/30 174/13/31
s 0
f 56/9/32 48/8/32 59/8/32
f 56/9/33 59/8/33 67/9/33
f 248/10/34 45/11/34 58/11/34
f 248/10/35 58/11/35 238/10/35
s 1
f 138/14/36 31/4/37 54/4/38
f 138/14/36 54/4/38 111/5/39
f 177/13/40 40/15/41 44/14/42
f 177/13/40 44/14/42 173/13/43
s 0
f 237/10/44 57/11/44 77/11/44
f 237/10/45 77/11/45 240/10/45
s 1
f 110/5/46 53/4/47 74/4/48
f 110/5/46 74/4/48 63/14/49
f 66/14/50 75/4/51 89/4/52
f 66/14/50 89/4/52 38/15/53
f 170/13/54 42/14/55 36/14/56
f 170/13/54 36/14/56 178/13/57
s 0
f 85/9/58 78/8/58 93/8/58
f 85/9/59 93/8/59 99/9/59
f 239/16/60 72/16/60 87/16/60
f 239/16/61 87/16/61 241/16/61
f 68/9/62 60/8/62 79/8/62
f 68/9/63 79/8/63 86/9/63
f 244/16/64 105/16/64 114/16/64
f 244/16/65 114/16/65 245/16/65
f 242/16/66 88/16/66 104/16/66
f 242/16/67 104/16/67 243/16/67
s 1
f 39/15/68 90/4/69 107/4/70
f 39/15/68 107/4/70 43/14/71
f 41/14/72 106/4/73 115/4/74
f 41/14/72 115/4/74 35/14/75
f 118/2/76 95/3/77 83/3/78
f 118/2/76 83/3/78 129/2/79
s 0
f 124/7/80 101/7/80 122/6/80
f 122/6/81 132/6/81 251/17/81
f 122/6/81 251/17/81 124/7/81
s 1
f 188/18/82 11/7/83 103/7/84
f 188/18/82 103/7/84 219/18/85
s 0
f 9/7/86 17/6/86 121/6/86
f 9/7/87 121/6/87 100/7/87
s 1
f 231/18/88 222/18/88 125/7/88
f 125/7/88 254/7/88 261/7/88
f 125/7/88 261/7/88 231/18/88
f 218/18/89 102/7/90 126/7/91
f 218/18/89 126/7/91 223/18/92
s 0
f 217/19/93 208/20/93 227/21/93
s 1
f 128/2/94 82/3/94 71/3/94
f 128/2/94 71/3/94 136/2/95
s 0
f 181/22/96 84/3/96 97/3/96
s 1
f 156/3/97 146/22/98 182/22/99
f 156/3/97 182/22/99 98/3/100
f 94/8/101 80/8/102 211/23/103
f 211/23/103 270/21/104 268/24/105
f 211/23/103 268/24/105 94/8/101
f 206/25/106 168/13/107 175/13/108
f 206/25/106 175/13/108 213/23/109
f 202/26/110 163/13/111 169/13/112
f 202/26/110 169/13/112 207/25/113
f 198/23/114 159/13/115 165/13/116
f 198/23/114 165/13/116 203/26/117
f 15/2/118 154/3/119 96/3/120
f 15/2/118 96/3/120 119/2/121
f 195/23/122 153/13/123 161/13/124
f 195/23/122 161/13/124 199/23/125
f 191/18/126 149/22/127 151/13/128
f 191/18/126 151/13/128 194/23/129
s 0
f 152/13/130 145/5/130 141/14/130
f 152/13/131 141/14/131 160/13/131
s 1
f 148/22/132 157/3/133 144/5/134
f 148/22/132 144/5/134 150/13/135
f 12/7/136 189/18/137 192/23/138
f 12/7/136 192/23/138 3/8/139
f 4/8/140 193/23/141 197/23/142
f 4/8/140 197/23/142 28/8/143
f 27/8/144 196/23/145 201/26/146
f 27/8/144 201/26/146 50/8/147
f 49/8/148 200/26/149 205/25/150
f 49/8/148 205/25/150 62/8/151
f 61/8/152 204/25/153 212/23/154
f 61/8/152 212/23/154 81/8/155
f 265/19/156 171/13/157 179/13/158
f 265/19/156 179/13/158 274/27/159
f 180/22/160 220/18/161 225/18/162
f 180/22/160 225/18/162 185/22/163
f 184/22/164 224/18/164 232/18/165
f 184/22/164 232/18/165 187/22/165
f 147/22/166 190/18/167 221/18/168
f 147/22/166 221/18/168 183/22/169
s 0
f 92/16/170 242/16/170 243/16/170
f 92/16/171 243/16/171 108/16/171
s 1
f 109/16/172 244/16/172 245/16/172
s 0
f 109/16/173 245/16/173 116/16/173
f 76/16/174 239/16/174 241/16/174
f 76/16/175 241/16/175 91/16/175
f 51/4/176 237/10/176 240/10/176
f 51/4/177 240/10/177 73/4/177
f 29/4/178 248/10/178 238/10/178
f 29/4/179 238/10/179 52/4/179
f 13/2/180 233/1/180 235/10/180
f 13/2/11 235/10/11 5/4/11
f 6/4/9 236/10/9 249/10/9
f 6/4/9 249/10/9 30/4/9
f 20/12/181 234/1/181 246/1/181
f 20/12/182 246/1/182 123/12/182
s 1
f 230/18/183 260/7/184 135/2/185
f 230/18/183 135/2/185 70/3/184
s 0
f 186/22/186 229/18/186 69/3/186
s 1
f 130/6/187 257/6/188 255/17/189
f 130/6/187 255/17/189 250/17/187
f 137/1/190 247/1/190 252/17/190
f 137/1/190 252/17/190 256/17/190
f 253/7/191 127/2/191 134/2/191
f 253/7/191 134/2/191 259/7/191
s 0
f 271/28/192 262/29/192 215/29/192
f 271/28/193 215/29/193 228/28/193
f 267/24/194 269/21/194 226/21/194
f 267/24/195 226/21/195 210/24/195
s 1
f 272/28/196 214/23/197 176/13/198
f 176/13/198 172/13/199 263/29/200
f 176/13/198 263/29/200 272/28/196
s 0
f 275/30/201 266/31/201 209/31/201
f 275/30/202 209/31/202 277/30/202
f 264/19/203 273/27/203 276/27/203
f 264/19/204 276/27/204 216/19/204
f 475/1/205 487/1/205 368/2/205
f 475/1/206 368/2/206 293/2/206
s 1
f 397/3/207 386/5/208 283/4/209
f 397/3/207 283/4/209 290/2/210
s 0
f 18/6/211 22/9/211 281/8/211
f 18/6/212 281/8/212 289/7/212
f 477/10/9 490/10/9 46/11/9
f 477/10/9 46/11/9 24/11/9
f 474/1/11 476/10/11 23/11/11
f 474/1/213 23/11/213 19/12/213
s 1
f 402/13/214 404/13/215 360/5/216
f 402/13/214 360/5/216 380/14/217
s 0
f 21/9/218 33/9/218 296/8/218
f 21/9/219 296/8/219 280/8/219
f 385/5/220 381/14/220 298/4/220
f 385/5/221 298/4/222 282/4/221
f 34/9/223 55/9/223 314/8/223
f 34/9/224 314/8/224 297/8/224
s 1
f 406/13/225 410/13/226 326/14/227
f 406/13/225 326/14/227 361/5/228
f 409/13/229 418/13/230 307/15/231
f 409/13/229 307/15/231 325/14/232
s 0
f 56/9/233 67/9/233 322/8/233
f 56/9/234 322/8/234 315/8/234
f 489/10/235 479/10/235 58/11/235
s 1
f 489/10/34 58/11/34 45/11/34
f 382/14/236 362/5/237 316/4/238
f 382/14/236 316/4/238 299/4/239
f 415/13/240 411/13/241 308/14/242
f 415/13/240 308/14/242 304/15/243
s 0
f 478/10/244 481/10/244 77/11/244
f 478/10/245 77/11/245 57/11/245
s 1
f 363/5/246 327/14/247 333/4/248
f 363/5/246 333/4/248 317/4/249
f 324/14/250 306/15/251 345/4/252
f 324/14/250 345/4/252 332/4/253
f 414/13/254 420/13/255 302/14/256
f 414/13/254 302/14/256 310/14/257
s 0
f 85/9/59 99/9/59 347/8/59
f 85/9/258 347/8/258 337/8/258
f 480/16/259 482/16/259 342/16/259
f 480/16/260 342/16/260 331/16/260
f 68/9/261 86/9/261 338/8/261
f 68/9/262 338/8/262 323/8/262
f 485/16/263 486/16/263 364/16/263
f 485/16/264 364/16/264 357/16/264
f 483/16/265 484/16/265 356/16/265
f 483/16/266 356/16/266 343/16/266
s 1
f 305/15/267 309/14/268 358/4/269
f 305/15/267 358/4/269 344/4/270
f 311/14/271 303/14/272 365/4/273
f 311/14/271 365/4/273 359/4/274
f 367/2/275 372/2/276 340/3/277
f 367/2/275 340/3/277 351/3/278
s 0
f 120/6/279 354/7/279 371/7/279
f 492/17/280 131/6/280 120/6/280
f 371/7/280 492/17/280 120/6/280
s 1
f 432/18/281 461/18/282 352/7/283
f 432/18/281 352/7/283 287/7/284
s 0
f 288/7/285 355/7/285 121/6/285
f 288/7/286 121/6/286 17/6/286
s 1
f 370/7/287 466/18/287 471/18/287
f 471/18/287 498/7/287 494/7/287
f 471/18/287 494/7/287 370/7/287
f 462/18/288 465/18/289 369/7/290
f 462/18/288 369/7/290 353/7/291
s 0
f 457/19/292 467/21/292 449/20/292
s 1
f 373/2/293 375/2/294 328/3/293
f 373/2/293 328/3/293 341/3/293
s 0
f 423/22/295 349/3/295 339/3/295
s 1
f 396/3/296 348/3/297 422/22/298
f 396/3/296 422/22/298 390/22/299
f 455/23/300 336/8/301 346/8/302
f 346/8/302 506/24/303 508/21/304
f 346/8/302 508/21/304 455/23/300
f 446/25/305 453/23/306 417/13/307
f 446/25/305 417/13/307 408/13/308
f 442/26/309 445/25/310 407/13/311
f 442/26/309 407/13/311 405/13/312
f 438/23/313 441/26/314 403/13/315
f 438/23/313 403/13/315 401/13/316
f 291/2/317 366/2/318 350/3/319
f 291/2/317 350/3/319 398/3/320
f 433/23/321 437/23/322 399/13/323
f 433/23/321 399/13/323 391/13/324
f 429/18/325 434/23/326 393/13/327
f 429/18/325 393/13/327 387/22/328
s 0
f 392/13/329 400/13/329 379/14/329
f 392/13/330 379/14/330 383/5/330
s 1
f 388/22/331 394/13/332 384/5/333
f 388/22/331 384/5/333 395/3/334
f 286/7/335 279/8/336 436/23/337
f 286/7/335 436/23/337 431/18/338
f 278/8/339 294/8/340 439/23/341
f 278/8/339 439/23/341 435/23/342
f 295/8/343 312/8/344 443/26/345
f 295/8/343 443/26/345 440/23/346
f 313/8/347 320/8/348 447/25/349
f 313/8/347 447/25/349 444/26/350
f 321/8/351 335/8/352 454/23/353
f 321/8/351 454/23/353 448/25/354
f 503/19/355 512/27/356 419/13/357
f 503/19/355 419/13/357 413/13/358
f 424/22/359 425/22/360 463/18/361
f 424/22/359 463/18/361 460/18/362
f 426/22/363 427/22/364 470/18/364
f 426/22/363 470/18/364 464/18/363
f 389/22/365 421/22/366 459/18/367
f 389/22/365 459/18/367 430/18/368
s 0
f 92/16/369 108/16/369 484/16/369
f 92/16/370 484/16/370 483/16/370
f 109/16/371 116/16/371 486/16/371
f 109/16/372 486/16/372 485/16/372
f 76/16/373 91/16/373 482/16/373
f 76/16/374 482/16/374 480/16/374
f 318/4/375 334/4/375 481/10/375
f 318/4/376 481/10/376 478/10/376
f 300/4/377 319/4/377 479/10/377
f 300/4/34 479/10/34 489/10/34
f 292/2/11 284/4/11 476/10/11
f 292/2/378 476/10/378 474/1/378
f 285/4/9 301/4/9 490/10/9
f 285/4/9 490/10/9 477/10/9
f 20/12/379 123/12/379 487/1/379
f 20/12/380 487/1/380 475/1/380
s 1
f 472/18/381 329/3/382 376/2/383
f 472/18/381 376/2/383 499/7/384
s 0
f 428/22/385 330/3/385 473/18/385
s 1
f 133/6/386 493/17/387 497/17/388
f 133/6/386 497/17/388 258/6/387
f 378/1/389 496/17/389 491/17/389
f 378/1/389 491/17/389 488/1/389
f 495/7/390 500/7/390 377/2/390
f 495/7/390 377/2/390 374/2/390
s 0
f 511/28/391 469/28/391 456/29/391
f 511/28/392 456/29/392 502/29/392
f 507/24/393 451/24/393 468/21/393
f 507/24/394 468/21/394 509/21/394
s 1
f 416/13/395 452/23/396 510/28/397
f 510/28/397 501/29/398 412/13/399
f 510/28/397 412/13/399 416/13/395
s 0
f 514/30/400 516/30/400 450/31/400
f 514/30/401 450/31/401 505/31/401
f 504/19/402 458/19/402 515/27/402
f 504/19/403 515/27/403 513/27/403
s 1
usemtl Material.005
f 543/1/404 520/2/405 526/2/406
f 543/1/404 526/2/406 548/1/407
f 551/17/408 532/7/408 523/7/408
f 551/17/408 523/7/408 557/17/408
f 546/1/409 525/2/409 565/2/409
f 546/1/409 565/2/409 554/1/409
f 518/3/410 538/22/410 540/22/411
f 518/3/410 540/22/411 517/3/410
s 0
f 528/12/412 547/1/412 535/1/412
f 528/12/413 535/1/413 558/12/413
s 1
f 521/12/414 544/1/415 549/1/416
f 521/12/414 549/1/416 529/12/417
f 555/1/418 566/2/419 533/7/420
f 555/1/418 533/7/420 552/17/420
f 550/17/421 556/17/422 553/1/422
f 556/17/422 545/1/422 553/1/422
f 567/2/423 527/2/424 524/7/423
f 567/2/423 524/7/423 534/7/423
s 0
f 559/12/425 536/1/425 562/17/425
f 559/12/426 562/17/426 563/6/426
f 537/22/427 539/22/427 519/3/427
s 1
f 542/19/428 570/27/429 572/30/430
f 542/19/428 572/30/430 541/31/431
f 571/32/432 569/33/432 568/34/433
f 571/32/432 568/34/433 573/30/434
f 595/1/435 597/1/436 581/2/437
f 595/1/435 581/2/437 577/2/438
f 602/17/439 607/17/439 579/7/439
f 602/17/439 579/7/439 585/7/439
f 599/1/440 605/1/440 612/2/440
f 599/1/440 612/2/440 582/2/440
f 576/3/441 574/3/441 591/22/442
f 576/3/441 591/22/442 590/22/441
s 0
f 531/12/443 561/12/443 587/1/443
s 1
f 531/12/444 587/1/444 598/1/444
f 522/12/445 530/12/446 596/1/447
f 522/12/445 596/1/447 594/1/448
f 604/1/449 601/17/450 584/7/451
f 604/1/449 584/7/451 611/2/452
f 603/17/453 606/1/454 608/17/454
f 606/1/454 600/1/454 608/17/454
f 610/2/455 583/7/455 578/7/455
f 610/2/455 578/7/455 580/2/456
s 0
f 560/12/457 564/6/457 609/17/457
s 1
f 560/12/458 609/17/458 586/1/458
s 0
f 588/22/459 575/3/459 589/22/459
s 1
f 593/19/460 592/31/461 618/30/462
f 593/19/460 618/30/462 615/27/463
f 616/32/464 617/30/464 613/34/465
f 616/32/464 613/34/465 614/33/464
usemtl yellow
f 663/16/466 625/16/467 636/16/468
f 663/16/466 636/16/468 665/16/469
f 640/13/470 624/14/471 622/14/472
f 640/13/470 622/14/472 642/13/473
f 623/14/474 626/4/475 639/4/476
f 623/14/474 639/4/476 621/14/477
f 651/35/478 646/8/479 645/26/478
f 645/26/478 643/13/480 659/14/478
f 659/14/478 657/4/481 670/36/482
f 670/36/482 655/37/478 651/35/478
f 651/35/478 645/26/478 659/14/478
f 659/14/478 670/36/482 651/35/478
f 641/13/483 619/14/483 660/14/484
f 641/13/483 660/14/484 644/13/484
f 631/9/485 629/8/485 647/8/486
f 631/9/485 647/8/486 649/9/486
s 0
f 666/16/487 633/16/487 652/16/487
f 666/16/488 652/16/488 668/16/488
s 1
f 620/14/489 638/4/489 658/4/490
f 620/14/489 658/4/490 661/14/489
f 637/16/491 667/16/492 669/16/493
f 637/16/491 669/16/493 656/16/493
f 627/16/494 662/16/495 664/16/496
f 627/16/494 664/16/496 632/16/497
f 698/16/498 702/16/499 681/16/500
f 698/16/498 681/16/500 677/16/501
f 684/13/502 685/13/503 671/14/504
f 684/13/502 671/14/504 675/14/505
f 676/14/506 672/14/507 682/4/508
f 676/14/506 682/4/508 678/4/509
f 689/26/510 691/8/511 650/35/511
f 650/35/511 654/37/511 706/36/512
f 706/36/512 694/4/513 697/14/510
f 697/14/510 688/13/514 689/26/510
f 650/35/511 706/36/512 697/14/510
f 650/35/511 697/14/510 689/26/510
f 686/13/515 687/13/516 696/14/516
f 686/13/515 696/14/516 674/14/515
f 630/9/517 648/9/517 690/8/517
f 630/9/517 690/8/517 679/8/517
s 0
f 701/16/518 705/16/518 653/16/518
f 701/16/487 653/16/487 634/16/487
s 1
f 673/14/519 695/14/520 693/4/519
f 673/14/519 693/4/519 683/4/520
f 680/16/521 692/16/522 704/16/523
f 680/16/521 704/16/523 700/16/524
f 628/16/525 635/16/526 703/16/527
f 628/16/525 703/16/527 699/16/528
s 0
usemtl Material.003
f 713/9/529 711/8/529 708/8/529
f 713/9/529 708/8/529 715/9/529
s 1
f 714/9/530 707/8/530 717/8/530
f 714/9/530 717/8/530 720/9/530
f 710/8/531 734/30/531 738/34/531
f 710/8/531 738/34/531 719/8/531
f 712/8/532 729/31/533 732/30/534
f 712/8/532 732/30/534 709/8/535
f 731/32/536 722/13/536 724/13/537
f 731/32/536 724/13/537 740/33/537
f 727/26/538 746/26/538 742/38/538
f 742/38/538 723/13/538 725/13/538
f 742/38/538 725/13/538 727/26/538
f 728/8/539 718/8/540 736/39/541
f 736/39/541 744/40/541 726/26/542
f 736/39/541 726/26/542 728/8/539
s 0
f 741/38/543 745/26/543 748/26/543
f 741/38/544 748/26/544 755/38/544
f 730/32/545 739/33/545 754/33/545
f 730/32/546 754/33/546 756/32/546
f 751/34/547 753/41/547 749/26/547
f 743/40/548 735/39/548 750/39/548
f 743/40/549 750/39/549 747/40/549
f 737/34/550 733/30/550 757/30/550
f 737/34/551 757/30/551 752/34/551
f 713/9/529 715/9/529 760/8/529
f 713/9/529 760/8/529 763/8/529
s 1
f 716/9/552 721/9/552 766/8/552
f 716/9/552 766/8/552 761/8/552
f 758/8/553 764/8/554 782/34/554
f 758/8/553 782/34/554 777/30/553
f 762/8/555 759/8/556 779/30/557
f 762/8/555 779/30/557 774/31/558
f 775/32/559 784/33/559 768/13/559
f 775/32/559 768/13/559 767/13/560
f 786/38/561 790/26/562 771/26/562
f 771/26/562 770/13/562 769/13/561
f 771/26/562 769/13/561 786/38/561
f 780/39/563 765/8/564 773/8/563
f 773/8/563 772/26/563 788/40/563
f 773/8/563 788/40/563 780/39/563
s 0
f 787/38/565 800/38/565 794/26/565
f 787/38/566 794/26/566 791/26/566
f 776/32/567 801/32/567 799/33/567
f 776/32/567 799/33/567 785/33/567
f 797/34/568 793/26/568 798/41/568
f 789/40/569 792/40/569 795/39/569
f 789/40/570 795/39/570 781/39/570
f 783/34/571 796/34/571 802/30/571
f 783/34/572 802/30/572 778/30/572
o Cube.002
v -0.130864 -0.582440 -0.672913
v -0.130864 -0.582440 -0.672913
v -0.130864 -0.466672 -0.681109
v -0.130864 -0.466672 -0.681109
v -0.130864 -0.622932 -1.244860
v -0.130864 -0.622932 -1.244860
v -0.130864 -0.507164 -1.253055
v -0.130864 -0.507164 -1.253055
v -0.031749 -0.582440 -0.672913
v -0.031749 -0.582440 -0.672913
v -0.031749 -0.466672 -0.681109
v -0.031749 -0.466672 -0.681109
v -0.031749 -0.622932 -1.244860
v -0.031749 -0.622932 -1.244860
v -0.031750 -0.507164 -1.253055
v -0.031750 -0.507164 -1.253055
v -0.145604 -0.425881 -1.354143
v -0.145604 -0.425881 -1.354143
v -0.145604 -0.579249 -1.336559
v -0.145604 -0.579249 -1.336559
v -0.017009 -0.579249 -1.336559
v -0.017009 -0.579249 -1.336559
v -0.017009 -0.425881 -1.354143
v -0.017009 -0.425881 -1.354143
v -0.261584 -0.331390 -1.755570
v -0.261584 -0.331390 -1.755570
v -0.261584 -0.331390 -1.755570
v -0.261584 -0.339754 -1.787314
v -0.261584 -0.339754 -1.787314
v -0.261584 -0.339754 -1.787314
v 0.098972 -0.339755 -1.787314
v 0.098972 -0.339755 -1.787314
v 0.098972 -0.339755 -1.787314
v 0.098972 -0.331390 -1.755570
v 0.098972 -0.331390 -1.755570
v 0.098972 -0.331390 -1.755570
v -0.081307 -0.622932 -1.244860
v -0.081307 -0.507164 -1.253055
v -0.081307 -0.582440 -0.672913
v -0.081307 -0.466672 -0.681109
v -0.081307 -0.579828 -1.335288
v -0.081307 -0.579828 -1.335288
v -0.081307 -0.579828 -1.335288
v -0.081307 -0.579828 -1.335288
v -0.081307 -0.463455 -1.587125
v -0.081307 -0.463455 -1.587125
v -0.081307 -0.463455 -1.587125
v -0.081307 -0.463455 -1.587125
v -0.081307 -0.425881 -1.354143
v -0.081307 -0.425881 -1.354143
v -0.081307 -0.425881 -1.354143
v -0.081307 -0.425881 -1.354143
v -0.207001 -0.463455 -1.587125
v -0.207001 -0.463455 -1.587125
v -0.207001 -0.463455 -1.587125
v -0.207001 -0.463455 -1.587125
v -0.207001 -0.362133 -1.570721
v -0.207001 -0.362133 -1.570721
v -0.207001 -0.362133 -1.570721
v -0.207001 -0.362133 -1.570721
v -0.142322 -0.330202 -1.755611
v -0.142322 -0.330202 -1.755611
v -0.142322 -0.330202 -1.755611
v 0.044388 -0.463455 -1.587125
v 0.044388 -0.463455 -1.587125
v 0.044388 -0.463455 -1.587125
v 0.044388 -0.463455 -1.587125
v 0.044388 -0.362133 -1.570721
v 0.044388 -0.362133 -1.570721
v 0.044388 -0.362133 -1.570721
v 0.044388 -0.362133 -1.570721
v -0.081307 -0.362133 -1.570721
v -0.081307 -0.362133 -1.570721
v -0.081307 -0.362133 -1.570721
v -0.081307 -0.362133 -1.570721
v -0.142322 -0.338567 -1.787356
v -0.142322 -0.338567 -1.787356
v -0.142322 -0.338567 -1.787356
v -0.111189 -0.462267 -1.587166
v -0.111189 -0.462267 -1.587166
v -0.111189 -0.462267 -1.587166
v -0.111189 -0.462267 -1.587166
v -0.082173 -0.331390 -1.755570
v -0.082173 -0.331390 -1.755570
v -0.082173 -0.331390 -1.755570
v -0.082173 -0.339755 -1.787314
v -0.082173 -0.339755 -1.787314
v -0.082173 -0.339755 -1.787314
v -0.111189 -0.360945 -1.570762
v -0.111189 -0.360945 -1.570762
v -0.111189 -0.360945 -1.570762
v -0.111189 -0.360945 -1.570762
v -0.130864 -0.548151 -0.188580
v -0.130864 -0.548151 -0.188580
v -0.130864 -0.548151 -0.188580
v -0.130864 -0.432383 -0.196776
v -0.130864 -0.432383 -0.196776
v -0.130864 -0.432383 -0.196776
v -0.031749 -0.432383 -0.196776
v -0.031749 -0.432383 -0.196776
v -0.031749 -0.432383 -0.196776
v -0.031749 -0.548151 -0.188580
v -0.031749 -0.548151 -0.188580
v -0.031749 -0.548151 -0.188580
v -0.081307 -0.548151 -0.188580
v -0.081307 -0.548151 -0.188580
v -0.081307 -0.432383 -0.196776
v -0.081307 -0.432383 -0.196776
v 0.246013 -0.598058 -0.645310
v 0.246013 -0.598058 -0.645310
v 0.246013 -0.482295 -0.659649
v 0.246013 -0.482295 -0.659649
v 0.246013 -0.634136 -1.235842
v 0.246013 -0.634136 -1.235842
v 0.246013 -0.517585 -1.246109
v 0.246013 -0.517585 -1.246109
v 0.146899 -0.598094 -0.645247
v 0.146899 -0.598094 -0.645247
v 0.146899 -0.481990 -0.660068
v 0.146899 -0.481990 -0.660068
v 0.146899 -0.634053 -1.235909
v 0.146899 -0.634053 -1.235909
v 0.146899 -0.517178 -1.246381
v 0.146899 -0.517178 -1.246381
v 0.260753 -0.429834 -1.352040
v 0.260753 -0.429834 -1.352040
v 0.260753 -0.586456 -1.331537
v 0.260753 -0.586456 -1.331537
v 0.132158 -0.586290 -1.331652
v 0.132158 -0.586290 -1.331652
v 0.132158 -0.429024 -1.352471
v 0.132158 -0.429024 -1.352471
v 0.376734 -0.331390 -1.755570
v 0.376734 -0.331390 -1.755570
v 0.376734 -0.331390 -1.755570
v 0.376734 -0.339754 -1.787315
v 0.376734 -0.339754 -1.787315
v 0.376734 -0.339754 -1.787315
v 0.016177 -0.339754 -1.787315
v 0.016177 -0.339754 -1.787315
v 0.016177 -0.339754 -1.787315
v 0.016177 -0.331390 -1.755570
v 0.016177 -0.331390 -1.755570
v 0.016177 -0.331390 -1.755570
v 0.196456 -0.634164 -1.235819
v 0.196456 -0.517209 -1.246359
v 0.196456 -0.598155 -0.645139
v 0.196456 -0.481980 -0.660081
v 0.196456 -0.586509 -1.330623
v 0.196456 -0.586509 -1.330623
v 0.196456 -0.586509 -1.330623
v 0.196456 -0.586509 -1.330623
v 0.196456 -0.463455 -1.587126
v 0.196456 -0.463455 -1.587126
v 0.196456 -0.463455 -1.587126
v 0.196456 -0.463455 -1.587126
v 0.196456 -0.428974 -1.352498
v 0.196456 -0.428974 -1.352498
v 0.196456 -0.428974 -1.352498
v 0.196456 -0.428974 -1.352498
v 0.322150 -0.463610 -1.587050
v 0.322150 -0.463610 -1.587050
v 0.322150 -0.463610 -1.587050
v 0.322150 -0.463610 -1.587050
v 0.322150 -0.362133 -1.570721
v 0.322150 -0.362133 -1.570721
v 0.322150 -0.362133 -1.570721
v 0.322150 -0.362133 -1.570721
v 0.257471 -0.330202 -1.755611
v 0.257471 -0.330202 -1.755611
v 0.257471 -0.330202 -1.755611
v 0.070761 -0.463455 -1.587126
v 0.070761 -0.463455 -1.587126
v 0.070761 -0.463455 -1.587126
v 0.070761 -0.463455 -1.587126
v 0.070761 -0.362133 -1.570721
v 0.070761 -0.362133 -1.570721
v 0.070761 -0.362133 -1.570721
v 0.070761 -0.362133 -1.570721
v 0.196456 -0.362133 -1.570721
v 0.196456 -0.362133 -1.570721
v 0.196456 -0.362133 -1.570721
v 0.196456 -0.362133 -1.570721
v 0.257471 -0.338567 -1.787356
v 0.257471 -0.338567 -1.787356
v 0.257471 -0.338567 -1.787356
v 0.226338 -0.462424 -1.587090
v 0.226338 -0.462424 -1.587090
v 0.226338 -0.462424 -1.587090
v 0.226338 -0.462424 -1.587090
v 0.197322 -0.331390 -1.755570
v 0.197322 -0.331390 -1.755570
v 0.197322 -0.331390 -1.755570
v 0.197322 -0.339754 -1.787315
v 0.197322 -0.339754 -1.787315
v 0.197322 -0.339754 -1.787315
v 0.226338 -0.360945 -1.570762
v 0.226338 -0.360945 -1.570762
v 0.226338 -0.360945 -1.570762
v 0.226338 -0.360945 -1.570762
v 0.246013 -0.534877 -0.124123
v 0.246013 -0.534877 -0.124123
v 0.246013 -0.534877 -0.124123
v 0.246013 -0.421026 -0.143071
v 0.246013 -0.421026 -0.143071
v 0.246013 -0.421026 -0.143071
v 0.146898 -0.420916 -0.142551
v 0.146898 -0.420916 -0.142551
v 0.146898 -0.420916 -0.142551
v 0.146898 -0.534814 -0.123817
v 0.146898 -0.534814 -0.123817
v 0.146898 -0.534814 -0.123817
v 0.196456 -0.534888 -0.124176
v 0.196456 -0.534888 -0.124176
v 0.196456 -0.420911 -0.142525
v 0.196456 -0.420911 -0.142525
v -0.130864 -0.622932 -1.244860
v -0.130864 -0.622932 -1.244860
v -0.130864 -0.507164 -1.253055
v -0.130864 -0.507164 -1.253055
v -0.031749 -0.622932 -1.244860
v -0.031749 -0.622932 -1.244860
v -0.031750 -0.507164 -1.253055
v -0.031750 -0.507164 -1.253055
v -0.145604 -0.425881 -1.354143
v -0.145604 -0.425881 -1.354143
v -0.145604 -0.579249 -1.336559
v -0.145604 -0.579249 -1.336559
v -0.017009 -0.579249 -1.336559
v -0.017009 -0.579249 -1.336559
v -0.017009 -0.425881 -1.354143
v -0.017009 -0.425881 -1.354143
v -0.081307 -0.622932 -1.244860
v -0.081307 -0.622932 -1.244860
v -0.081307 -0.507164 -1.253055
v -0.081307 -0.579828 -1.335288
v -0.081307 -0.579828 -1.335288
v -0.081307 -0.425881 -1.354143
v 0.246013 -0.634136 -1.235842
v 0.246013 -0.634136 -1.235842
v 0.246013 -0.517585 -1.246109
v 0.246013 -0.517585 -1.246109
v 0.146899 -0.634053 -1.235909
v 0.146899 -0.634053 -1.235909
v 0.146899 -0.517178 -1.246381
v 0.146899 -0.517178 -1.246381
v 0.260753 -0.429834 -1.352040
v 0.260753 -0.429834 -1.352040
v 0.260753 -0.586456 -1.331537
v 0.260753 -0.586456 -1.331537
v 0.132158 -0.586290 -1.331652
v 0.132158 -0.586290 -1.331652
v 0.132158 -0.429024 -1.352471
v 0.132158 -0.429024 -1.352471
v 0.196456 -0.634164 -1.235819
v 0.196456 -0.634164 -1.235819
v 0.196456 -0.517209 -1.246359
v 0.196456 -0.586509 -1.330623
v 0.196456 -0.586509 -1.330623
v 0.196456 -0.428974 -1.352498
vn -1.0000 -0.0000 -0.0000
vn 1.0000 -0.0000 -0.0000
vn -0.0000 0.9975 -0.0706
vn -0.0000 -0.9975 0.0706
vn 0.9670 -0.1024 0.2332
vn 0.9670 -0.1023 0.2332
vn -0.0000 0.9670 -0.2548
vn 0.0093 -0.8497 -0.5271
vn 0.0092 -0.8498 -0.5271
vn -0.0000 0.9865 0.1641
vn -0.9670 -0.1024 0.2332
vn -0.9670 -0.1023 0.2332
vn -0.0109 0.9860 0.1665
vn -0.0107 0.9860 0.1665
vn -0.0104 0.9860 0.1666
vn -0.0000 -0.8507 -0.5257
vn -0.0097 0.9670 -0.2548
vn -0.0070 0.9582 0.2861
vn -0.0071 0.9582 0.2861
vn -0.9670 0.0012 0.2547
vn -0.9670 0.0011 0.2547
vn 0.0067 -0.9065 -0.4223
vn 0.0067 -0.9065 -0.4222
vn 0.0002 -0.9077 -0.4196
vn -0.0000 -0.9078 -0.4195
vn -0.0000 0.9593 0.2824
vn 0.9670 0.0012 0.2547
vn 0.9670 0.0011 0.2547
vn -1.0000 -0.0017 0.0039
vn -1.0000 -0.0017 0.0038
vn -1.0000 -0.0016 0.0039
vn 0.9919 -0.0012 -0.1270
vn 0.9919 -0.0011 -0.1270
vn 0.9889 0.0597 -0.1360
vn -0.0000 0.0706 0.9975
vn 0.0015 0.9927 -0.1205
vn 0.0006 0.9927 -0.1206
vn 0.0023 0.9981 -0.0608
vn 0.0014 0.9981 -0.0608
vn -0.0079 -0.9982 0.0601
vn -0.0069 -0.9982 0.0600
vn 0.9670 0.1023 -0.2332
vn 0.9670 0.1023 -0.2331
vn -0.0000 -0.9670 0.2548
vn 0.0093 0.8495 0.5275
vn 0.0091 0.8496 0.5274
vn 0.0092 0.8496 0.5274
vn -0.0000 -0.9865 -0.1641
vn -0.9670 0.1021 -0.2332
vn -0.9671 0.1020 -0.2331
vn -0.9671 0.1021 -0.2332
vn -0.0108 -0.9860 -0.1665
vn -0.0107 -0.9860 -0.1665
vn -0.0000 0.8507 0.5257
vn -0.0097 -0.9670 0.2548
vn -0.0007 -0.9982 0.0600
vn 0.0002 -0.9982 0.0599
vn -0.0006 0.9981 -0.0608
vn -0.0022 0.9981 -0.0610
vn -0.0152 -0.9544 -0.2982
vn -0.0176 -0.9544 -0.2979
vn -0.0087 -0.9542 -0.2992
vn -0.0069 -0.9541 -0.2995
vn -0.9675 -0.0045 -0.2530
vn -0.9672 -0.0056 -0.2540
vn -0.9679 -0.0030 -0.2512
vn -0.9681 -0.0018 -0.2504
vn 0.0108 0.8996 0.4366
vn 0.0120 0.8994 0.4370
vn 0.0075 0.9003 0.4352
vn 0.0066 0.9005 0.4348
vn -0.0038 0.9016 0.4325
vn -0.0000 0.9012 0.4333
vn 0.0006 -0.9561 -0.2932
vn -0.0000 -0.9562 -0.2929
vn 0.9676 -0.0048 -0.2526
vn 0.9674 -0.0054 -0.2532
vn 0.9675 -0.0027 -0.2528
vn 0.9676 -0.0015 -0.2525
vn -1.0000 0.0017 -0.0039
vn -1.0000 0.0017 -0.0038
vn 0.9920 0.0019 0.1259
vn 0.9920 0.0015 0.1260
vn 0.9920 0.0029 0.1261
vn 0.9920 0.0031 0.1261
vn 0.9889 -0.0596 0.1360
vn 0.9889 -0.0597 0.1360
vn -0.0113 -0.1589 -0.9872
vn 0.0011 -0.1642 -0.9864
vn 0.0005 -0.1623 -0.9867
vn -0.0074 -0.1589 -0.9873
vn -0.0024 0.9927 -0.1206
vn -0.0001 0.9927 -0.1203
vn -0.0073 -0.9930 0.1178
vn -0.0010 -0.9931 0.1172
vn 0.0002 -0.9931 0.1172
vn -0.0000 -0.9931 0.1172
vn 0.9868 0.0152 0.1610
vn 0.9869 0.0154 0.1609
vn -0.0000 -0.9028 -0.4301
vn -0.0001 -0.9028 -0.4301
vn -0.0000 0.7793 0.6266
vn -0.9869 0.0154 0.1609
vn -0.0000 -0.9027 -0.4303
vn -0.0004 -0.9028 -0.4301
vn 0.9876 -0.0178 -0.1563
vn 0.9876 -0.0180 -0.1559
vn 0.9876 -0.0179 -0.1561
vn 0.9875 -0.0177 -0.1565
vn -0.0003 0.8951 0.4459
vn 0.0056 0.8935 0.4491
vn 0.0053 0.8935 0.4490
vn -0.0002 -0.7691 -0.6391
vn 0.0003 -0.7690 -0.6393
vn -0.9876 -0.0175 -0.1560
vn -0.9875 -0.0177 -0.1565
vn -0.9876 -0.0176 -0.1562
vn -0.9876 -0.0175 -0.1558
vn -0.0026 -0.7690 -0.6393
vn -0.0058 -0.7697 -0.6384
vn 0.0012 0.8935 0.4491
vn -0.0037 0.8945 0.4471
vt 0.375000 0.000000
vt 0.625000 0.000000
vt 0.625000 0.250000
vt 0.375000 0.250000
vt 0.375000 0.500000
vt 0.625000 0.500000
vt 0.625000 0.750000
vt 0.375000 0.750000
vt 0.750000 0.750000
vt 0.875000 0.750000
vt 0.250000 0.500000
vt 0.250000 0.750000
vt 0.750000 0.500000
vt 0.875000 0.500000
vt 0.625000 0.500000
vt 0.375000 0.500000
vt 0.375000 0.375000
vt 0.625000 0.375000
vt 0.125000 0.500000
vt 0.375000 0.250000
vt 0.625000 0.250000
vt 0.125000 0.750000
vt 0.375000 0.875000
vt 0.625000 0.875000
vt 0.625000 1.000000
vt 0.375000 1.000000
s 0
usemtl Material.004
f 804/42/573 805/43/573 809/44/573
f 804/42/573 809/44/573 808/45/573
f 816/46/574 818/47/574 814/48/574
f 816/46/574 814/48/574 812/49/574
f 842/50/575 806/51/575 900/51/575
f 842/50/575 900/51/575 910/50/575
f 839/52/576 815/46/576 811/49/576
f 839/52/576 811/49/576 841/53/576
f 840/54/575 810/55/575 806/51/575
f 840/54/575 806/51/575 842/50/575
s 1
f 873/56/577 869/57/578 835/46/578
f 873/56/577 835/46/578 838/47/577
s 0
f 890/58/579 886/59/579 836/47/579
f 890/58/579 836/47/579 834/46/579
s 1
f 882/52/580 856/60/581 830/60/581
f 882/52/580 830/60/581 878/52/581
s 0
f 877/54/582 871/56/582 837/47/582
f 877/54/582 837/47/582 887/54/582
s 1
f 857/61/583 859/62/584 827/44/584
f 857/61/583 827/44/584 831/45/584
f 861/55/585 891/54/586 865/54/587
f 861/55/585 865/54/587 829/55/586
s 0
f 867/57/588 850/52/588 888/52/588
f 867/57/588 888/52/588 833/46/588
f 832/45/589 828/44/589 863/59/589
f 832/45/589 863/59/589 879/58/589
f 817/47/575 840/54/575 842/50/575
f 817/47/575 842/50/575 813/48/575
f 807/60/576 839/52/576 841/53/576
f 807/60/576 841/53/576 803/63/576
f 803/63/576 841/53/576 907/53/576
f 803/63/576 907/53/576 895/63/576
s 1
f 820/55/590 852/54/590 892/54/591
f 820/55/590 892/54/591 862/55/590
f 822/45/592 819/44/592 860/62/592
f 822/45/592 860/62/592 858/61/593
f 845/52/594 821/60/595 855/60/595
f 845/52/594 855/60/595 881/52/595
s 0
f 823/46/596 844/52/596 849/52/596
f 823/46/597 849/52/597 866/57/597
f 853/54/598 825/47/598 870/56/598
f 853/54/598 870/56/598 876/54/598
s 1
f 826/47/599 824/46/600 868/57/599
f 826/47/599 868/57/599 872/56/600
s 0
f 874/54/573 847/52/573 843/52/573
f 874/54/573 843/52/573 851/54/573
s 1
f 885/59/601 889/58/602 848/52/602
f 885/59/601 848/52/602 875/54/603
f 884/52/604 894/54/605 854/54/604
f 884/52/604 854/54/604 846/52/604
f 880/58/606 864/59/606 893/54/606
f 880/58/606 893/54/606 883/52/606
s 0
f 908/64/607 909/65/607 898/66/607
f 908/64/607 898/66/607 896/67/607
f 905/49/607 901/48/607 909/65/607
f 905/49/607 909/65/607 908/64/607
f 812/49/574 814/48/574 903/48/574
f 812/49/574 903/48/574 906/49/574
f 813/48/575 842/50/575 910/50/575
f 813/48/575 910/50/575 902/48/575
f 805/43/573 804/42/573 897/42/573
f 805/43/573 897/42/573 899/43/573
f 841/53/576 811/49/576 904/49/576
f 841/53/576 904/49/576 907/53/576
f 912/42/573 913/43/573 917/44/573
f 912/42/573 917/44/573 916/45/573
f 924/46/574 926/47/574 922/48/574
f 924/46/574 922/48/574 920/49/574
f 949/53/608 919/49/608 1013/49/608
f 949/53/609 1013/49/609 1015/53/609
f 947/52/610 923/46/610 919/49/610
f 947/52/611 919/49/611 949/53/611
f 948/54/612 918/55/612 914/51/612
f 948/54/613 914/51/613 950/50/613
s 1
f 981/56/614 977/57/614 943/46/614
f 981/56/614 943/46/614 946/47/615
s 0
f 998/58/616 994/59/616 945/47/616
f 998/58/616 945/47/616 941/46/616
s 1
f 990/52/617 964/60/618 938/60/619
f 990/52/617 938/60/619 986/52/619
s 0
f 984/54/620 978/56/620 944/47/620
f 984/54/620 944/47/620 995/54/620
s 1
f 965/61/621 967/62/621 935/44/622
f 965/61/621 935/44/622 939/45/623
f 969/55/624 999/54/625 973/54/624
f 969/55/624 973/54/624 937/55/624
s 0
f 974/57/626 957/52/626 996/52/626
f 974/57/626 996/52/626 942/46/626
f 940/45/627 936/44/627 971/59/627
s 1
f 940/45/627 971/59/627 987/58/627
s 0
f 925/47/628 948/54/628 950/50/628
f 925/47/629 950/50/629 921/48/629
f 915/60/630 947/52/630 949/53/630
f 915/60/631 949/53/631 911/63/631
f 913/43/573 912/42/573 1005/42/573
f 913/43/573 1005/42/573 1007/43/573
s 1
f 928/55/632 960/54/633 1000/54/634
f 928/55/632 1000/54/634 970/55/635
f 930/45/636 927/44/637 968/62/638
f 930/45/636 968/62/638 966/61/639
f 953/52/640 929/60/641 963/60/642
f 953/52/640 963/60/642 989/52/643
s 0
f 931/46/644 952/52/644 958/52/644
s 1
f 931/46/645 958/52/645 975/57/645
s 0
f 961/54/646 933/47/646 979/56/646
f 961/54/647 979/56/647 985/54/647
s 1
f 934/47/648 932/46/649 976/57/650
f 934/47/648 976/57/650 980/56/651
s 0
f 982/54/573 955/52/573 951/52/573
f 982/54/573 951/52/573 959/54/573
s 1
f 993/59/652 997/58/653 956/52/652
f 993/59/652 956/52/652 983/54/652
f 992/52/654 1002/54/655 962/54/656
f 992/52/654 962/54/656 954/52/657
f 988/58/658 972/59/659 1001/54/658
f 988/58/658 1001/54/658 991/52/658
s 0
f 1016/64/660 1017/65/660 1006/66/660
f 1016/64/661 1006/66/661 1004/67/661
f 1012/49/662 1010/48/662 1017/65/662
f 1012/49/663 1017/65/663 1016/64/663
f 911/63/664 949/53/664 1015/53/664
f 911/63/665 1015/53/665 1003/63/665
f 950/50/666 914/51/666 1008/51/666
f 950/50/667 1008/51/667 1018/50/667
f 920/49/574 922/48/574 1011/48/574
f 920/49/574 1011/48/574 1014/49/574
f 921/48/668 950/50/668 1018/50/668
f 921/48/669 1018/50/669 1009/48/669
s 1
usemtl black
f 1026/47/670 1024/46/671 1032/46/671
f 1026/47/670 1032/46/671 1034/47/671
s 0
f 1036/52/672 1019/60/672 1029/60/672
f 1036/52/673 1029/60/673 1039/52/673
f 1037/54/674 1025/47/674 1033/47/674
f 1037/54/674 1033/47/674 1040/54/674
s 1
f 1020/45/675 1021/44/675 1027/44/675
f 1020/45/675 1027/44/675 1030/45/675
s 0
f 1022/55/674 1037/54/674 1040/54/674
f 1022/55/674 1040/54/674 1028/55/674
f 1023/46/676 1035/52/676 1038/52/676
s 1
f 1023/46/677 1038/52/677 1031/46/677
f 1048/47/678 1046/46/679 1054/46/680
f 1048/47/678 1054/46/680 1056/47/681
s 0
f 1058/52/682 1041/60/682 1051/60/682
f 1058/52/683 1051/60/684 1061/52/684
f 1059/54/685 1047/47/685 1055/47/685
f 1059/54/686 1055/47/686 1062/54/686
s 1
f 1042/45/687 1043/44/688 1049/44/689
f 1042/45/687 1049/44/689 1052/45/690
s 0
f 1044/55/691 1059/54/691 1062/54/691
f 1044/55/692 1062/54/692 1050/55/692
f 1045/46/693 1057/52/693 1060/52/693
f 1045/46/694 1060/52/694 1053/46/694
o Cube.003
v -0.220514 0.023494 0.089454
v -0.220514 0.023494 0.089454
v -0.220514 0.023494 0.089454
v -0.659408 0.321528 0.302345
v -0.659408 0.321528 0.302345
v -0.659408 0.321528 0.302345
v -0.659408 0.321528 0.302345
v -1.193516 0.726892 0.297857
v -1.193516 0.726892 0.297857
v -1.193516 0.726892 0.297857
v -1.193516 0.726892 0.297857
v -1.974147 1.251497 0.552898
v -1.974147 1.251497 0.552898
v -1.974147 1.251497 0.552898
v -1.974147 1.251497 0.552898
v -1.494631 0.997245 0.414218
v -1.494631 0.997245 0.414218
v -1.494631 0.997245 0.414218
v -1.494631 0.997245 0.414218
v -2.966684 1.366909 0.846018
v -2.966684 1.366909 0.846018
v -2.966684 1.366909 0.846018
v -2.966684 1.366909 0.846018
v -3.616224 1.487776 0.878586
v -3.616224 1.487776 0.878586
v -3.616224 1.487776 0.878586
v -3.616224 1.487776 0.878586
v -4.632613 1.468360 1.616442
v -4.632613 1.468360 1.616442
v -0.095023 0.281927 0.748796
v -0.095023 0.281927 0.748796
v -0.095023 0.281927 0.748796
v -0.095023 0.281927 0.748796
v -0.189776 0.049323 0.748769
v -0.189776 0.049323 0.748769
v -0.189776 0.049323 0.748769
v -0.189776 0.049323 0.748769
v -6.186798 2.042594 0.800679
v -6.186798 2.042594 0.800679
v -5.425685 1.513386 0.542349
v -5.425685 1.513386 0.542349
v -4.324493 1.541373 0.650904
v -4.324493 1.541373 0.650904
v -4.324493 1.541373 0.650904
v -4.324493 1.541373 0.650904
v -5.937571 1.815884 0.660589
v -5.937571 1.815884 0.660589
v -5.218037 1.384493 0.421095
v -5.218037 1.384493 0.421095
v -0.619871 0.351568 0.708990
v -0.619871 0.351568 0.708990
v -0.619871 0.351568 0.708990
v -0.619871 0.351568 0.708990
v -0.537964 0.517748 0.698594
v -0.537964 0.517748 0.698594
v -0.537964 0.517748 0.698594
v -0.537964 0.517748 0.698594
v -1.108232 0.808749 0.754096
v -1.108232 0.808749 0.754096
v -1.108232 0.808749 0.754096
v -1.108232 0.808749 0.754096
v -1.076977 0.949626 0.756459
v -1.076977 0.949626 0.756459
v -1.076977 0.949626 0.756459
v -1.076977 0.949626 0.756459
v -1.900867 1.292563 1.043429
v -1.900867 1.292563 1.043429
v -1.900867 1.292563 1.043429
v -1.900867 1.292563 1.043429
v -1.783493 1.302558 1.046879
v -1.783493 1.302558 1.046879
v -1.783493 1.302558 1.046879
v -1.783493 1.302558 1.046879
v -1.392920 1.064391 0.838956
v -1.392920 1.064391 0.838956
v -1.392920 1.064391 0.838956
v -1.392920 1.064391 0.838956
v -1.434506 1.141837 0.847345
v -1.434506 1.141837 0.847345
v -1.434506 1.141837 0.847345
v -1.434506 1.141837 0.847345
v -2.719528 1.379057 1.248492
v -2.719528 1.379057 1.248492
v -2.719528 1.379057 1.248492
v -2.719528 1.379057 1.248492
v -2.659056 1.503621 1.240113
v -2.659056 1.503621 1.240113
v -2.659056 1.503621 1.240113
v -2.659056 1.503621 1.240113
v -3.284554 1.641549 1.294485
v -3.284554 1.641549 1.294485
v -3.284554 1.641549 1.294485
v -3.284554 1.641549 1.294485
v -3.378579 1.507082 1.301865
v -3.378579 1.507082 1.301865
v -3.378579 1.507082 1.301865
v -3.378579 1.507082 1.301865
v -4.784851 1.489650 1.058823
v -4.784851 1.489650 1.058823
v -4.784851 1.489650 1.058823
v -4.784851 1.489650 1.058823
v -4.784851 1.489650 1.058823
v -4.624747 1.644399 1.057910
v -4.624747 1.644399 1.057910
v -4.624747 1.644399 1.057910
v -4.624747 1.644399 1.057910
v -5.635595 1.662489 0.947423
v -5.680090 1.615478 0.956089
v -5.680090 1.615478 0.956089
v -5.680090 1.615478 0.956089
v -6.186232 2.040365 0.863127
v -6.164862 2.053233 0.854371
v -5.289404 1.481823 1.003730
v -5.289404 1.481823 1.003730
v -3.931697 1.741293 1.181908
v -3.931697 1.741293 1.181908
v -3.931697 1.741293 1.181908
v -3.931697 1.741293 1.181908
v -3.931697 1.741293 1.181908
v -4.094004 1.578604 1.181700
v -4.094004 1.578604 1.181700
v -4.094004 1.578604 1.181700
v -4.094004 1.578604 1.181700
v -5.978179 1.822961 0.910609
v -5.978179 1.822961 0.910609
v -5.942780 1.850257 0.902311
v -4.664157 1.649980 0.480616
v -4.664157 1.649980 0.480616
v -4.664157 1.649980 0.480616
v -5.993838 1.847872 0.696502
v -5.564649 1.652823 0.639148
v -5.564649 1.652823 0.639148
v -5.768674 1.666698 0.593053
v -0.023763 0.364441 1.938947
v -0.023763 0.364441 1.938947
v -0.023763 0.364441 1.938947
v -0.002756 0.409072 1.852963
v -0.002756 0.409072 1.852963
v -0.002756 0.409072 1.852963
v -0.419414 0.616892 1.694938
v -0.419414 0.616892 1.694938
v -0.419414 0.616892 1.694938
v -0.419414 0.616892 1.694938
v -0.399492 0.658652 1.606439
v -0.399492 0.658652 1.606439
v -0.399492 0.658652 1.606439
v -0.399492 0.658652 1.606439
v -1.021529 0.924068 1.692881
v -1.021529 0.924068 1.692881
v -1.021529 0.924068 1.692881
v -1.021529 0.924068 1.692881
v -1.011103 0.978829 1.609402
v -1.011103 0.978829 1.609402
v -1.011103 0.978829 1.609402
v -1.011103 0.978829 1.609402
v -1.727267 1.269190 1.888122
v -1.727267 1.269190 1.888122
v -1.727267 1.269190 1.888122
v -1.727267 1.269190 1.888122
v -1.731622 1.326277 1.800248
v -1.731622 1.326277 1.800248
v -1.731622 1.326277 1.800248
v -1.731622 1.326277 1.800248
v -1.344795 1.110291 1.722261
v -1.344795 1.110291 1.722261
v -1.344795 1.110291 1.722261
v -1.344795 1.110291 1.722261
v -1.343522 1.160783 1.634452
v -1.343522 1.160783 1.634452
v -1.343522 1.160783 1.634452
v -1.343522 1.160783 1.634452
v -2.195819 1.399842 2.028702
v -2.195819 1.399842 2.028702
v -2.195819 1.399842 2.028702
v -2.195819 1.399842 2.028702
v -2.212595 1.480248 1.945032
v -2.212595 1.480248 1.945032
v -2.212595 1.480248 1.945032
v -2.212595 1.480248 1.945032
v -2.694382 1.492229 1.982228
v -2.694382 1.492229 1.982228
v -2.694382 1.492229 1.982228
v -2.694382 1.492229 1.982228
v -2.759687 1.556934 1.892062
v -2.759687 1.556934 1.892062
v -2.759687 1.556934 1.892062
v -2.759687 1.556934 1.892062
v -4.619046 1.490556 1.613765
v -4.619046 1.490556 1.613765
v -4.626325 1.530706 1.527653
v -4.626325 1.530706 1.527653
v -4.626325 1.530706 1.527653
v -3.663439 1.640971 1.716252
v -3.663439 1.640971 1.716252
v -3.663439 1.640971 1.716252
v -3.663439 1.640971 1.716252
v -3.638209 1.571481 1.804775
v -3.638209 1.571481 1.804775
v -3.638209 1.571481 1.804775
v -3.638209 1.571481 1.804775
v -0.124581 0.264478 0.063048
v -0.124581 0.264478 0.063048
v -0.124581 0.264478 0.063048
v -0.149068 0.218378 -0.002679
v -0.149068 0.218378 -0.002679
v -0.149068 0.218378 -0.002679
v -0.588025 0.482890 0.247049
v -0.588025 0.482890 0.247049
v -0.588025 0.482890 0.247049
v -0.588025 0.482890 0.247049
v -0.615932 0.432947 0.183646
v -0.615932 0.432947 0.183646
v -0.615932 0.432947 0.183646
v -0.615932 0.432947 0.183646
v -1.106294 0.911603 0.234202
v -1.106294 0.911603 0.234202
v -1.106294 0.911603 0.234202
v -1.106294 0.911603 0.234202
v -1.133408 0.861730 0.172862
v -1.133408 0.861730 0.172862
v -1.133408 0.861730 0.172862
v -1.133408 0.861730 0.172862
v -1.931632 1.375776 0.483526
v -1.931632 1.375776 0.483526
v -1.931632 1.375776 0.483526
v -1.931632 1.375776 0.483526
v -1.951643 1.334721 0.424397
v -1.951643 1.334721 0.424397
v -1.951643 1.334721 0.424397
v -1.951643 1.334721 0.424397
v -1.437257 1.150356 0.343210
v -1.437257 1.150356 0.343210
v -1.437257 1.150356 0.343210
v -1.437257 1.150356 0.343210
v -1.457030 1.105224 0.284122
v -1.457030 1.105224 0.284122
v -1.457030 1.105224 0.284122
v -1.457030 1.105224 0.284122
v -2.872215 1.501416 0.773290
v -2.872215 1.501416 0.773290
v -2.872215 1.501416 0.773290
v -2.872215 1.501416 0.773290
v -2.928182 1.443877 0.717256
v -2.928182 1.443877 0.717256
v -2.928182 1.443877 0.717256
v -2.928182 1.443877 0.717256
v -3.535925 1.591940 0.805165
v -3.535925 1.591940 0.805165
v -3.535925 1.591940 0.805165
v -3.535925 1.591940 0.805165
v -3.595297 1.532581 0.769121
v -3.595297 1.532581 0.769121
v -3.595297 1.532581 0.769121
v -3.595297 1.532581 0.769121
v -6.178279 2.047724 0.797189
v -6.178279 2.047724 0.797189
v -6.164862 2.053233 0.854371
v -4.310533 1.578720 0.535392
v -4.310533 1.578720 0.535392
v -4.310533 1.578720 0.535392
v -4.259809 1.629899 0.576161
v -4.259809 1.629899 0.576161
v -4.259809 1.629899 0.576161
v -5.921042 1.828301 0.657265
v -5.907520 1.848000 0.714762
v -5.112319 1.462725 0.474410
v -5.189520 1.413853 0.418049
v -4.646897 1.673119 0.478087
v -4.646897 1.673119 0.478087
v -4.611717 1.715769 0.528952
v -5.980044 1.858428 0.693183
v -5.538702 1.677337 0.636008
v -5.525451 1.704818 0.698237
v -0.098487 0.262051 1.887872
v -0.098487 0.262051 1.887872
v -0.098487 0.262051 1.887872
v -0.081412 0.283626 1.928785
v -0.081412 0.283626 1.928785
v -0.081412 0.283626 1.928785
v -0.485974 0.496590 1.656530
v -0.485974 0.496590 1.656530
v -0.485974 0.496590 1.656530
v -0.485974 0.496590 1.656530
v -0.467550 0.519073 1.693594
v -0.467550 0.519073 1.693594
v -0.467550 0.519073 1.693594
v -0.467550 0.519073 1.693594
v -1.059780 0.819317 1.647864
v -1.059780 0.819317 1.647864
v -1.059780 0.819317 1.647864
v -1.059780 0.819317 1.647864
v -1.049012 0.844422 1.687062
v -1.049012 0.844422 1.687062
v -1.049012 0.844422 1.687062
v -1.049012 0.844422 1.687062
v -1.744138 1.199369 1.854252
v -1.744138 1.199369 1.854252
v -1.744138 1.199369 1.854252
v -1.744138 1.199369 1.854252
v -1.737203 1.220130 1.889608
v -1.737203 1.220130 1.889608
v -1.737203 1.220130 1.889608
v -1.737203 1.220130 1.889608
v -1.362638 1.030459 1.685449
v -1.362638 1.030459 1.685449
v -1.362638 1.030459 1.685449
v -1.362638 1.030459 1.685449
v -1.357785 1.050763 1.722443
v -1.357785 1.050763 1.722443
v -1.357785 1.050763 1.722443
v -1.357785 1.050763 1.722443
v -2.243253 1.324593 1.999287
v -2.243253 1.324593 1.999287
v -2.243253 1.324593 1.999287
v -2.243253 1.324593 1.999287
v -2.211611 1.356069 2.030757
v -2.211611 1.356069 2.030757
v -2.211611 1.356069 2.030757
v -2.211611 1.356069 2.030757
v -2.745425 1.437179 1.952679
v -2.745425 1.437179 1.952679
v -2.745425 1.437179 1.952679
v -2.745425 1.437179 1.952679
v -2.704963 1.463495 1.984065
v -2.704963 1.463495 1.984065
v -2.704963 1.463495 1.984065
v -2.704963 1.463495 1.984065
v -3.644489 1.558577 1.805707
v -3.644489 1.558577 1.805707
v -3.644489 1.558577 1.805707
v -3.644489 1.558577 1.805707
v -3.683824 1.527690 1.775870
v -3.683824 1.527690 1.775870
v -3.683824 1.527690 1.775870
v -3.683824 1.527690 1.775870
v -3.708912 1.524825 1.797821
v -3.708912 1.524825 1.797821
v -3.708912 1.524825 1.797821
v -4.632613 1.468360 1.616442
v -4.632613 1.468360 1.616442
v -5.493013 1.588213 1.319201
v -5.493013 1.588213 1.319201
v -5.493013 1.588213 1.319201
v -5.493013 1.588213 1.319201
v -6.185673 2.038165 0.924800
v -6.185673 2.038165 0.924800
v -6.185673 2.038165 0.924800
v -6.186798 2.042594 0.800679
v -5.084076 1.503697 1.465031
v -5.084076 1.503697 1.465031
v -5.084076 1.503697 1.465031
v -5.084076 1.503697 1.465031
v -5.425685 1.513386 0.542349
v -5.425685 1.513386 0.542349
v -5.905946 1.779932 1.119429
v -5.905946 1.779932 1.119429
v -5.905946 1.779932 1.119429
v -5.905946 1.779932 1.119429
v -5.937571 1.815884 0.660589
v -5.218037 1.384493 0.421095
v -4.784851 1.489650 1.058823
v -4.624747 1.644399 1.057910
v -4.624747 1.644399 1.057910
v -4.624747 1.644399 1.057910
v -4.624747 1.644399 1.057910
v -5.635595 1.662489 0.947423
v -5.635595 1.662489 0.947423
v -5.635595 1.662489 0.947423
v -5.635595 1.662489 0.947423
v -5.635595 1.662489 0.947423
v -5.680090 1.615478 0.956089
v -5.680090 1.615478 0.956089
v -5.680090 1.615478 0.956089
v -6.186232 2.040365 0.863127
v -6.186232 2.040365 0.863127
v -6.186232 2.040365 0.863127
v -6.164862 2.053233 0.854371
v -6.164862 2.053233 0.854371
v -6.164862 2.053233 0.854371
v -5.262251 1.527343 0.993389
v -5.262251 1.527343 0.993389
v -5.262251 1.527343 0.993389
v -5.262251 1.527343 0.993389
v -5.289404 1.481823 1.003730
v -5.289404 1.481823 1.003730
v -5.978179 1.822961 0.910609
v -5.978179 1.822961 0.910609
v -5.978179 1.822961 0.910609
v -5.978179 1.822961 0.910609
v -5.942780 1.850257 0.902311
v -5.942780 1.850257 0.902311
v -5.942780 1.850257 0.902311
v -5.942780 1.850257 0.902311
v -5.942780 1.850257 0.902311
v -5.993838 1.847872 0.696502
v -5.993838 1.847872 0.696502
v -5.564649 1.652823 0.639148
v -5.768674 1.666698 0.593053
v -5.768674 1.666698 0.593053
v -4.619046 1.490556 1.613765
v -4.619046 1.490556 1.613765
v -4.626325 1.530706 1.527653
v -4.626325 1.530706 1.527653
v -5.481804 1.601503 1.317255
v -5.481804 1.601503 1.317255
v -5.481804 1.601503 1.317255
v -5.481804 1.601503 1.317255
v -5.495125 1.647289 1.220106
v -5.495125 1.647289 1.220106
v -5.495125 1.647289 1.220106
v -5.495125 1.647289 1.220106
v -6.164862 2.053233 0.854371
v -6.164862 2.053233 0.854371
v -6.164862 2.053233 0.854371
v -6.180818 2.041087 0.922811
v -6.180818 2.041087 0.922811
v -6.180818 2.041087 0.922811
v -5.078753 1.559560 1.372907
v -5.078753 1.559560 1.372907
v -5.078753 1.559560 1.372907
v -5.078753 1.559560 1.372907
v -5.078753 1.559560 1.372907
v -5.069812 1.522243 1.462824
v -5.069812 1.522243 1.462824
v -5.069812 1.522243 1.462824
v -5.069812 1.522243 1.462824
v -5.899046 1.786747 1.117392
v -5.899046 1.786747 1.117392
v -5.899046 1.786747 1.117392
v -5.899046 1.786747 1.117392
v -5.911974 1.823060 1.019553
v -5.911974 1.823060 1.019553
v -5.911974 1.823060 1.019553
v -5.911974 1.823060 1.019553
v -6.178279 2.047724 0.797189
v -6.164862 2.053233 0.854371
v -6.164862 2.053233 0.854371
v -5.345941 1.576254 0.594958
v -5.345941 1.576254 0.594958
v -5.345941 1.576254 0.594958
v -5.345941 1.576254 0.594958
v -5.396853 1.543111 0.539334
v -5.396853 1.543111 0.539334
v -5.396853 1.543111 0.539334
v -5.396853 1.543111 0.539334
v -4.310533 1.578720 0.535392
v -4.259809 1.629899 0.576161
v -4.259809 1.629899 0.576161
v -5.921042 1.828301 0.657265
v -5.921042 1.828301 0.657265
v -5.907520 1.848000 0.714762
v -5.907520 1.848000 0.714762
v -5.112319 1.462725 0.474410
v -5.112319 1.462725 0.474410
v -5.189520 1.413853 0.418049
v -5.189520 1.413853 0.418049
v -4.646897 1.673119 0.478087
v -4.611717 1.715769 0.528952
v -4.611717 1.715769 0.528952
v -5.954511 1.867604 0.748768
v -5.954511 1.867604 0.748768
v -5.954511 1.867604 0.748768
v -5.980044 1.858428 0.693183
v -5.980044 1.858428 0.693183
v -5.538702 1.677337 0.636008
v -5.538702 1.677337 0.636008
v -5.525451 1.704818 0.698237
v -5.525451 1.704818 0.698237
v -5.719647 1.691064 0.641858
v -5.719647 1.691064 0.641858
v -5.719647 1.691064 0.641858
v -5.766005 1.669064 0.592360
v -5.766005 1.669064 0.592360
v -5.766005 1.669064 0.592360
vn -0.5092 -0.3020 -0.8059
vn -0.4592 -0.2473 -0.8532
vn -0.5662 -0.3818 -0.7305
vn -0.6124 -0.4426 -0.6550
vn -0.4481 -0.5599 -0.6970
vn -0.4851 -0.5776 -0.6566
vn -0.3918 -0.5263 -0.7546
vn -0.3519 -0.5043 -0.7886
vn -0.6078 -0.7940 0.0102
vn -0.6611 -0.7489 0.0454
vn -0.6299 -0.7763 0.0238
vn -0.5716 -0.8204 -0.0132
vn 0.5270 0.8332 -0.1674
vn 0.5247 0.8347 -0.1671
vn 0.5510 0.8155 -0.1772
vn 0.5560 0.8121 -0.1771
vn -0.4210 0.1962 0.8856
vn -0.4210 0.1966 0.8855
vn -0.4241 0.1899 0.8855
vn -0.4239 0.1892 0.8857
vn 0.5708 0.8129 -0.1155
vn 0.4627 0.8645 -0.1964
vn 0.5021 0.8479 -0.1704
vn 0.6096 0.7884 -0.0824
vn 0.6270 0.7718 -0.1057
vn 0.6002 0.7868 -0.1438
vn 0.6218 0.7750 -0.1127
vn 0.6455 0.7599 -0.0770
vn 0.4655 0.8822 -0.0708
vn 0.4711 0.8794 -0.0687
vn 0.4673 0.8813 -0.0701
vn 0.4618 0.8840 -0.0724
vn -0.6291 -0.7541 0.1887
vn -0.6106 -0.7797 0.1388
vn -0.6281 -0.7554 0.1867
vn -0.6432 -0.7300 0.2312
vn -0.5981 -0.7579 0.2604
vn -0.5904 -0.7691 0.2447
vn -0.5933 -0.7647 0.2515
vn -0.6019 -0.7526 0.2671
vn -0.1400 -0.9884 -0.0582
vn -0.1406 -0.9869 -0.0793
vn -0.1598 -0.9865 -0.0353
vn -0.1794 -0.9838 0.0068
vn 0.5462 0.8374 -0.0211
vn 0.4567 0.8853 -0.0880
vn 0.4953 0.8667 -0.0583
vn 0.5846 0.8113 0.0083
vn -0.4798 -0.8755 -0.0568
vn -0.5332 -0.8459 -0.0087
vn -0.4883 -0.8713 -0.0494
vn -0.4286 -0.8979 -0.1002
vn -0.4032 -0.8826 0.2420
vn -0.4028 -0.8830 0.2409
vn -0.4035 -0.8822 0.2427
vn 0.2461 0.9624 -0.1152
vn 0.2195 0.9673 -0.1270
vn 0.2551 0.9604 -0.1117
vn 0.2737 0.9561 -0.1048
vn 0.4032 0.9121 0.0738
vn 0.3037 0.9527 0.0079
vn 0.4020 0.9123 0.0783
vn 0.4445 0.8886 0.1136
vn -0.2026 -0.9764 0.0745
vn -0.1928 -0.9796 0.0565
vn -0.2020 -0.9766 0.0732
vn -0.2185 -0.9705 0.1023
vn 0.3141 0.9456 -0.0850
vn 0.3553 0.9321 -0.0699
vn 0.3151 0.9453 -0.0844
vn 0.2787 0.9554 -0.0978
vn -0.0720 -0.9915 0.1088
vn -0.0794 -0.9843 0.1575
vn -0.0707 -0.9928 0.0964
vn -0.0609 -0.9975 0.0363
vn 0.1757 0.9830 -0.0530
vn 0.1410 0.9882 -0.0590
vn 0.1822 0.9818 -0.0530
vn 0.2139 0.9757 -0.0468
vn 0.2076 0.9776 0.0355
vn 0.2788 0.9543 0.1075
vn 0.2017 0.9791 0.0247
vn 0.1349 0.9900 -0.0414
vn -0.1768 -0.9743 0.1397
vn -0.1746 -0.9751 0.1367
vn -0.1773 -0.9740 0.1409
vn -0.1775 -0.9735 0.1440
vn 0.0709 -0.9959 -0.0562
vn 0.0698 -0.9963 -0.0498
vn 0.0752 -0.9929 -0.0924
vn 0.1608 -0.9676 -0.1948
vn 0.1174 -0.9860 -0.1186
vn 0.1602 0.9778 -0.1353
vn 0.1917 0.9754 -0.1091
vn 0.1698 0.9771 -0.1286
vn 0.1403 0.9781 -0.1539
vn -0.0941 -0.9954 -0.0168
vn -0.0970 -0.9952 -0.0129
vn -0.0946 -0.9954 -0.0168
vn -0.0922 -0.9955 -0.0215
vn -0.0093 -0.9955 -0.0942
vn -0.2213 -0.9711 0.0893
vn -0.0232 -0.9965 -0.0809
vn 0.0244 -0.9854 -0.1684
vn -0.4534 -0.8881 -0.0747
vn -0.5412 -0.8407 0.0164
vn -0.5068 -0.8618 -0.0207
vn -0.4291 -0.8953 -0.1200
vn -0.1751 0.9570 0.2311
vn -0.1401 -0.9813 0.1317
vn -0.3356 -0.8645 0.3743
vn -0.1600 -0.9721 0.1715
vn 0.0366 -0.9956 -0.0864
vn 0.1759 0.9635 -0.2019
vn 0.1956 0.9642 -0.1791
vn 0.1668 0.9636 -0.2088
vn 0.1152 0.9599 -0.2556
vn -0.1144 -0.9869 0.1141
vn -0.1122 -0.9875 0.1108
vn -0.1151 -0.9866 0.1154
vn -0.1166 -0.9862 0.1177
vn 0.0858 0.9927 0.0851
vn 0.0760 0.9946 0.0703
vn 0.0929 0.9915 0.0916
vn 0.1343 0.9835 0.1211
vn -0.6041 -0.7968 -0.0139
vn -0.6226 -0.7824 0.0133
vn -0.6132 -0.7899 -0.0020
vn -0.5932 -0.8044 -0.0315
vn 0.6487 -0.6836 -0.3343
vn 0.6764 -0.6395 -0.3654
vn 0.6659 -0.6644 -0.3393
vn 0.6647 -0.6676 -0.3352
vn 0.6502 -0.6841 -0.3306
vn -0.6177 0.7766 -0.1238
vn -0.6176 0.7767 -0.1238
vn -0.6177 0.7766 -0.1237
vn -0.1722 0.1294 0.9765
vn -0.1718 0.1290 0.9767
vn -0.1714 0.1461 0.9743
vn -0.1726 0.1469 0.9740
vn -0.5048 0.8625 0.0354
vn -0.5045 0.8627 0.0354
vn -0.4267 0.5192 -0.7405
vn -0.5539 0.8285 -0.0823
vn -0.3685 0.1240 -0.9213
vn -0.3685 0.1241 -0.9213
vn -0.3684 0.1241 -0.9213
vn -0.0985 -0.8839 -0.4571
vn -0.0909 -0.8812 -0.4638
vn -0.3124 -0.7210 -0.6185
vn -0.2482 -0.8341 -0.4926
vn -0.2070 0.2321 0.9504
vn -0.2007 0.1731 0.9642
vn -0.1989 0.1715 0.9649
vn -0.1987 0.1599 0.9669
vn -0.2045 0.2286 0.9518
vn 0.0606 -0.9286 -0.3661
vn 0.0620 -0.9268 -0.3705
vn 0.0261 -0.9513 -0.3071
vn 0.0244 -0.9528 -0.3025
vn -0.0772 0.0790 0.9939
vn -0.0770 0.0784 0.9939
vn -0.0767 0.0851 0.9934
vn -0.0771 0.0859 0.9933
vn -0.4862 -0.6378 -0.5974
vn -0.4872 -0.6355 -0.5989
vn -0.4903 -0.6501 -0.5805
vn -0.4886 -0.6525 -0.5793
vn 0.3767 -0.0610 0.9243
vn 0.3781 -0.0574 0.9240
vn 0.3745 -0.0720 0.9244
vn 0.3711 -0.0759 0.9255
vn -0.1672 -0.8534 -0.4937
vn -0.1715 -0.8520 -0.4946
vn -0.1686 -0.8688 -0.4656
vn -0.1653 -0.8702 -0.4641
vn 0.2795 -0.0178 0.9600
vn 0.2805 -0.0121 0.9598
vn 0.2701 -0.0679 0.9604
vn 0.2650 -0.0741 0.9614
vn -0.2558 -0.8122 -0.5243
vn -0.2563 -0.8214 -0.5095
vn -0.2524 -0.7701 -0.5858
vn -0.2457 -0.7604 -0.6012
vn 0.0640 -0.0619 0.9960
vn 0.0680 -0.0616 0.9958
vn 0.0686 -0.0520 0.9963
vn 0.0665 -0.0517 0.9964
vn -0.0271 -0.0254 0.9993
vn -0.0243 -0.0263 0.9994
vn -0.0201 -0.0366 0.9991
vn -0.0231 -0.0357 0.9991
vn 0.9378 -0.3452 -0.0378
vn 0.9209 -0.3891 -0.0220
vn 0.9219 -0.3867 -0.0250
vn 0.8926 -0.4498 -0.0315
vn 0.9195 -0.3921 -0.0280
vn -0.5623 -0.8236 0.0743
vn -0.5727 -0.8171 0.0663
vn -0.5597 -0.8252 0.0764
vn -0.5443 -0.8342 0.0883
vn -0.6028 -0.4424 -0.6640
vn -0.5952 -0.4354 -0.6754
vn -0.6124 -0.4513 -0.6491
vn -0.6203 -0.4603 -0.6351
vn -0.5427 -0.8357 0.0849
vn -0.6522 -0.7323 0.1958
vn -0.6192 -0.7675 0.1658
vn -0.4990 -0.8654 0.0454
vn -0.7885 0.6146 0.0206
vn -0.8026 0.5946 0.0489
vn -0.7835 0.6211 0.0199
vn -0.6881 0.7210 0.0815
vn -0.6956 0.7145 0.0751
vn -0.7170 0.6715 -0.1870
vn -0.7245 0.6626 -0.1898
vn -0.6915 0.7011 -0.1742
vn -0.6941 0.7006 -0.1652
vn -0.6846 0.7072 -0.1768
vn 0.2449 0.8478 0.4704
vn 0.2367 0.8442 0.4810
vn 0.2374 0.8442 0.4806
vn 0.2455 0.8476 0.4704
vn 0.4045 0.7772 0.4819
vn 0.3876 0.7553 0.5285
vn 0.3900 0.7594 0.5207
vn 0.4059 0.7812 0.4743
vn 0.4500 0.7353 0.5068
vn 0.4673 0.7523 0.4644
vn 0.4659 0.7508 0.4683
vn 0.4485 0.7340 0.5099
vn 0.5070 0.7530 0.4194
vn 0.4991 0.7257 0.4736
vn 0.4989 0.7285 0.4694
vn 0.5069 0.7553 0.4153
vn 0.3976 0.7912 0.4646
vn 0.3682 0.6798 0.6343
vn 0.3693 0.6911 0.6213
vn 0.4002 0.7971 0.4522
vn 0.0451 0.7426 0.6682
vn 0.1013 0.8341 0.5423
vn 0.0921 0.8209 0.5636
vn 0.0416 0.7350 0.6768
vn -0.2038 0.7562 0.6218
vn -0.1626 0.8815 0.4432
vn -0.1633 0.8778 0.4503
vn -0.2039 0.7520 0.6268
vn -0.0404 0.8043 0.5929
vn -0.0584 0.7673 0.6386
vn -0.0577 0.7698 0.6357
vn -0.0379 0.8076 0.5886
vn -0.6112 -0.7698 0.1840
vn -0.6213 -0.7637 0.1754
vn -0.5578 -0.8027 0.2111
vn -0.5506 -0.8056 0.2186
vn 0.1164 0.7813 -0.6132
vn 0.1087 0.7678 -0.6314
vn 0.1095 0.7681 -0.6308
vn 0.1172 0.7816 -0.6127
vn 0.4880 0.5713 -0.6599
vn 0.4809 0.5607 -0.6741
vn 0.4807 0.5613 -0.6737
vn 0.4876 0.5721 -0.6595
vn 0.3028 0.7109 -0.6348
vn 0.2752 0.6752 -0.6843
vn 0.2758 0.6771 -0.6822
vn 0.3034 0.7126 -0.6326
vn 0.1835 0.7769 -0.6023
vn 0.1702 0.7542 -0.6342
vn 0.1706 0.7550 -0.6331
vn 0.1839 0.7777 -0.6011
vn -0.0767 0.8209 -0.5659
vn -0.0995 0.7535 -0.6498
vn -0.0975 0.7555 -0.6478
vn -0.0758 0.8224 -0.5639
vn 0.0542 0.6016 -0.7970
vn 0.0244 0.5981 -0.8011
vn 0.0162 0.5982 -0.8012
vn 0.0415 0.6016 -0.7977
vn 0.3111 0.3005 -0.9016
vn 0.2910 0.3471 -0.8916
vn 0.3011 0.3408 -0.8906
vn 0.3196 0.2969 -0.8998
vn 0.4385 0.8958 -0.0722
vn 0.4372 0.8969 -0.0670
vn 0.4389 0.8956 -0.0727
vn 0.4424 0.8934 -0.0786
vn -0.1167 0.9861 -0.1181
vn -0.1598 0.9526 0.2590
vn -0.1599 0.9525 0.2590
vn 0.4013 -0.8473 0.3481
vn -0.6489 -0.5133 0.5616
vn -0.6474 -0.4790 0.5928
vn -0.6487 -0.4783 0.5920
vn -0.6503 -0.5126 0.5607
vn -0.3991 -0.6957 0.5972
vn -0.4013 -0.7067 0.5828
vn -0.4026 -0.7050 0.5839
vn -0.4012 -0.6934 0.5985
vn -0.4052 -0.7107 0.5751
vn -0.4708 -0.7532 0.4594
vn -0.4684 -0.7506 0.4661
vn -0.4033 -0.7076 0.5802
vn -0.1588 -0.8516 0.4996
vn -0.1484 -0.8449 0.5139
vn -0.1487 -0.8450 0.5137
vn -0.1591 -0.8518 0.4990
vn 0.0037 -0.7351 0.6779
vn -0.0761 -0.8378 0.5406
vn -0.0734 -0.8345 0.5460
vn 0.0068 -0.7347 0.6783
vn -0.2015 -0.5841 0.7863
vn -0.2066 -0.6022 0.7712
vn -0.2066 -0.6019 0.7714
vn -0.2015 -0.5837 0.7865
vn -0.2062 -0.5318 0.8214
vn -0.2072 -0.6011 0.7719
vn -0.2076 -0.6009 0.7719
vn -0.2061 -0.5314 0.8217
vn 0.9138 -0.4055 -0.0224
vn 0.7090 -0.7013 0.0742
vn 0.8266 -0.5629 0.0023
vn 0.8163 -0.5696 -0.0964
vn 0.8486 -0.5290 -0.0061
vn 0.9255 -0.3773 -0.0338
vn -0.2527 0.3809 0.8894
vn -0.2496 0.3787 0.8912
vn -0.2317 0.4264 0.8744
vn -0.2371 0.4310 0.8706
vn -0.2840 0.2883 0.9144
vn -0.2837 0.2866 0.9151
vn -0.2809 0.3182 0.9054
vn -0.2814 0.3206 0.9045
vn 0.5713 0.8207 -0.0121
vn 0.5698 0.8216 -0.0179
vn 0.5765 0.8171 -0.0050
vn 0.5794 0.8150 0.0007
vn 0.4763 0.8707 -0.1226
vn 0.4560 0.8699 -0.1881
vn 0.4914 0.8698 -0.0446
vn 0.5143 0.8550 0.0670
vn 0.2177 0.9665 0.1358
vn -0.5045 0.8627 0.0357
vn -0.5048 0.8625 0.0353
vn -0.2979 0.2528 -0.9205
vn -0.7878 0.6136 -0.0534
vn 0.6704 0.7413 0.0326
vn 0.7104 0.7025 -0.0422
vn -0.0000 0.2626 0.9649
vn 0.6753 0.7375 -0.0061
vn 0.6755 0.7373 -0.0071
vn 0.6771 0.7312 -0.0833
vn -0.7183 -0.6953 -0.0261
vn -0.7183 -0.6953 -0.0262
vn -0.1353 0.5022 0.8541
vn -0.1366 0.5039 0.8529
vn -0.1502 0.4902 0.8586
vn -0.1569 0.4931 0.8557
vn 0.0159 0.9964 -0.0830
vn -0.1726 0.9702 -0.1699
vn 0.0941 0.9908 -0.0968
vn 0.4587 0.8883 0.0218
vn -0.1809 0.9835 0.0044
vn -0.1809 0.9835 0.0043
vn -0.1808 0.9835 0.0043
vn -0.2607 0.3137 0.9130
vn -0.2604 0.3125 0.9135
vn -0.2544 0.3408 0.9050
vn -0.2547 0.3429 0.9042
vn 0.2870 0.9382 -0.1936
vn 0.2686 0.9381 -0.2186
vn 0.2981 0.9364 -0.1851
vn 0.3600 0.9250 -0.1217
vn -0.5368 -0.8276 0.1641
vn -0.5740 -0.7858 0.2301
vn -0.4805 -0.8742 0.0700
vn -0.4132 -0.9100 -0.0329
vn -0.0575 -0.9977 0.0347
vn 0.0317 -0.9981 -0.0523
vn -0.0081 -0.9999 -0.0065
vn -0.1221 -0.9867 0.1076
vn -0.3618 0.2616 -0.8948
vn -0.3619 0.2616 -0.8948
vn -0.3593 0.2639 -0.8952
vn -0.3591 0.2639 -0.8952
vn -0.7200 -0.6884 0.0880
vn -0.7321 -0.6707 0.1192
vn -0.6962 -0.7171 0.0327
vn -0.6630 -0.7478 -0.0347
vn 0.4621 0.8708 0.1679
vn 0.4166 0.9030 0.1049
vn 0.4663 0.8679 0.1711
vn 0.5424 0.8027 0.2481
vn -0.3642 0.2570 -0.8952
vn -0.3655 0.2561 -0.8949
vn -0.3596 0.2620 -0.8956
vn -0.3583 0.2628 -0.8959
vn -0.2792 -0.9528 0.1188
vn -0.3303 -0.9257 0.1846
vn -0.3016 -0.9426 0.1435
vn -0.2291 -0.9719 0.0535
vn 0.5835 -0.8008 -0.1354
vn 0.5836 -0.8007 -0.1354
vn 0.5835 -0.8007 -0.1354
vn 0.5834 -0.8008 -0.1354
vn 0.6316 -0.7355 -0.2450
vn 0.6661 -0.6999 -0.2578
vn 0.6647 -0.7012 -0.2579
vn 0.6344 -0.7328 -0.2461
vn 0.6322 -0.7354 -0.2439
vn -0.2951 0.0950 -0.9507
vn -0.2964 0.0963 -0.9502
vn -0.2826 0.1130 -0.9526
vn -0.2823 0.1127 -0.9527
vn 0.0584 0.9252 0.3751
vn 0.0157 0.9007 0.4342
vn 0.0216 0.9045 0.4259
vn 0.0644 0.9280 0.3671
vn 0.1644 0.8940 0.4169
vn 0.2770 0.9182 0.2831
vn 0.2582 0.9193 0.2971
vn 0.1407 0.8846 0.4446
vn -0.0844 0.9034 0.4203
vn -0.0688 0.9171 0.3927
vn -0.0695 0.9161 0.3949
vn -0.0851 0.9024 0.4224
vn 0.4672 0.8133 0.3469
vn 0.6342 0.7628 0.1263
vn 0.6130 0.7752 0.1526
vn 0.4492 0.8140 0.3684
vn 0.2656 0.5199 -0.8119
vn 0.2434 0.5763 -0.7801
vn 0.2598 0.5639 -0.7839
vn 0.2839 0.5064 -0.8142
vn 0.5598 0.7746 -0.2943
vn 0.5599 0.7746 -0.2942
vn 0.4540 0.7207 -0.5239
vn 0.4282 0.7128 -0.5556
vn 0.4427 0.7125 -0.5443
vn 0.4655 0.7190 -0.5161
vn 0.0970 0.8048 -0.5856
vn 0.0438 0.7186 -0.6941
vn 0.0467 0.7315 -0.6803
vn 0.1007 0.8157 -0.5696
vn 0.2976 0.7869 -0.5406
vn 0.2884 0.7583 -0.5847
vn 0.2847 0.7717 -0.5688
vn 0.3000 0.7966 -0.5248
vn -0.0184 0.9718 0.2352
vt 0.375000 0.250000
vt 0.565749 0.250000
vt 0.563408 0.500000
vt 0.375000 0.500000
vt 0.556313 0.500000
vt 0.375000 0.744974
vt 0.375000 0.625781
vt 0.375000 0.744731
vt 0.625000 0.625781
vt 0.875000 0.625781
vt 0.875000 0.740707
vt 0.625000 0.738664
vt 0.410247 0.750000
vt 0.545729 0.750000
vt 0.549365 1.000000
vt 0.408603 1.000000
vt 0.625000 0.738305
vt 0.625000 0.625781
vt 0.625000 0.514753
vt 0.625000 0.513365
vt 0.625000 0.737509
vt 0.625000 0.625781
vt 0.375000 0.744627
vt 0.375000 0.625781
vt 0.375000 0.744900
vt 0.625000 0.513365
vt 0.625000 0.513985
vt 0.375000 0.744627
vt 0.625000 0.737123
vt 0.625000 0.737520
vt 0.625000 0.625781
vt 0.625000 0.513985
vt 0.625000 0.512558
vt 0.375000 0.744900
vt 0.375000 0.743869
vt 0.625000 0.737123
vt 0.625000 0.734643
vt 0.625000 0.514149
vt 0.375000 0.750000
vt 0.375000 0.750000
vt 0.375000 0.743658
vt 0.375000 0.625781
vt 0.625000 0.514149
vt 0.625000 0.513830
vt 0.375000 0.500000
vt 0.375000 0.625781
vt 0.625000 0.732504
vt 0.625000 0.511193
vt 0.625000 0.733426
vt 0.375000 0.500000
vt 0.625000 0.512043
vt 0.477975 0.500000
vt 0.473273 0.500000
vt 0.625000 0.531490
vt 0.489649 0.750000
vt 0.435977 0.750000
vt 0.444021 0.750000
vt 0.472343 0.750000
vt 0.474652 0.500000
vt 0.625000 0.625781
vt 0.474652 0.500000
vt 0.474652 0.500000
vt 0.498469 0.500000
vt 0.452549 0.500000
vt 0.449454 0.750000
vt 0.472343 0.750000
vt 0.494714 0.500000
vt 0.502209 0.750000
vt 0.430165 0.750000
vt 0.435977 0.750000
vt 0.489649 0.750000
vt 0.548252 0.500000
vt 0.535180 0.500000
vt 0.527121 0.750000
vt 0.418688 0.750000
vt 0.423673 0.750000
vt 0.516281 0.750000
vt 0.522088 0.500000
vt 0.494713 0.500000
vt 0.423673 0.750000
vt 0.502209 0.750000
vt 0.535180 0.500000
vt 0.535573 0.750000
vt 0.414883 0.750000
vt 0.418688 0.750000
vt 0.527121 0.750000
vt 0.410247 0.750000
vt 0.535573 0.750000
vt 0.375000 0.124219
vt 0.625000 0.124219
vt 0.625000 0.239914
vt 0.565749 0.250000
vt 0.125000 0.500000
vt 0.125000 0.625781
vt 0.556313 0.500000
vt 0.375000 0.745182
vt 0.625000 0.512161
vt 0.474610 0.500000
vt 0.625000 0.526564
vt 0.625000 0.750000
vt 0.625000 0.979388
vt 0.625000 0.733426
vt 0.125000 0.746042
vt 0.625000 0.259681
vt 0.625000 0.500000
vt 0.875000 0.510086
vt 0.377793 0.750000
vt 0.129065 0.750000
vt 0.375000 0.003958
vt 0.408603 0.000000
vt 0.549365 0.000000
vt 0.625000 0.009293
vt 0.431506 0.750000
vt 0.431721 0.750000
vt 0.440965 0.750000
vt 0.625000 0.520159
vt 0.625000 0.719154
vt 0.625000 0.696041
vt 0.431790 0.750000
vt 0.625000 0.535590
vt 0.431721 0.750000
vt 0.431790 0.750000
vt 0.625000 0.512043
vt 0.625000 0.516502
vt 0.625000 0.727676
vt 0.431506 0.750000
vt 0.625000 0.727676
vt 0.625000 0.719154
vt 0.477663 0.500000
vt 0.474610 0.500000
vt 0.625000 0.516502
vt 0.477975 0.500000
vt 0.477663 0.500000
vt 0.474652 0.500000
vt 0.393574 0.500000
vt 0.393573 0.500000
vt 0.473273 0.500000
vt 0.625000 0.732504
s 1
usemtl Material.001
f 1064/68/695 1267/69/696 1273/70/697
f 1064/68/695 1273/70/697 1067/71/698
f 1069/71/699 1274/70/700 1281/72/701
f 1069/71/699 1281/72/701 1073/71/702
f 1351/73/703 1122/74/704 1136/74/705
f 1351/73/703 1136/74/705 1366/75/706
f 1117/76/707 1095/77/708 1201/78/709
f 1117/76/707 1201/78/709 1208/79/710
f 1349/80/711 1202/81/712 1197/82/713
f 1349/80/711 1197/82/713 1341/83/714
f 1118/76/715 1209/79/716 1217/84/717
f 1118/76/715 1217/84/717 1126/85/718
f 1271/86/719 1119/76/720 1127/85/721
f 1271/86/719 1127/85/721 1278/87/722
f 1125/85/723 1216/84/724 1233/88/725
f 1125/85/723 1233/88/725 1143/89/726
f 1113/74/727 1066/71/728 1070/71/729
f 1113/74/727 1070/71/729 1121/74/730
f 1123/74/731 1071/71/732 1078/71/733
f 1123/74/731 1078/71/733 1137/74/734
f 1360/90/735 1134/74/736 1144/91/737
f 1360/90/735 1144/91/737 1376/92/738
f 1280/93/739 1124/85/740 1142/89/741
f 1280/93/739 1142/89/741 1296/94/742
f 1367/75/743 1138/74/744 1132/74/745
f 1367/75/743 1132/74/745 1358/95/746
f 1139/74/747 1081/71/748 1075/71/747
f 1139/74/747 1075/71/747 1133/74/749
f 1129/85/750 1224/96/751 1240/97/752
f 1129/85/750 1240/97/752 1151/98/753
f 1294/99/754 1140/89/755 1130/85/756
f 1294/99/754 1130/85/756 1288/100/757
f 1375/101/758 1146/91/759 1156/74/760
f 1375/101/758 1156/74/760 1384/102/761
f 1141/89/762 1230/88/763 1222/103/764
f 1141/89/762 1222/103/764 1131/85/765
f 1135/74/766 1077/71/767 1083/71/768
f 1135/74/766 1083/71/768 1145/91/769
f 1149/98/770 1239/97/771 1249/104/772
f 1149/98/770 1249/104/772 1155/85/773
f 1287/100/774 1128/85/775 1150/98/776
f 1287/100/774 1150/98/776 1304/105/777
f 1147/91/778 1085/71/779 1087/71/780
f 1147/91/778 1087/71/780 1157/74/781
f 1091/106/782 1399/107/783 1395/108/784
f 1395/108/784 1183/74/785 1163/109/786
f 1395/108/784 1163/109/786 1091/106/782
f 1302/110/787 1148/98/788 1153/85/789
f 1302/110/787 1153/85/789 1310/111/790
f 1385/102/791 1159/74/792 1185/74/793
f 1385/102/791 1185/74/793 1396/108/794
f 1182/74/795 1104/71/796 1190/71/797
f 1182/74/795 1190/71/797 1161/109/798
f 1175/74/799 1102/112/800 1194/71/801
f 1175/74/799 1194/71/801 1171/113/802
f 1178/89/803 1253/114/803 1167/85/803
f 1162/109/804 1110/71/805 1103/112/806
f 1162/109/804 1103/112/806 1176/74/807
f 1311/111/808 1154/85/809 1181/89/810
f 1311/111/808 1181/89/810 1324/115/811
f 1158/74/812 1088/71/813 1105/71/814
f 1158/74/812 1105/71/814 1184/74/815
f 1152/85/816 1248/104/817 1258/116/818
f 1152/85/816 1258/116/818 1179/89/819
f 1172/113/820 1195/71/821 1109/117/822
f 1172/113/820 1109/117/822 1187/74/823
f 1168/85/824 1328/118/825 1329/119/826
f 1329/119/826 1111/71/827 1164/109/828
f 1329/119/826 1164/109/828 1168/85/824
f 1188/98/829 1186/74/829 1108/117/829
f 1108/117/829 1326/120/830 1327/121/831
f 1108/117/829 1327/121/831 1188/98/829
f 1244/122/832 1388/123/833 1391/124/834
f 1244/122/832 1391/124/834 1259/125/835
f 1173/109/836 1100/71/837 1317/126/836
f 1319/127/838 1174/127/839 1173/109/836
f 1317/126/836 1319/127/838 1173/109/836
f 1192/117/840 1333/128/841 1318/129/841
f 1192/117/840 1318/129/841 1101/71/842
f 1106/71/843 1320/130/844 1331/131/845
f 1106/71/843 1331/131/845 1191/71/846
f 1250/132/847 1261/133/848 1390/124/849
f 1390/124/849 1398/107/850 1090/106/851
f 1390/124/849 1090/106/851 1250/132/847
f 1089/71/852 1315/134/853 1321/130/854
f 1089/71/852 1321/130/854 1107/71/855
f 1236/135/856 1379/136/857 1387/137/858
f 1236/135/856 1387/137/858 1242/138/859
f 1080/71/860 1298/139/861 1289/140/862
f 1080/71/860 1289/140/862 1074/71/863
f 1228/141/864 1373/142/865 1365/143/866
f 1228/141/864 1365/143/866 1220/144/867
f 1084/71/868 1308/145/869 1314/146/870
f 1084/71/868 1314/146/870 1086/71/871
f 1218/144/872 1363/147/873 1381/136/874
f 1218/144/872 1381/136/874 1234/148/875
f 1076/71/876 1291/149/877 1305/145/878
f 1076/71/876 1305/145/878 1082/71/879
f 1212/150/880 1357/151/881 1371/152/882
f 1212/150/880 1371/152/882 1226/153/883
f 1203/81/884 1348/154/885 1356/151/886
f 1203/81/884 1356/151/886 1210/155/887
f 1065/68/888 1098/156/889 1092/157/890
f 1092/157/890 1264/158/891 1266/159/892
f 1092/157/890 1266/159/892 1065/68/888
f 1063/160/893 1068/71/894 1115/74/895
f 1063/160/893 1115/74/895 1097/161/896
f 1072/71/897 1283/162/898 1297/139/899
f 1072/71/897 1297/139/899 1079/71/900
f 1343/163/901 1112/74/902 1120/74/903
f 1343/163/901 1120/74/903 1350/73/904
f 1189/71/905 1330/131/906 1332/164/907
f 1332/164/907 1165/85/908 1160/109/909
f 1332/164/907 1160/109/909 1189/71/905
f 1169/85/910 1170/113/911 1193/71/912
f 1193/71/912 1334/165/913 1335/166/914
f 1193/71/912 1335/166/914 1169/85/910
f 1206/167/915 1199/168/916 1198/82/917
f 1206/167/915 1198/82/917 1204/81/918
f 1205/81/919 1211/155/920 1215/84/921
f 1205/81/919 1215/84/921 1207/79/922
f 1213/150/923 1227/153/924 1231/88/925
f 1213/150/923 1231/88/925 1214/84/926
f 1229/141/927 1221/144/928 1223/103/929
f 1229/141/927 1223/103/929 1232/88/930
f 1219/144/931 1235/148/932 1241/97/933
f 1219/144/931 1241/97/933 1225/96/934
f 1237/135/935 1243/138/936 1247/104/937
f 1237/135/935 1247/104/937 1238/97/938
f 1262/133/939 1251/132/940 1252/114/941
f 1262/133/939 1252/114/941 1255/169/942
f 1245/122/943 1260/125/944 1257/116/945
f 1245/122/943 1257/116/945 1246/104/946
f 1096/161/947 1114/74/948 1344/163/949
f 1096/161/947 1344/163/949 1337/170/950
f 1263/171/951 1272/172/952 1275/70/953
f 1263/171/951 1275/70/953 1268/69/954
f 1282/72/955 1276/70/956 1269/86/957
f 1282/72/955 1269/86/957 1277/87/958
f 1300/139/959 1284/162/960 1279/93/961
f 1300/139/959 1279/93/961 1295/94/962
f 1290/140/963 1299/139/964 1293/99/965
f 1290/140/963 1293/99/965 1286/100/966
f 1285/100/967 1303/105/968 1306/145/969
f 1285/100/967 1306/145/969 1292/149/970
f 1313/146/971 1307/145/972 1301/110/973
f 1313/146/971 1301/110/973 1309/111/974
f 1312/111/975 1325/115/976 1322/130/977
f 1312/111/975 1322/130/977 1316/134/978
f 1270/86/979 1265/173/980 1094/77/981
f 1270/86/979 1094/77/981 1116/76/982
f 1323/115/983 1177/89/983 1166/85/983
f 1180/89/984 1256/169/985 1254/114/984
f 1393/124/986 1397/174/986 1400/107/986
f 1336/170/987 1342/163/988 1346/106/989
f 1336/170/987 1346/106/989 1339/175/990
f 1345/163/991 1352/73/992 1354/151/993
f 1345/163/991 1354/151/993 1347/154/994
f 1353/73/995 1368/75/996 1370/152/997
f 1353/73/995 1370/152/997 1355/151/998
f 1369/75/999 1359/95/1000 1364/143/1001
f 1369/75/999 1364/143/1001 1372/142/1002
f 1380/136/1003 1362/147/1004 1361/90/1005
f 1380/136/1003 1361/90/1005 1377/92/1006
f 1374/101/1007 1383/102/1008 1386/137/1009
f 1374/101/1007 1386/137/1009 1378/136/1010
f 1392/124/1011 1389/123/1012 1382/102/1013
f 1392/124/1011 1382/102/1013 1394/108/1014
f 1099/156/1015 1338/176/1016 1340/177/1017
f 1340/177/1017 1196/178/1018 1200/179/1019
f 1200/179/1019 1093/157/1020 1099/156/1015
f 1340/177/1017 1200/179/1019 1099/156/1015
usemtl black.002
f 1466/180/1021 1403/106/1022 1418/106/1023
f 1466/180/1021 1418/106/1023 1489/181/1024
f 1462/132/1025 1401/106/1026 1411/106/1027
f 1462/132/1025 1411/106/1027 1485/182/1028
f 1532/183/1029 1430/85/1030 1455/98/1031
f 1532/183/1029 1455/98/1031 1514/121/1032
f 1428/85/1033 1471/184/1034 1495/185/1035
f 1428/85/1033 1495/185/1035 1452/98/1036
f 1509/115/1037 1427/85/1037 1520/164/1037
f 1479/186/1038 1407/106/1039 1436/109/836
f 1439/127/1040 1474/127/1041 1479/186/1038
f 1436/109/836 1439/127/1040 1479/186/1038
f 1523/187/1042 1453/98/1042 1499/127/1043
f 1453/98/1042 1440/127/1044 1499/127/1043
f 1454/98/1045 1496/185/1046 1441/127/1047
f 1496/185/1046 1476/127/1044 1441/127/1047
f 1450/74/1048 1457/117/1049 1410/71/1048
f 1450/74/1048 1410/71/1048 1438/109/1048
f 1491/188/1050 1417/106/1051 1408/106/1052
f 1491/188/1050 1408/106/1052 1477/189/1053
f 1516/190/1054 1425/85/1055 1443/89/1056
f 1516/190/1054 1443/89/1056 1501/191/1057
f 1426/85/1058 1484/192/1059 1444/89/1060
f 1486/182/1061 1412/106/1062 1404/106/1063
f 1486/182/1061 1404/106/1063 1468/193/1064
f 1442/89/1065 1481/194/1066 1473/195/1067
f 1442/89/1065 1473/195/1067 1429/85/1068
f 1405/106/1069 1433/113/1070 1448/74/1071
f 1405/106/1069 1448/74/1071 1419/106/1072
f 1402/106/1073 1423/109/1074 1446/74/1075
f 1402/106/1073 1446/74/1075 1413/106/1076
f 1415/112/1077 1506/196/1078 1527/197/1079
f 1415/112/1077 1527/197/1079 1459/71/1080
f 1420/106/1081 1449/74/1082 1437/109/1083
f 1420/106/1081 1437/109/1083 1409/106/1084
f 1503/198/1085 1445/89/1086 1431/85/1087
f 1503/198/1085 1431/85/1087 1530/166/1088
f 1422/71/1089 1517/199/1090 1504/200/1091
f 1422/71/1089 1504/200/1091 1416/112/1092
f 1414/106/1093 1447/74/1094 1434/113/1095
f 1414/106/1093 1434/113/1095 1406/106/1096
f 1458/117/1097 1451/74/1098 1456/98/1099
f 1456/98/1099 1524/187/1100 1526/201/1097
f 1456/98/1099 1526/201/1097 1458/117/1097
f 1461/71/1101 1435/113/1102 1432/85/1103
f 1432/85/1103 1533/183/1104 1536/202/1105
f 1432/85/1103 1536/202/1105 1461/71/1101
f 1460/71/1106 1534/203/1107 1511/204/1108
f 1460/71/1106 1511/204/1108 1421/117/1109
f 1488/182/1110 1469/193/1111 1472/195/1112
f 1488/182/1110 1472/195/1112 1480/194/1113
f 1493/185/1114 1470/184/1115 1467/180/1116
f 1493/185/1114 1467/180/1116 1490/181/1117
f 1463/132/1118 1487/182/1119 1482/192/1120
f 1463/132/1118 1482/192/1120 1464/205/1121
f 1475/127/1122 1494/185/1123 1492/188/1124
f 1475/127/1122 1492/188/1124 1478/189/1125
f 1510/115/1126 1521/164/1127 1519/131/1128
f 1510/115/1126 1519/131/1128 1508/130/1129
f 1522/187/1130 1498/127/1130 1497/129/1131
f 1522/187/1130 1497/129/1131 1525/128/1130
f 1531/183/1132 1513/121/1133 1512/204/1134
f 1531/183/1132 1512/204/1134 1535/203/1135
f 1505/200/1136 1518/199/1137 1515/190/1138
f 1505/200/1136 1515/190/1138 1500/191/1139
f 1528/197/1140 1507/196/1141 1502/198/1142
f 1528/197/1140 1502/198/1142 1529/166/1143
f 1424/85/1144 1465/205/1144 1483/192/1144
o Cube.004
v 0.324099 0.063362 0.145677
v 0.324099 0.063362 0.145677
v 0.324099 0.063362 0.145677
v 0.757098 0.325254 0.339415
v 0.757098 0.325254 0.339415
v 0.757098 0.325254 0.339415
v 0.757098 0.325254 0.339415
v 1.196594 0.815916 0.340670
v 1.196594 0.815916 0.340670
v 1.196594 0.815916 0.340670
v 1.196594 0.815916 0.340670
v 1.988609 1.306453 0.613329
v 1.988609 1.306453 0.613329
v 1.988609 1.306453 0.613329
v 1.988609 1.306453 0.613329
v 1.500763 1.076372 0.463199
v 1.500763 1.076372 0.463199
v 1.500763 1.076372 0.463199
v 1.500763 1.076372 0.463199
v 3.001861 1.408717 0.911726
v 3.001861 1.408717 0.911726
v 3.001861 1.408717 0.911726
v 3.001861 1.408717 0.911726
v 3.637255 1.540645 0.944487
v 3.637255 1.540645 0.944487
v 3.637255 1.540645 0.944487
v 3.637255 1.540645 0.944487
v 4.346895 1.732714 1.702424
v 4.346895 1.732714 1.702424
v 0.224435 0.223316 0.814365
v 0.224435 0.223316 0.814365
v 0.224435 0.223316 0.814365
v 0.224435 0.223316 0.814365
v 0.342227 0.001598 0.812350
v 0.342227 0.001598 0.812350
v 0.342227 0.001598 0.812350
v 0.342227 0.001598 0.812350
v 6.255833 2.055120 0.861217
v 6.255833 2.055120 0.861217
v 5.665440 1.419980 0.591187
v 5.665440 1.419980 0.591187
v 4.405005 1.538471 0.711129
v 4.405005 1.538471 0.711129
v 4.405005 1.538471 0.711129
v 4.405005 1.538471 0.711129
v 6.006548 1.828452 0.721158
v 6.006548 1.828452 0.721158
v 5.489549 1.263505 0.467676
v 5.489549 1.263505 0.467676
v 0.723019 0.324464 0.752790
v 0.723019 0.324464 0.752790
v 0.723019 0.324464 0.752790
v 0.723019 0.324464 0.752790
v 0.609803 0.537392 0.754303
v 0.609803 0.537392 0.754303
v 0.609803 0.537392 0.754303
v 0.609803 0.537392 0.754303
v 1.141300 0.834895 0.804464
v 1.141300 0.834895 0.804464
v 1.141300 0.834895 0.804464
v 1.141300 0.834895 0.804464
v 1.050931 1.033613 0.803312
v 1.050931 1.033613 0.803312
v 1.050931 1.033613 0.803312
v 1.050931 1.033613 0.803312
v 1.783909 1.490798 1.101550
v 1.783909 1.490798 1.101550
v 1.783909 1.490798 1.101550
v 1.783909 1.490798 1.101550
v 1.856788 1.306815 1.107643
v 1.856788 1.306815 1.107643
v 1.856788 1.306815 1.107643
v 1.856788 1.306815 1.107643
v 1.445464 1.087101 0.897153
v 1.445464 1.087101 0.897153
v 1.445464 1.087101 0.897153
v 1.445464 1.087101 0.897153
v 1.357291 1.287850 0.893747
v 1.357291 1.287850 0.893747
v 1.357291 1.287850 0.893747
v 1.357291 1.287850 0.893747
v 2.840529 1.348562 1.309079
v 2.840529 1.348562 1.309079
v 2.840529 1.348562 1.309079
v 2.840529 1.348562 1.309079
v 2.761361 1.482181 1.300769
v 2.761361 1.482181 1.300769
v 2.761361 1.482181 1.300769
v 2.761361 1.482181 1.300769
v 3.313567 1.685506 1.359439
v 3.313567 1.685506 1.359439
v 3.313567 1.685506 1.359439
v 3.313567 1.685506 1.359439
v 3.389683 1.566598 1.368437
v 3.389683 1.566598 1.368437
v 3.389683 1.566598 1.368437
v 3.389683 1.566598 1.368437
v 5.155037 1.289439 1.098566
v 5.155037 1.289439 1.098566
v 5.155037 1.289439 1.098566
v 5.155037 1.289439 1.098566
v 5.155037 1.289439 1.098566
v 5.105375 1.349559 1.089791
v 5.105375 1.349559 1.089791
v 5.105375 1.349559 1.089791
v 5.105375 1.349559 1.089791
v 5.757409 1.641850 1.004406
v 5.821086 1.585468 1.011741
v 5.821086 1.585468 1.011741
v 5.821086 1.585468 1.011741
v 6.255291 2.052872 0.923665
v 6.233918 2.065742 0.914922
v 5.590091 1.343206 1.048312
v 5.590091 1.343206 1.048312
v 3.926359 1.805292 1.248479
v 3.926359 1.805292 1.248479
v 3.926359 1.805292 1.248479
v 3.926359 1.805292 1.248479
v 3.926359 1.805292 1.248479
v 4.046265 1.670423 1.251116
v 4.046265 1.670423 1.251116
v 4.046265 1.670423 1.251116
v 4.046265 1.670423 1.251116
v 6.047256 1.835454 0.971165
v 6.047256 1.835454 0.971165
v 6.011854 1.862753 0.962889
v 4.801695 1.608886 0.536746
v 4.801695 1.608886 0.536746
v 4.801695 1.608886 0.536746
v 6.062829 1.860430 0.757058
v 5.752321 1.592624 0.691598
v 5.752321 1.592624 0.691598
v 5.869944 1.660868 0.651423
v 0.099416 0.175658 1.947006
v 0.099416 0.175658 1.947006
v 0.099416 0.175658 1.947006
v 0.083122 0.242288 1.862458
v 0.083122 0.242288 1.862458
v 0.083122 0.242288 1.862458
v 0.510468 0.465843 1.689063
v 0.510468 0.465843 1.689063
v 0.510468 0.465843 1.689063
v 0.510468 0.465843 1.689063
v 0.490384 0.534199 1.603461
v 0.490384 0.534199 1.603461
v 0.490384 0.534199 1.603461
v 0.490384 0.534199 1.603461
v 1.002026 0.975776 1.709788
v 1.002026 0.975776 1.709788
v 1.002026 0.975776 1.709788
v 1.002026 0.975776 1.709788
v 0.979631 1.046312 1.627716
v 0.979631 1.046312 1.627716
v 0.979631 1.046312 1.627716
v 0.979631 1.046312 1.627716
v 1.684065 1.383026 1.930176
v 1.684065 1.383026 1.930176
v 1.684065 1.383026 1.930176
v 1.684065 1.383026 1.930176
v 1.668380 1.467550 1.841870
v 1.668380 1.467550 1.841870
v 1.668380 1.467550 1.841870
v 1.668380 1.467550 1.841870
v 1.290882 1.224759 1.754150
v 1.290882 1.224759 1.754150
v 1.290882 1.224759 1.754150
v 1.290882 1.224759 1.754150
v 1.268453 1.303136 1.666268
v 1.268453 1.303136 1.666268
v 1.268453 1.303136 1.666268
v 1.268453 1.303136 1.666268
v 2.344061 1.333904 2.086321
v 2.344061 1.333904 2.086321
v 2.344061 1.333904 2.086321
v 2.344061 1.333904 2.086321
v 2.358767 1.413878 2.004069
v 2.358767 1.413878 2.004069
v 2.358767 1.413878 2.004069
v 2.358767 1.413878 2.004069
v 2.829632 1.450895 2.042849
v 2.829632 1.450895 2.042849
v 2.829632 1.450895 2.042849
v 2.829632 1.450895 2.042849
v 2.866769 1.539830 1.954326
v 2.866769 1.539830 1.954326
v 2.866769 1.539830 1.954326
v 2.866769 1.539830 1.954326
v 4.307057 1.779213 1.701677
v 4.307057 1.779213 1.701677
v 4.279119 1.857302 1.618209
v 4.279119 1.857302 1.618209
v 4.279119 1.857302 1.618209
v 3.576344 1.789540 1.789887
v 3.576344 1.789540 1.789887
v 3.576344 1.789540 1.789887
v 3.576344 1.789540 1.789887
v 3.567586 1.705144 1.877495
v 3.567586 1.705144 1.877495
v 3.567586 1.705144 1.877495
v 3.567586 1.705144 1.877495
v 0.217247 0.289693 0.087135
v 0.217247 0.289693 0.087135
v 0.217247 0.289693 0.087135
v 0.242296 0.239995 0.023346
v 0.242296 0.239995 0.023346
v 0.242296 0.239995 0.023346
v 0.639186 0.538736 0.280978
v 0.639186 0.538736 0.280978
v 0.639186 0.538736 0.280978
v 0.639186 0.538736 0.280978
v 0.670853 0.486215 0.217497
v 0.670853 0.486215 0.217497
v 0.670853 0.486215 0.217497
v 0.670853 0.486215 0.217497
v 1.095711 1.014225 0.274386
v 1.095711 1.014225 0.274386
v 1.095711 1.014225 0.274386
v 1.095711 1.014225 0.274386
v 1.126131 0.958949 0.212985
v 1.126131 0.958949 0.212985
v 1.126131 0.958949 0.212985
v 1.126131 0.958949 0.212985
v 1.902627 1.481876 0.543882
v 1.902627 1.481876 0.543882
v 1.902627 1.481876 0.543882
v 1.902627 1.481876 0.543882
v 1.934285 1.424570 0.484733
v 1.934285 1.424570 0.484733
v 1.934285 1.424570 0.484733
v 1.934285 1.424570 0.484733
v 1.416007 1.262821 0.389627
v 1.416007 1.262821 0.389627
v 1.416007 1.262821 0.389627
v 1.416007 1.262821 0.389627
v 1.443908 1.206244 0.330510
v 1.443908 1.206244 0.330510
v 1.443908 1.206244 0.330510
v 1.443908 1.206244 0.330510
v 2.909340 1.540873 0.838470
v 2.909340 1.540873 0.838470
v 2.909340 1.540873 0.838470
v 2.909340 1.540873 0.838470
v 2.955914 1.491507 0.783200
v 2.955914 1.491507 0.783200
v 2.955914 1.491507 0.783200
v 2.955914 1.491507 0.783200
v 3.551148 1.652131 0.871571
v 3.551148 1.652131 0.871571
v 3.551148 1.652131 0.871571
v 3.551148 1.652131 0.871571
v 3.614618 1.588127 0.835192
v 3.614618 1.588127 0.835192
v 3.614618 1.588127 0.835192
v 3.614618 1.588127 0.835192
v 6.247313 2.060250 0.857732
v 6.247313 2.060250 0.857732
v 6.233918 2.065742 0.914922
v 4.428737 1.548363 0.592967
v 4.428737 1.548363 0.592967
v 4.428737 1.548363 0.592967
v 4.364550 1.608577 0.634715
v 4.364550 1.608577 0.634715
v 4.364550 1.608577 0.634715
v 5.990018 1.840870 0.717845
v 5.976519 1.860553 0.775353
v 5.382343 1.333132 0.521046
v 5.459353 1.290513 0.464725
v 4.785830 1.630333 0.534125
v 4.785830 1.630333 0.534125
v 4.753969 1.668930 0.584764
v 6.049034 1.870986 0.753749
v 5.724606 1.616329 0.688574
v 5.698777 1.649692 0.751667
v 0.170975 0.015801 1.910591
v 0.170975 0.015801 1.910591
v 0.170975 0.015801 1.910591
v 0.153404 0.046506 1.946818
v 0.153404 0.046506 1.946818
v 0.153404 0.046506 1.946818
v 0.586260 0.318057 1.653549
v 0.586260 0.318057 1.653549
v 0.586260 0.318057 1.653549
v 0.586260 0.318057 1.653549
v 0.565908 0.348617 1.689707
v 0.565908 0.348617 1.689707
v 0.565908 0.348617 1.689707
v 0.565908 0.348617 1.689707
v 1.059004 0.846130 1.666952
v 1.059004 0.846130 1.666952
v 1.059004 0.846130 1.666952
v 1.059004 0.846130 1.666952
v 1.042256 0.878733 1.704921
v 1.042256 0.878733 1.704921
v 1.042256 0.878733 1.704921
v 1.042256 0.878733 1.704921
v 1.722182 1.284300 1.897941
v 1.722182 1.284300 1.897941
v 1.722182 1.284300 1.897941
v 1.722182 1.284300 1.897941
v 1.705395 1.317286 1.932466
v 1.705395 1.317286 1.932466
v 1.705395 1.317286 1.932466
v 1.705395 1.317286 1.932466
v 1.337602 1.108538 1.720056
v 1.337602 1.108538 1.720056
v 1.337602 1.108538 1.720056
v 1.337602 1.108538 1.720056
v 1.321723 1.141675 1.755827
v 1.321723 1.141675 1.755827
v 1.321723 1.141675 1.755827
v 1.321723 1.141675 1.755827
v 2.393148 1.262102 2.058091
v 2.393148 1.262102 2.058091
v 2.393148 1.262102 2.058091
v 2.393148 1.262102 2.058091
v 2.360818 1.291624 2.088493
v 2.360818 1.291624 2.088493
v 2.360818 1.291624 2.088493
v 2.360818 1.291624 2.088493
v 2.880487 1.398897 2.013266
v 2.880487 1.398897 2.013266
v 2.880487 1.398897 2.013266
v 2.880487 1.398897 2.013266
v 2.840948 1.422728 2.044673
v 2.840948 1.422728 2.044673
v 2.840948 1.422728 2.044673
v 2.840948 1.422728 2.044673
v 3.573395 1.691985 1.878467
v 3.573395 1.691985 1.878467
v 3.573395 1.691985 1.878467
v 3.573395 1.691985 1.878467
v 3.603878 1.665746 1.849189
v 3.603878 1.665746 1.849189
v 3.603878 1.665746 1.849189
v 3.603878 1.665746 1.849189
v 3.617540 1.672046 1.871935
v 3.617540 1.672046 1.871935
v 3.617540 1.672046 1.871935
v 4.346895 1.732714 1.702424
v 4.346895 1.732714 1.702424
v 5.739066 1.490574 1.367617
v 5.739066 1.490574 1.367617
v 5.739066 1.490574 1.367617
v 5.739066 1.490574 1.367617
v 6.254757 2.050653 0.985337
v 6.254757 2.050653 0.985337
v 6.254757 2.050653 0.985337
v 6.255833 2.055120 0.861217
v 5.363922 1.371024 1.511073
v 5.363922 1.371024 1.511073
v 5.363922 1.371024 1.511073
v 5.363922 1.371024 1.511073
v 5.665440 1.419980 0.591187
v 5.665440 1.419980 0.591187
v 6.002278 1.777636 1.178142
v 6.002278 1.777636 1.178142
v 6.002278 1.777636 1.178142
v 6.002278 1.777636 1.178142
v 6.006548 1.828452 0.721158
v 5.489549 1.263505 0.467676
v 5.155037 1.289439 1.098566
v 5.105375 1.349559 1.089791
v 5.105375 1.349559 1.089791
v 5.105375 1.349559 1.089791
v 5.105375 1.349559 1.089791
v 5.757409 1.641850 1.004406
v 5.757409 1.641850 1.004406
v 5.757409 1.641850 1.004406
v 5.757409 1.641850 1.004406
v 5.757409 1.641850 1.004406
v 5.821086 1.585468 1.011741
v 5.821086 1.585468 1.011741
v 5.821086 1.585468 1.011741
v 6.255291 2.052872 0.923665
v 6.255291 2.052872 0.923665
v 6.255291 2.052872 0.923665
v 6.233918 2.065742 0.914922
v 6.233918 2.065742 0.914922
v 6.233918 2.065742 0.914922
v 5.502523 1.420457 1.042114
v 5.502523 1.420457 1.042114
v 5.502523 1.420457 1.042114
v 5.502523 1.420457 1.042114
v 5.590091 1.343206 1.048312
v 5.590091 1.343206 1.048312
v 6.047256 1.835454 0.971165
v 6.047256 1.835454 0.971165
v 6.047256 1.835454 0.971165
v 6.047256 1.835454 0.971165
v 6.011854 1.862753 0.962889
v 6.011854 1.862753 0.962889
v 6.011854 1.862753 0.962889
v 6.011854 1.862753 0.962889
v 6.011854 1.862753 0.962889
v 6.062829 1.860430 0.757058
v 6.062829 1.860430 0.757058
v 5.752321 1.592624 0.691598
v 5.869944 1.660868 0.651423
v 5.869944 1.660868 0.651423
v 4.307057 1.779213 1.701677
v 4.307057 1.779213 1.701677
v 4.279119 1.857302 1.618209
v 4.279119 1.857302 1.618209
v 5.722479 1.505573 1.366032
v 5.722479 1.505573 1.366032
v 5.722479 1.505573 1.366032
v 5.722479 1.505573 1.366032
v 5.688040 1.578454 1.272169
v 5.688040 1.578454 1.272169
v 5.688040 1.578454 1.272169
v 5.688040 1.578454 1.272169
v 6.233918 2.065742 0.914922
v 6.233918 2.065742 0.914922
v 6.233918 2.065742 0.914922
v 6.249902 2.053576 0.983351
v 6.249902 2.053576 0.983351
v 6.249902 2.053576 0.983351
v 5.371677 1.409880 1.417951
v 5.371677 1.409880 1.417951
v 5.371677 1.409880 1.417951
v 5.371677 1.409880 1.417951
v 5.371677 1.409880 1.417951
v 5.350176 1.386860 1.508813
v 5.350176 1.386860 1.508813
v 5.350176 1.386860 1.508813
v 5.350176 1.386860 1.508813
v 5.992000 1.786139 1.176339
v 5.992000 1.786139 1.176339
v 5.992000 1.786139 1.176339
v 5.992000 1.786139 1.176339
v 5.981094 1.835521 1.080134
v 5.981094 1.835521 1.080134
v 5.981094 1.835521 1.080134
v 5.981094 1.835521 1.080134
v 6.247313 2.060250 0.857732
v 6.233918 2.065742 0.914922
v 6.233918 2.065742 0.914922
v 5.579889 1.478587 0.644155
v 5.579889 1.478587 0.644155
v 5.579889 1.478587 0.644155
v 5.579889 1.478587 0.644155
v 5.634436 1.448113 0.588308
v 5.634436 1.448113 0.588308
v 5.634436 1.448113 0.588308
v 5.634436 1.448113 0.588308
v 4.428737 1.548363 0.592967
v 4.364550 1.608577 0.634715
v 4.364550 1.608577 0.634715
v 5.990018 1.840870 0.717845
v 5.990018 1.840870 0.717845
v 5.976519 1.860553 0.775353
v 5.976519 1.860553 0.775353
v 5.382343 1.333132 0.521046
v 5.382343 1.333132 0.521046
v 5.459353 1.290513 0.464725
v 5.459353 1.290513 0.464725
v 4.785830 1.630333 0.534125
v 4.753969 1.668930 0.584764
v 4.753969 1.668930 0.584764
v 6.023524 1.880146 0.809347
v 6.023524 1.880146 0.809347
v 6.023524 1.880146 0.809347
v 6.049034 1.870986 0.753749
v 6.049034 1.870986 0.753749
v 5.724606 1.616329 0.688574
v 5.724606 1.616329 0.688574
v 5.698777 1.649692 0.751667
v 5.698777 1.649692 0.751667
v 5.818924 1.685510 0.700383
v 5.818924 1.685510 0.700383
v 5.818924 1.685510 0.700383
v 5.867014 1.663330 0.650750
v 5.867014 1.663330 0.650750
v 5.867014 1.663330 0.650750
vn 0.5363 -0.3061 -0.7865
vn 0.5382 -0.3079 -0.7846
vn 0.5327 -0.3026 -0.7904
vn 0.5305 -0.3011 -0.7924
vn 0.4479 -0.4185 -0.7901
vn 0.4481 -0.4187 -0.7899
vn 0.4471 -0.4182 -0.7907
vn 0.4466 -0.4181 -0.7910
vn 0.6575 -0.7473 0.0961
vn 0.6252 -0.7773 0.0705
vn 0.6370 -0.7667 0.0798
vn 0.6697 -0.7350 0.1062
vn -0.6462 0.7558 -0.1058
vn -0.6777 0.7239 -0.1292
vn -0.6081 0.7900 -0.0786
vn -0.5584 0.8283 -0.0448
vn 0.4158 0.1986 0.8875
vn 0.4143 0.2025 0.8873
vn 0.4238 0.1784 0.8880
vn 0.4251 0.1748 0.8881
vn -0.7297 0.6783 -0.0862
vn -0.7247 0.6830 -0.0911
vn -0.7285 0.6794 -0.0874
vn -0.7338 0.6744 -0.0823
vn -0.7322 0.6780 -0.0652
vn -0.7352 0.6752 -0.0601
vn -0.7309 0.6791 -0.0672
vn -0.7281 0.6817 -0.0719
vn -0.6338 0.7693 -0.0805
vn -0.6543 0.7530 -0.0703
vn -0.6458 0.7599 -0.0745
vn -0.6246 0.7763 -0.0850
vn 0.7533 -0.6518 0.0882
vn 0.7514 -0.6547 0.0824
vn 0.7545 -0.6499 0.0919
vn 0.7562 -0.6471 0.0972
vn 0.6195 -0.7784 0.1018
vn 0.6197 -0.7782 0.1022
vn 0.6198 -0.7781 0.1023
vn 0.6196 -0.7782 0.1020
vn 0.0141 -0.9969 -0.0772
vn 0.0782 -0.9967 0.0228
vn 0.0273 -0.9979 -0.0583
vn -0.0524 -0.9824 -0.1792
vn -0.6011 0.7933 -0.0966
vn -0.6248 0.7767 -0.0793
vn -0.6068 0.7895 -0.0925
vn -0.5821 0.8056 -0.1101
vn 0.4091 -0.9110 0.0520
vn 0.4440 -0.8917 0.0872
vn 0.4280 -0.9010 0.0710
vn 0.3910 -0.9197 0.0345
vn 0.4142 -0.9055 0.0928
vn 0.4088 -0.9092 0.0794
vn 0.4154 -0.9046 0.0957
vn 0.4204 -0.9008 0.1086
vn 0.0249 0.9973 0.0687
vn 0.1225 0.9923 0.0157
vn 0.0323 0.9972 0.0670
vn -0.0462 0.9933 0.1062
vn -0.3868 0.9174 -0.0939
vn -0.3817 0.9192 -0.0969
vn -0.3864 0.9175 -0.0941
vn -0.3905 0.9160 -0.0916
vn 0.3083 -0.9509 0.0256
vn 0.3625 -0.9248 0.1152
vn 0.3325 -0.9409 0.0650
vn 0.2565 -0.9650 -0.0550
vn -0.3969 0.9168 -0.0436
vn -0.3444 0.9366 -0.0645
vn -0.3760 0.9252 -0.0519
vn -0.4261 0.9041 -0.0317
vn 0.0888 -0.9960 -0.0032
vn 0.0983 -0.9938 0.0515
vn 0.0722 -0.9935 -0.0877
vn 0.0580 -0.9861 -0.1560
vn -0.3094 0.9503 -0.0339
vn -0.2415 0.9693 -0.0465
vn -0.2795 0.9593 -0.0395
vn -0.3454 0.9381 -0.0270
vn -0.0130 0.9998 0.0154
vn 0.0308 0.9991 -0.0297
vn -0.0613 0.9958 0.0682
vn -0.1054 0.9877 0.1152
vn 0.2060 -0.9764 -0.0642
vn 0.3337 -0.9088 0.2505
vn 0.2042 -0.6437 0.7375
vn 0.1267 -0.9729 0.1934
vn 0.0262 -0.9794 0.2001
vn -0.3472 -0.8996 -0.2649
vn -0.1179 -0.9637 0.2395
vn -0.2634 0.9626 -0.0628
vn -0.3331 0.9429 -0.0029
vn -0.2410 0.9671 -0.0815
vn -0.1763 0.9750 -0.1355
vn 0.2777 -0.9570 0.0837
vn 0.1270 -0.9798 -0.1548
vn 0.2666 -0.9616 0.0652
vn 0.3878 -0.8781 0.2803
vn -0.1415 -0.9875 -0.0695
vn 0.1740 -0.9453 0.2759
vn -0.2606 -0.9514 -0.1643
vn -0.2038 -0.9453 -0.2546
vn 0.7968 -0.6015 -0.0582
vn 0.7968 -0.6015 -0.0581
vn 0.7967 -0.6015 -0.0582
vn 0.2846 0.8737 -0.3945
vn 0.2567 -0.9664 0.0092
vn 0.5139 -0.7998 0.3103
vn 0.3999 -0.9007 0.1697
vn 0.0908 -0.9832 -0.1584
vn -0.1394 0.9580 -0.2506
vn -0.2324 0.9594 -0.1599
vn -0.1188 0.9555 -0.2700
vn -0.0337 0.9385 -0.3437
vn 0.1122 -0.9702 0.2147
vn 0.0224 -0.9968 0.0768
vn 0.1371 -0.9578 0.2527
vn 0.2063 -0.9108 0.3576
vn -0.2760 0.9591 -0.0634
vn -0.3341 0.9422 -0.0238
vn -0.2759 0.9591 -0.0634
vn -0.2128 0.9714 -0.1051
vn 0.7555 -0.6521 -0.0630
vn 0.7556 -0.6520 -0.0629
vn 0.7556 -0.6520 -0.0630
vn -0.6911 -0.6411 -0.3336
vn -0.6179 -0.7345 -0.2805
vn -0.6279 -0.7196 -0.2965
vn -0.6270 -0.7197 -0.2980
vn -0.6942 -0.6374 -0.3344
vn 0.6176 0.7767 -0.1238
vn 0.6177 0.7766 -0.1238
vn 0.1717 0.1356 0.9758
vn 0.1717 0.1355 0.9758
vn 0.1702 0.1398 0.9754
vn 0.1703 0.1400 0.9754
vn 0.5049 0.8625 0.0354
vn -0.0000 0.2626 0.9649
vn 0.5538 0.8286 -0.0825
vn 0.5591 0.8033 -0.2051
vn 0.3681 0.1244 -0.9214
vn 0.3680 0.1244 -0.9214
vn 0.1467 -0.9685 -0.2014
vn 0.1319 -0.9704 -0.2023
vn 0.2866 -0.7269 -0.6241
vn 0.2053 -0.8649 -0.4581
vn 0.2125 0.1872 0.9591
vn 0.2109 0.1700 0.9626
vn 0.2102 0.1678 0.9632
vn 0.2105 0.1576 0.9648
vn 0.2100 0.1854 0.9600
vn -0.1455 -0.9267 -0.3465
vn -0.1554 -0.9164 -0.3689
vn -0.0455 -0.9913 -0.1238
vn -0.0288 -0.9958 -0.0869
vn 0.0685 0.0824 0.9942
vn 0.0683 0.0823 0.9943
vn 0.0682 0.0855 0.9940
vn 0.0686 0.0859 0.9939
vn 0.4751 -0.5484 -0.6882
vn 0.4851 -0.5556 -0.6752
vn 0.4516 -0.5195 -0.7254
vn 0.4389 -0.5110 -0.7391
vn -0.3754 -0.0993 0.9215
vn -0.3785 -0.0988 0.9203
vn -0.3692 -0.1155 0.9222
vn -0.3645 -0.1157 0.9240
vn 0.1798 -0.8299 -0.5281
vn 0.1843 -0.8273 -0.5307
vn 0.1853 -0.8519 -0.4898
vn 0.1824 -0.8546 -0.4863
vn -0.2328 -0.0288 0.9721
vn -0.2371 -0.0271 0.9711
vn -0.2327 -0.0615 0.9706
vn -0.2242 -0.0628 0.9725
vn 0.2548 -0.6976 -0.6696
vn 0.2601 -0.6958 -0.6695
vn 0.2469 -0.7321 -0.6348
vn 0.2384 -0.7352 -0.6345
vn -0.1119 -0.0606 0.9919
vn -0.1129 -0.0612 0.9917
vn -0.1095 -0.0628 0.9920
vn -0.1078 -0.0620 0.9922
vn -0.0114 -0.0239 0.9996
vn -0.0115 -0.0238 0.9997
vn -0.0106 -0.0253 0.9996
vn -0.0103 -0.0254 0.9996
vn -0.9020 -0.4306 -0.0310
vn -0.8767 -0.4809 -0.0142
vn -0.8835 -0.4681 -0.0183
vn -0.9014 -0.4316 -0.0333
vn -0.9048 -0.4245 -0.0338
vn 0.5853 -0.8100 -0.0362
vn 0.5557 -0.8314 -0.0067
vn 0.5858 -0.8096 -0.0367
vn 0.6074 -0.7923 -0.0584
vn 0.5958 -0.3956 -0.6990
vn 0.6019 -0.3967 -0.6931
vn 0.5890 -0.3918 -0.7068
vn 0.5821 -0.3905 -0.7132
vn 0.7518 -0.6526 0.0941
vn 0.7573 -0.6449 0.1024
vn 0.7534 -0.6505 0.0965
vn 0.7478 -0.6581 0.0882
vn 0.7646 0.6421 -0.0553
vn 0.8047 0.5917 0.0484
vn 0.7570 0.6490 -0.0753
vn 0.7703 0.6212 -0.1440
vn 0.7659 0.6281 -0.1377
vn 0.6593 0.7410 -0.1273
vn -0.1271 0.7558 0.6424
vn -0.1595 0.7680 0.6202
vn -0.1540 0.7659 0.6243
vn -0.1214 0.7530 0.6467
vn -0.5950 0.5434 0.5922
vn -0.5866 0.5379 0.6054
vn -0.5876 0.5387 0.6038
vn -0.5961 0.5441 0.5904
vn -0.5732 0.5474 0.6098
vn -0.5489 0.5325 0.6443
vn -0.5546 0.5364 0.6361
vn -0.5788 0.5509 0.6012
vn -0.5203 0.5791 0.6276
vn -0.5094 0.5573 0.6556
vn -0.5105 0.5625 0.6504
vn -0.5213 0.5838 0.6225
vn -0.1159 0.7277 0.6760
vn -0.1026 0.6935 0.7131
vn -0.1003 0.7022 0.7049
vn -0.1129 0.7347 0.6689
vn -0.1175 0.7293 0.6741
vn -0.1056 0.7136 0.6925
vn -0.1083 0.7176 0.6879
vn -0.1199 0.7326 0.6700
vn 0.0918 0.7235 0.6842
vn 0.0929 0.7303 0.6768
vn 0.0939 0.7311 0.6758
vn 0.0923 0.7239 0.6837
vn -0.1015 0.7299 0.6760
vn -0.0861 0.7114 0.6975
vn -0.0881 0.7140 0.6946
vn -0.1042 0.7327 0.6726
vn 0.6647 -0.7421 0.0863
vn 0.6941 -0.7166 0.0682
vn 0.6169 -0.7788 0.1139
vn 0.5891 -0.7977 0.1286
vn -0.1342 0.7441 -0.6545
vn -0.1325 0.7415 -0.6577
vn -0.1329 0.7416 -0.6575
vn -0.1345 0.7443 -0.6542
vn -0.5266 0.4988 -0.6884
vn -0.5242 0.4953 -0.6928
vn -0.5244 0.4956 -0.6924
vn -0.5268 0.4991 -0.6881
vn -0.2426 0.6493 -0.7208
vn -0.2424 0.6504 -0.7199
vn -0.2421 0.6504 -0.7200
vn -0.2422 0.6493 -0.7209
vn -0.0853 0.6936 -0.7153
vn -0.0874 0.6981 -0.7106
vn -0.0872 0.6977 -0.7111
vn -0.0850 0.6931 -0.7158
vn 0.1442 0.7416 -0.6552
vn 0.1248 0.7999 -0.5870
vn 0.1239 0.7959 -0.5926
vn 0.1438 0.7378 -0.6595
vn -0.0640 0.5770 -0.8143
vn -0.0439 0.6448 -0.7631
vn -0.0372 0.6381 -0.7691
vn -0.0531 0.5714 -0.8190
vn -0.2550 0.3197 -0.9126
vn -0.2367 0.3126 -0.9199
vn -0.2496 0.3124 -0.9166
vn -0.2651 0.3216 -0.9090
vn -0.5751 0.8173 0.0361
vn -0.5580 0.8280 0.0555
vn -0.5798 0.8142 0.0306
vn -0.6023 0.7983 0.0038
vn 0.3548 0.9338 -0.0460
vn -0.1054 0.9937 -0.0392
vn -0.3193 -0.8464 0.4262
vn 0.6673 -0.3602 0.6519
vn 0.6670 -0.3565 0.6543
vn 0.6675 -0.3561 0.6540
vn 0.6675 -0.3601 0.6517
vn 0.5290 -0.4935 0.6904
vn 0.5335 -0.4969 0.6844
vn 0.5333 -0.4966 0.6848
vn 0.5287 -0.4933 0.6907
vn 0.4157 -0.5805 0.7001
vn 0.4148 -0.5794 0.7016
vn 0.4150 -0.5793 0.7015
vn 0.4159 -0.5805 0.7000
vn 0.0117 -0.7245 0.6891
vn 0.0164 -0.7263 0.6872
vn 0.0165 -0.7255 0.6880
vn 0.0117 -0.7239 0.6898
vn -0.1503 -0.8018 0.5784
vn -0.1915 -0.7337 0.6520
vn -0.1943 -0.7392 0.6448
vn -0.1546 -0.8069 0.5701
vn 0.2396 -0.6046 0.7597
vn 0.2395 -0.6042 0.7600
vn 0.2269 -0.5666 0.7921
vn 0.2270 -0.5666 0.7921
vn 0.2271 -0.5669 0.7919
vn 0.3564 -0.4716 0.8066
vn 0.3583 -0.4784 0.8017
vn -0.9214 -0.3629 -0.1390
vn -0.9214 -0.3628 -0.1391
vn -0.9157 -0.3821 -0.1249
vn -0.9156 -0.3821 -0.1249
vn -0.8782 -0.4655 -0.1100
vn -0.9123 -0.3860 -0.1366
vn 0.2251 0.3862 0.8945
vn 0.2618 0.2434 0.9339
vn 0.2595 0.2405 0.9353
vn 0.3053 0.3813 0.8726
vn 0.3088 0.3882 0.8683
vn -0.6937 0.7199 0.0238
vn -0.6936 0.7199 0.0238
vn -0.6559 0.7548 0.0072
vn -0.6559 0.7548 0.0071
vn -0.0560 0.8258 0.5612
vn 0.7875 0.6139 -0.0537
vn 0.7902 0.6066 -0.0878
vn -0.6704 0.7412 0.0330
vn -0.5938 0.7775 0.2072
vn -0.6371 0.7707 -0.0108
vn -0.6754 0.7374 -0.0059
vn -0.5988 0.7868 0.1496
vn -0.6327 0.7720 -0.0606
vn 0.7183 -0.6953 -0.0266
vn 0.7182 -0.6953 -0.0267
vn 0.1458 0.4800 0.8651
vn 0.1458 0.4799 0.8651
vn 0.1457 0.4799 0.8651
vn -0.4255 0.9034 -0.0539
vn -0.1774 0.9765 -0.1227
vn -0.2982 0.9502 -0.0905
vn -0.6071 0.7946 0.0069
vn -0.1797 0.9831 -0.0349
vn 0.2389 0.3411 0.9091
vn 0.2386 0.3405 0.9095
vn 0.2357 0.3512 0.9061
vn 0.2364 0.3521 0.9056
vn -0.5835 0.8077 -0.0842
vn -0.5138 0.8422 -0.1637
vn -0.5917 0.8027 -0.0742
vn -0.6610 0.7502 0.0176
vn 0.7352 -0.6776 -0.0180
vn -0.1563 -0.9508 0.2676
vn 0.1590 -0.6849 0.7110
vn -0.1410 -0.9443 0.2972
vn -0.3417 -0.9341 -0.1032
vn 0.3709 0.3206 -0.8716
vn 0.3707 0.3207 -0.8717
vn 0.3707 0.3206 -0.8716
vn 0.3706 0.3207 -0.8717
vn 0.7206 -0.6926 -0.0328
vn 0.7206 -0.6926 -0.0327
vn -0.7303 0.6812 0.0513
vn -0.7217 0.6909 0.0422
vn -0.7285 0.6833 0.0493
vn -0.7447 0.6642 0.0660
vn 0.3576 0.2979 -0.8851
vn 0.3583 0.2974 -0.8850
vn 0.3520 0.3025 -0.8858
vn 0.3512 0.3029 -0.8859
vn 0.5127 -0.8524 0.1033
vn 0.6938 -0.6184 0.3690
vn 0.5558 -0.8161 0.1584
vn 0.2429 -0.9517 -0.1879
vn -0.5835 -0.8007 -0.1354
vn -0.5836 -0.8007 -0.1354
vn -0.6162 -0.7512 -0.2369
vn -0.6163 -0.7510 -0.2370
vn -0.6162 -0.7511 -0.2369
vn 0.3037 0.1447 -0.9417
vn 0.3036 0.1449 -0.9417
vn -0.3251 0.9070 0.2677
vn -0.0033 0.7813 0.6241
vn -0.0608 0.8184 0.5715
vn -0.4269 0.8968 0.1161
vn -0.3366 0.7534 0.5649
vn 0.3983 0.7411 0.5404
vn 0.3864 0.8664 0.3163
vn 0.3878 0.8598 0.3323
vn 0.3980 0.7364 0.5471
vn -0.4994 0.7816 0.3738
vn -0.2282 0.4900 -0.8413
vn -0.1898 0.6495 -0.7363
vn -0.2104 0.6194 -0.7563
vn -0.2546 0.4571 -0.8522
vn -0.5600 0.7747 -0.2937
vn -0.5599 0.7747 -0.2938
vn -0.5276 0.6434 -0.5547
vn -0.1788 0.7581 -0.6271
vn -0.1266 0.6938 -0.7090
vn -0.1398 0.7111 -0.6891
vn -0.1928 0.7747 -0.6022
vn -0.4226 0.6482 -0.6334
vn 0.2860 0.8741 -0.3927
vt 0.375000 0.250000
vt 0.565749 0.250000
vt 0.563408 0.500000
vt 0.375000 0.500000
vt 0.556313 0.500000
vt 0.375000 0.744974
vt 0.375000 0.625781
vt 0.375000 0.744731
vt 0.625000 0.625781
vt 0.875000 0.625781
vt 0.875000 0.740707
vt 0.625000 0.738664
vt 0.410247 0.750000
vt 0.545729 0.750000
vt 0.549365 1.000000
vt 0.408603 1.000000
vt 0.625000 0.738305
vt 0.625000 0.625781
vt 0.625000 0.514753
vt 0.625000 0.513365
vt 0.625000 0.737509
vt 0.625000 0.625781
vt 0.375000 0.744627
vt 0.375000 0.625781
vt 0.375000 0.744900
vt 0.625000 0.513365
vt 0.625000 0.513985
vt 0.375000 0.744627
vt 0.625000 0.737123
vt 0.625000 0.737520
vt 0.625000 0.625781
vt 0.625000 0.513985
vt 0.625000 0.512558
vt 0.375000 0.744900
vt 0.375000 0.743869
vt 0.625000 0.737123
vt 0.625000 0.734643
vt 0.625000 0.514149
vt 0.375000 0.750000
vt 0.375000 0.750000
vt 0.375000 0.743658
vt 0.375000 0.625781
vt 0.625000 0.514149
vt 0.625000 0.513830
vt 0.375000 0.500000
vt 0.375000 0.625781
vt 0.625000 0.732504
vt 0.625000 0.511193
vt 0.625000 0.733426
vt 0.375000 0.500000
vt 0.625000 0.512043
vt 0.477975 0.500000
vt 0.473273 0.500000
vt 0.625000 0.531490
vt 0.489649 0.750000
vt 0.435977 0.750000
vt 0.444021 0.750000
vt 0.472343 0.750000
vt 0.474652 0.500000
vt 0.625000 0.625781
vt 0.474652 0.500000
vt 0.474652 0.500000
vt 0.498469 0.500000
vt 0.452549 0.500000
vt 0.449454 0.750000
vt 0.472343 0.750000
vt 0.494714 0.500000
vt 0.502209 0.750000
vt 0.430165 0.750000
vt 0.435977 0.750000
vt 0.489649 0.750000
vt 0.548252 0.500000
vt 0.535180 0.500000
vt 0.527121 0.750000
vt 0.418688 0.750000
vt 0.423673 0.750000
vt 0.516281 0.750000
vt 0.522088 0.500000
vt 0.494713 0.500000
vt 0.423673 0.750000
vt 0.502209 0.750000
vt 0.535180 0.500000
vt 0.535573 0.750000
vt 0.414883 0.750000
vt 0.418688 0.750000
vt 0.527121 0.750000
vt 0.410247 0.750000
vt 0.535573 0.750000
vt 0.375000 0.124219
vt 0.625000 0.124219
vt 0.625000 0.239914
vt 0.565749 0.250000
vt 0.125000 0.500000
vt 0.125000 0.625781
vt 0.556313 0.500000
vt 0.375000 0.745182
vt 0.625000 0.512161
vt 0.474610 0.500000
vt 0.625000 0.526564
vt 0.625000 0.750000
vt 0.625000 0.979388
vt 0.625000 0.733426
vt 0.125000 0.746042
vt 0.625000 0.259681
vt 0.625000 0.500000
vt 0.875000 0.510086
vt 0.377793 0.750000
vt 0.129065 0.750000
vt 0.375000 0.003958
vt 0.408603 0.000000
vt 0.549365 0.000000
vt 0.625000 0.009293
vt 0.431506 0.750000
vt 0.431721 0.750000
vt 0.440965 0.750000
vt 0.625000 0.520159
vt 0.625000 0.719154
vt 0.625000 0.696041
vt 0.431790 0.750000
vt 0.625000 0.535590
vt 0.431721 0.750000
vt 0.431790 0.750000
vt 0.625000 0.512043
vt 0.625000 0.516502
vt 0.625000 0.727676
vt 0.431506 0.750000
vt 0.625000 0.727676
vt 0.625000 0.719154
vt 0.477663 0.500000
vt 0.474610 0.500000
vt 0.625000 0.516502
vt 0.477975 0.500000
vt 0.477663 0.500000
vt 0.474652 0.500000
vt 0.393574 0.500000
vt 0.393573 0.500000
vt 0.473273 0.500000
vt 0.625000 0.732504
s 1
usemtl Material.001
f 1539/206/1145 1742/207/1146 1750/208/1147
f 1539/206/1145 1750/208/1147 1542/209/1148
f 1540/209/1149 1749/208/1150 1756/210/1151
f 1540/209/1149 1756/210/1151 1544/209/1152
f 1826/211/1153 1595/212/1154 1613/212/1155
f 1826/211/1153 1613/212/1155 1843/213/1156
f 1592/214/1157 1568/215/1158 1675/216/1159
f 1592/214/1157 1675/216/1159 1682/217/1160
f 1823/218/1161 1679/219/1162 1672/220/1163
f 1823/218/1161 1672/220/1163 1815/221/1164
f 1591/214/1165 1681/217/1166 1688/222/1167
f 1591/214/1165 1688/222/1167 1599/223/1168
f 1743/224/1169 1590/214/1170 1598/223/1171
f 1743/224/1169 1598/223/1171 1751/225/1172
f 1600/223/1173 1689/222/1174 1704/226/1175
f 1600/223/1173 1704/226/1175 1614/227/1176
f 1588/212/1177 1543/209/1178 1547/209/1179
f 1588/212/1177 1547/209/1179 1596/212/1180
f 1594/212/1181 1546/209/1182 1555/209/1183
f 1594/212/1181 1555/209/1183 1612/212/1184
f 1835/228/1185 1607/212/1186 1621/229/1187
f 1835/228/1185 1621/229/1187 1851/230/1188
f 1753/231/1189 1601/223/1190 1615/227/1191
f 1753/231/1189 1615/227/1191 1769/232/1192
f 1842/213/1193 1611/212/1194 1609/212/1195
f 1842/213/1193 1609/212/1195 1833/233/1196
f 1610/212/1197 1552/209/1198 1550/209/1199
f 1610/212/1197 1550/209/1199 1608/212/1200
f 1604/223/1201 1699/234/1202 1713/235/1203
f 1604/223/1201 1713/235/1203 1622/236/1204
f 1767/237/1205 1617/227/1206 1603/223/1207
f 1767/237/1205 1603/223/1207 1759/238/1208
f 1848/239/1209 1619/229/1210 1633/212/1211
f 1848/239/1209 1633/212/1211 1857/240/1212
f 1616/227/1213 1707/226/1214 1697/241/1215
f 1616/227/1213 1697/241/1215 1602/223/1216
f 1606/212/1217 1548/209/1218 1558/209/1219
f 1606/212/1217 1558/209/1219 1620/229/1220
f 1624/236/1221 1714/235/1222 1720/242/1223
f 1624/236/1221 1720/242/1223 1626/223/1224
f 1760/238/1225 1605/223/1226 1623/236/1227
f 1760/238/1225 1623/236/1227 1777/243/1228
s 0
f 1618/229/1229 1556/209/1229 1562/209/1229
f 1618/229/1230 1562/209/1230 1632/212/1230
s 1
f 1564/244/1231 1873/245/1232 1869/246/1233
f 1869/246/1233 1658/212/1234 1635/247/1235
f 1869/246/1233 1635/247/1235 1564/244/1231
f 1775/248/1236 1625/236/1237 1628/223/1238
f 1775/248/1236 1628/223/1238 1785/249/1239
f 1856/240/1240 1630/212/1241 1656/212/1242
f 1856/240/1240 1656/212/1242 1868/246/1243
f 1659/212/1244 1581/209/1245 1664/209/1246
f 1659/212/1244 1664/209/1246 1637/247/1247
f 1650/212/1248 1577/250/1249 1667/209/1250
f 1650/212/1248 1667/209/1250 1645/251/1249
s 0
f 1654/227/1251 1727/252/1251 1640/223/1251
s 1
f 1636/247/1252 1585/209/1253 1576/250/1254
f 1636/247/1252 1576/250/1254 1649/212/1255
f 1784/249/1256 1627/223/1257 1651/227/1258
f 1784/249/1256 1651/227/1258 1798/253/1259
f 1631/212/1260 1561/209/1261 1580/209/1262
f 1631/212/1260 1580/209/1262 1657/212/1263
f 1629/223/1264 1721/242/1265 1731/254/1266
f 1629/223/1264 1731/254/1266 1653/227/1267
f 1644/251/1268 1669/209/1269 1582/255/1270
f 1644/251/1268 1582/255/1270 1660/212/1269
f 1639/223/1271 1802/256/1272 1803/257/1273
f 1803/257/1273 1584/209/1274 1634/247/1275
f 1803/257/1273 1634/247/1275 1639/223/1271
f 1662/236/1276 1661/212/1276 1583/255/1277
f 1583/255/1277 1800/258/1277 1801/259/1276
f 1583/255/1277 1801/259/1276 1662/236/1276
f 1719/260/1278 1863/261/1279 1866/262/1280
f 1719/260/1278 1866/262/1280 1734/263/1281
s 0
f 1647/247/1282 1575/209/1282 1791/264/1282
s 1
f 1793/265/1283 1648/265/1284 1647/247/1285
s 0
f 1791/264/1282 1793/265/1282 1647/247/1282
s 1
f 1666/255/1286 1807/266/1287 1792/267/1286
f 1666/255/1286 1792/267/1286 1574/209/1286
f 1579/209/1288 1796/268/1289 1804/269/1290
f 1579/209/1288 1804/269/1290 1663/209/1291
f 1725/270/1292 1736/271/1293 1867/262/1294
f 1867/262/1294 1874/245/1295 1565/244/1296
f 1867/262/1294 1565/244/1296 1725/270/1292
f 1560/209/1297 1790/272/1298 1795/268/1299
f 1560/209/1297 1795/268/1299 1578/209/1300
f 1711/273/1301 1854/274/1302 1860/275/1303
f 1711/273/1301 1860/275/1303 1717/276/1304
f 1553/209/1305 1773/277/1306 1764/278/1307
f 1553/209/1305 1764/278/1307 1551/209/1308
f 1703/279/1309 1846/280/1310 1838/281/1311
f 1703/279/1309 1838/281/1311 1693/282/1312
f 1557/209/1313 1779/283/1314 1787/284/1315
f 1557/209/1313 1787/284/1315 1563/209/1316
f 1695/282/1317 1836/285/1318 1852/274/1319
f 1695/282/1317 1852/274/1319 1709/286/1320
f 1549/209/1321 1766/287/1322 1782/283/1323
f 1549/209/1321 1782/283/1323 1559/209/1324
f 1687/288/1325 1828/289/1326 1844/290/1327
f 1687/288/1325 1844/290/1327 1701/291/1328
f 1678/219/1329 1821/292/1330 1829/289/1331
f 1678/219/1329 1829/289/1331 1685/293/1332
f 1538/206/1333 1573/294/1334 1567/295/1335
f 1567/295/1335 1738/296/1336 1740/297/1337
f 1567/295/1335 1740/297/1337 1538/206/1333
f 1537/298/1338 1541/209/1339 1586/212/1340
f 1537/298/1338 1586/212/1340 1570/299/1341
f 1545/209/1342 1758/300/1343 1774/277/1344
f 1545/209/1342 1774/277/1344 1554/209/1345
f 1818/301/1346 1589/212/1347 1597/212/1348
f 1818/301/1346 1597/212/1348 1827/211/1349
f 1665/209/1350 1805/269/1351 1806/302/1352
f 1806/302/1352 1642/223/1353 1638/247/1354
f 1806/302/1352 1638/247/1354 1665/209/1350
f 1643/223/1355 1646/251/1355 1668/209/1355
f 1668/209/1355 1808/303/1355 1809/304/1355
f 1668/209/1355 1809/304/1355 1643/223/1355
f 1680/305/1356 1673/306/1357 1671/220/1358
f 1680/305/1356 1671/220/1358 1677/219/1359
f 1676/219/1360 1684/293/1361 1690/222/1362
f 1676/219/1360 1690/222/1362 1683/217/1363
f 1686/288/1364 1700/291/1365 1706/226/1366
f 1686/288/1364 1706/226/1366 1691/222/1367
f 1702/279/1368 1692/282/1369 1696/241/1370
f 1702/279/1368 1696/241/1370 1705/226/1371
f 1694/282/1372 1708/286/1373 1712/235/1374
f 1694/282/1372 1712/235/1374 1698/234/1375
f 1710/273/1376 1716/276/1377 1722/242/1378
f 1710/273/1376 1722/242/1378 1715/235/1379
f 1735/271/1380 1724/270/1381 1728/252/1382
f 1735/271/1380 1728/252/1382 1730/307/1383
f 1718/260/1384 1733/263/1385 1732/254/1386
f 1718/260/1384 1732/254/1386 1723/242/1387
f 1571/299/1388 1587/212/1389 1817/301/1390
f 1571/299/1388 1817/301/1390 1810/308/1391
f 1737/309/1392 1746/310/1393 1748/208/1394
f 1737/309/1392 1748/208/1394 1741/207/1395
f 1755/210/1396 1747/208/1397 1745/224/1398
f 1755/210/1396 1745/224/1398 1752/225/1399
f 1771/277/1400 1757/300/1401 1754/231/1402
f 1771/277/1400 1754/231/1402 1770/232/1403
f 1763/278/1404 1772/277/1405 1768/237/1406
f 1763/278/1404 1768/237/1406 1761/238/1407
f 1762/238/1408 1778/243/1409 1781/283/1410
f 1762/238/1408 1781/283/1410 1765/287/1411
f 1788/284/1412 1780/283/1413 1776/248/1414
f 1788/284/1412 1776/248/1414 1786/249/1415
f 1783/249/1416 1797/253/1417 1794/268/1418
f 1783/249/1416 1794/268/1418 1789/272/1419
f 1744/224/1420 1739/311/1421 1569/215/1422
f 1744/224/1420 1569/215/1422 1593/214/1423
s 0
f 1799/253/1424 1655/227/1424 1641/223/1424
f 1652/227/1425 1729/307/1425 1726/252/1425
f 1864/262/1426 1871/312/1426 1872/245/1426
s 1
f 1811/308/1427 1819/301/1428 1820/244/1429
f 1811/308/1427 1820/244/1429 1813/313/1430
f 1816/301/1431 1825/211/1432 1831/289/1433
f 1816/301/1431 1831/289/1433 1822/292/1434
f 1824/211/1435 1841/213/1436 1845/290/1437
f 1824/211/1435 1845/290/1437 1830/289/1438
f 1840/213/1439 1832/233/1440 1839/281/1441
f 1840/213/1439 1839/281/1441 1847/280/1442
f 1853/274/1443 1837/285/1444 1834/228/1445
f 1853/274/1443 1834/228/1445 1850/230/1446
s 0
f 1849/239/1447 1858/240/1448 1861/275/1447
s 1
f 1849/239/1449 1861/275/1450 1855/274/1451
s 0
f 1865/262/1452 1862/261/1452 1859/240/1452
f 1865/262/1453 1859/240/1453 1870/246/1453
s 1
f 1572/294/1454 1812/314/1455 1814/315/1455
s 0
f 1814/315/1456 1670/316/1457 1674/317/1457
f 1674/317/1458 1566/295/1458 1572/294/1458
f 1814/315/1459 1674/317/1459 1572/294/1459
s 1
usemtl black.002
f 1941/318/1460 1880/244/1460 1893/244/1460
f 1941/318/1460 1893/244/1460 1964/319/1460
f 1937/270/1461 1876/244/1462 1888/244/1463
f 1937/270/1461 1888/244/1463 1962/320/1464
f 2006/321/1465 1904/223/1465 1927/236/1466
f 2006/321/1465 1927/236/1466 1987/259/1465
f 1906/223/1467 1944/322/1467 1968/323/1468
f 1906/223/1467 1968/323/1468 1930/236/1468
s 0
f 1984/253/1469 1898/223/1469 1995/302/1469
f 1953/324/1282 1883/244/1282 1912/247/1282
s 1
f 1915/265/1283 1950/265/1470 1953/324/1471
s 0
f 1912/247/1282 1915/265/1282 1953/324/1282
f 1997/325/1472 1929/236/1472 1972/265/1472
s 1
f 1929/236/1473 1914/265/1283 1972/265/1474
s 0
f 1928/236/1475 1967/323/1475 1913/265/1475
s 1
f 1967/323/1476 1948/265/1283 1913/265/1477
f 1923/212/1478 1932/255/1479 1884/209/1478
f 1923/212/1478 1884/209/1478 1910/247/1478
f 1966/326/1480 1894/244/1481 1882/244/1482
f 1966/326/1480 1882/244/1482 1952/327/1481
f 1989/328/1483 1900/223/1484 1918/227/1485
f 1989/328/1483 1918/227/1485 1974/329/1486
s 0
f 1899/223/1487 1956/330/1487 1917/227/1487
s 1
f 1961/320/1488 1887/244/1489 1879/244/1490
f 1961/320/1488 1879/244/1490 1943/331/1491
f 1919/227/1492 1954/332/1493 1946/333/1494
f 1919/227/1492 1946/333/1494 1905/223/1495
f 1878/244/1496 1909/251/1496 1925/212/1496
f 1878/244/1496 1925/212/1496 1892/244/1496
f 1875/244/1497 1897/247/1498 1921/212/1499
f 1875/244/1497 1921/212/1499 1886/244/1500
f 1890/250/1501 1981/334/1502 2002/335/1503
f 1890/250/1501 2002/335/1503 1933/209/1504
f 1891/244/1505 1924/212/1506 1911/247/1506
f 1891/244/1505 1911/247/1506 1881/244/1506
f 1976/336/1507 1916/227/1508 1903/223/1509
f 1976/336/1507 1903/223/1509 2003/304/1510
f 1896/209/1511 1992/337/1512 1979/338/1513
f 1896/209/1511 1979/338/1513 1889/250/1514
f 1885/244/1515 1920/212/1516 1908/251/1517
f 1885/244/1515 1908/251/1517 1877/244/1518
f 1931/255/1519 1922/212/1520 1926/236/1520
f 1926/236/1520 1996/325/1520 2000/339/1519
f 1926/236/1520 2000/339/1519 1931/255/1519
f 1934/209/1521 1907/251/1522 1902/223/1522
f 1902/223/1522 2005/321/1522 2010/340/1523
f 1902/223/1522 2010/340/1523 1934/209/1521
f 1935/209/1524 2009/341/1524 1986/342/1525
f 1935/209/1524 1986/342/1525 1895/255/1525
f 1959/320/1526 1942/331/1527 1947/333/1528
f 1959/320/1526 1947/333/1528 1955/332/1529
f 1970/323/1530 1945/322/1530 1940/318/1530
f 1970/323/1530 1940/318/1530 1963/319/1530
f 1936/270/1531 1960/320/1532 1958/330/1533
f 1936/270/1531 1958/330/1533 1939/343/1534
f 1949/265/1535 1969/323/1535 1965/326/1535
f 1949/265/1535 1965/326/1535 1951/327/1535
f 1983/253/1536 1994/302/1537 1993/269/1538
f 1983/253/1536 1993/269/1538 1982/268/1539
f 1998/325/1540 1973/265/1541 1971/267/1541
f 1998/325/1540 1971/267/1541 1999/266/1541
f 2007/321/1542 1988/259/1542 1985/342/1542
f 2007/321/1542 1985/342/1542 2008/341/1542
f 1978/338/1543 1991/337/1544 1990/328/1545
f 1978/338/1543 1990/328/1545 1975/329/1546
f 2001/335/1547 1980/334/1547 1977/336/1547
f 2001/335/1547 1977/336/1547 2004/304/1547
s 0
f 1901/223/1548 1938/343/1548 1957/330/1548
o Sphere
v 0.345966 0.066672 3.945668
v 0.345966 0.066672 3.945668
v 0.345966 0.066672 3.945668
v 0.345966 0.066672 3.945668
v 0.325285 0.069814 3.866161
v 0.325285 0.069814 3.866161
v 0.325285 0.069814 3.866161
v 0.325285 0.069814 3.866161
v 0.345601 0.041422 3.852010
v 0.345601 0.041422 3.852010
v 0.345601 0.041422 3.852010
v 0.345601 0.041422 3.852010
v 0.399154 -0.007660 3.908622
v 0.399154 -0.007660 3.908622
v 0.399154 -0.007660 3.908622
v 0.399154 -0.007660 3.908622
v 0.360737 0.066519 3.967181
v 0.360737 0.066519 3.967181
v 0.360737 0.066519 3.967181
v 0.360737 0.066519 3.967181
v 0.349185 0.069567 3.900971
v 0.349185 0.069567 3.900971
v 0.349185 0.069567 3.900971
v 0.349185 0.069567 3.900971
v 0.369501 0.041175 3.886821
v 0.369501 0.041175 3.886821
v 0.369501 0.041175 3.886821
v 0.413925 -0.007812 3.930135
v 0.413925 -0.007812 3.930135
v 0.413925 -0.007812 3.930135
v 0.370343 0.050614 4.012888
v 0.370343 0.050614 4.012888
v 0.370343 0.050614 4.012888
v 0.370343 0.050614 4.012888
v 0.396955 0.030743 4.009833
v 0.396955 0.030743 4.009833
v 0.396955 0.030743 4.009833
v 0.396955 0.030743 4.009833
v 0.417271 0.002351 3.995682
v 0.417271 0.002351 3.995682
v 0.423531 -0.023718 3.975842
v 0.423531 -0.023718 3.975842
v 0.367549 0.030932 4.048368
v 0.367549 0.030932 4.048368
v 0.367549 0.030932 4.048368
v 0.367549 0.030932 4.048368
v 0.382784 -0.025082 4.092078
v 0.382784 -0.025082 4.092078
v 0.382784 -0.025082 4.092078
v 0.382784 -0.025082 4.092078
v 0.403100 -0.053474 4.077927
v 0.403100 -0.053474 4.077927
v 0.403100 -0.053474 4.077927
v 0.420738 -0.043400 4.011322
v 0.420738 -0.043400 4.011322
v 0.420738 -0.043400 4.011322
v 0.347599 0.054373 4.003681
v 0.347599 0.054373 4.003681
v 0.347599 0.054373 4.003681
v 0.347599 0.054373 4.003681
v 0.347599 0.054373 4.003681
v 0.347599 0.054373 4.003681
v 0.347599 0.054373 4.003681
v 0.354460 0.022295 4.046905
v 0.354460 0.022295 4.046905
v 0.354460 0.022295 4.046905
v 0.354460 0.022295 4.046905
v 0.361605 -0.039056 4.089711
v 0.361605 -0.039056 4.089711
v 0.361605 -0.039056 4.089711
v 0.361605 -0.039056 4.089711
v 0.381921 -0.067449 4.075561
v 0.381921 -0.067449 4.075561
v 0.381921 -0.067449 4.075561
v 0.381921 -0.067449 4.075561
v 0.407649 -0.052037 4.009859
v 0.407649 -0.052037 4.009859
v 0.407649 -0.052037 4.009859
v 0.407649 -0.052037 4.009859
v 0.413343 -0.037506 3.957890
v 0.413343 -0.037506 3.957890
v 0.413343 -0.037506 3.957890
v 0.413343 -0.037506 3.957890
v 0.413343 -0.037506 3.957890
v 0.413343 -0.037506 3.957890
v 0.413343 -0.037506 3.957890
v 0.340932 0.031207 4.009601
v 0.340932 0.031207 4.009601
v 0.340932 0.031207 4.009601
v 0.340932 0.031207 4.009601
v 0.349368 -0.000658 4.004515
v 0.349368 -0.000658 4.004515
v 0.349368 -0.000658 4.004515
v 0.349368 -0.000658 4.004515
v 0.369684 -0.029050 3.990364
v 0.369684 -0.029050 3.990364
v 0.369684 -0.029050 3.990364
v 0.369684 -0.029050 3.990364
v 0.394120 -0.043125 3.972555
v 0.394120 -0.043125 3.972555
v 0.394120 -0.043125 3.972555
v 0.394120 -0.043125 3.972555
v 0.337152 0.050956 3.964546
v 0.337152 0.050956 3.964546
v 0.337152 0.050956 3.964546
v 0.337152 0.050956 3.964546
v 0.343251 0.031297 3.931615
v 0.343251 0.031297 3.931615
v 0.343251 0.031297 3.931615
v 0.343251 0.031297 3.931615
v 0.363567 0.002905 3.917464
v 0.363567 0.002905 3.917464
v 0.363567 0.002905 3.917464
v 0.363567 0.002905 3.917464
v 0.390340 -0.023375 3.927501
v 0.390340 -0.023375 3.927501
v 0.390340 -0.023375 3.927501
v 0.390340 -0.023375 3.927501
v 0.369501 0.041175 3.886821
v 0.413925 -0.007812 3.930135
v 0.417271 0.002351 3.995682
v 0.417271 0.002351 3.995682
v 0.423531 -0.023718 3.975842
v 0.423531 -0.023718 3.975842
v 0.403100 -0.053474 4.077927
v 0.420738 -0.043400 4.011322
vn 0.7215 -0.4803 -0.4988
vn 0.6235 0.6572 -0.4235
vn -0.2908 0.9343 0.2063
vn 0.8008 0.2415 -0.5481
vn -0.0757 0.9954 0.0590
vn 0.7120 0.7020 -0.0157
vn 0.9106 -0.2916 -0.2928
vn 0.7777 0.6169 -0.1212
vn 0.0252 0.9458 0.3238
vn 0.6334 0.6067 0.4804
vn 0.6334 0.6066 0.4804
vn 0.8854 -0.4325 -0.1702
vn 0.8267 0.3890 0.4065
vn -0.0503 0.8750 0.4814
vn 0.5492 -0.8355 0.0191
vn -0.4091 0.4896 0.7700
vn 0.5560 -0.8143 -0.1668
vn 0.1360 -0.3623 0.9221
vn -0.4970 0.6572 0.5666
vn -0.4015 -0.8796 -0.2552
vn -0.9809 -0.0954 0.1695
vn 0.0829 -0.9621 -0.2599
vn -0.8349 -0.5367 -0.1219
vn -0.8349 -0.5367 -0.1220
vn -0.8527 0.3455 0.3918
vn -0.6209 -0.7358 -0.2704
vn -0.9674 -0.2515 -0.0291
vn -0.0363 -0.9164 -0.3987
vn -0.8386 -0.5213 -0.1581
vn -0.9217 0.3210 0.2180
vn -0.3570 -0.8028 -0.4775
vn -0.3571 -0.8028 -0.4775
vn -0.9918 0.0265 0.1247
vn 0.2397 -0.7982 -0.5526
vn -0.8312 -0.5479 -0.0942
vn -0.8313 -0.5478 -0.0942
vn -0.7725 0.6164 0.1524
vn 0.8399 0.5282 -0.1248
vn 0.8399 0.5281 -0.1248
vn 0.9593 0.1537 0.2368
vt 0.642857 0.000000
vt 0.714286 0.200000
vt 0.571429 0.200000
vt 0.714286 0.400000
vt 0.714286 0.600000
vt 0.571429 0.600000
vt 0.571429 0.400000
vt 0.714286 0.800000
vt 0.642857 1.000000
vt 0.571429 0.800000
vt 0.428571 0.800000
vt 0.428571 0.600000
vt 0.500000 0.000000
vt 0.428571 0.200000
vt 0.428571 0.400000
vt 0.500000 1.000000
vt 0.285714 0.800000
vt 0.285714 0.600000
vt 0.357143 0.000000
vt 0.285714 0.200000
vt 0.285714 0.400000
vt 0.357143 1.000000
vt 0.142857 0.400000
vt 0.142857 0.200000
vt 0.142857 0.800000
vt 0.142857 0.600000
vt 0.214286 0.000000
vt 0.214286 1.000000
vt 0.000000 0.400000
vt 0.000000 0.200000
vt 0.000000 0.800000
vt 0.000000 0.600000
vt 0.071429 0.000000
vt 0.071429 1.000000
vt 1.000000 0.200000
vt 1.000000 0.400000
vt 0.857143 0.400000
vt 0.857143 0.200000
vt 1.000000 0.600000
vt 1.000000 0.800000
vt 0.857143 0.800000
vt 0.857143 0.600000
vt 0.928571 0.000000
vt 0.928571 1.000000
vt 0.785714 0.000000
vt 0.785714 1.000000
s 0
usemtl black.001
f 2094/344/1549 2025/345/1549 2038/346/1549
f 2021/347/1550 2018/348/1550 2032/349/1550
f 2021/347/1550 2032/349/1550 2035/350/1550
f 2013/351/1551 2071/352/1551 2027/353/1551
f 2026/345/1552 2022/347/1552 2037/350/1552
f 2026/345/1552 2037/350/1552 2039/346/1552
f 2017/348/1553 2014/351/1553 2028/353/1553
f 2017/348/1553 2028/353/1553 2031/349/1553
s 1
f 2033/349/1554 2030/353/1554 2044/354/1554
f 2033/349/1554 2044/354/1554 2046/355/1554
s 0
f 2093/356/1555 2040/346/1555 2052/357/1555
f 2036/350/1556 2034/349/1556 2047/355/1556
f 2036/350/1556 2047/355/1556 2049/358/1556
f 2029/353/1557 2070/359/1557 2042/354/1557
s 1
f 2045/355/1558 2043/354/1559 2056/360/1559
f 2045/355/1558 2056/360/1559 2059/361/1559
s 0
f 2092/362/1560 2051/357/1560 2066/363/1560
f 2050/358/1561 2048/355/1561 2060/361/1561
f 2050/358/1561 2060/361/1561 2063/364/1561
f 2041/354/1562 2069/365/1562 2055/360/1562
f 2064/363/1563 2062/364/1563 2085/366/1563
f 2064/363/1563 2085/366/1563 2088/367/1563
f 2057/361/1564 2054/360/1564 2077/368/1564
f 2057/361/1564 2077/368/1564 2080/369/1564
f 2091/370/1565 2065/363/1565 2089/367/1565
f 2061/364/1566 2058/361/1566 2081/369/1566
f 2061/364/1566 2081/369/1566 2084/366/1566
f 2053/360/1567 2068/371/1567 2076/368/1567
s 1
f 2086/367/1568 2083/366/1568 2106/372/1568
f 2086/367/1568 2106/372/1568 2109/373/1568
f 2078/369/1569 2074/368/1569 2097/374/1569
f 2078/369/1569 2097/374/1569 2101/375/1569
s 0
f 2090/376/1570 2087/367/1570 2110/373/1570
f 2082/366/1571 2079/369/1571 2102/375/1571
f 2082/366/1572 2102/375/1572 2105/372/1572
f 2075/368/1573 2067/377/1573 2098/374/1573
f 2111/378/1574 2108/379/1574 2123/380/1574
f 2111/378/1574 2123/380/1574 2125/381/1574
f 2103/382/1575 2099/383/1575 2114/384/1575
f 2103/382/1575 2114/384/1575 2118/385/1575
f 2096/386/1576 2112/378/1576 2127/381/1576
f 2107/379/1577 2104/382/1577 2119/385/1577
f 2107/379/1577 2119/385/1577 2121/380/1577
f 2100/383/1578 2073/387/1578 2115/384/1578
s 1
f 2126/381/1579 2124/380/1580 2020/347/1579
f 2126/381/1579 2020/347/1579 2023/345/1579
f 2117/385/1581 2113/384/1581 2011/351/1581
f 2117/385/1581 2011/351/1581 2015/348/1581
s 0
f 2095/388/1582 2128/381/1582 2024/345/1582
f 2122/380/1583 2120/385/1583 2016/348/1583
f 2122/380/1584 2016/348/1584 2019/347/1584
f 2116/384/1585 2072/389/1585 2012/351/1585
s 1
usemtl Material.002
f 2130/346/1586 2129/350/1586 2131/358/1586
f 2130/346/1586 2131/358/1586 2133/357/1587
f 2134/357/1588 2132/358/1588 2135/364/1588
f 2134/357/1588 2135/364/1588 2136/363/1588
o Sphere.001
v -0.155084 0.073357 3.983520
v -0.155084 0.073357 3.983520
v -0.155084 0.073357 3.983520
v -0.155084 0.073357 3.983520
v -0.130791 0.063136 3.899405
v -0.130791 0.063136 3.899405
v -0.130791 0.063136 3.899405
v -0.130791 0.063136 3.899405
v -0.159883 0.033520 3.884579
v -0.159883 0.033520 3.884579
v -0.159883 0.033520 3.884579
v -0.159883 0.033520 3.884579
v -0.231247 -0.004178 3.944706
v -0.231247 -0.004178 3.944706
v -0.231247 -0.004178 3.944706
v -0.231247 -0.004178 3.944706
v -0.174768 0.080770 4.007338
v -0.174768 0.080770 4.007338
v -0.174768 0.080770 4.007338
v -0.174768 0.080770 4.007338
v -0.162641 0.075130 3.937942
v -0.162641 0.075130 3.937942
v -0.162641 0.075130 3.937942
v -0.162641 0.075130 3.937942
v -0.191733 0.045515 3.923116
v -0.191733 0.045515 3.923116
v -0.191733 0.045515 3.923116
v -0.250931 0.003235 3.968524
v -0.250931 0.003235 3.968524
v -0.250931 0.003235 3.968524
v -0.185074 0.067413 4.054245
v -0.185074 0.067413 4.054245
v -0.185074 0.067413 4.054245
v -0.185074 0.067413 4.054245
v -0.222676 0.052245 4.052289
v -0.222676 0.052245 4.052289
v -0.222676 0.052245 4.052289
v -0.222676 0.052245 4.052289
v -0.251768 0.022629 4.037464
v -0.251768 0.022629 4.037464
v -0.261237 -0.010123 4.015430
v -0.261237 -0.010123 4.015430
v -0.178242 0.043343 4.088920
v -0.178242 0.043343 4.088920
v -0.178242 0.043343 4.088920
v -0.178242 0.043343 4.088920
v -0.195569 -0.019931 4.130965
v -0.195569 -0.019931 4.130965
v -0.195569 -0.019931 4.130965
v -0.195569 -0.019931 4.130965
v -0.224660 -0.049546 4.116139
v -0.224660 -0.049546 4.116139
v -0.224660 -0.049546 4.116139
v -0.254405 -0.034192 4.050105
v -0.254405 -0.034192 4.050105
v -0.254405 -0.034192 4.050105
v -0.153325 0.062339 4.042583
v -0.153325 0.062339 4.042583
v -0.153325 0.062339 4.042583
v -0.153325 0.062339 4.042583
v -0.153325 0.062339 4.042583
v -0.153325 0.062339 4.042583
v -0.153325 0.062339 4.042583
v -0.159416 0.026687 4.085251
v -0.159416 0.026687 4.085251
v -0.159416 0.026687 4.085251
v -0.159416 0.026687 4.085251
v -0.165107 -0.046881 4.125030
v -0.165107 -0.046881 4.125030
v -0.165107 -0.046881 4.125030
v -0.165107 -0.046881 4.125030
v -0.194199 -0.076497 4.110204
v -0.194199 -0.076497 4.110204
v -0.194199 -0.076497 4.110204
v -0.194199 -0.076497 4.110204
v -0.235579 -0.050849 4.046438
v -0.235579 -0.050849 4.046438
v -0.235579 -0.050849 4.046438
v -0.235579 -0.050849 4.046438
v -0.247467 -0.033500 3.994604
v -0.247467 -0.033500 3.994604
v -0.247467 -0.033500 3.994604
v -0.247467 -0.033500 3.994604
v -0.247467 -0.033500 3.994604
v -0.247467 -0.033500 3.994604
v -0.247467 -0.033500 3.994604
v -0.142773 0.029986 4.046002
v -0.142773 0.029986 4.046002
v -0.142773 0.029986 4.046002
v -0.142773 0.029986 4.046002
v -0.154231 -0.008313 4.038954
v -0.154231 -0.008313 4.038954
v -0.154231 -0.008313 4.038954
v -0.154231 -0.008313 4.038954
v -0.183322 -0.037929 4.024128
v -0.183322 -0.037929 4.024128
v -0.183322 -0.037929 4.024128
v -0.183322 -0.037929 4.024128
v -0.218936 -0.047550 4.007189
v -0.218936 -0.047550 4.007189
v -0.218936 -0.047550 4.007189
v -0.218936 -0.047550 4.007189
v -0.140845 0.050756 4.000729
v -0.140845 0.050756 4.000729
v -0.140845 0.050756 4.000729
v -0.140845 0.050756 4.000729
v -0.151111 0.025294 3.965698
v -0.151111 0.025294 3.965698
v -0.151111 0.025294 3.965698
v -0.151111 0.025294 3.965698
v -0.180203 -0.004322 3.950873
v -0.180203 -0.004322 3.950873
v -0.180203 -0.004322 3.950873
v -0.180203 -0.004322 3.950873
v -0.217007 -0.026779 3.961913
v -0.217007 -0.026779 3.961913
v -0.217007 -0.026779 3.961913
v -0.217007 -0.026779 3.961913
v -0.191733 0.045515 3.923116
v -0.250931 0.003235 3.968524
v -0.251768 0.022629 4.037464
v -0.251768 0.022629 4.037464
v -0.261237 -0.010123 4.015430
v -0.261237 -0.010123 4.015430
v -0.224660 -0.049546 4.116139
v -0.254405 -0.034192 4.050105
vn -0.7587 -0.4232 -0.4953
vn -0.4249 0.7032 -0.5700
vn -0.4251 0.7030 -0.5701
vn -0.4252 0.7030 -0.5701
vn 0.4973 0.8554 0.1447
vn -0.6997 0.2688 -0.6619
vn 0.3327 0.9428 -0.0185
vn 0.3328 0.9428 -0.0188
vn -0.5449 0.8370 -0.0495
vn -0.5449 0.8370 -0.0496
vn -0.9152 -0.2871 -0.2829
vn -0.6496 0.7352 -0.1939
vn -0.6496 0.7352 -0.1936
vn 0.2622 0.9114 0.3171
vn -0.4165 0.6277 0.6577
vn -0.4164 0.6277 0.6577
vn -0.8979 -0.4242 -0.1176
vn -0.7006 0.3892 0.5981
vn -0.7007 0.3889 0.5982
vn -0.7007 0.3889 0.5981
vn 0.3126 0.8081 0.4993
vn -0.6455 -0.7550 0.1152
vn -0.6457 -0.7549 0.1149
vn 0.4921 0.3840 0.7813
vn 0.4920 0.3839 0.7814
vn 0.4922 0.3842 0.7811
vn -0.6699 -0.7366 -0.0933
vn -0.1235 -0.3445 0.9306
vn -0.1231 -0.3444 0.9307
vn 0.6081 0.5643 0.5583
vn 0.1097 -0.9498 -0.2932
vn 0.1097 -0.9498 -0.2931
vn 0.1096 -0.9497 -0.2932
vn 0.1096 -0.9498 -0.2932
vn 0.9784 -0.0966 0.1826
vn 0.9784 -0.0965 0.1827
vn -0.3493 -0.9097 -0.2246
vn 0.7464 -0.6375 -0.1913
vn 0.7464 -0.6374 -0.1913
vn 0.8614 0.3225 0.3924
vn 0.4015 -0.8388 -0.3677
vn 0.4015 -0.8388 -0.3678
vn 0.4012 -0.8388 -0.3679
vn 0.9588 -0.2714 -0.0837
vn -0.2497 -0.8760 -0.4126
vn -0.2498 -0.8760 -0.4126
vn 0.7503 -0.6124 -0.2489
vn 0.9277 0.3227 0.1875
vn 0.0679 -0.8105 -0.5818
vn 0.0680 -0.8105 -0.5818
vn 0.0680 -0.8105 -0.5817
vn 0.9936 0.0435 0.1040
vn 0.9936 0.0435 0.1039
vn -0.4426 -0.7028 -0.5569
vn 0.7415 -0.6549 -0.1463
vn 0.7414 -0.6549 -0.1465
vn 0.7414 -0.6549 -0.1463
vn 0.8134 0.5758 0.0827
vn -0.7530 0.6310 -0.1867
vn -0.7530 0.6309 -0.1866
vn -0.9152 0.1276 0.3823
vn -0.9152 0.1275 0.3823
vt 0.642857 0.000000
vt 0.714286 0.200000
vt 0.571429 0.200000
vt 0.714286 0.400000
vt 0.714286 0.600000
vt 0.571429 0.600000
vt 0.571429 0.400000
vt 0.714286 0.800000
vt 0.642857 1.000000
vt 0.571429 0.800000
vt 0.428571 0.800000
vt 0.428571 0.600000
vt 0.500000 0.000000
vt 0.428571 0.200000
vt 0.428571 0.400000
vt 0.500000 1.000000
vt 0.285714 0.800000
vt 0.285714 0.600000
vt 0.357143 0.000000
vt 0.285714 0.200000
vt 0.285714 0.400000
vt 0.357143 1.000000
vt 0.142857 0.400000
vt 0.142857 0.200000
vt 0.142857 0.800000
vt 0.142857 0.600000
vt 0.214286 0.000000
vt 0.214286 1.000000
vt 0.000000 0.400000
vt 0.000000 0.200000
vt 0.000000 0.800000
vt 0.000000 0.600000
vt 0.071429 0.000000
vt 0.071429 1.000000
vt 1.000000 0.200000
vt 1.000000 0.400000
vt 0.857143 0.400000
vt 0.857143 0.200000
vt 1.000000 0.600000
vt 1.000000 0.800000
vt 0.857143 0.800000
vt 0.857143 0.600000
vt 0.928571 0.000000
vt 0.928571 1.000000
vt 0.785714 0.000000
vt 0.785714 1.000000
s 1
usemtl black.001
f 2220/390/1589 2149/391/1589 2165/392/1589
f 2146/393/1590 2141/394/1591 2159/395/1591
f 2146/393/1590 2159/395/1591 2163/396/1592
f 2138/397/1593 2197/398/1593 2156/399/1593
f 2150/391/1594 2145/393/1594 2161/396/1594
f 2150/391/1594 2161/396/1594 2166/392/1594
f 2142/394/1595 2137/397/1596 2155/399/1595
f 2142/394/1595 2155/399/1595 2160/395/1595
f 2158/395/1597 2153/399/1598 2167/400/1597
f 2158/395/1597 2167/400/1597 2173/401/1597
f 2219/402/1599 2164/392/1599 2177/403/1599
f 2162/396/1600 2157/395/1600 2172/401/1600
f 2162/396/1600 2172/401/1600 2176/404/1601
f 2154/399/1602 2196/405/1602 2169/400/1602
f 2174/401/1603 2168/400/1603 2179/406/1603
f 2174/401/1603 2179/406/1603 2184/407/1604
f 2218/408/1605 2178/403/1605 2190/409/1605
f 2175/404/1606 2171/401/1607 2183/407/1608
f 2175/404/1606 2183/407/1608 2187/410/1608
f 2170/400/1609 2195/411/1609 2180/406/1609
f 2192/409/1610 2188/410/1611 2208/412/1610
f 2192/409/1610 2208/412/1610 2213/413/1610
f 2186/407/1612 2181/406/1613 2200/414/1613
f 2186/407/1612 2200/414/1613 2205/415/1614
f 2217/416/1615 2191/409/1615 2212/413/1615
f 2189/410/1616 2185/407/1616 2204/415/1616
f 2189/410/1616 2204/415/1616 2209/412/1617
f 2182/406/1618 2194/417/1618 2201/414/1618
f 2215/413/1619 2210/412/1620 2231/418/1621
f 2215/413/1619 2231/418/1621 2236/419/1622
f 2207/415/1623 2203/414/1624 2224/420/1623
f 2207/415/1623 2224/420/1623 2228/421/1624
f 2216/422/1625 2214/413/1625 2235/419/1625
f 2211/412/1626 2206/415/1626 2227/421/1627
f 2211/412/1626 2227/421/1627 2232/418/1627
f 2202/414/1628 2193/423/1628 2223/420/1628
f 2238/424/1629 2233/425/1630 2248/426/1629
f 2238/424/1629 2248/426/1629 2254/427/1631
f 2230/428/1632 2226/429/1632 2241/430/1632
f 2230/428/1632 2241/430/1632 2245/431/1632
f 2222/432/1633 2237/424/1634 2252/427/1634
f 2234/425/1635 2229/428/1635 2244/431/1635
f 2234/425/1635 2244/431/1635 2250/426/1635
f 2225/429/1636 2199/433/1636 2240/430/1636
f 2253/427/1637 2247/426/1638 2147/393/1638
f 2253/427/1637 2147/393/1638 2152/391/1639
f 2246/431/1640 2242/430/1641 2140/397/1640
f 2246/431/1640 2140/397/1640 2144/394/1640
f 2221/434/1642 2251/427/1642 2151/391/1642
f 2249/426/1643 2243/431/1644 2143/394/1644
f 2249/426/1643 2143/394/1644 2148/393/1645
f 2239/430/1646 2198/435/1646 2139/397/1646
usemtl Material.002
f 2256/392/1647 2255/396/1647 2258/404/1647
f 2256/392/1647 2258/404/1647 2260/403/1648
f 2259/403/1649 2257/404/1650 2261/410/1650
f 2259/403/1649 2261/410/1650 2262/409/1650
